# Blender 5.0.1
# www.blender.org
mtllib ConstructedBridge.mtl
o Cube.001
v -21.476860 -0.080734 -0.680238
v -21.476860 0.080734 -0.680238
v -21.476860 -0.080734 -0.846937
v -21.476860 0.080734 -0.846937
v 1.072618 -0.080734 -0.680238
v 1.072618 0.080734 -0.680238
v 1.072618 -0.080734 -0.846937
v 1.072618 0.080734 -0.846937
v -21.476860 -0.080734 0.680238
v -21.476860 0.080734 0.680238
v -21.476860 -0.080734 0.846937
v -21.476860 0.080734 0.846937
v 1.072618 -0.080734 0.680238
v 1.072618 0.080734 0.680238
v 1.072618 -0.080734 0.846937
v 1.072618 0.080734 0.846937
v 1.010171 -0.009132 -0.794617
v 1.010171 0.009132 -0.794617
v 0.997256 0.009132 -0.807532
v -0.438827 -0.009132 0.655077
v -0.438864 0.009132 0.655156
v -0.452725 -0.009132 0.669604
v -0.307108 -0.009132 0.788469
v -0.307122 0.009132 0.788467
v -0.307268 0.009132 0.813278
v 0.844241 -0.009132 -0.655232
v 0.858127 -0.009132 -0.669289
v 0.712262 -0.009132 -0.788658
v 0.712298 0.009132 -0.788636
v 0.712762 0.009132 -0.812992
v -0.453069 -0.009132 0.350117
v -0.598416 -0.009132 0.232147
v -0.466964 -0.009132 0.364185
v -0.452845 0.009132 0.669604
v -0.598372 -0.009132 0.813343
v -0.307228 -0.009132 0.813289
v -0.161769 0.009132 0.669432
v -0.161682 -0.009132 0.669402
v -0.015929 -0.009132 0.813289
v 0.129531 0.009132 0.669432
v 0.129618 -0.009132 0.669402
v 0.275371 -0.009132 0.813289
v 0.407291 0.009132 0.655232
v 0.566732 -0.009132 0.813347
v 0.698406 -0.009132 0.655708
v 0.712602 0.009132 0.669187
v 1.015982 -0.009132 0.655361
v 0.858004 0.009132 0.523954
v 0.871985 0.009132 0.509506
v 1.015726 -0.009132 0.363999
v 1.015738 0.009132 0.364063
v 0.991162 0.009132 0.364106
v 0.872071 0.009132 0.218758
v 0.858127 0.009132 0.232340
v 0.858079 -0.009132 -0.059242
v 0.858049 0.009132 -0.059242
v 1.015928 -0.009132 0.072918
v 0.871853 0.009132 -0.072798
v 1.015819 -0.009132 -0.218500
v 1.015819 0.009132 -0.218449
v 0.991198 0.009132 -0.218464
v 0.871853 0.009132 -0.364098
v 0.857973 0.009132 -0.350390
v 0.871853 -0.009132 -0.655451
v 0.871853 0.009132 -0.655398
v 0.858192 0.009132 -0.669300
v 0.997256 -0.009132 -0.807532
v 0.712315 -0.009132 -0.813375
v 0.566150 -0.009132 -0.669614
v 0.420988 -0.009132 -0.813087
v 0.421140 0.009132 -0.813180
v 0.421100 0.009132 -0.788467
v 0.275661 -0.009132 -0.669402
v 0.129907 -0.009132 -0.813289
v 0.129947 0.009132 -0.813278
v 0.129852 0.009132 -0.788527
v -0.015862 -0.009132 -0.669214
v -0.161511 -0.009132 -0.813180
v -0.161460 0.009132 -0.813180
v -0.161448 0.009132 -0.788527
v -0.306939 -0.009132 -0.669402
v -0.306867 0.009132 0.523696
v -0.452740 -0.009132 0.641696
v -0.147508 -0.009132 0.655621
v -0.147478 0.009132 0.655708
v -0.015968 0.009132 0.813278
v -0.015854 -0.009132 0.788523
v -0.015873 0.009132 0.788527
v -0.452437 -0.009132 0.086783
v -0.307196 -0.009132 0.204296
v -0.321093 -0.009132 0.218823
v -0.438837 -0.009132 0.364086
v -0.321056 0.009132 0.218743
v -0.307377 0.009132 0.232258
v -0.452982 0.009132 0.350147
v -0.438489 0.009132 0.364585
v -0.439113 -0.009132 -0.218494
v -0.452694 -0.009132 -0.204740
v -0.439113 0.009132 -0.218455
v -0.307196 -0.009132 -0.087004
v -0.321056 -0.009132 -0.072429
v -0.307090 0.009132 -0.059097
v -0.438979 -0.009132 0.072960
v -0.321015 0.009132 -0.072503
v -0.452945 0.009132 0.058477
v -0.438962 0.009132 0.073018
v -0.439057 -0.009132 -0.509729
v -0.439050 0.009132 -0.509683
v -0.320766 0.009132 -0.364193
v -0.452759 -0.009132 -0.495985
v -0.306788 0.009132 -0.378083
v -0.320958 -0.009132 -0.363932
v -0.307196 0.009132 -0.349946
v -0.452626 -0.009132 -0.232823
v -0.307174 0.009132 -0.641476
v -0.321212 -0.009132 -0.655231
v -0.452589 -0.009132 -0.523752
v -0.452834 -0.009132 -0.813422
v -0.452799 0.009132 -0.788467
v -0.293059 -0.009132 0.509581
v -0.293078 0.009132 0.509679
v -0.306788 -0.009132 0.523733
v -0.175562 -0.009132 0.655618
v -0.175543 0.009132 0.655520
v -0.161466 0.009132 0.641752
v -0.452945 -0.009132 0.378473
v -0.321015 -0.009132 0.509453
v -0.321056 0.009132 0.509378
v -0.307044 0.009132 0.496040
v -0.175493 0.009132 0.363841
v -0.307044 -0.009132 0.232210
v -0.161425 0.009132 0.349945
v -0.175665 -0.009132 0.364185
v -0.153141 0.009132 0.371393
v -0.307090 -0.009132 0.496046
v -0.307044 -0.009132 -0.059090
v -0.161645 0.009132 0.058477
v -0.175332 0.009132 0.073187
v -0.175443 -0.009132 0.073173
v -0.161505 0.009132 0.086497
v -0.293214 -0.009132 0.218743
v -0.293177 0.009132 0.218823
v -0.307723 0.009132 0.203797
v -0.292593 -0.009132 -0.364233
v -0.292593 0.009132 -0.364016
v -0.307075 -0.009132 -0.349946
v -0.162448 0.009132 -0.232918
v -0.175158 0.009132 -0.218494
v -0.175158 -0.009132 -0.218455
v -0.161505 0.009132 -0.204802
v -0.293214 -0.009132 -0.072557
v -0.293177 0.009132 -0.072477
v -0.307075 0.009132 -0.087004
v -0.293187 -0.009132 -0.655463
v -0.307097 -0.009132 -0.641476
v -0.293312 0.009132 -0.655232
v -0.175463 -0.009132 -0.509971
v -0.175493 0.009132 -0.510058
v -0.161202 0.009132 -0.523782
v -0.162707 0.009132 -0.495124
v -0.306867 -0.009132 -0.378046
v -0.147414 -0.009132 0.364664
v -0.162326 -0.009132 0.378644
v -0.015911 0.009132 0.496184
v -0.029727 0.009132 0.509340
v -0.029683 -0.009132 0.509412
v -0.015855 0.009132 0.523447
v -0.161505 -0.009132 0.641752
v 0.143993 -0.009132 0.655364
v 0.143993 0.009132 0.655485
v 0.275492 -0.009132 0.788469
v 0.275478 0.009132 0.788467
v 0.275332 0.009132 0.813278
v -0.147564 -0.009132 0.073093
v -0.161466 -0.009132 0.086497
v -0.147528 0.009132 0.073173
v -0.016732 -0.009132 0.203638
v -0.029794 -0.009132 0.218823
v -0.015850 0.009132 0.232058
v -0.029757 0.009132 0.218743
v -0.161546 -0.009132 0.349945
v -0.147813 -0.009132 -0.218494
v -0.161466 -0.009132 -0.204802
v -0.147859 0.009132 -0.218509
v -0.029756 -0.009132 -0.072429
v -0.029715 0.009132 -0.072503
v -0.015775 0.009132 -0.087004
v -0.015855 0.009132 -0.059152
v -0.161813 -0.009132 0.058436
v -0.147757 -0.009132 -0.509729
v -0.161584 -0.009132 -0.496092
v -0.147751 0.009132 -0.509683
v -0.029588 -0.009132 -0.363845
v -0.029348 0.009132 -0.364136
v -0.015775 0.009132 -0.378304
v -0.015676 0.009132 -0.349777
v -0.162707 -0.009132 -0.233126
v -0.015874 0.009132 -0.641476
v -0.029701 -0.009132 -0.655488
v -0.161512 -0.009132 -0.523564
v -0.001759 -0.009132 0.509581
v -0.001779 0.009132 0.509679
v -0.015816 -0.009132 0.523447
v 0.115738 -0.009132 0.655618
v 0.115757 0.009132 0.655520
v 0.129834 0.009132 0.641752
v -0.306852 0.009132 -0.669432
v -0.321192 0.009132 -0.655329
v -0.452843 -0.009132 -0.788503
v -0.015821 -0.009132 0.232058
v 0.115425 -0.009132 0.364452
v 0.115466 0.009132 0.364284
v 0.129875 0.009132 0.349946
v 0.129788 0.009132 0.377914
v -0.015349 -0.009132 0.495665
v -0.001915 -0.009132 -0.072557
v -0.001878 0.009132 -0.072477
v -0.015816 -0.009132 -0.059152
v 0.129754 -0.009132 0.058646
v 0.115923 -0.009132 0.073259
v 0.129467 0.009132 0.086783
v 0.115893 0.009132 0.073093
v -0.001915 -0.009132 0.218743
v -0.001878 0.009132 0.218823
v -0.015775 0.009132 0.204296
v -0.001706 -0.009132 -0.364824
v -0.001600 0.009132 -0.364439
v -0.015775 -0.009132 -0.349946
v 0.129493 0.009132 -0.232354
v 0.116142 0.009132 -0.218494
v 0.116142 -0.009132 -0.218455
v 0.129795 0.009132 -0.204802
v -0.015896 -0.009132 -0.087004
v -0.001887 -0.009132 -0.655463
v -0.015797 -0.009132 -0.641476
v -0.002013 0.009132 -0.655232
v 0.116079 -0.009132 -0.509683
v 0.116086 0.009132 -0.509729
v 0.129874 0.009132 -0.523954
v 0.129913 0.009132 -0.496092
v -0.015896 -0.009132 -0.378304
v 0.143694 -0.009132 0.364446
v 0.144492 0.009132 0.363537
v 0.275235 0.009132 0.496046
v 0.129841 -0.009132 0.377914
v 0.261388 0.009132 0.509581
v 0.261407 -0.009132 0.509679
v 0.275116 0.009132 0.523733
v 0.129795 -0.009132 0.641752
v 0.420831 0.009132 0.669432
v 0.420917 -0.009132 0.669402
v 0.566822 -0.009132 0.788503
v 0.566804 0.009132 0.788498
v 0.566700 0.009132 0.813343
v 0.129546 -0.009132 0.086746
v 0.275116 -0.009132 0.204517
v 0.261792 -0.009132 0.218494
v 0.275373 0.009132 0.232210
v 0.261792 0.009132 0.218455
v 0.129754 -0.009132 0.349946
v 0.143598 -0.009132 -0.218716
v 0.143620 0.009132 -0.218610
v 0.275181 -0.009132 -0.086832
v 0.129834 -0.009132 -0.204802
v 0.261506 -0.009132 -0.072477
v 0.275373 0.009132 -0.059090
v 0.261543 0.009132 -0.072557
v 0.143993 -0.009132 0.072765
v 0.143993 0.009132 0.072885
v 0.129874 0.009132 0.058646
v 0.143543 -0.009132 -0.509729
v 0.143549 0.009132 -0.509684
v 0.131036 -0.009132 -0.495124
v 0.261275 -0.009132 -0.363511
v 0.261354 0.009132 -0.363638
v 0.275524 0.009132 -0.378304
v 0.275733 0.009132 -0.350204
v 0.129418 -0.009132 -0.232396
v 0.275426 0.009132 -0.641476
v 0.261729 -0.009132 -0.655333
v 0.129531 -0.009132 -0.523782
v 0.289385 -0.009132 0.509378
v 0.289343 0.009132 0.509453
v 0.420766 -0.009132 0.641467
v 0.275484 -0.009132 0.523447
v 0.407038 -0.009132 0.655618
v 0.420846 0.009132 0.641504
v -0.015809 0.009132 -0.669214
v -0.029711 0.009132 -0.655553
v -0.161467 -0.009132 -0.788523
v 0.275419 -0.009132 0.232203
v 0.421054 -0.009132 0.349945
v 0.407166 -0.009132 0.364163
v 0.421273 0.009132 0.378473
v 0.407249 0.009132 0.364188
v 0.275880 -0.009132 0.495613
v 0.275419 -0.009132 -0.059097
v 0.421054 -0.009132 0.058646
v 0.407291 -0.009132 0.073018
v 0.407308 0.009132 0.072960
v 0.420766 0.009132 0.086783
v 0.289385 -0.009132 0.218743
v 0.275196 0.009132 0.204554
v 0.289422 0.009132 0.218823
v 0.289699 -0.009132 -0.363810
v 0.289761 0.009132 -0.363664
v 0.275573 -0.009132 -0.349582
v 0.420917 0.009132 -0.232452
v 0.407193 0.009132 -0.218207
v 0.407488 -0.009132 -0.218509
v 0.421530 0.009132 -0.204313
v 0.289095 -0.009132 -0.072893
v 0.289090 0.009132 -0.072859
v 0.275267 0.009132 -0.086802
v 0.289413 -0.009132 -0.655463
v 0.275502 -0.009132 -0.641476
v 0.289413 0.009132 -0.655386
v 0.407379 -0.009132 -0.509683
v 0.407386 0.009132 -0.509729
v 0.421141 0.009132 -0.523564
v 0.421099 0.009132 -0.496191
v 0.275404 -0.009132 -0.378304
v 0.566624 0.009132 0.496127
v 0.426794 -0.009132 0.374827
v 0.553092 0.009132 0.509755
v 0.553092 -0.009132 0.509794
v 0.566570 0.009132 0.523851
v 0.435122 -0.009132 0.655141
v 0.435091 0.009132 0.655228
v 0.726086 -0.009132 0.655405
v 0.726086 0.009132 0.655444
v 0.712542 -0.009132 0.669300
v 0.858037 -0.009132 0.788604
v 0.857982 0.009132 0.788577
v 0.858262 0.009132 0.812974
v 0.420846 -0.009132 0.086746
v 0.566416 -0.009132 0.204517
v 0.553092 -0.009132 0.218494
v 0.566416 0.009132 0.232433
v 0.553092 0.009132 0.218455
v 0.435792 0.009132 0.363537
v 0.421174 0.009132 0.349945
v 0.435035 -0.009132 -0.218207
v 0.435072 0.009132 -0.218127
v 0.421664 -0.009132 -0.204241
v 0.552958 0.009132 -0.072690
v 0.566824 0.009132 -0.087004
v 0.552941 -0.009132 -0.072632
v 0.566570 0.009132 -0.058748
v 0.435122 -0.009132 0.072542
v 0.435091 0.009132 0.072628
v 0.421174 0.009132 0.058646
v 0.434898 -0.009132 -0.510016
v 0.420152 -0.009132 -0.495331
v 0.434876 0.009132 -0.509963
v 0.553116 -0.009132 -0.364264
v 0.552654 0.009132 -0.363638
v 0.566791 0.009132 -0.377914
v 0.566416 0.009132 -0.350167
v 0.420986 -0.009132 -0.232350
v 0.567078 0.009132 -0.641189
v 0.552806 -0.009132 -0.655077
v 0.420831 -0.009132 -0.523782
v 0.580492 -0.009132 0.509820
v 0.580741 0.009132 0.509578
v 0.566957 -0.009132 0.523598
v 0.698679 0.009132 0.655333
v 0.712433 0.009132 0.641752
v 0.275747 0.009132 -0.669432
v 0.261736 0.009132 -0.655379
v 0.129833 -0.009132 -0.788523
v 0.566783 -0.009132 0.232147
v 0.698337 -0.009132 0.364318
v 0.712762 0.009132 0.350167
v 0.698591 0.009132 0.363932
v 0.712477 0.009132 0.377990
v 0.566586 -0.009132 0.496113
v 0.580685 -0.009132 -0.072557
v 0.566669 -0.009132 -0.058768
v 0.580722 0.009132 -0.072477
v 0.712682 -0.009132 0.058904
v 0.698741 -0.009132 0.072844
v 0.698741 0.009132 0.072805
v 0.712395 0.009132 0.086497
v 0.580685 -0.009132 0.218743
v 0.566496 0.009132 0.204554
v 0.580722 0.009132 0.218823
v 0.580685 -0.009132 -0.364521
v 0.566496 -0.009132 -0.350204
v 0.580821 0.009132 -0.364220
v 0.698741 0.009132 -0.218494
v 0.698741 -0.009132 -0.218455
v 0.712395 0.009132 -0.204802
v 0.566704 -0.009132 -0.087004
v 0.580547 -0.009132 -0.655666
v 0.580526 0.009132 -0.655613
v 0.567224 -0.009132 -0.641128
v 0.712217 0.009132 -0.523752
v 0.698538 0.009132 -0.509903
v 0.698549 -0.009132 -0.509838
v 0.712286 0.009132 -0.495899
v 0.566738 -0.009132 -0.377914
v 0.857973 -0.009132 0.496040
v 0.712542 -0.009132 0.378000
v 0.844007 -0.009132 0.509679
v 0.857929 0.009132 0.495969
v 0.858124 -0.009132 0.523954
v 0.843987 0.009132 0.509581
v 0.712682 -0.009132 0.641504
v 0.991137 -0.009132 0.364165
v 0.872022 -0.009132 0.509427
v 0.712433 -0.009132 0.086497
v 0.858261 -0.009132 0.204498
v 0.843885 -0.009132 0.218535
v 0.857969 -0.009132 0.232532
v 0.843885 0.009132 0.218415
v 0.726421 -0.009132 0.363841
v 0.712682 -0.009132 0.350204
v 0.726391 0.009132 0.363928
v 0.726471 -0.009132 -0.218380
v 0.858037 -0.009132 -0.086614
v 0.712433 -0.009132 -0.204802
v 0.843885 -0.009132 -0.072765
v 0.858347 0.009132 -0.086833
v 0.843885 0.009132 -0.072885
v 0.712762 0.009132 0.058867
v 0.726524 -0.009132 0.073312
v 0.726603 0.009132 0.073439
v 0.726649 -0.009132 -0.509460
v 0.726372 0.009132 -0.509427
v 0.712874 -0.009132 -0.495478
v 0.857780 -0.009132 -0.378132
v 0.858124 0.009132 -0.378304
v 0.844087 -0.009132 -0.364322
v 0.858019 -0.009132 -0.350396
v 0.844056 0.009132 -0.364408
v 0.712394 -0.009132 -0.232147
v 0.712433 0.009132 -0.232147
v 0.726372 0.009132 -0.218127
v 0.857875 -0.009132 -0.641663
v 0.844258 0.009132 -0.655289
v 0.712131 -0.009132 -0.523782
v 0.991142 0.009132 0.655482
v 0.991107 -0.009132 0.655438
v 1.015986 0.009132 0.655393
v 0.858089 -0.009132 0.813180
v 0.552707 0.009132 -0.655329
v 0.421086 -0.009132 -0.788469
v 0.566904 0.009132 -0.669118
v -0.584612 -0.009132 0.509582
v -0.598242 -0.009132 0.523851
v -0.466763 -0.009132 0.655228
v -0.466793 0.009132 0.655141
v -0.452694 0.009132 0.641690
v -0.466793 0.009132 0.363841
v -0.453113 0.009132 0.378514
v -0.598300 -0.009132 0.495969
v -0.598469 0.009132 0.496149
v -0.584629 0.009132 0.509640
v -0.466964 0.009132 0.072765
v -0.452517 0.009132 0.086746
v -0.584612 -0.009132 0.218282
v -0.598390 -0.009132 0.204747
v -0.584629 0.009132 0.218340
v 0.858347 0.009132 0.204467
v 0.872041 -0.009132 0.218672
v 1.015917 0.009132 0.072957
v 0.991332 -0.009132 0.072700
v 0.991314 0.009132 0.072739
v 0.871853 -0.009132 -0.072851
v 0.991198 -0.009132 -0.218486
v 0.991109 -0.009132 -0.509802
v 0.991137 0.009132 -0.509815
v 0.871853 -0.009132 -0.364151
v 1.015819 0.009132 -0.509749
v 1.015819 -0.009132 -0.509800
v 0.857973 0.009132 -0.641690
v -0.584707 -0.009132 -0.655379
v -0.584612 0.009132 -0.655232
v -0.598242 -0.009132 -0.641601
v -0.452502 0.009132 -0.523782
v -0.466763 0.009132 -0.509578
v -0.466793 -0.009132 -0.509491
v -0.756194 -0.009132 -0.218242
v -0.756217 0.009132 -0.218294
v -0.731456 0.009132 -0.218481
v -0.598167 -0.009132 -0.086746
v -0.612393 -0.009132 -0.072477
v -0.598167 0.009132 -0.058904
v -0.612356 0.009132 -0.072557
v -0.731514 -0.009132 0.072882
v -0.731508 0.009132 0.072865
v -0.756217 0.009132 0.073005
v -0.756546 -0.009132 -0.509915
v -0.756433 0.009132 -0.509823
v -0.731480 0.009132 -0.509802
v -0.612393 -0.009132 -0.363777
v -0.612356 0.009132 -0.363856
v -0.598242 0.009132 -0.378201
v -0.598167 0.009132 -0.350204
v -0.731456 -0.009132 -0.218469
v -0.598628 0.009132 0.232298
v -0.612356 0.009132 0.218743
v -0.731578 -0.009132 0.364068
v -0.731742 0.009132 0.364167
v -0.756217 0.009132 0.364305
v -0.598628 0.009132 0.523598
v -0.612412 -0.009132 0.509578
v -0.731480 -0.009132 0.655452
v -0.756288 0.009132 0.655292
v -0.731621 0.009132 0.655370
v -0.584673 -0.009132 -0.363936
v -0.584612 0.009132 -0.363932
v -0.598087 -0.009132 -0.350167
v -0.452725 0.009132 -0.232654
v -0.466964 0.009132 -0.218535
v -0.466964 -0.009132 -0.218415
v -0.598087 -0.009132 -0.058867
v -0.453113 -0.009132 0.058436
v -0.466964 -0.009132 0.072885
v -0.452740 0.009132 -0.204747
v -0.598087 0.009132 -0.086783
v -0.584629 -0.009132 -0.072690
v -0.584612 0.009132 -0.072632
v -0.453335 0.009132 -0.495541
v -0.598340 -0.009132 -0.378182
v -0.598476 -0.009132 0.788498
v -0.598463 0.009132 0.788469
v -0.598404 0.009132 0.813347
v -0.756300 -0.009132 0.655332
v -0.598344 0.009132 0.204740
v -0.756194 -0.009132 0.073057
v -0.612393 -0.009132 0.218823
v -0.452926 0.009132 -0.813535
v -0.598300 0.009132 -0.641619
v -0.731478 -0.009132 -0.509788
v -0.756098 -0.009132 0.364251
v -0.612614 0.009132 0.509714
v -0.736546 -0.009132 -0.794617
v -0.736546 0.009132 -0.794617
v -0.749461 0.009132 -0.807532
v -2.185545 -0.009132 0.655077
v -2.185582 0.009132 0.655156
v -2.199442 -0.009132 0.669604
v -2.053825 -0.009132 0.788469
v -2.053839 0.009132 0.788467
v -2.053985 0.009132 0.813278
v -0.902477 -0.009132 -0.655232
v -0.888590 -0.009132 -0.669289
v -1.034455 -0.009132 -0.788658
v -1.034420 0.009132 -0.788636
v -1.033956 0.009132 -0.812992
v -2.199786 -0.009132 0.350117
v -2.345133 -0.009132 0.232147
v -2.213682 -0.009132 0.364185
v -2.199563 0.009132 0.669604
v -2.345089 -0.009132 0.813343
v -2.053946 -0.009132 0.813289
v -1.908486 0.009132 0.669432
v -1.908400 -0.009132 0.669402
v -1.762646 -0.009132 0.813289
v -1.617186 0.009132 0.669432
v -1.617100 -0.009132 0.669402
v -1.471346 -0.009132 0.813289
v -1.339426 0.009132 0.655232
v -1.179985 -0.009132 0.813347
v -1.048311 -0.009132 0.655708
v -1.034115 0.009132 0.669187
v -0.730736 -0.009132 0.655361
v -0.888714 0.009132 0.523954
v -0.874733 0.009132 0.509506
v -0.730991 -0.009132 0.363999
v -0.730979 0.009132 0.364063
v -0.755555 0.009132 0.364106
v -0.874646 0.009132 0.218758
v -0.888590 0.009132 0.232340
v -0.888639 -0.009132 -0.059242
v -0.888668 0.009132 -0.059242
v -0.730789 -0.009132 0.072918
v -0.874864 0.009132 -0.072798
v -0.730898 -0.009132 -0.218500
v -0.730898 0.009132 -0.218449
v -0.755520 0.009132 -0.218464
v -0.874864 0.009132 -0.364098
v -0.888745 0.009132 -0.350390
v -0.874864 -0.009132 -0.655451
v -0.874864 0.009132 -0.655398
v -0.888525 0.009132 -0.669300
v -0.749461 -0.009132 -0.807532
v -1.034402 -0.009132 -0.813375
v -1.180567 -0.009132 -0.669614
v -1.325729 -0.009132 -0.813087
v -1.325578 0.009132 -0.813180
v -1.325617 0.009132 -0.788467
v -1.471056 -0.009132 -0.669402
v -1.616810 -0.009132 -0.813289
v -1.616771 0.009132 -0.813278
v -1.616865 0.009132 -0.788527
v -1.762579 -0.009132 -0.669214
v -1.908228 -0.009132 -0.813180
v -1.908177 0.009132 -0.813180
v -1.908165 0.009132 -0.788527
v -2.053656 -0.009132 -0.669402
v -2.053584 0.009132 0.523696
v -2.199457 -0.009132 0.641696
v -1.894226 -0.009132 0.655621
v -1.894195 0.009132 0.655708
v -1.762685 0.009132 0.813278
v -1.762572 -0.009132 0.788523
v -1.762591 0.009132 0.788527
v -2.199155 -0.009132 0.086783
v -2.053913 -0.009132 0.204296
v -2.067811 -0.009132 0.218823
v -2.185554 -0.009132 0.364086
v -2.067774 0.009132 0.218743
v -2.054094 0.009132 0.232258
v -2.199699 0.009132 0.350147
v -2.185206 0.009132 0.364585
v -2.185830 -0.009132 -0.218494
v -2.199411 -0.009132 -0.204740
v -2.185830 0.009132 -0.218455
v -2.053913 -0.009132 -0.087004
v -2.067773 -0.009132 -0.072429
v -2.053807 0.009132 -0.059097
v -2.185697 -0.009132 0.072960
v -2.067732 0.009132 -0.072503
v -2.199662 0.009132 0.058477
v -2.185679 0.009132 0.073018
v -2.185774 -0.009132 -0.509729
v -2.185768 0.009132 -0.509683
v -2.067483 0.009132 -0.364193
v -2.199476 -0.009132 -0.495985
v -2.053505 0.009132 -0.378083
v -2.067676 -0.009132 -0.363932
v -2.053913 0.009132 -0.349946
v -2.199343 -0.009132 -0.232823
v -2.053891 0.009132 -0.641476
v -2.067929 -0.009132 -0.655231
v -2.199306 -0.009132 -0.523752
v -2.199551 -0.009132 -0.813422
v -2.199516 0.009132 -0.788467
v -2.039776 -0.009132 0.509581
v -2.039796 0.009132 0.509679
v -2.053505 -0.009132 0.523733
v -1.922279 -0.009132 0.655618
v -1.922260 0.009132 0.655520
v -1.908183 0.009132 0.641752
v -2.199662 -0.009132 0.378473
v -2.067732 -0.009132 0.509453
v -2.067773 0.009132 0.509378
v -2.053761 0.009132 0.496040
v -1.922210 0.009132 0.363841
v -2.053761 -0.009132 0.232210
v -1.908143 0.009132 0.349945
v -1.922382 -0.009132 0.364185
v -1.899859 0.009132 0.371393
v -2.053807 -0.009132 0.496046
v -2.053761 -0.009132 -0.059090
v -1.908362 0.009132 0.058477
v -1.922050 0.009132 0.073187
v -1.922161 -0.009132 0.073173
v -1.908222 0.009132 0.086497
v -2.039932 -0.009132 0.218743
v -2.039895 0.009132 0.218823
v -2.054440 0.009132 0.203797
v -2.039310 -0.009132 -0.364233
v -2.039310 0.009132 -0.364016
v -2.053792 -0.009132 -0.349946
v -1.909165 0.009132 -0.232918
v -1.921875 0.009132 -0.218494
v -1.921875 -0.009132 -0.218455
v -1.908222 0.009132 -0.204802
v -2.039932 -0.009132 -0.072557
v -2.039895 0.009132 -0.072477
v -2.053792 0.009132 -0.087004
v -2.039904 -0.009132 -0.655463
v -2.053814 -0.009132 -0.641476
v -2.040030 0.009132 -0.655232
v -1.922180 -0.009132 -0.509971
v -1.922210 0.009132 -0.510058
v -1.907920 0.009132 -0.523782
v -1.909425 0.009132 -0.495124
v -2.053584 -0.009132 -0.378046
v -1.894132 -0.009132 0.364664
v -1.909043 -0.009132 0.378644
v -1.762628 0.009132 0.496184
v -1.776444 0.009132 0.509340
v -1.776400 -0.009132 0.509412
v -1.762572 0.009132 0.523447
v -1.908222 -0.009132 0.641752
v -1.602724 -0.009132 0.655364
v -1.602724 0.009132 0.655485
v -1.471226 -0.009132 0.788469
v -1.471239 0.009132 0.788467
v -1.471385 0.009132 0.813278
v -1.894282 -0.009132 0.073093
v -1.908183 -0.009132 0.086497
v -1.894245 0.009132 0.073173
v -1.763450 -0.009132 0.203638
v -1.776511 -0.009132 0.218823
v -1.762568 0.009132 0.232058
v -1.776474 0.009132 0.218743
v -1.908263 -0.009132 0.349945
v -1.894530 -0.009132 -0.218494
v -1.908183 -0.009132 -0.204802
v -1.894577 0.009132 -0.218509
v -1.776474 -0.009132 -0.072429
v -1.776432 0.009132 -0.072503
v -1.762493 0.009132 -0.087004
v -1.762572 0.009132 -0.059152
v -1.908530 -0.009132 0.058436
v -1.894475 -0.009132 -0.509729
v -1.908301 -0.009132 -0.496092
v -1.894468 0.009132 -0.509683
v -1.776306 -0.009132 -0.363845
v -1.776066 0.009132 -0.364136
v -1.762493 0.009132 -0.378304
v -1.762394 0.009132 -0.349777
v -1.909425 -0.009132 -0.233126
v -1.762591 0.009132 -0.641476
v -1.776418 -0.009132 -0.655488
v -1.908229 -0.009132 -0.523564
v -1.748476 -0.009132 0.509581
v -1.748496 0.009132 0.509679
v -1.762534 -0.009132 0.523447
v -1.630980 -0.009132 0.655618
v -1.630960 0.009132 0.655520
v -1.616884 0.009132 0.641752
v -2.053569 0.009132 -0.669432
v -2.067910 0.009132 -0.655329
v -2.199560 -0.009132 -0.788503
v -1.762538 -0.009132 0.232058
v -1.631292 -0.009132 0.364452
v -1.631251 0.009132 0.364284
v -1.616843 0.009132 0.349946
v -1.616930 0.009132 0.377914
v -1.762066 -0.009132 0.495665
v -1.748632 -0.009132 -0.072557
v -1.748595 0.009132 -0.072477
v -1.762534 -0.009132 -0.059152
v -1.616963 -0.009132 0.058646
v -1.630795 -0.009132 0.073259
v -1.617251 0.009132 0.086783
v -1.630824 0.009132 0.073093
v -1.748632 -0.009132 0.218743
v -1.748595 0.009132 0.218823
v -1.762493 0.009132 0.204296
v -1.748424 -0.009132 -0.364824
v -1.748318 0.009132 -0.364439
v -1.762493 -0.009132 -0.349946
v -1.617225 0.009132 -0.232354
v -1.630576 0.009132 -0.218494
v -1.630576 -0.009132 -0.218455
v -1.616922 0.009132 -0.204802
v -1.762613 -0.009132 -0.087004
v -1.748604 -0.009132 -0.655463
v -1.762515 -0.009132 -0.641476
v -1.748730 0.009132 -0.655232
v -1.630638 -0.009132 -0.509683
v -1.630631 0.009132 -0.509729
v -1.616843 0.009132 -0.523954
v -1.616805 0.009132 -0.496092
v -1.762613 -0.009132 -0.378304
v -1.603024 -0.009132 0.364446
v -1.602226 0.009132 0.363537
v -1.471483 0.009132 0.496046
v -1.616876 -0.009132 0.377914
v -1.485330 0.009132 0.509581
v -1.485310 -0.009132 0.509679
v -1.471601 0.009132 0.523733
v -1.616922 -0.009132 0.641752
v -1.325887 0.009132 0.669432
v -1.325800 -0.009132 0.669402
v -1.179896 -0.009132 0.788503
v -1.179913 0.009132 0.788498
v -1.180017 0.009132 0.813343
v -1.617171 -0.009132 0.086746
v -1.471601 -0.009132 0.204517
v -1.484926 -0.009132 0.218494
v -1.471344 0.009132 0.232210
v -1.484926 0.009132 0.218455
v -1.616963 -0.009132 0.349946
v -1.603119 -0.009132 -0.218716
v -1.603097 0.009132 -0.218610
v -1.471537 -0.009132 -0.086832
v -1.616884 -0.009132 -0.204802
v -1.485211 -0.009132 -0.072477
v -1.471344 0.009132 -0.059090
v -1.485174 0.009132 -0.072557
v -1.602724 -0.009132 0.072765
v -1.602724 0.009132 0.072885
v -1.616843 0.009132 0.058646
v -1.603175 -0.009132 -0.509729
v -1.603168 0.009132 -0.509684
v -1.615681 -0.009132 -0.495124
v -1.485442 -0.009132 -0.363511
v -1.485363 0.009132 -0.363638
v -1.471193 0.009132 -0.378304
v -1.470985 0.009132 -0.350204
v -1.617299 -0.009132 -0.232396
v -1.471292 0.009132 -0.641476
v -1.484988 -0.009132 -0.655333
v -1.617186 -0.009132 -0.523782
v -1.457332 -0.009132 0.509378
v -1.457374 0.009132 0.509453
v -1.325951 -0.009132 0.641467
v -1.471234 -0.009132 0.523447
v -1.339680 -0.009132 0.655618
v -1.325872 0.009132 0.641504
v -1.762527 0.009132 -0.669214
v -1.776429 0.009132 -0.655553
v -1.908184 -0.009132 -0.788523
v -1.471298 -0.009132 0.232203
v -1.325663 -0.009132 0.349945
v -1.339552 -0.009132 0.364163
v -1.325444 0.009132 0.378473
v -1.339468 0.009132 0.364188
v -1.470837 -0.009132 0.495613
v -1.471298 -0.009132 -0.059097
v -1.325663 -0.009132 0.058646
v -1.339426 -0.009132 0.073018
v -1.339409 0.009132 0.072960
v -1.325951 0.009132 0.086783
v -1.457332 -0.009132 0.218743
v -1.471521 0.009132 0.204554
v -1.457295 0.009132 0.218823
v -1.457018 -0.009132 -0.363810
v -1.456957 0.009132 -0.363664
v -1.471145 -0.009132 -0.349582
v -1.325800 0.009132 -0.232452
v -1.339524 0.009132 -0.218207
v -1.339229 -0.009132 -0.218509
v -1.325188 0.009132 -0.204313
v -1.457623 -0.009132 -0.072893
v -1.457627 0.009132 -0.072859
v -1.471450 0.009132 -0.086802
v -1.457305 -0.009132 -0.655463
v -1.471215 -0.009132 -0.641476
v -1.457305 0.009132 -0.655386
v -1.339338 -0.009132 -0.509683
v -1.339332 0.009132 -0.509729
v -1.325577 0.009132 -0.523564
v -1.325618 0.009132 -0.496191
v -1.471313 -0.009132 -0.378304
v -1.180093 0.009132 0.496127
v -1.319923 -0.009132 0.374827
v -1.193626 0.009132 0.509755
v -1.193626 -0.009132 0.509794
v -1.180147 0.009132 0.523851
v -1.311596 -0.009132 0.655141
v -1.311626 0.009132 0.655228
v -1.020631 -0.009132 0.655405
v -1.020631 0.009132 0.655444
v -1.034175 -0.009132 0.669300
v -0.888681 -0.009132 0.788604
v -0.888735 0.009132 0.788577
v -0.888456 0.009132 0.812974
v -1.325872 -0.009132 0.086746
v -1.180301 -0.009132 0.204517
v -1.193626 -0.009132 0.218494
v -1.180301 0.009132 0.232433
v -1.193626 0.009132 0.218455
v -1.310926 0.009132 0.363537
v -1.325543 0.009132 0.349945
v -1.311682 -0.009132 -0.218207
v -1.311645 0.009132 -0.218127
v -1.325054 -0.009132 -0.204241
v -1.193759 0.009132 -0.072690
v -1.179893 0.009132 -0.087004
v -1.193776 -0.009132 -0.072632
v -1.180147 0.009132 -0.058748
v -1.311596 -0.009132 0.072542
v -1.311626 0.009132 0.072628
v -1.325543 0.009132 0.058646
v -1.311820 -0.009132 -0.510016
v -1.326566 -0.009132 -0.495331
v -1.311841 0.009132 -0.509963
v -1.193601 -0.009132 -0.364264
v -1.194063 0.009132 -0.363638
v -1.179927 0.009132 -0.377914
v -1.180301 0.009132 -0.350167
v -1.325731 -0.009132 -0.232350
v -1.179639 0.009132 -0.641189
v -1.193911 -0.009132 -0.655077
v -1.325887 -0.009132 -0.523782
v -1.166225 -0.009132 0.509820
v -1.165976 0.009132 0.509578
v -1.179761 -0.009132 0.523598
v -1.048038 0.009132 0.655333
v -1.034284 0.009132 0.641752
v -1.470970 0.009132 -0.669432
v -1.484982 0.009132 -0.655379
v -1.616884 -0.009132 -0.788523
v -1.179934 -0.009132 0.232147
v -1.048380 -0.009132 0.364318
v -1.033956 0.009132 0.350167
v -1.048127 0.009132 0.363932
v -1.034240 0.009132 0.377990
v -1.180131 -0.009132 0.496113
v -1.166032 -0.009132 -0.072557
v -1.180048 -0.009132 -0.058768
v -1.165995 0.009132 -0.072477
v -1.034035 -0.009132 0.058904
v -1.047976 -0.009132 0.072844
v -1.047976 0.009132 0.072805
v -1.034323 0.009132 0.086497
v -1.166032 -0.009132 0.218743
v -1.180222 0.009132 0.204554
v -1.165995 0.009132 0.218823
v -1.166033 -0.009132 -0.364521
v -1.180222 -0.009132 -0.350204
v -1.165896 0.009132 -0.364220
v -1.047976 0.009132 -0.218494
v -1.047976 -0.009132 -0.218455
v -1.034323 0.009132 -0.204802
v -1.180013 -0.009132 -0.087004
v -1.166170 -0.009132 -0.655666
v -1.166191 0.009132 -0.655613
v -1.179493 -0.009132 -0.641128
v -1.034500 0.009132 -0.523752
v -1.048179 0.009132 -0.509903
v -1.048168 -0.009132 -0.509838
v -1.034432 0.009132 -0.495899
v -1.179980 -0.009132 -0.377914
v -0.888745 -0.009132 0.496040
v -1.034175 -0.009132 0.378000
v -0.902711 -0.009132 0.509679
v -0.888789 0.009132 0.495969
v -0.888593 -0.009132 0.523954
v -0.902730 0.009132 0.509581
v -1.034035 -0.009132 0.641504
v -0.755580 -0.009132 0.364165
v -0.874696 -0.009132 0.509427
v -1.034284 -0.009132 0.086497
v -0.888457 -0.009132 0.204498
v -0.902833 -0.009132 0.218535
v -0.888749 -0.009132 0.232532
v -0.902833 0.009132 0.218415
v -1.020296 -0.009132 0.363841
v -1.034035 -0.009132 0.350204
v -1.020326 0.009132 0.363928
v -1.020246 -0.009132 -0.218380
v -0.888680 -0.009132 -0.086614
v -1.034284 -0.009132 -0.204802
v -0.902833 -0.009132 -0.072765
v -0.888370 0.009132 -0.086833
v -0.902833 0.009132 -0.072885
v -1.033956 0.009132 0.058867
v -1.020194 -0.009132 0.073312
v -1.020114 0.009132 0.073439
v -1.020068 -0.009132 -0.509460
v -1.020345 0.009132 -0.509427
v -1.033843 -0.009132 -0.495478
v -0.888937 -0.009132 -0.378132
v -0.888593 0.009132 -0.378304
v -0.902631 -0.009132 -0.364322
v -0.888699 -0.009132 -0.350396
v -0.902661 0.009132 -0.364408
v -1.034323 -0.009132 -0.232147
v -1.034284 0.009132 -0.232147
v -1.020345 0.009132 -0.218127
v -0.888842 -0.009132 -0.641663
v -0.902459 0.009132 -0.655289
v -1.034587 -0.009132 -0.523782
v -0.755575 0.009132 0.655482
v -0.755611 -0.009132 0.655438
v -0.730731 0.009132 0.655393
v -0.888628 -0.009132 0.813180
v -1.194010 0.009132 -0.655329
v -1.325631 -0.009132 -0.788469
v -1.179814 0.009132 -0.669118
v -2.331329 -0.009132 0.509582
v -2.344959 -0.009132 0.523851
v -2.213480 -0.009132 0.655228
v -2.213510 0.009132 0.655141
v -2.199411 0.009132 0.641690
v -2.213510 0.009132 0.363841
v -2.199830 0.009132 0.378514
v -2.345017 -0.009132 0.495969
v -2.345186 0.009132 0.496149
v -2.331347 0.009132 0.509640
v -2.213682 0.009132 0.072765
v -2.199234 0.009132 0.086746
v -2.331329 -0.009132 0.218282
v -2.345107 -0.009132 0.204747
v -2.331347 0.009132 0.218340
v -0.888370 0.009132 0.204467
v -0.874676 -0.009132 0.218672
v -0.730800 0.009132 0.072957
v -0.755385 -0.009132 0.072700
v -0.755403 0.009132 0.072739
v -0.874864 -0.009132 -0.072851
v -0.755520 -0.009132 -0.218486
v -0.755609 -0.009132 -0.509802
v -0.755580 0.009132 -0.509815
v -0.874864 -0.009132 -0.364151
v -0.730898 0.009132 -0.509749
v -0.730898 -0.009132 -0.509800
v -0.888745 0.009132 -0.641690
v -2.331424 -0.009132 -0.655379
v -2.331329 0.009132 -0.655232
v -2.344960 -0.009132 -0.641601
v -2.199219 0.009132 -0.523782
v -2.213480 0.009132 -0.509578
v -2.213510 -0.009132 -0.509491
v -2.502911 -0.009132 -0.218242
v -2.502935 0.009132 -0.218294
v -2.478173 0.009132 -0.218481
v -2.344884 -0.009132 -0.086746
v -2.359110 -0.009132 -0.072477
v -2.344884 0.009132 -0.058904
v -2.359074 0.009132 -0.072557
v -2.478231 -0.009132 0.072882
v -2.478226 0.009132 0.072865
v -2.502935 0.009132 0.073005
v -2.503263 -0.009132 -0.509915
v -2.503150 0.009132 -0.509823
v -2.478198 0.009132 -0.509802
v -2.359110 -0.009132 -0.363777
v -2.359074 0.009132 -0.363856
v -2.344959 0.009132 -0.378201
v -2.344884 0.009132 -0.350204
v -2.478173 -0.009132 -0.218469
v -2.345345 0.009132 0.232298
v -2.359074 0.009132 0.218743
v -2.478296 -0.009132 0.364068
v -2.478459 0.009132 0.364167
v -2.502935 0.009132 0.364305
v -2.345345 0.009132 0.523598
v -2.359130 -0.009132 0.509578
v -2.478198 -0.009132 0.655452
v -2.503006 0.009132 0.655292
v -2.478338 0.009132 0.655370
v -2.331391 -0.009132 -0.363936
v -2.331329 0.009132 -0.363932
v -2.344805 -0.009132 -0.350167
v -2.199442 0.009132 -0.232654
v -2.213682 0.009132 -0.218535
v -2.213682 -0.009132 -0.218415
v -2.344805 -0.009132 -0.058867
v -2.199830 -0.009132 0.058436
v -2.213682 -0.009132 0.072885
v -2.199457 0.009132 -0.204747
v -2.344805 0.009132 -0.086783
v -2.331347 -0.009132 -0.072690
v -2.331329 0.009132 -0.072632
v -2.200052 0.009132 -0.495541
v -2.345057 -0.009132 -0.378182
v -2.345193 -0.009132 0.788498
v -2.345180 0.009132 0.788469
v -2.345121 0.009132 0.813347
v -2.503017 -0.009132 0.655332
v -2.345061 0.009132 0.204740
v -2.502911 -0.009132 0.073057
v -2.359110 -0.009132 0.218823
v -2.199643 0.009132 -0.813535
v -2.345017 0.009132 -0.641619
v -2.478195 -0.009132 -0.509788
v -2.502815 -0.009132 0.364251
v -2.359332 0.009132 0.509714
v -2.483264 -0.009132 -0.794617
v -2.483264 0.009132 -0.794617
v -2.496178 0.009132 -0.807532
v -3.932262 -0.009132 0.655077
v -3.932299 0.009132 0.655156
v -3.946160 -0.009132 0.669604
v -3.800542 -0.009132 0.788469
v -3.800556 0.009132 0.788467
v -3.800702 0.009132 0.813278
v -2.649194 -0.009132 -0.655232
v -2.635308 -0.009132 -0.669289
v -2.781173 -0.009132 -0.788658
v -2.781137 0.009132 -0.788636
v -2.780673 0.009132 -0.812992
v -3.946503 -0.009132 0.350117
v -4.091850 -0.009132 0.232147
v -3.960399 -0.009132 0.364185
v -3.946280 0.009132 0.669604
v -4.091806 -0.009132 0.813343
v -3.800663 -0.009132 0.813289
v -3.655204 0.009132 0.669432
v -3.655117 -0.009132 0.669402
v -3.509363 -0.009132 0.813289
v -3.363904 0.009132 0.669432
v -3.363817 -0.009132 0.669402
v -3.218063 -0.009132 0.813289
v -3.086144 0.009132 0.655232
v -2.926702 -0.009132 0.813347
v -2.795028 -0.009132 0.655708
v -2.780833 0.009132 0.669187
v -2.477453 -0.009132 0.655361
v -2.635431 0.009132 0.523954
v -2.621450 0.009132 0.509506
v -2.477708 -0.009132 0.363999
v -2.477696 0.009132 0.364063
v -2.502272 0.009132 0.364106
v -2.621363 0.009132 0.218758
v -2.635308 0.009132 0.232340
v -2.635356 -0.009132 -0.059242
v -2.635386 0.009132 -0.059242
v -2.477506 -0.009132 0.072918
v -2.621582 0.009132 -0.072798
v -2.477616 -0.009132 -0.218500
v -2.477616 0.009132 -0.218449
v -2.502237 0.009132 -0.218464
v -2.621582 0.009132 -0.364098
v -2.635462 0.009132 -0.350390
v -2.621582 -0.009132 -0.655451
v -2.621582 0.009132 -0.655398
v -2.635243 0.009132 -0.669300
v -2.496178 -0.009132 -0.807532
v -2.781119 -0.009132 -0.813375
v -2.927284 -0.009132 -0.669614
v -3.072447 -0.009132 -0.813087
v -3.072295 0.009132 -0.813180
v -3.072334 0.009132 -0.788467
v -3.217774 -0.009132 -0.669402
v -3.363528 -0.009132 -0.813289
v -3.363488 0.009132 -0.813278
v -3.363583 0.009132 -0.788527
v -3.509297 -0.009132 -0.669214
v -3.654946 -0.009132 -0.813180
v -3.654895 0.009132 -0.813180
v -3.654882 0.009132 -0.788527
v -3.800373 -0.009132 -0.669402
v -3.800302 0.009132 0.523696
v -3.946175 -0.009132 0.641696
v -3.640943 -0.009132 0.655621
v -3.640913 0.009132 0.655708
v -3.509403 0.009132 0.813278
v -3.509289 -0.009132 0.788523
v -3.509308 0.009132 0.788527
v -3.945872 -0.009132 0.086783
v -3.800630 -0.009132 0.204296
v -3.814528 -0.009132 0.218823
v -3.932271 -0.009132 0.364086
v -3.814491 0.009132 0.218743
v -3.800811 0.009132 0.232258
v -3.946417 0.009132 0.350147
v -3.931924 0.009132 0.364585
v -3.932548 -0.009132 -0.218494
v -3.946129 -0.009132 -0.204740
v -3.932548 0.009132 -0.218455
v -3.800630 -0.009132 -0.087004
v -3.814491 -0.009132 -0.072429
v -3.800525 0.009132 -0.059097
v -3.932414 -0.009132 0.072960
v -3.814449 0.009132 -0.072503
v -3.946379 0.009132 0.058477
v -3.932397 0.009132 0.073018
v -3.932492 -0.009132 -0.509729
v -3.932485 0.009132 -0.509683
v -3.814200 0.009132 -0.364193
v -3.946193 -0.009132 -0.495985
v -3.800222 0.009132 -0.378083
v -3.814393 -0.009132 -0.363932
v -3.800630 0.009132 -0.349946
v -3.946061 -0.009132 -0.232823
v -3.800608 0.009132 -0.641476
v -3.814647 -0.009132 -0.655231
v -3.946023 -0.009132 -0.523752
v -3.946269 -0.009132 -0.813422
v -3.946234 0.009132 -0.788467
v -3.786494 -0.009132 0.509581
v -3.786513 0.009132 0.509679
v -3.800222 -0.009132 0.523733
v -3.668997 -0.009132 0.655618
v -3.668977 0.009132 0.655520
v -3.654901 0.009132 0.641752
v -3.946379 -0.009132 0.378473
v -3.814449 -0.009132 0.509453
v -3.814491 0.009132 0.509378
v -3.800479 0.009132 0.496040
v -3.668928 0.009132 0.363841
v -3.800479 -0.009132 0.232210
v -3.654860 0.009132 0.349945
v -3.669099 -0.009132 0.364185
v -3.646576 0.009132 0.371393
v -3.800525 -0.009132 0.496046
v -3.800479 -0.009132 -0.059090
v -3.655079 0.009132 0.058477
v -3.668767 0.009132 0.073187
v -3.668878 -0.009132 0.073173
v -3.654940 0.009132 0.086497
v -3.786649 -0.009132 0.218743
v -3.786612 0.009132 0.218823
v -3.801158 0.009132 0.203797
v -3.786027 -0.009132 -0.364233
v -3.786027 0.009132 -0.364016
v -3.800510 -0.009132 -0.349946
v -3.655883 0.009132 -0.232918
v -3.668593 0.009132 -0.218494
v -3.668593 -0.009132 -0.218455
v -3.654940 0.009132 -0.204802
v -3.786649 -0.009132 -0.072557
v -3.786612 0.009132 -0.072477
v -3.800510 0.009132 -0.087004
v -3.786622 -0.009132 -0.655463
v -3.800532 -0.009132 -0.641476
v -3.786747 0.009132 -0.655232
v -3.668897 -0.009132 -0.509971
v -3.668928 0.009132 -0.510058
v -3.654637 0.009132 -0.523782
v -3.656142 0.009132 -0.495124
v -3.800302 -0.009132 -0.378046
v -3.640849 -0.009132 0.364664
v -3.655761 -0.009132 0.378644
v -3.509345 0.009132 0.496184
v -3.523162 0.009132 0.509340
v -3.523117 -0.009132 0.509412
v -3.509290 0.009132 0.523447
v -3.654940 -0.009132 0.641752
v -3.349441 -0.009132 0.655364
v -3.349441 0.009132 0.655485
v -3.217943 -0.009132 0.788469
v -3.217957 0.009132 0.788467
v -3.218103 0.009132 0.813278
v -3.640999 -0.009132 0.073093
v -3.654901 -0.009132 0.086497
v -3.640962 0.009132 0.073173
v -3.510167 -0.009132 0.203638
v -3.523228 -0.009132 0.218823
v -3.509285 0.009132 0.232058
v -3.523191 0.009132 0.218743
v -3.654980 -0.009132 0.349945
v -3.641248 -0.009132 -0.218494
v -3.654901 -0.009132 -0.204802
v -3.641294 0.009132 -0.218509
v -3.523191 -0.009132 -0.072429
v -3.523149 0.009132 -0.072503
v -3.509210 0.009132 -0.087004
v -3.509290 0.009132 -0.059152
v -3.655248 -0.009132 0.058436
v -3.641192 -0.009132 -0.509729
v -3.655019 -0.009132 -0.496092
v -3.641185 0.009132 -0.509683
v -3.523023 -0.009132 -0.363845
v -3.522783 0.009132 -0.364136
v -3.509210 0.009132 -0.378304
v -3.509111 0.009132 -0.349777
v -3.656142 -0.009132 -0.233126
v -3.509309 0.009132 -0.641476
v -3.523135 -0.009132 -0.655488
v -3.654947 -0.009132 -0.523564
v -3.495194 -0.009132 0.509581
v -3.495213 0.009132 0.509679
v -3.509251 -0.009132 0.523447
v -3.377697 -0.009132 0.655618
v -3.377677 0.009132 0.655520
v -3.363601 0.009132 0.641752
v -3.800287 0.009132 -0.669432
v -3.814627 0.009132 -0.655329
v -3.946277 -0.009132 -0.788503
v -3.509255 -0.009132 0.232058
v -3.378010 -0.009132 0.364452
v -3.377968 0.009132 0.364284
v -3.363560 0.009132 0.349946
v -3.363647 0.009132 0.377914
v -3.508783 -0.009132 0.495665
v -3.495349 -0.009132 -0.072557
v -3.495312 0.009132 -0.072477
v -3.509251 -0.009132 -0.059152
v -3.363681 -0.009132 0.058646
v -3.377512 -0.009132 0.073259
v -3.363968 0.009132 0.086783
v -3.377541 0.009132 0.073093
v -3.495349 -0.009132 0.218743
v -3.495312 0.009132 0.218823
v -3.509210 0.009132 0.204296
v -3.495141 -0.009132 -0.364824
v -3.495035 0.009132 -0.364439
v -3.509210 -0.009132 -0.349946
v -3.363942 0.009132 -0.232354
v -3.377293 0.009132 -0.218494
v -3.377293 -0.009132 -0.218455
v -3.363640 0.009132 -0.204802
v -3.509331 -0.009132 -0.087004
v -3.495322 -0.009132 -0.655463
v -3.509232 -0.009132 -0.641476
v -3.495447 0.009132 -0.655232
v -3.377355 -0.009132 -0.509683
v -3.377349 0.009132 -0.509729
v -3.363560 0.009132 -0.523954
v -3.363522 0.009132 -0.496092
v -3.509331 -0.009132 -0.378304
v -3.349741 -0.009132 0.364446
v -3.348943 0.009132 0.363537
v -3.218200 0.009132 0.496046
v -3.363594 -0.009132 0.377914
v -3.232047 0.009132 0.509581
v -3.232028 -0.009132 0.509679
v -3.218318 0.009132 0.523733
v -3.363640 -0.009132 0.641752
v -3.072604 0.009132 0.669432
v -3.072517 -0.009132 0.669402
v -2.926613 -0.009132 0.788503
v -2.926630 0.009132 0.788498
v -2.926734 0.009132 0.813343
v -3.363889 -0.009132 0.086746
v -3.218318 -0.009132 0.204517
v -3.231643 -0.009132 0.218494
v -3.218062 0.009132 0.232210
v -3.231643 0.009132 0.218455
v -3.363681 -0.009132 0.349946
v -3.349837 -0.009132 -0.218716
v -3.349814 0.009132 -0.218610
v -3.218254 -0.009132 -0.086832
v -3.363601 -0.009132 -0.204802
v -3.231928 -0.009132 -0.072477
v -3.218062 0.009132 -0.059090
v -3.231891 0.009132 -0.072557
v -3.349441 -0.009132 0.072765
v -3.349441 0.009132 0.072885
v -3.363560 0.009132 0.058646
v -3.349892 -0.009132 -0.509729
v -3.349886 0.009132 -0.509684
v -3.362399 -0.009132 -0.495124
v -3.232160 -0.009132 -0.363511
v -3.232080 0.009132 -0.363638
v -3.217910 0.009132 -0.378304
v -3.217702 0.009132 -0.350204
v -3.364017 -0.009132 -0.232396
v -3.218009 0.009132 -0.641476
v -3.231705 -0.009132 -0.655333
v -3.363904 -0.009132 -0.523782
v -3.204050 -0.009132 0.509378
v -3.204091 0.009132 0.509453
v -3.072668 -0.009132 0.641467
v -3.217951 -0.009132 0.523447
v -3.086397 -0.009132 0.655618
v -3.072589 0.009132 0.641504
v -3.509244 0.009132 -0.669214
v -3.523146 0.009132 -0.655553
v -3.654902 -0.009132 -0.788523
v -3.218016 -0.009132 0.232203
v -3.072381 -0.009132 0.349945
v -3.086269 -0.009132 0.364163
v -3.072161 0.009132 0.378473
v -3.086185 0.009132 0.364188
v -3.217555 -0.009132 0.495613
v -3.218016 -0.009132 -0.059097
v -3.072381 -0.009132 0.058646
v -3.086144 -0.009132 0.073018
v -3.086126 0.009132 0.072960
v -3.072668 0.009132 0.086783
v -3.204050 -0.009132 0.218743
v -3.218239 0.009132 0.204554
v -3.204012 0.009132 0.218823
v -3.203735 -0.009132 -0.363810
v -3.203674 0.009132 -0.363664
v -3.217862 -0.009132 -0.349582
v -3.072517 0.009132 -0.232452
v -3.086242 0.009132 -0.218207
v -3.085947 -0.009132 -0.218509
v -3.071905 0.009132 -0.204313
v -3.204340 -0.009132 -0.072893
v -3.204344 0.009132 -0.072859
v -3.218167 0.009132 -0.086802
v -3.204022 -0.009132 -0.655463
v -3.217932 -0.009132 -0.641476
v -3.204022 0.009132 -0.655386
v -3.086056 -0.009132 -0.509683
v -3.086049 0.009132 -0.509729
v -3.072294 0.009132 -0.523564
v -3.072335 0.009132 -0.496191
v -3.218031 -0.009132 -0.378304
v -2.926810 0.009132 0.496127
v -3.066640 -0.009132 0.374827
v -2.940343 0.009132 0.509755
v -2.940343 -0.009132 0.509794
v -2.926864 0.009132 0.523851
v -3.058313 -0.009132 0.655141
v -3.058343 0.009132 0.655228
v -2.767348 -0.009132 0.655405
v -2.767348 0.009132 0.655444
v -2.780893 -0.009132 0.669300
v -2.635398 -0.009132 0.788604
v -2.635452 0.009132 0.788577
v -2.635173 0.009132 0.812974
v -3.072589 -0.009132 0.086746
v -2.927018 -0.009132 0.204517
v -2.940343 -0.009132 0.218494
v -2.927018 0.009132 0.232433
v -2.940343 0.009132 0.218455
v -3.057643 0.009132 0.363537
v -3.072260 0.009132 0.349945
v -3.058400 -0.009132 -0.218207
v -3.058363 0.009132 -0.218127
v -3.071771 -0.009132 -0.204241
v -2.940476 0.009132 -0.072690
v -2.926610 0.009132 -0.087004
v -2.940494 -0.009132 -0.072632
v -2.926864 0.009132 -0.058748
v -3.058313 -0.009132 0.072542
v -3.058343 0.009132 0.072628
v -3.072260 0.009132 0.058646
v -3.058537 -0.009132 -0.510016
v -3.073283 -0.009132 -0.495331
v -3.058559 0.009132 -0.509963
v -2.940319 -0.009132 -0.364264
v -2.940780 0.009132 -0.363638
v -2.926644 0.009132 -0.377914
v -2.927018 0.009132 -0.350167
v -3.072449 -0.009132 -0.232350
v -2.926356 0.009132 -0.641189
v -2.940629 -0.009132 -0.655077
v -3.072604 -0.009132 -0.523782
v -2.912942 -0.009132 0.509820
v -2.912694 0.009132 0.509578
v -2.926478 -0.009132 0.523598
v -2.794755 0.009132 0.655333
v -2.781001 0.009132 0.641752
v -3.217687 0.009132 -0.669432
v -3.231699 0.009132 -0.655379
v -3.363602 -0.009132 -0.788523
v -2.926651 -0.009132 0.232147
v -2.795097 -0.009132 0.364318
v -2.780673 0.009132 0.350167
v -2.794844 0.009132 0.363932
v -2.780957 0.009132 0.377990
v -2.926848 -0.009132 0.496113
v -2.912750 -0.009132 -0.072557
v -2.926766 -0.009132 -0.058768
v -2.912713 0.009132 -0.072477
v -2.780752 -0.009132 0.058904
v -2.794693 -0.009132 0.072844
v -2.794693 0.009132 0.072805
v -2.781040 0.009132 0.086497
v -2.912750 -0.009132 0.218743
v -2.926939 0.009132 0.204554
v -2.912713 0.009132 0.218823
v -2.912750 -0.009132 -0.364521
v -2.926939 -0.009132 -0.350204
v -2.912614 0.009132 -0.364220
v -2.794693 0.009132 -0.218494
v -2.794693 -0.009132 -0.218455
v -2.781040 0.009132 -0.204802
v -2.926731 -0.009132 -0.087004
v -2.912887 -0.009132 -0.655666
v -2.912909 0.009132 -0.655613
v -2.926210 -0.009132 -0.641128
v -2.781218 0.009132 -0.523752
v -2.794896 0.009132 -0.509903
v -2.794886 -0.009132 -0.509838
v -2.781149 0.009132 -0.495899
v -2.926697 -0.009132 -0.377914
v -2.635462 -0.009132 0.496040
v -2.780893 -0.009132 0.378000
v -2.649428 -0.009132 0.509679
v -2.635506 0.009132 0.495969
v -2.635311 -0.009132 0.523954
v -2.649447 0.009132 0.509581
v -2.780752 -0.009132 0.641504
v -2.502298 -0.009132 0.364165
v -2.621413 -0.009132 0.509427
v -2.781001 -0.009132 0.086497
v -2.635174 -0.009132 0.204498
v -2.649550 -0.009132 0.218535
v -2.635466 -0.009132 0.232532
v -2.649550 0.009132 0.218415
v -2.767013 -0.009132 0.363841
v -2.780752 -0.009132 0.350204
v -2.767044 0.009132 0.363928
v -2.766964 -0.009132 -0.218380
v -2.635397 -0.009132 -0.086614
v -2.781001 -0.009132 -0.204802
v -2.649550 -0.009132 -0.072765
v -2.635087 0.009132 -0.086833
v -2.649550 0.009132 -0.072885
v -2.780673 0.009132 0.058867
v -2.766911 -0.009132 0.073312
v -2.766832 0.009132 0.073439
v -2.766786 -0.009132 -0.509460
v -2.767063 0.009132 -0.509427
v -2.780560 -0.009132 -0.495478
v -2.635654 -0.009132 -0.378132
v -2.635311 0.009132 -0.378304
v -2.649348 -0.009132 -0.364322
v -2.635416 -0.009132 -0.350396
v -2.649378 0.009132 -0.364408
v -2.781040 -0.009132 -0.232147
v -2.781001 0.009132 -0.232147
v -2.767063 0.009132 -0.218127
v -2.635559 -0.009132 -0.641663
v -2.649177 0.009132 -0.655289
v -2.781304 -0.009132 -0.523782
v -2.502292 0.009132 0.655482
v -2.502328 -0.009132 0.655438
v -2.477448 0.009132 0.655393
v -2.635345 -0.009132 0.813180
v -2.940728 0.009132 -0.655329
v -3.072348 -0.009132 -0.788469
v -2.926531 0.009132 -0.669118
v -4.078047 -0.009132 0.509582
v -4.091676 -0.009132 0.523851
v -3.960197 -0.009132 0.655228
v -3.960227 0.009132 0.655141
v -3.946129 0.009132 0.641690
v -3.960227 0.009132 0.363841
v -3.946548 0.009132 0.378514
v -4.091735 -0.009132 0.495969
v -4.091904 0.009132 0.496149
v -4.078064 0.009132 0.509640
v -3.960399 0.009132 0.072765
v -3.945951 0.009132 0.086746
v -4.078047 -0.009132 0.218282
v -4.091825 -0.009132 0.204747
v -4.078064 0.009132 0.218340
v -2.635087 0.009132 0.204467
v -2.621394 -0.009132 0.218672
v -2.477518 0.009132 0.072957
v -2.502102 -0.009132 0.072700
v -2.502120 0.009132 0.072739
v -2.621582 -0.009132 -0.072851
v -2.502237 -0.009132 -0.218486
v -2.502326 -0.009132 -0.509802
v -2.502298 0.009132 -0.509815
v -2.621582 -0.009132 -0.364151
v -2.477616 0.009132 -0.509749
v -2.477616 -0.009132 -0.509800
v -2.635462 0.009132 -0.641690
v -4.078142 -0.009132 -0.655379
v -4.078047 0.009132 -0.655232
v -4.091677 -0.009132 -0.641601
v -3.945937 0.009132 -0.523782
v -3.960197 0.009132 -0.509578
v -3.960227 -0.009132 -0.509491
v -4.249629 -0.009132 -0.218242
v -4.249652 0.009132 -0.218294
v -4.224890 0.009132 -0.218481
v -4.091601 -0.009132 -0.086746
v -4.105828 -0.009132 -0.072477
v -4.091601 0.009132 -0.058904
v -4.105791 0.009132 -0.072557
v -4.224948 -0.009132 0.072882
v -4.224943 0.009132 0.072865
v -4.249652 0.009132 0.073005
v -4.249980 -0.009132 -0.509915
v -4.249867 0.009132 -0.509823
v -4.224915 0.009132 -0.509802
v -4.105828 -0.009132 -0.363777
v -4.105791 0.009132 -0.363856
v -4.091676 0.009132 -0.378201
v -4.091601 0.009132 -0.350204
v -4.224890 -0.009132 -0.218469
v -4.092062 0.009132 0.232298
v -4.105791 0.009132 0.218743
v -4.225013 -0.009132 0.364068
v -4.225177 0.009132 0.364167
v -4.249652 0.009132 0.364305
v -4.092062 0.009132 0.523598
v -4.105847 -0.009132 0.509578
v -4.224915 -0.009132 0.655452
v -4.249723 0.009132 0.655292
v -4.225056 0.009132 0.655370
v -4.078108 -0.009132 -0.363936
v -4.078047 0.009132 -0.363932
v -4.091522 -0.009132 -0.350167
v -3.946160 0.009132 -0.232654
v -3.960399 0.009132 -0.218535
v -3.960399 -0.009132 -0.218415
v -4.091522 -0.009132 -0.058867
v -3.946548 -0.009132 0.058436
v -3.960399 -0.009132 0.072885
v -3.946175 0.009132 -0.204747
v -4.091522 0.009132 -0.086783
v -4.078064 -0.009132 -0.072690
v -4.078047 0.009132 -0.072632
v -3.946770 0.009132 -0.495541
v -4.091774 -0.009132 -0.378182
v -4.091910 -0.009132 0.788498
v -4.091897 0.009132 0.788469
v -4.091838 0.009132 0.813347
v -4.249734 -0.009132 0.655332
v -4.091779 0.009132 0.204740
v -4.249629 -0.009132 0.073057
v -4.105828 -0.009132 0.218823
v -3.946360 0.009132 -0.813535
v -4.091735 0.009132 -0.641619
v -4.224913 -0.009132 -0.509788
v -4.249532 -0.009132 0.364251
v -4.106049 0.009132 0.509714
v -4.229981 -0.009132 -0.794617
v -4.229981 0.009132 -0.794617
v -4.242896 0.009132 -0.807532
v -5.678979 -0.009132 0.655077
v -5.679016 0.009132 0.655156
v -5.692877 -0.009132 0.669604
v -5.547260 -0.009132 0.788469
v -5.547274 0.009132 0.788467
v -5.547420 0.009132 0.813278
v -4.395911 -0.009132 -0.655232
v -4.382025 -0.009132 -0.669289
v -4.527890 -0.009132 -0.788658
v -4.527854 0.009132 -0.788636
v -4.527390 0.009132 -0.812992
v -5.693221 -0.009132 0.350117
v -5.838568 -0.009132 0.232147
v -5.707116 -0.009132 0.364185
v -5.692997 0.009132 0.669604
v -5.838523 -0.009132 0.813343
v -5.547380 -0.009132 0.813289
v -5.401921 0.009132 0.669432
v -5.401834 -0.009132 0.669402
v -5.256081 -0.009132 0.813289
v -5.110621 0.009132 0.669432
v -5.110534 -0.009132 0.669402
v -4.964781 -0.009132 0.813289
v -4.832861 0.009132 0.655232
v -4.673419 -0.009132 0.813347
v -4.541746 -0.009132 0.655708
v -4.527550 0.009132 0.669187
v -4.224170 -0.009132 0.655361
v -4.382148 0.009132 0.523954
v -4.368167 0.009132 0.509506
v -4.224426 -0.009132 0.363999
v -4.224414 0.009132 0.364063
v -4.248990 0.009132 0.364106
v -4.368081 0.009132 0.218758
v -4.382025 0.009132 0.232340
v -4.382073 -0.009132 -0.059242
v -4.382103 0.009132 -0.059242
v -4.224224 -0.009132 0.072918
v -4.368299 0.009132 -0.072798
v -4.224333 -0.009132 -0.218500
v -4.224333 0.009132 -0.218449
v -4.248954 0.009132 -0.218464
v -4.368299 0.009132 -0.364098
v -4.382179 0.009132 -0.350390
v -4.368299 -0.009132 -0.655451
v -4.368299 0.009132 -0.655398
v -4.381960 0.009132 -0.669300
v -4.242896 -0.009132 -0.807532
v -4.527837 -0.009132 -0.813375
v -4.674002 -0.009132 -0.669614
v -4.819164 -0.009132 -0.813087
v -4.819012 0.009132 -0.813180
v -4.819052 0.009132 -0.788467
v -4.964491 -0.009132 -0.669402
v -5.110245 -0.009132 -0.813289
v -5.110205 0.009132 -0.813278
v -5.110300 0.009132 -0.788527
v -5.256014 -0.009132 -0.669214
v -5.401663 -0.009132 -0.813180
v -5.401612 0.009132 -0.813180
v -5.401599 0.009132 -0.788527
v -5.547091 -0.009132 -0.669402
v -5.547019 0.009132 0.523696
v -5.692892 -0.009132 0.641696
v -5.387660 -0.009132 0.655621
v -5.387630 0.009132 0.655708
v -5.256120 0.009132 0.813278
v -5.256006 -0.009132 0.788523
v -5.256025 0.009132 0.788527
v -5.692589 -0.009132 0.086783
v -5.547348 -0.009132 0.204296
v -5.561245 -0.009132 0.218823
v -5.678988 -0.009132 0.364086
v -5.561208 0.009132 0.218743
v -5.547529 0.009132 0.232258
v -5.693134 0.009132 0.350147
v -5.678641 0.009132 0.364585
v -5.679265 -0.009132 -0.218494
v -5.692846 -0.009132 -0.204740
v -5.679265 0.009132 -0.218455
v -5.547348 -0.009132 -0.087004
v -5.561208 -0.009132 -0.072429
v -5.547242 0.009132 -0.059097
v -5.679132 -0.009132 0.072960
v -5.561166 0.009132 -0.072503
v -5.693096 0.009132 0.058477
v -5.679114 0.009132 0.073018
v -5.679209 -0.009132 -0.509729
v -5.679203 0.009132 -0.509683
v -5.560918 0.009132 -0.364193
v -5.692911 -0.009132 -0.495985
v -5.546939 0.009132 -0.378083
v -5.561110 -0.009132 -0.363932
v -5.547348 0.009132 -0.349946
v -5.692778 -0.009132 -0.232823
v -5.547326 0.009132 -0.641476
v -5.561364 -0.009132 -0.655231
v -5.692740 -0.009132 -0.523752
v -5.692986 -0.009132 -0.813422
v -5.692951 0.009132 -0.788467
v -5.533211 -0.009132 0.509581
v -5.533230 0.009132 0.509679
v -5.546939 -0.009132 0.523733
v -5.415714 -0.009132 0.655618
v -5.415694 0.009132 0.655520
v -5.401618 0.009132 0.641752
v -5.693097 -0.009132 0.378473
v -5.561166 -0.009132 0.509453
v -5.561208 0.009132 0.509378
v -5.547196 0.009132 0.496040
v -5.415645 0.009132 0.363841
v -5.547196 -0.009132 0.232210
v -5.401577 0.009132 0.349945
v -5.415816 -0.009132 0.364185
v -5.393293 0.009132 0.371393
v -5.547242 -0.009132 0.496046
v -5.547196 -0.009132 -0.059090
v -5.401797 0.009132 0.058477
v -5.415484 0.009132 0.073187
v -5.415596 -0.009132 0.073173
v -5.401657 0.009132 0.086497
v -5.533366 -0.009132 0.218743
v -5.533329 0.009132 0.218823
v -5.547875 0.009132 0.203797
v -5.532744 -0.009132 -0.364233
v -5.532744 0.009132 -0.364016
v -5.547227 -0.009132 -0.349946
v -5.402600 0.009132 -0.232918
v -5.415310 0.009132 -0.218494
v -5.415310 -0.009132 -0.218455
v -5.401657 0.009132 -0.204802
v -5.533366 -0.009132 -0.072557
v -5.533329 0.009132 -0.072477
v -5.547227 0.009132 -0.087004
v -5.533339 -0.009132 -0.655463
v -5.547249 -0.009132 -0.641476
v -5.533464 0.009132 -0.655232
v -5.415615 -0.009132 -0.509971
v -5.415645 0.009132 -0.510058
v -5.401354 0.009132 -0.523782
v -5.402859 0.009132 -0.495124
v -5.547019 -0.009132 -0.378046
v -5.387566 -0.009132 0.364664
v -5.402478 -0.009132 0.378644
v -5.256063 0.009132 0.496184
v -5.269879 0.009132 0.509340
v -5.269835 -0.009132 0.509412
v -5.256007 0.009132 0.523447
v -5.401657 -0.009132 0.641752
v -5.096159 -0.009132 0.655364
v -5.096159 0.009132 0.655485
v -4.964660 -0.009132 0.788469
v -4.964674 0.009132 0.788467
v -4.964820 0.009132 0.813278
v -5.387716 -0.009132 0.073093
v -5.401618 -0.009132 0.086497
v -5.387680 0.009132 0.073173
v -5.256885 -0.009132 0.203638
v -5.269946 -0.009132 0.218823
v -5.256002 0.009132 0.232058
v -5.269908 0.009132 0.218743
v -5.401698 -0.009132 0.349945
v -5.387965 -0.009132 -0.218494
v -5.401618 -0.009132 -0.204802
v -5.388011 0.009132 -0.218509
v -5.269908 -0.009132 -0.072429
v -5.269867 0.009132 -0.072503
v -5.255927 0.009132 -0.087004
v -5.256007 0.009132 -0.059152
v -5.401965 -0.009132 0.058436
v -5.387909 -0.009132 -0.509729
v -5.401736 -0.009132 -0.496092
v -5.387903 0.009132 -0.509683
v -5.269740 -0.009132 -0.363845
v -5.269500 0.009132 -0.364136
v -5.255927 0.009132 -0.378304
v -5.255828 0.009132 -0.349777
v -5.402859 -0.009132 -0.233126
v -5.256026 0.009132 -0.641476
v -5.269853 -0.009132 -0.655488
v -5.401664 -0.009132 -0.523564
v -5.241911 -0.009132 0.509581
v -5.241930 0.009132 0.509679
v -5.255968 -0.009132 0.523447
v -5.124414 -0.009132 0.655618
v -5.124394 0.009132 0.655520
v -5.110318 0.009132 0.641752
v -5.547004 0.009132 -0.669432
v -5.561344 0.009132 -0.655329
v -5.692995 -0.009132 -0.788503
v -5.255973 -0.009132 0.232058
v -5.124727 -0.009132 0.364452
v -5.124686 0.009132 0.364284
v -5.110277 0.009132 0.349946
v -5.110364 0.009132 0.377914
v -5.255501 -0.009132 0.495665
v -5.242066 -0.009132 -0.072557
v -5.242030 0.009132 -0.072477
v -5.255968 -0.009132 -0.059152
v -5.110398 -0.009132 0.058646
v -5.124229 -0.009132 0.073259
v -5.110685 0.009132 0.086783
v -5.124259 0.009132 0.073093
v -5.242066 -0.009132 0.218743
v -5.242030 0.009132 0.218823
v -5.255927 0.009132 0.204296
v -5.241858 -0.009132 -0.364824
v -5.241752 0.009132 -0.364439
v -5.255927 -0.009132 -0.349946
v -5.110659 0.009132 -0.232354
v -5.124010 0.009132 -0.218494
v -5.124010 -0.009132 -0.218455
v -5.110357 0.009132 -0.204802
v -5.256048 -0.009132 -0.087004
v -5.242039 -0.009132 -0.655463
v -5.255949 -0.009132 -0.641476
v -5.242165 0.009132 -0.655232
v -5.124073 -0.009132 -0.509683
v -5.124066 0.009132 -0.509729
v -5.110277 0.009132 -0.523954
v -5.110239 0.009132 -0.496092
v -5.256048 -0.009132 -0.378304
v -5.096458 -0.009132 0.364446
v -5.095660 0.009132 0.363537
v -4.964917 0.009132 0.496046
v -5.110311 -0.009132 0.377914
v -4.978764 0.009132 0.509581
v -4.978745 -0.009132 0.509679
v -4.965035 0.009132 0.523733
v -5.110357 -0.009132 0.641752
v -4.819321 0.009132 0.669432
v -4.819234 -0.009132 0.669402
v -4.673330 -0.009132 0.788503
v -4.673347 0.009132 0.788498
v -4.673451 0.009132 0.813343
v -5.110606 -0.009132 0.086746
v -4.965035 -0.009132 0.204517
v -4.978360 -0.009132 0.218494
v -4.964779 0.009132 0.232210
v -4.978360 0.009132 0.218455
v -5.110398 -0.009132 0.349946
v -5.096554 -0.009132 -0.218716
v -5.096532 0.009132 -0.218610
v -4.964971 -0.009132 -0.086832
v -5.110318 -0.009132 -0.204802
v -4.978646 -0.009132 -0.072477
v -4.964779 0.009132 -0.059090
v -4.978609 0.009132 -0.072557
v -5.096159 -0.009132 0.072765
v -5.096159 0.009132 0.072885
v -5.110277 0.009132 0.058646
v -5.096609 -0.009132 -0.509729
v -5.096603 0.009132 -0.509684
v -5.109116 -0.009132 -0.495124
v -4.978877 -0.009132 -0.363511
v -4.978797 0.009132 -0.363638
v -4.964627 0.009132 -0.378304
v -4.964419 0.009132 -0.350204
v -5.110734 -0.009132 -0.232396
v -4.964726 0.009132 -0.641476
v -4.978423 -0.009132 -0.655333
v -5.110621 -0.009132 -0.523782
v -4.950767 -0.009132 0.509378
v -4.950809 0.009132 0.509453
v -4.819386 -0.009132 0.641467
v -4.964668 -0.009132 0.523447
v -4.833114 -0.009132 0.655618
v -4.819306 0.009132 0.641504
v -5.255961 0.009132 -0.669214
v -5.269863 0.009132 -0.655553
v -5.401618 -0.009132 -0.788523
v -4.964733 -0.009132 0.232203
v -4.819098 -0.009132 0.349945
v -4.832986 -0.009132 0.364163
v -4.818879 0.009132 0.378473
v -4.832903 0.009132 0.364188
v -4.964272 -0.009132 0.495613
v -4.964733 -0.009132 -0.059097
v -4.819098 -0.009132 0.058646
v -4.832861 -0.009132 0.073018
v -4.832844 0.009132 0.072960
v -4.819386 0.009132 0.086783
v -4.950767 -0.009132 0.218743
v -4.964956 0.009132 0.204554
v -4.950730 0.009132 0.218823
v -4.950452 -0.009132 -0.363810
v -4.950391 0.009132 -0.363664
v -4.964579 -0.009132 -0.349582
v -4.819235 0.009132 -0.232452
v -4.832959 0.009132 -0.218207
v -4.832664 -0.009132 -0.218509
v -4.818622 0.009132 -0.204313
v -4.951057 -0.009132 -0.072893
v -4.951062 0.009132 -0.072859
v -4.964884 0.009132 -0.086802
v -4.950739 -0.009132 -0.655463
v -4.964650 -0.009132 -0.641476
v -4.950739 0.009132 -0.655386
v -4.832773 -0.009132 -0.509683
v -4.832766 0.009132 -0.509729
v -4.819011 0.009132 -0.523564
v -4.819053 0.009132 -0.496191
v -4.964748 -0.009132 -0.378304
v -4.673528 0.009132 0.496127
v -4.813358 -0.009132 0.374827
v -4.687060 0.009132 0.509755
v -4.687060 -0.009132 0.509794
v -4.673582 0.009132 0.523851
v -4.805030 -0.009132 0.655141
v -4.805060 0.009132 0.655228
v -4.514066 -0.009132 0.655405
v -4.514066 0.009132 0.655444
v -4.527610 -0.009132 0.669300
v -4.382115 -0.009132 0.788604
v -4.382170 0.009132 0.788577
v -4.381890 0.009132 0.812974
v -4.819306 -0.009132 0.086746
v -4.673736 -0.009132 0.204517
v -4.687060 -0.009132 0.218494
v -4.673736 0.009132 0.232433
v -4.687060 0.009132 0.218455
v -4.804360 0.009132 0.363537
v -4.818977 0.009132 0.349945
v -4.805117 -0.009132 -0.218207
v -4.805080 0.009132 -0.218127
v -4.818488 -0.009132 -0.204241
v -4.687194 0.009132 -0.072690
v -4.673327 0.009132 -0.087004
v -4.687211 -0.009132 -0.072632
v -4.673582 0.009132 -0.058748
v -4.805030 -0.009132 0.072542
v -4.805060 0.009132 0.072628
v -4.818977 0.009132 0.058646
v -4.805254 -0.009132 -0.510016
v -4.820000 -0.009132 -0.495331
v -4.805276 0.009132 -0.509963
v -4.687036 -0.009132 -0.364264
v -4.687498 0.009132 -0.363638
v -4.673361 0.009132 -0.377914
v -4.673736 0.009132 -0.350167
v -4.819166 -0.009132 -0.232350
v -4.673074 0.009132 -0.641189
v -4.687346 -0.009132 -0.655077
v -4.819321 -0.009132 -0.523782
v -4.659659 -0.009132 0.509820
v -4.659410 0.009132 0.509578
v -4.673195 -0.009132 0.523598
v -4.541473 0.009132 0.655333
v -4.527719 0.009132 0.641752
v -4.964405 0.009132 -0.669432
v -4.978416 0.009132 -0.655379
v -5.110319 -0.009132 -0.788523
v -4.673368 -0.009132 0.232147
v -4.541814 -0.009132 0.364318
v -4.527390 0.009132 0.350167
v -4.541561 0.009132 0.363932
v -4.527675 0.009132 0.377990
v -4.673566 -0.009132 0.496113
v -4.659467 -0.009132 -0.072557
v -4.673483 -0.009132 -0.058768
v -4.659430 0.009132 -0.072477
v -4.527470 -0.009132 0.058904
v -4.541410 -0.009132 0.072844
v -4.541410 0.009132 0.072805
v -4.527757 0.009132 0.086497
v -4.659467 -0.009132 0.218743
v -4.673656 0.009132 0.204554
v -4.659430 0.009132 0.218823
v -4.659467 -0.009132 -0.364521
v -4.673656 -0.009132 -0.350204
v -4.659331 0.009132 -0.364220
v -4.541410 0.009132 -0.218494
v -4.541410 -0.009132 -0.218455
v -4.527757 0.009132 -0.204802
v -4.673448 -0.009132 -0.087004
v -4.659605 -0.009132 -0.655666
v -4.659626 0.009132 -0.655613
v -4.672927 -0.009132 -0.641128
v -4.527935 0.009132 -0.523752
v -4.541614 0.009132 -0.509903
v -4.541603 -0.009132 -0.509838
v -4.527866 0.009132 -0.495899
v -4.673414 -0.009132 -0.377914
v -4.382179 -0.009132 0.496040
v -4.527610 -0.009132 0.378000
v -4.396145 -0.009132 0.509679
v -4.382223 0.009132 0.495969
v -4.382028 -0.009132 0.523954
v -4.396164 0.009132 0.509581
v -4.527470 -0.009132 0.641504
v -4.249015 -0.009132 0.364165
v -4.368130 -0.009132 0.509427
v -4.527719 -0.009132 0.086497
v -4.381891 -0.009132 0.204498
v -4.396267 -0.009132 0.218535
v -4.382183 -0.009132 0.232532
v -4.396267 0.009132 0.218415
v -4.513731 -0.009132 0.363841
v -4.527470 -0.009132 0.350204
v -4.513761 0.009132 0.363928
v -4.513681 -0.009132 -0.218380
v -4.382114 -0.009132 -0.086614
v -4.527719 -0.009132 -0.204802
v -4.396267 -0.009132 -0.072765
v -4.381805 0.009132 -0.086833
v -4.396267 0.009132 -0.072885
v -4.527390 0.009132 0.058867
v -4.513628 -0.009132 0.073312
v -4.513549 0.009132 0.073439
v -4.513503 -0.009132 -0.509460
v -4.513780 0.009132 -0.509427
v -4.527277 -0.009132 -0.495478
v -4.382371 -0.009132 -0.378132
v -4.382028 0.009132 -0.378304
v -4.396065 -0.009132 -0.364322
v -4.382133 -0.009132 -0.350396
v -4.396096 0.009132 -0.364408
v -4.527758 -0.009132 -0.232147
v -4.527719 0.009132 -0.232147
v -4.513780 0.009132 -0.218127
v -4.382277 -0.009132 -0.641663
v -4.395894 0.009132 -0.655289
v -4.528021 -0.009132 -0.523782
v -4.249010 0.009132 0.655482
v -4.249045 -0.009132 0.655438
v -4.224166 0.009132 0.655393
v -4.382062 -0.009132 0.813180
v -4.687445 0.009132 -0.655329
v -4.819066 -0.009132 -0.788469
v -4.673248 0.009132 -0.669118
v -5.824764 -0.009132 0.509582
v -5.838393 -0.009132 0.523851
v -5.706914 -0.009132 0.655228
v -5.706944 0.009132 0.655141
v -5.692846 0.009132 0.641690
v -5.706944 0.009132 0.363841
v -5.693265 0.009132 0.378514
v -5.838452 -0.009132 0.495969
v -5.838621 0.009132 0.496149
v -5.824781 0.009132 0.509640
v -5.707116 0.009132 0.072765
v -5.692669 0.009132 0.086746
v -5.824764 -0.009132 0.218282
v -5.838542 -0.009132 0.204747
v -5.824781 0.009132 0.218340
v -4.381804 0.009132 0.204467
v -4.368111 -0.009132 0.218672
v -4.224235 0.009132 0.072957
v -4.248819 -0.009132 0.072700
v -4.248838 0.009132 0.072739
v -4.368299 -0.009132 -0.072851
v -4.248954 -0.009132 -0.218486
v -4.249043 -0.009132 -0.509802
v -4.249015 0.009132 -0.509815
v -4.368299 -0.009132 -0.364151
v -4.224333 0.009132 -0.509749
v -4.224333 -0.009132 -0.509800
v -4.382179 0.009132 -0.641690
v -5.824859 -0.009132 -0.655379
v -5.824764 0.009132 -0.655232
v -5.838394 -0.009132 -0.641601
v -5.692654 0.009132 -0.523782
v -5.706914 0.009132 -0.509578
v -5.706945 -0.009132 -0.509491
v -5.996346 -0.009132 -0.218242
v -5.996369 0.009132 -0.218294
v -5.971608 0.009132 -0.218481
v -5.838319 -0.009132 -0.086746
v -5.852545 -0.009132 -0.072477
v -5.838319 0.009132 -0.058904
v -5.852508 0.009132 -0.072557
v -5.971666 -0.009132 0.072882
v -5.971660 0.009132 0.072865
v -5.996369 0.009132 0.073005
v -5.996697 -0.009132 -0.509915
v -5.996585 0.009132 -0.509823
v -5.971632 0.009132 -0.509802
v -5.852545 -0.009132 -0.363777
v -5.852508 0.009132 -0.363856
v -5.838393 0.009132 -0.378201
v -5.838319 0.009132 -0.350204
v -5.971608 -0.009132 -0.218469
v -5.838780 0.009132 0.232298
v -5.852508 0.009132 0.218743
v -5.971730 -0.009132 0.364068
v -5.971894 0.009132 0.364167
v -5.996369 0.009132 0.364305
v -5.838780 0.009132 0.523598
v -5.852564 -0.009132 0.509578
v -5.971632 -0.009132 0.655452
v -5.996440 0.009132 0.655292
v -5.971773 0.009132 0.655370
v -5.824825 -0.009132 -0.363936
v -5.824764 0.009132 -0.363932
v -5.838239 -0.009132 -0.350167
v -5.692877 0.009132 -0.232654
v -5.707116 0.009132 -0.218535
v -5.707116 -0.009132 -0.218415
v -5.838239 -0.009132 -0.058867
v -5.693265 -0.009132 0.058436
v -5.707116 -0.009132 0.072885
v -5.692892 0.009132 -0.204747
v -5.838239 0.009132 -0.086783
v -5.824781 -0.009132 -0.072690
v -5.824764 0.009132 -0.072632
v -5.693487 0.009132 -0.495541
v -5.838492 -0.009132 -0.378182
v -5.838627 -0.009132 0.788498
v -5.838614 0.009132 0.788469
v -5.838555 0.009132 0.813347
v -5.996452 -0.009132 0.655332
v -5.838496 0.009132 0.204740
v -5.996346 -0.009132 0.073057
v -5.852545 -0.009132 0.218823
v -5.693078 0.009132 -0.813535
v -5.838452 0.009132 -0.641619
v -5.971630 -0.009132 -0.509788
v -5.996250 -0.009132 0.364251
v -5.852766 0.009132 0.509714
v -5.976698 -0.009132 -0.794617
v -5.976698 0.009132 -0.794617
v -5.989613 0.009132 -0.807532
v -7.425697 -0.009132 0.655077
v -7.425734 0.009132 0.655156
v -7.439594 -0.009132 0.669604
v -7.293977 -0.009132 0.788469
v -7.293991 0.009132 0.788467
v -7.294137 0.009132 0.813278
v -6.142629 -0.009132 -0.655232
v -6.128742 -0.009132 -0.669289
v -6.274607 -0.009132 -0.788658
v -6.274571 0.009132 -0.788636
v -6.274107 0.009132 -0.812992
v -7.439938 -0.009132 0.350117
v -7.585285 -0.009132 0.232147
v -7.453834 -0.009132 0.364185
v -7.439715 0.009132 0.669604
v -7.585241 -0.009132 0.813343
v -7.294097 -0.009132 0.813289
v -7.148638 0.009132 0.669432
v -7.148551 -0.009132 0.669402
v -7.002798 -0.009132 0.813289
v -6.857338 0.009132 0.669432
v -6.857252 -0.009132 0.669402
v -6.711498 -0.009132 0.813289
v -6.579578 0.009132 0.655232
v -6.420137 -0.009132 0.813347
v -6.288463 -0.009132 0.655708
v -6.274267 0.009132 0.669187
v -5.970888 -0.009132 0.655361
v -6.128866 0.009132 0.523954
v -6.114884 0.009132 0.509506
v -5.971143 -0.009132 0.363999
v -5.971131 0.009132 0.364063
v -5.995707 0.009132 0.364106
v -6.114798 0.009132 0.218758
v -6.128742 0.009132 0.232340
v -6.128791 -0.009132 -0.059242
v -6.128820 0.009132 -0.059242
v -5.970941 -0.009132 0.072918
v -6.115016 0.009132 -0.072798
v -5.971050 -0.009132 -0.218500
v -5.971050 0.009132 -0.218449
v -5.995672 0.009132 -0.218464
v -6.115016 0.009132 -0.364098
v -6.128897 0.009132 -0.350390
v -6.115016 -0.009132 -0.655451
v -6.115016 0.009132 -0.655398
v -6.128677 0.009132 -0.669300
v -5.989613 -0.009132 -0.807532
v -6.274554 -0.009132 -0.813375
v -6.420719 -0.009132 -0.669614
v -6.565881 -0.009132 -0.813087
v -6.565730 0.009132 -0.813180
v -6.565769 0.009132 -0.788467
v -6.711208 -0.009132 -0.669402
v -6.856962 -0.009132 -0.813289
v -6.856923 0.009132 -0.813278
v -6.857018 0.009132 -0.788527
v -7.002731 -0.009132 -0.669214
v -7.148380 -0.009132 -0.813180
v -7.148329 0.009132 -0.813180
v -7.148317 0.009132 -0.788527
v -7.293808 -0.009132 -0.669402
v -7.293736 0.009132 0.523696
v -7.439610 -0.009132 0.641696
v -7.134377 -0.009132 0.655621
v -7.134347 0.009132 0.655708
v -7.002837 0.009132 0.813278
v -7.002724 -0.009132 0.788523
v -7.002743 0.009132 0.788527
v -7.439307 -0.009132 0.086783
v -7.294065 -0.009132 0.204296
v -7.307962 -0.009132 0.218823
v -7.425706 -0.009132 0.364086
v -7.307926 0.009132 0.218743
v -7.294246 0.009132 0.232258
v -7.439851 0.009132 0.350147
v -7.425358 0.009132 0.364585
v -7.425982 -0.009132 -0.218494
v -7.439563 -0.009132 -0.204740
v -7.425982 0.009132 -0.218455
v -7.294065 -0.009132 -0.087004
v -7.307925 -0.009132 -0.072429
v -7.293960 0.009132 -0.059097
v -7.425849 -0.009132 0.072960
v -7.307884 0.009132 -0.072503
v -7.439814 0.009132 0.058477
v -7.425831 0.009132 0.073018
v -7.425926 -0.009132 -0.509729
v -7.425920 0.009132 -0.509683
v -7.307635 0.009132 -0.364193
v -7.439628 -0.009132 -0.495985
v -7.293657 0.009132 -0.378083
v -7.307828 -0.009132 -0.363932
v -7.294065 0.009132 -0.349946
v -7.439496 -0.009132 -0.232823
v -7.294043 0.009132 -0.641476
v -7.308081 -0.009132 -0.655231
v -7.439458 -0.009132 -0.523752
v -7.439703 -0.009132 -0.813422
v -7.439668 0.009132 -0.788467
v -7.279928 -0.009132 0.509581
v -7.279948 0.009132 0.509679
v -7.293657 -0.009132 0.523733
v -7.162431 -0.009132 0.655618
v -7.162412 0.009132 0.655520
v -7.148335 0.009132 0.641752
v -7.439814 -0.009132 0.378473
v -7.307884 -0.009132 0.509453
v -7.307925 0.009132 0.509378
v -7.293913 0.009132 0.496040
v -7.162363 0.009132 0.363841
v -7.293913 -0.009132 0.232210
v -7.148294 0.009132 0.349945
v -7.162534 -0.009132 0.364185
v -7.140011 0.009132 0.371393
v -7.293960 -0.009132 0.496046
v -7.293913 -0.009132 -0.059090
v -7.148514 0.009132 0.058477
v -7.162202 0.009132 0.073187
v -7.162313 -0.009132 0.073173
v -7.148374 0.009132 0.086497
v -7.280084 -0.009132 0.218743
v -7.280047 0.009132 0.218823
v -7.294592 0.009132 0.203797
v -7.279462 -0.009132 -0.364233
v -7.279462 0.009132 -0.364016
v -7.293944 -0.009132 -0.349946
v -7.149317 0.009132 -0.232918
v -7.162027 0.009132 -0.218494
v -7.162027 -0.009132 -0.218455
v -7.148374 0.009132 -0.204802
v -7.280084 -0.009132 -0.072557
v -7.280047 0.009132 -0.072477
v -7.293944 0.009132 -0.087004
v -7.280056 -0.009132 -0.655463
v -7.293966 -0.009132 -0.641476
v -7.280182 0.009132 -0.655232
v -7.162332 -0.009132 -0.509971
v -7.162363 0.009132 -0.510058
v -7.148072 0.009132 -0.523782
v -7.149577 0.009132 -0.495124
v -7.293736 -0.009132 -0.378046
v -7.134284 -0.009132 0.364664
v -7.149195 -0.009132 0.378644
v -7.002780 0.009132 0.496184
v -7.016596 0.009132 0.509340
v -7.016552 -0.009132 0.509412
v -7.002724 0.009132 0.523447
v -7.148374 -0.009132 0.641752
v -6.842876 -0.009132 0.655364
v -6.842876 0.009132 0.655485
v -6.711378 -0.009132 0.788469
v -6.711391 0.009132 0.788467
v -6.711537 0.009132 0.813278
v -7.134434 -0.009132 0.073093
v -7.148335 -0.009132 0.086497
v -7.134397 0.009132 0.073173
v -7.003602 -0.009132 0.203638
v -7.016663 -0.009132 0.218823
v -7.002720 0.009132 0.232058
v -7.016626 0.009132 0.218743
v -7.148415 -0.009132 0.349945
v -7.134682 -0.009132 -0.218494
v -7.148335 -0.009132 -0.204802
v -7.134729 0.009132 -0.218509
v -7.016625 -0.009132 -0.072429
v -7.016584 0.009132 -0.072503
v -7.002645 0.009132 -0.087004
v -7.002724 0.009132 -0.059152
v -7.148683 -0.009132 0.058436
v -7.134626 -0.009132 -0.509729
v -7.148453 -0.009132 -0.496092
v -7.134620 0.009132 -0.509683
v -7.016458 -0.009132 -0.363845
v -7.016218 0.009132 -0.364136
v -7.002645 0.009132 -0.378304
v -7.002546 0.009132 -0.349777
v -7.149577 -0.009132 -0.233126
v -7.002743 0.009132 -0.641476
v -7.016570 -0.009132 -0.655488
v -7.148381 -0.009132 -0.523564
v -6.988628 -0.009132 0.509581
v -6.988648 0.009132 0.509679
v -7.002686 -0.009132 0.523447
v -6.871131 -0.009132 0.655618
v -6.871112 0.009132 0.655520
v -6.857036 0.009132 0.641752
v -7.293721 0.009132 -0.669432
v -7.308062 0.009132 -0.655329
v -7.439712 -0.009132 -0.788503
v -7.002690 -0.009132 0.232058
v -6.871444 -0.009132 0.364452
v -6.871403 0.009132 0.364284
v -6.856995 0.009132 0.349946
v -6.857081 0.009132 0.377914
v -7.002218 -0.009132 0.495665
v -6.988784 -0.009132 -0.072557
v -6.988747 0.009132 -0.072477
v -7.002686 -0.009132 -0.059152
v -6.857115 -0.009132 0.058646
v -6.870946 -0.009132 0.073259
v -6.857403 0.009132 0.086783
v -6.870976 0.009132 0.073093
v -6.988784 -0.009132 0.218743
v -6.988747 0.009132 0.218823
v -7.002645 0.009132 0.204296
v -6.988576 -0.009132 -0.364824
v -6.988470 0.009132 -0.364439
v -7.002645 -0.009132 -0.349946
v -6.857377 0.009132 -0.232354
v -6.870728 0.009132 -0.218494
v -6.870728 -0.009132 -0.218455
v -6.857074 0.009132 -0.204802
v -7.002765 -0.009132 -0.087004
v -6.988756 -0.009132 -0.655463
v -7.002666 -0.009132 -0.641476
v -6.988882 0.009132 -0.655232
v -6.870790 -0.009132 -0.509683
v -6.870783 0.009132 -0.509729
v -6.856995 0.009132 -0.523954
v -6.856956 0.009132 -0.496092
v -7.002765 -0.009132 -0.378304
v -6.843176 -0.009132 0.364446
v -6.842378 0.009132 0.363537
v -6.711635 0.009132 0.496046
v -6.857028 -0.009132 0.377914
v -6.725482 0.009132 0.509581
v -6.725462 -0.009132 0.509679
v -6.711753 0.009132 0.523733
v -6.857074 -0.009132 0.641752
v -6.566039 0.009132 0.669432
v -6.565952 -0.009132 0.669402
v -6.420048 -0.009132 0.788503
v -6.420065 0.009132 0.788498
v -6.420169 0.009132 0.813343
v -6.857324 -0.009132 0.086746
v -6.711753 -0.009132 0.204517
v -6.725078 -0.009132 0.218494
v -6.711496 0.009132 0.232210
v -6.725078 0.009132 0.218455
v -6.857115 -0.009132 0.349946
v -6.843271 -0.009132 -0.218716
v -6.843249 0.009132 -0.218610
v -6.711689 -0.009132 -0.086832
v -6.857036 -0.009132 -0.204802
v -6.725363 -0.009132 -0.072477
v -6.711496 0.009132 -0.059090
v -6.725326 0.009132 -0.072557
v -6.842876 -0.009132 0.072765
v -6.842876 0.009132 0.072885
v -6.856995 0.009132 0.058646
v -6.843327 -0.009132 -0.509729
v -6.843320 0.009132 -0.509684
v -6.855834 -0.009132 -0.495124
v -6.725595 -0.009132 -0.363511
v -6.725515 0.009132 -0.363638
v -6.711345 0.009132 -0.378304
v -6.711137 0.009132 -0.350204
v -6.857451 -0.009132 -0.232396
v -6.711443 0.009132 -0.641476
v -6.725140 -0.009132 -0.655333
v -6.857338 -0.009132 -0.523782
v -6.697484 -0.009132 0.509378
v -6.697526 0.009132 0.509453
v -6.566103 -0.009132 0.641467
v -6.711386 -0.009132 0.523447
v -6.579832 -0.009132 0.655618
v -6.566024 0.009132 0.641504
v -7.002678 0.009132 -0.669214
v -7.016581 0.009132 -0.655553
v -7.148336 -0.009132 -0.788523
v -6.711451 -0.009132 0.232203
v -6.565815 -0.009132 0.349945
v -6.579704 -0.009132 0.364163
v -6.565596 0.009132 0.378473
v -6.579620 0.009132 0.364188
v -6.710989 -0.009132 0.495613
v -6.711451 -0.009132 -0.059097
v -6.565815 -0.009132 0.058646
v -6.579578 -0.009132 0.073018
v -6.579561 0.009132 0.072960
v -6.566103 0.009132 0.086783
v -6.697484 -0.009132 0.218743
v -6.711674 0.009132 0.204554
v -6.697447 0.009132 0.218823
v -6.697170 -0.009132 -0.363810
v -6.697109 0.009132 -0.363664
v -6.711297 -0.009132 -0.349582
v -6.565952 0.009132 -0.232452
v -6.579676 0.009132 -0.218207
v -6.579381 -0.009132 -0.218509
v -6.565340 0.009132 -0.204313
v -6.697775 -0.009132 -0.072893
v -6.697779 0.009132 -0.072859
v -6.711602 0.009132 -0.086802
v -6.697457 -0.009132 -0.655463
v -6.711367 -0.009132 -0.641476
v -6.697457 0.009132 -0.655386
v -6.579490 -0.009132 -0.509683
v -6.579484 0.009132 -0.509729
v -6.565729 0.009132 -0.523564
v -6.565770 0.009132 -0.496191
v -6.711465 -0.009132 -0.378304
v -6.420245 0.009132 0.496127
v -6.560075 -0.009132 0.374827
v -6.433778 0.009132 0.509755
v -6.433778 -0.009132 0.509794
v -6.420299 0.009132 0.523851
v -6.551748 -0.009132 0.655141
v -6.551778 0.009132 0.655228
v -6.260783 -0.009132 0.655405
v -6.260783 0.009132 0.655444
v -6.274327 -0.009132 0.669300
v -6.128833 -0.009132 0.788604
v -6.128887 0.009132 0.788577
v -6.128608 0.009132 0.812974
v -6.566024 -0.009132 0.086746
v -6.420453 -0.009132 0.204517
v -6.433778 -0.009132 0.218494
v -6.420453 0.009132 0.232433
v -6.433778 0.009132 0.218455
v -6.551078 0.009132 0.363537
v -6.565695 0.009132 0.349945
v -6.551834 -0.009132 -0.218207
v -6.551797 0.009132 -0.218127
v -6.565206 -0.009132 -0.204241
v -6.433911 0.009132 -0.072690
v -6.420045 0.009132 -0.087004
v -6.433928 -0.009132 -0.072632
v -6.420299 0.009132 -0.058748
v -6.551748 -0.009132 0.072542
v -6.551778 0.009132 0.072628
v -6.565695 0.009132 0.058646
v -6.551972 -0.009132 -0.510016
v -6.566718 -0.009132 -0.495331
v -6.551993 0.009132 -0.509963
v -6.433753 -0.009132 -0.364264
v -6.434215 0.009132 -0.363638
v -6.420079 0.009132 -0.377914
v -6.420453 0.009132 -0.350167
v -6.565884 -0.009132 -0.232350
v -6.419791 0.009132 -0.641189
v -6.434063 -0.009132 -0.655077
v -6.566039 -0.009132 -0.523782
v -6.406377 -0.009132 0.509820
v -6.406128 0.009132 0.509578
v -6.419913 -0.009132 0.523598
v -6.288190 0.009132 0.655333
v -6.274436 0.009132 0.641752
v -6.711122 0.009132 -0.669432
v -6.725133 0.009132 -0.655379
v -6.857037 -0.009132 -0.788523
v -6.420086 -0.009132 0.232147
v -6.288532 -0.009132 0.364318
v -6.274107 0.009132 0.350167
v -6.288279 0.009132 0.363932
v -6.274392 0.009132 0.377990
v -6.420283 -0.009132 0.496113
v -6.406184 -0.009132 -0.072557
v -6.420200 -0.009132 -0.058768
v -6.406147 0.009132 -0.072477
v -6.274187 -0.009132 0.058904
v -6.288128 -0.009132 0.072844
v -6.288128 0.009132 0.072805
v -6.274475 0.009132 0.086497
v -6.406184 -0.009132 0.218743
v -6.420374 0.009132 0.204554
v -6.406147 0.009132 0.218823
v -6.406185 -0.009132 -0.364521
v -6.420374 -0.009132 -0.350204
v -6.406048 0.009132 -0.364220
v -6.288128 0.009132 -0.218494
v -6.288128 -0.009132 -0.218455
v -6.274475 0.009132 -0.204802
v -6.420166 -0.009132 -0.087004
v -6.406322 -0.009132 -0.655666
v -6.406343 0.009132 -0.655613
v -6.419645 -0.009132 -0.641128
v -6.274652 0.009132 -0.523752
v -6.288331 0.009132 -0.509903
v -6.288321 -0.009132 -0.509838
v -6.274584 0.009132 -0.495899
v -6.420132 -0.009132 -0.377914
v -6.128897 -0.009132 0.496040
v -6.274327 -0.009132 0.378000
v -6.142862 -0.009132 0.509679
v -6.128941 0.009132 0.495969
v -6.128745 -0.009132 0.523954
v -6.142882 0.009132 0.509581
v -6.274187 -0.009132 0.641504
v -5.995732 -0.009132 0.364165
v -6.114848 -0.009132 0.509427
v -6.274436 -0.009132 0.086497
v -6.128609 -0.009132 0.204498
v -6.142984 -0.009132 0.218535
v -6.128901 -0.009132 0.232532
v -6.142984 0.009132 0.218415
v -6.260448 -0.009132 0.363841
v -6.274187 -0.009132 0.350204
v -6.260478 0.009132 0.363928
v -6.260398 -0.009132 -0.218380
v -6.128832 -0.009132 -0.086614
v -6.274436 -0.009132 -0.204802
v -6.142985 -0.009132 -0.072765
v -6.128522 0.009132 -0.086833
v -6.142985 0.009132 -0.072885
v -6.274107 0.009132 0.058867
v -6.260345 -0.009132 0.073312
v -6.260266 0.009132 0.073439
v -6.260221 -0.009132 -0.509460
v -6.260498 0.009132 -0.509427
v -6.273995 -0.009132 -0.495478
v -6.129089 -0.009132 -0.378132
v -6.128745 0.009132 -0.378304
v -6.142783 -0.009132 -0.364322
v -6.128851 -0.009132 -0.350396
v -6.142813 0.009132 -0.364408
v -6.274475 -0.009132 -0.232147
v -6.274436 0.009132 -0.232147
v -6.260498 0.009132 -0.218127
v -6.128994 -0.009132 -0.641663
v -6.142612 0.009132 -0.655289
v -6.274739 -0.009132 -0.523782
v -5.995727 0.009132 0.655482
v -5.995763 -0.009132 0.655438
v -5.970883 0.009132 0.655393
v -6.128780 -0.009132 0.813180
v -6.434163 0.009132 -0.655329
v -6.565783 -0.009132 -0.788469
v -6.419966 0.009132 -0.669118
v -7.571481 -0.009132 0.509582
v -7.585111 -0.009132 0.523851
v -7.453632 -0.009132 0.655228
v -7.453662 0.009132 0.655141
v -7.439563 0.009132 0.641690
v -7.453662 0.009132 0.363841
v -7.439982 0.009132 0.378514
v -7.585169 -0.009132 0.495969
v -7.585339 0.009132 0.496149
v -7.571499 0.009132 0.509640
v -7.453834 0.009132 0.072765
v -7.439386 0.009132 0.086746
v -7.571481 -0.009132 0.218282
v -7.585259 -0.009132 0.204747
v -7.571499 0.009132 0.218340
v -6.128522 0.009132 0.204467
v -6.114828 -0.009132 0.218672
v -5.970953 0.009132 0.072957
v -5.995537 -0.009132 0.072700
v -5.995555 0.009132 0.072739
v -6.115016 -0.009132 -0.072851
v -5.995672 -0.009132 -0.218486
v -5.995761 -0.009132 -0.509802
v -5.995732 0.009132 -0.509815
v -6.115016 -0.009132 -0.364151
v -5.971050 0.009132 -0.509749
v -5.971050 -0.009132 -0.509800
v -6.128897 0.009132 -0.641690
v -7.571576 -0.009132 -0.655379
v -7.571481 0.009132 -0.655232
v -7.585112 -0.009132 -0.641601
v -7.439371 0.009132 -0.523782
v -7.453632 0.009132 -0.509578
v -7.453662 -0.009132 -0.509491
v -7.743063 -0.009132 -0.218242
v -7.743087 0.009132 -0.218294
v -7.718325 0.009132 -0.218481
v -7.585036 -0.009132 -0.086746
v -7.599262 -0.009132 -0.072477
v -7.585036 0.009132 -0.058904
v -7.599226 0.009132 -0.072557
v -7.718383 -0.009132 0.072882
v -7.718378 0.009132 0.072865
v -7.743087 0.009132 0.073005
v -7.743415 -0.009132 -0.509915
v -7.743302 0.009132 -0.509823
v -7.718349 0.009132 -0.509802
v -7.599262 -0.009132 -0.363777
v -7.599226 0.009132 -0.363856
v -7.585111 0.009132 -0.378201
v -7.585036 0.009132 -0.350204
v -7.718325 -0.009132 -0.218469
v -7.585497 0.009132 0.232298
v -7.599226 0.009132 0.218743
v -7.718448 -0.009132 0.364068
v -7.718612 0.009132 0.364167
v -7.743087 0.009132 0.364305
v -7.585497 0.009132 0.523598
v -7.599282 -0.009132 0.509578
v -7.718349 -0.009132 0.655452
v -7.743158 0.009132 0.655292
v -7.718490 0.009132 0.655370
v -7.571543 -0.009132 -0.363936
v -7.571481 0.009132 -0.363932
v -7.584957 -0.009132 -0.350167
v -7.439594 0.009132 -0.232654
v -7.453834 0.009132 -0.218535
v -7.453834 -0.009132 -0.218415
v -7.584957 -0.009132 -0.058867
v -7.439982 -0.009132 0.058436
v -7.453834 -0.009132 0.072885
v -7.439610 0.009132 -0.204747
v -7.584957 0.009132 -0.086783
v -7.571499 -0.009132 -0.072690
v -7.571481 0.009132 -0.072632
v -7.440204 0.009132 -0.495541
v -7.585209 -0.009132 -0.378182
v -7.585345 -0.009132 0.788498
v -7.585332 0.009132 0.788469
v -7.585273 0.009132 0.813347
v -7.743169 -0.009132 0.655332
v -7.585214 0.009132 0.204740
v -7.743063 -0.009132 0.073057
v -7.599262 -0.009132 0.218823
v -7.439795 0.009132 -0.813535
v -7.585169 0.009132 -0.641619
v -7.718348 -0.009132 -0.509788
v -7.742967 -0.009132 0.364251
v -7.599483 0.009132 0.509714
v -7.723415 -0.009132 -0.794617
v -7.723415 0.009132 -0.794617
v -7.736330 0.009132 -0.807532
v -9.172414 -0.009132 0.655077
v -9.172451 0.009132 0.655156
v -9.186312 -0.009132 0.669604
v -9.040694 -0.009132 0.788469
v -9.040708 0.009132 0.788467
v -9.040854 0.009132 0.813278
v -7.889346 -0.009132 -0.655232
v -7.875459 -0.009132 -0.669289
v -8.021324 -0.009132 -0.788658
v -8.021289 0.009132 -0.788636
v -8.020824 0.009132 -0.812992
v -9.186655 -0.009132 0.350117
v -9.332002 -0.009132 0.232147
v -9.200551 -0.009132 0.364185
v -9.186432 0.009132 0.669604
v -9.331958 -0.009132 0.813343
v -9.040814 -0.009132 0.813289
v -8.895355 0.009132 0.669432
v -8.895268 -0.009132 0.669402
v -8.749515 -0.009132 0.813289
v -8.604055 0.009132 0.669432
v -8.603969 -0.009132 0.669402
v -8.458215 -0.009132 0.813289
v -8.326295 0.009132 0.655232
v -8.166854 -0.009132 0.813347
v -8.035180 -0.009132 0.655708
v -8.020984 0.009132 0.669187
v -7.717605 -0.009132 0.655361
v -7.875583 0.009132 0.523954
v -7.861601 0.009132 0.509506
v -7.717860 -0.009132 0.363999
v -7.717848 0.009132 0.364063
v -7.742424 0.009132 0.364106
v -7.861515 0.009132 0.218758
v -7.875459 0.009132 0.232340
v -7.875508 -0.009132 -0.059242
v -7.875537 0.009132 -0.059242
v -7.717658 -0.009132 0.072918
v -7.861733 0.009132 -0.072798
v -7.717767 -0.009132 -0.218500
v -7.717767 0.009132 -0.218449
v -7.742389 0.009132 -0.218464
v -7.861733 0.009132 -0.364098
v -7.875614 0.009132 -0.350390
v -7.861733 -0.009132 -0.655451
v -7.861733 0.009132 -0.655398
v -7.875394 0.009132 -0.669300
v -7.736330 -0.009132 -0.807532
v -8.021271 -0.009132 -0.813375
v -8.167436 -0.009132 -0.669614
v -8.312598 -0.009132 -0.813087
v -8.312447 0.009132 -0.813180
v -8.312486 0.009132 -0.788467
v -8.457926 -0.009132 -0.669402
v -8.603679 -0.009132 -0.813289
v -8.603640 0.009132 -0.813278
v -8.603734 0.009132 -0.788527
v -8.749449 -0.009132 -0.669214
v -8.895098 -0.009132 -0.813180
v -8.895046 0.009132 -0.813180
v -8.895034 0.009132 -0.788527
v -9.040524 -0.009132 -0.669402
v -9.040453 0.009132 0.523696
v -9.186326 -0.009132 0.641696
v -8.881095 -0.009132 0.655621
v -8.881064 0.009132 0.655708
v -8.749554 0.009132 0.813278
v -8.749440 -0.009132 0.788523
v -8.749459 0.009132 0.788527
v -9.186024 -0.009132 0.086783
v -9.040782 -0.009132 0.204296
v -9.054680 -0.009132 0.218823
v -9.172423 -0.009132 0.364086
v -9.054643 0.009132 0.218743
v -9.040963 0.009132 0.232258
v -9.186568 0.009132 0.350147
v -9.172075 0.009132 0.364585
v -9.172699 -0.009132 -0.218494
v -9.186280 -0.009132 -0.204740
v -9.172699 0.009132 -0.218455
v -9.040782 -0.009132 -0.087004
v -9.054643 -0.009132 -0.072429
v -9.040676 0.009132 -0.059097
v -9.172565 -0.009132 0.072960
v -9.054601 0.009132 -0.072503
v -9.186531 0.009132 0.058477
v -9.172548 0.009132 0.073018
v -9.172644 -0.009132 -0.509729
v -9.172637 0.009132 -0.509683
v -9.054352 0.009132 -0.364193
v -9.186345 -0.009132 -0.495985
v -9.040374 0.009132 -0.378083
v -9.054544 -0.009132 -0.363932
v -9.040782 0.009132 -0.349946
v -9.186213 -0.009132 -0.232823
v -9.040760 0.009132 -0.641476
v -9.054798 -0.009132 -0.655231
v -9.186174 -0.009132 -0.523752
v -9.186420 -0.009132 -0.813422
v -9.186385 0.009132 -0.788467
v -9.026645 -0.009132 0.509581
v -9.026665 0.009132 0.509679
v -9.040374 -0.009132 0.523733
v -8.909148 -0.009132 0.655618
v -8.909129 0.009132 0.655520
v -8.895052 0.009132 0.641752
v -9.186531 -0.009132 0.378473
v -9.054601 -0.009132 0.509453
v -9.054643 0.009132 0.509378
v -9.040630 0.009132 0.496040
v -8.909080 0.009132 0.363841
v -9.040630 -0.009132 0.232210
v -8.895012 0.009132 0.349945
v -8.909251 -0.009132 0.364185
v -8.886727 0.009132 0.371393
v -9.040676 -0.009132 0.496046
v -9.040630 -0.009132 -0.059090
v -8.895231 0.009132 0.058477
v -8.908918 0.009132 0.073187
v -8.909030 -0.009132 0.073173
v -8.895091 0.009132 0.086497
v -9.026801 -0.009132 0.218743
v -9.026764 0.009132 0.218823
v -9.041309 0.009132 0.203797
v -9.026179 -0.009132 -0.364233
v -9.026179 0.009132 -0.364016
v -9.040662 -0.009132 -0.349946
v -8.896034 0.009132 -0.232918
v -8.908744 0.009132 -0.218494
v -8.908744 -0.009132 -0.218455
v -8.895091 0.009132 -0.204802
v -9.026801 -0.009132 -0.072557
v -9.026764 0.009132 -0.072477
v -9.040662 0.009132 -0.087004
v -9.026773 -0.009132 -0.655463
v -9.040684 -0.009132 -0.641476
v -9.026898 0.009132 -0.655232
v -8.909049 -0.009132 -0.509971
v -8.909080 0.009132 -0.510058
v -8.894789 0.009132 -0.523782
v -8.896294 0.009132 -0.495124
v -9.040453 -0.009132 -0.378046
v -8.881001 -0.009132 0.364664
v -8.895912 -0.009132 0.378644
v -8.749497 0.009132 0.496184
v -8.763313 0.009132 0.509340
v -8.763268 -0.009132 0.509412
v -8.749441 0.009132 0.523447
v -8.895091 -0.009132 0.641752
v -8.589593 -0.009132 0.655364
v -8.589593 0.009132 0.655485
v -8.458095 -0.009132 0.788469
v -8.458108 0.009132 0.788467
v -8.458255 0.009132 0.813278
v -8.881151 -0.009132 0.073093
v -8.895052 -0.009132 0.086497
v -8.881114 0.009132 0.073173
v -8.750319 -0.009132 0.203638
v -8.763380 -0.009132 0.218823
v -8.749436 0.009132 0.232058
v -8.763343 0.009132 0.218743
v -8.895132 -0.009132 0.349945
v -8.881399 -0.009132 -0.218494
v -8.895052 -0.009132 -0.204802
v -8.881446 0.009132 -0.218509
v -8.763343 -0.009132 -0.072429
v -8.763301 0.009132 -0.072503
v -8.749362 0.009132 -0.087004
v -8.749441 0.009132 -0.059152
v -8.895399 -0.009132 0.058436
v -8.881344 -0.009132 -0.509729
v -8.895170 -0.009132 -0.496092
v -8.881337 0.009132 -0.509683
v -8.763175 -0.009132 -0.363845
v -8.762935 0.009132 -0.364136
v -8.749362 0.009132 -0.378304
v -8.749263 0.009132 -0.349777
v -8.896294 -0.009132 -0.233126
v -8.749460 0.009132 -0.641476
v -8.763287 -0.009132 -0.655488
v -8.895099 -0.009132 -0.523564
v -8.735346 -0.009132 0.509581
v -8.735365 0.009132 0.509679
v -8.749402 -0.009132 0.523447
v -8.617848 -0.009132 0.655618
v -8.617829 0.009132 0.655520
v -8.603752 0.009132 0.641752
v -9.040439 0.009132 -0.669432
v -9.054779 0.009132 -0.655329
v -9.186429 -0.009132 -0.788503
v -8.749407 -0.009132 0.232058
v -8.618161 -0.009132 0.364452
v -8.618120 0.009132 0.364284
v -8.603712 0.009132 0.349946
v -8.603799 0.009132 0.377914
v -8.748935 -0.009132 0.495665
v -8.735501 -0.009132 -0.072557
v -8.735464 0.009132 -0.072477
v -8.749402 -0.009132 -0.059152
v -8.603832 -0.009132 0.058646
v -8.617663 -0.009132 0.073259
v -8.604120 0.009132 0.086783
v -8.617693 0.009132 0.073093
v -8.735501 -0.009132 0.218743
v -8.735464 0.009132 0.218823
v -8.749362 0.009132 0.204296
v -8.735292 -0.009132 -0.364824
v -8.735187 0.009132 -0.364439
v -8.749362 -0.009132 -0.349946
v -8.604094 0.009132 -0.232354
v -8.617444 0.009132 -0.218494
v -8.617444 -0.009132 -0.218455
v -8.603791 0.009132 -0.204802
v -8.749482 -0.009132 -0.087004
v -8.735474 -0.009132 -0.655463
v -8.749384 -0.009132 -0.641476
v -8.735599 0.009132 -0.655232
v -8.617507 -0.009132 -0.509683
v -8.617500 0.009132 -0.509729
v -8.603712 0.009132 -0.523954
v -8.603674 0.009132 -0.496092
v -8.749482 -0.009132 -0.378304
v -8.589892 -0.009132 0.364446
v -8.589094 0.009132 0.363537
v -8.458351 0.009132 0.496046
v -8.603745 -0.009132 0.377914
v -8.472198 0.009132 0.509581
v -8.472179 -0.009132 0.509679
v -8.458470 0.009132 0.523733
v -8.603791 -0.009132 0.641752
v -8.312756 0.009132 0.669432
v -8.312669 -0.009132 0.669402
v -8.166765 -0.009132 0.788503
v -8.166782 0.009132 0.788498
v -8.166886 0.009132 0.813343
v -8.604040 -0.009132 0.086746
v -8.458469 -0.009132 0.204517
v -8.471794 -0.009132 0.218494
v -8.458213 0.009132 0.232210
v -8.471794 0.009132 0.218455
v -8.603832 -0.009132 0.349946
v -8.589989 -0.009132 -0.218716
v -8.589966 0.009132 -0.218610
v -8.458405 -0.009132 -0.086832
v -8.603752 -0.009132 -0.204802
v -8.472080 -0.009132 -0.072477
v -8.458213 0.009132 -0.059090
v -8.472043 0.009132 -0.072557
v -8.589593 -0.009132 0.072765
v -8.589593 0.009132 0.072885
v -8.603712 0.009132 0.058646
v -8.590044 -0.009132 -0.509729
v -8.590037 0.009132 -0.509684
v -8.602551 -0.009132 -0.495124
v -8.472311 -0.009132 -0.363511
v -8.472232 0.009132 -0.363638
v -8.458062 0.009132 -0.378304
v -8.457853 0.009132 -0.350204
v -8.604168 -0.009132 -0.232396
v -8.458160 0.009132 -0.641476
v -8.471857 -0.009132 -0.655333
v -8.604055 -0.009132 -0.523782
v -8.444201 -0.009132 0.509378
v -8.444242 0.009132 0.509453
v -8.312820 -0.009132 0.641467
v -8.458103 -0.009132 0.523447
v -8.326549 -0.009132 0.655618
v -8.312740 0.009132 0.641504
v -8.749395 0.009132 -0.669214
v -8.763298 0.009132 -0.655553
v -8.895053 -0.009132 -0.788523
v -8.458167 -0.009132 0.232203
v -8.312532 -0.009132 0.349945
v -8.326421 -0.009132 0.364163
v -8.312313 0.009132 0.378473
v -8.326337 0.009132 0.364188
v -8.457706 -0.009132 0.495613
v -8.458167 -0.009132 -0.059097
v -8.312532 -0.009132 0.058646
v -8.326295 -0.009132 0.073018
v -8.326278 0.009132 0.072960
v -8.312820 0.009132 0.086783
v -8.444201 -0.009132 0.218743
v -8.458390 0.009132 0.204554
v -8.444164 0.009132 0.218823
v -8.443887 -0.009132 -0.363810
v -8.443826 0.009132 -0.363664
v -8.458014 -0.009132 -0.349582
v -8.312669 0.009132 -0.232452
v -8.326393 0.009132 -0.218207
v -8.326098 -0.009132 -0.218509
v -8.312057 0.009132 -0.204313
v -8.444491 -0.009132 -0.072893
v -8.444496 0.009132 -0.072859
v -8.458319 0.009132 -0.086802
v -8.444174 -0.009132 -0.655463
v -8.458084 -0.009132 -0.641476
v -8.444174 0.009132 -0.655386
v -8.326207 -0.009132 -0.509683
v -8.326200 0.009132 -0.509729
v -8.312446 0.009132 -0.523564
v -8.312488 0.009132 -0.496191
v -8.458182 -0.009132 -0.378304
v -8.166962 0.009132 0.496127
v -8.306792 -0.009132 0.374827
v -8.180494 0.009132 0.509755
v -8.180494 -0.009132 0.509794
v -8.167016 0.009132 0.523851
v -8.298465 -0.009132 0.655141
v -8.298495 0.009132 0.655228
v -8.007500 -0.009132 0.655405
v -8.007500 0.009132 0.655444
v -8.021044 -0.009132 0.669300
v -7.875549 -0.009132 0.788604
v -7.875604 0.009132 0.788577
v -7.875325 0.009132 0.812974
v -8.312740 -0.009132 0.086746
v -8.167170 -0.009132 0.204517
v -8.180494 -0.009132 0.218494
v -8.167170 0.009132 0.232433
v -8.180494 0.009132 0.218455
v -8.297794 0.009132 0.363537
v -8.312412 0.009132 0.349945
v -8.298552 -0.009132 -0.218207
v -8.298514 0.009132 -0.218127
v -8.311922 -0.009132 -0.204241
v -8.180628 0.009132 -0.072690
v -8.166762 0.009132 -0.087004
v -8.180645 -0.009132 -0.072632
v -8.167016 0.009132 -0.058748
v -8.298465 -0.009132 0.072542
v -8.298495 0.009132 0.072628
v -8.312412 0.009132 0.058646
v -8.298689 -0.009132 -0.510016
v -8.313435 -0.009132 -0.495331
v -8.298710 0.009132 -0.509963
v -8.180470 -0.009132 -0.364264
v -8.180932 0.009132 -0.363638
v -8.166796 0.009132 -0.377914
v -8.167170 0.009132 -0.350167
v -8.312600 -0.009132 -0.232350
v -8.166508 0.009132 -0.641189
v -8.180780 -0.009132 -0.655077
v -8.312756 -0.009132 -0.523782
v -8.153094 -0.009132 0.509820
v -8.152845 0.009132 0.509578
v -8.166630 -0.009132 0.523598
v -8.034907 0.009132 0.655333
v -8.021152 0.009132 0.641752
v -8.457839 0.009132 -0.669432
v -8.471850 0.009132 -0.655379
v -8.603753 -0.009132 -0.788523
v -8.166803 -0.009132 0.232147
v -8.035249 -0.009132 0.364318
v -8.020824 0.009132 0.350167
v -8.034996 0.009132 0.363932
v -8.021109 0.009132 0.377990
v -8.167000 -0.009132 0.496113
v -8.152902 -0.009132 -0.072557
v -8.166918 -0.009132 -0.058768
v -8.152864 0.009132 -0.072477
v -8.020905 -0.009132 0.058904
v -8.034845 -0.009132 0.072844
v -8.034845 0.009132 0.072805
v -8.021192 0.009132 0.086497
v -8.152902 -0.009132 0.218743
v -8.167090 0.009132 0.204554
v -8.152864 0.009132 0.218823
v -8.152902 -0.009132 -0.364521
v -8.167090 -0.009132 -0.350204
v -8.152765 0.009132 -0.364220
v -8.034844 0.009132 -0.218494
v -8.034844 -0.009132 -0.218455
v -8.021192 0.009132 -0.204802
v -8.166883 -0.009132 -0.087004
v -8.153039 -0.009132 -0.655666
v -8.153061 0.009132 -0.655613
v -8.166362 -0.009132 -0.641128
v -8.021369 0.009132 -0.523752
v -8.035048 0.009132 -0.509903
v -8.035037 -0.009132 -0.509838
v -8.021300 0.009132 -0.495899
v -8.166849 -0.009132 -0.377914
v -7.875614 -0.009132 0.496040
v -8.021044 -0.009132 0.378000
v -7.889580 -0.009132 0.509679
v -7.875658 0.009132 0.495969
v -7.875463 -0.009132 0.523954
v -7.889599 0.009132 0.509581
v -8.020905 -0.009132 0.641504
v -7.742449 -0.009132 0.364165
v -7.861565 -0.009132 0.509427
v -8.021152 -0.009132 0.086497
v -7.875326 -0.009132 0.204498
v -7.889702 -0.009132 0.218535
v -7.875618 -0.009132 0.232532
v -7.889702 0.009132 0.218415
v -8.007165 -0.009132 0.363841
v -8.020905 -0.009132 0.350204
v -8.007195 0.009132 0.363928
v -8.007115 -0.009132 -0.218380
v -7.875549 -0.009132 -0.086614
v -8.021152 -0.009132 -0.204802
v -7.889702 -0.009132 -0.072765
v -7.875239 0.009132 -0.086833
v -7.889702 0.009132 -0.072885
v -8.020824 0.009132 0.058867
v -8.007063 -0.009132 0.073312
v -8.006983 0.009132 0.073439
v -8.006937 -0.009132 -0.509460
v -8.007215 0.009132 -0.509427
v -8.020712 -0.009132 -0.495478
v -7.875806 -0.009132 -0.378132
v -7.875463 0.009132 -0.378304
v -7.889500 -0.009132 -0.364322
v -7.875568 -0.009132 -0.350396
v -7.889530 0.009132 -0.364408
v -8.021192 -0.009132 -0.232147
v -8.021152 0.009132 -0.232147
v -8.007215 0.009132 -0.218127
v -7.875711 -0.009132 -0.641663
v -7.889328 0.009132 -0.655289
v -8.021456 -0.009132 -0.523782
v -7.742444 0.009132 0.655482
v -7.742480 -0.009132 0.655438
v -7.717600 0.009132 0.655393
v -7.875497 -0.009132 0.813180
v -8.180880 0.009132 -0.655329
v -8.312500 -0.009132 -0.788469
v -8.166682 0.009132 -0.669118
v -9.318198 -0.009132 0.509582
v -9.331828 -0.009132 0.523851
v -9.200349 -0.009132 0.655228
v -9.200379 0.009132 0.655141
v -9.186280 0.009132 0.641690
v -9.200379 0.009132 0.363841
v -9.186699 0.009132 0.378514
v -9.331886 -0.009132 0.495969
v -9.332055 0.009132 0.496149
v -9.318215 0.009132 0.509640
v -9.200551 0.009132 0.072765
v -9.186103 0.009132 0.086746
v -9.318198 -0.009132 0.218282
v -9.331976 -0.009132 0.204747
v -9.318215 0.009132 0.218340
v -7.875239 0.009132 0.204467
v -7.861546 -0.009132 0.218672
v -7.717669 0.009132 0.072957
v -7.742254 -0.009132 0.072700
v -7.742272 0.009132 0.072739
v -7.861733 -0.009132 -0.072851
v -7.742389 -0.009132 -0.218486
v -7.742477 -0.009132 -0.509802
v -7.742449 0.009132 -0.509815
v -7.861733 -0.009132 -0.364151
v -7.717768 0.009132 -0.509749
v -7.717767 -0.009132 -0.509800
v -7.875614 0.009132 -0.641690
v -9.318294 -0.009132 -0.655379
v -9.318198 0.009132 -0.655232
v -9.331829 -0.009132 -0.641601
v -9.186089 0.009132 -0.523782
v -9.200349 0.009132 -0.509578
v -9.200379 -0.009132 -0.509491
v -9.489780 -0.009132 -0.218242
v -9.489803 0.009132 -0.218294
v -9.465042 0.009132 -0.218481
v -9.331753 -0.009132 -0.086746
v -9.345980 -0.009132 -0.072477
v -9.331753 0.009132 -0.058904
v -9.345942 0.009132 -0.072557
v -9.465100 -0.009132 0.072882
v -9.465095 0.009132 0.072865
v -9.489803 0.009132 0.073005
v -9.490132 -0.009132 -0.509915
v -9.490019 0.009132 -0.509823
v -9.465067 0.009132 -0.509802
v -9.345980 -0.009132 -0.363777
v -9.345942 0.009132 -0.363856
v -9.331828 0.009132 -0.378201
v -9.331753 0.009132 -0.350204
v -9.465042 -0.009132 -0.218469
v -9.332214 0.009132 0.232298
v -9.345942 0.009132 0.218743
v -9.465164 -0.009132 0.364068
v -9.465328 0.009132 0.364167
v -9.489803 0.009132 0.364305
v -9.332214 0.009132 0.523598
v -9.345999 -0.009132 0.509578
v -9.465067 -0.009132 0.655452
v -9.489875 0.009132 0.655292
v -9.465207 0.009132 0.655370
v -9.318259 -0.009132 -0.363936
v -9.318198 0.009132 -0.363932
v -9.331674 -0.009132 -0.350167
v -9.186312 0.009132 -0.232654
v -9.200551 0.009132 -0.218535
v -9.200551 -0.009132 -0.218415
v -9.331674 -0.009132 -0.058867
v -9.186699 -0.009132 0.058436
v -9.200551 -0.009132 0.072885
v -9.186326 0.009132 -0.204747
v -9.331674 0.009132 -0.086783
v -9.318215 -0.009132 -0.072690
v -9.318198 0.009132 -0.072632
v -9.186921 0.009132 -0.495541
v -9.331926 -0.009132 -0.378182
v -9.332062 -0.009132 0.788498
v -9.332049 0.009132 0.788469
v -9.331990 0.009132 0.813347
v -9.489886 -0.009132 0.655332
v -9.331930 0.009132 0.204740
v -9.489780 -0.009132 0.073057
v -9.345980 -0.009132 0.218823
v -9.186512 0.009132 -0.813535
v -9.331886 0.009132 -0.641619
v -9.465064 -0.009132 -0.509788
v -9.489684 -0.009132 0.364251
v -9.346201 0.009132 0.509714
v -9.470133 -0.009132 -0.794617
v -9.470133 0.009132 -0.794617
v -9.483047 0.009132 -0.807532
v -10.919131 -0.009132 0.655077
v -10.919168 0.009132 0.655156
v -10.933029 -0.009132 0.669604
v -10.787412 -0.009132 0.788469
v -10.787425 0.009132 0.788467
v -10.787571 0.009132 0.813278
v -9.636064 -0.009132 -0.655232
v -9.622177 -0.009132 -0.669289
v -9.768042 -0.009132 -0.788658
v -9.768006 0.009132 -0.788636
v -9.767542 0.009132 -0.812992
v -10.933372 -0.009132 0.350117
v -11.078719 -0.009132 0.232147
v -10.947268 -0.009132 0.364185
v -10.933149 0.009132 0.669604
v -11.078675 -0.009132 0.813343
v -10.787532 -0.009132 0.813289
v -10.642073 0.009132 0.669432
v -10.641986 -0.009132 0.669402
v -10.496232 -0.009132 0.813289
v -10.350773 0.009132 0.669432
v -10.350686 -0.009132 0.669402
v -10.204932 -0.009132 0.813289
v -10.073012 0.009132 0.655232
v -9.913571 -0.009132 0.813347
v -9.781898 -0.009132 0.655708
v -9.767701 0.009132 0.669187
v -9.464322 -0.009132 0.655361
v -9.622300 0.009132 0.523954
v -9.608319 0.009132 0.509506
v -9.464578 -0.009132 0.363999
v -9.464565 0.009132 0.364063
v -9.489141 0.009132 0.364106
v -9.608232 0.009132 0.218758
v -9.622177 0.009132 0.232340
v -9.622225 -0.009132 -0.059242
v -9.622254 0.009132 -0.059242
v -9.464375 -0.009132 0.072918
v -9.608451 0.009132 -0.072798
v -9.464485 -0.009132 -0.218500
v -9.464485 0.009132 -0.218449
v -9.489106 0.009132 -0.218464
v -9.608451 0.009132 -0.364098
v -9.622331 0.009132 -0.350390
v -9.608451 -0.009132 -0.655451
v -9.608451 0.009132 -0.655398
v -9.622112 0.009132 -0.669300
v -9.483047 -0.009132 -0.807532
v -9.767988 -0.009132 -0.813375
v -9.914153 -0.009132 -0.669614
v -10.059316 -0.009132 -0.813087
v -10.059164 0.009132 -0.813180
v -10.059203 0.009132 -0.788467
v -10.204643 -0.009132 -0.669402
v -10.350396 -0.009132 -0.813289
v -10.350357 0.009132 -0.813278
v -10.350451 0.009132 -0.788527
v -10.496166 -0.009132 -0.669214
v -10.641815 -0.009132 -0.813180
v -10.641764 0.009132 -0.813180
v -10.641751 0.009132 -0.788527
v -10.787242 -0.009132 -0.669402
v -10.787170 0.009132 0.523696
v -10.933043 -0.009132 0.641696
v -10.627812 -0.009132 0.655621
v -10.627782 0.009132 0.655708
v -10.496271 0.009132 0.813278
v -10.496158 -0.009132 0.788523
v -10.496177 0.009132 0.788527
v -10.932741 -0.009132 0.086783
v -10.787499 -0.009132 0.204296
v -10.801397 -0.009132 0.218823
v -10.919141 -0.009132 0.364086
v -10.801360 0.009132 0.218743
v -10.787681 0.009132 0.232258
v -10.933286 0.009132 0.350147
v -10.918793 0.009132 0.364585
v -10.919416 -0.009132 -0.218494
v -10.932998 -0.009132 -0.204740
v -10.919416 0.009132 -0.218455
v -10.787499 -0.009132 -0.087004
v -10.801360 -0.009132 -0.072429
v -10.787394 0.009132 -0.059097
v -10.919283 -0.009132 0.072960
v -10.801318 0.009132 -0.072503
v -10.933249 0.009132 0.058477
v -10.919266 0.009132 0.073018
v -10.919361 -0.009132 -0.509729
v -10.919354 0.009132 -0.509683
v -10.801069 0.009132 -0.364193
v -10.933063 -0.009132 -0.495985
v -10.787091 0.009132 -0.378083
v -10.801262 -0.009132 -0.363932
v -10.787499 0.009132 -0.349946
v -10.932930 -0.009132 -0.232823
v -10.787477 0.009132 -0.641476
v -10.801516 -0.009132 -0.655231
v -10.932892 -0.009132 -0.523752
v -10.933138 -0.009132 -0.813422
v -10.933103 0.009132 -0.788467
v -10.773362 -0.009132 0.509581
v -10.773382 0.009132 0.509679
v -10.787091 -0.009132 0.523733
v -10.655866 -0.009132 0.655618
v -10.655847 0.009132 0.655520
v -10.641769 0.009132 0.641752
v -10.933249 -0.009132 0.378473
v -10.801318 -0.009132 0.509453
v -10.801360 0.009132 0.509378
v -10.787348 0.009132 0.496040
v -10.655797 0.009132 0.363841
v -10.787348 -0.009132 0.232210
v -10.641729 0.009132 0.349945
v -10.655969 -0.009132 0.364185
v -10.633445 0.009132 0.371393
v -10.787394 -0.009132 0.496046
v -10.787348 -0.009132 -0.059090
v -10.641949 0.009132 0.058477
v -10.655636 0.009132 0.073187
v -10.655747 -0.009132 0.073173
v -10.641809 0.009132 0.086497
v -10.773519 -0.009132 0.218743
v -10.773481 0.009132 0.218823
v -10.788027 0.009132 0.203797
v -10.772897 -0.009132 -0.364233
v -10.772897 0.009132 -0.364016
v -10.787379 -0.009132 -0.349946
v -10.642752 0.009132 -0.232918
v -10.655461 0.009132 -0.218494
v -10.655461 -0.009132 -0.218455
v -10.641809 0.009132 -0.204802
v -10.773519 -0.009132 -0.072557
v -10.773481 0.009132 -0.072477
v -10.787379 0.009132 -0.087004
v -10.773491 -0.009132 -0.655463
v -10.787401 -0.009132 -0.641476
v -10.773616 0.009132 -0.655232
v -10.655766 -0.009132 -0.509971
v -10.655797 0.009132 -0.510058
v -10.641506 0.009132 -0.523782
v -10.643011 0.009132 -0.495124
v -10.787170 -0.009132 -0.378046
v -10.627718 -0.009132 0.364664
v -10.642630 -0.009132 0.378644
v -10.496215 0.009132 0.496184
v -10.510031 0.009132 0.509340
v -10.509986 -0.009132 0.509412
v -10.496159 0.009132 0.523447
v -10.641809 -0.009132 0.641752
v -10.336310 -0.009132 0.655364
v -10.336310 0.009132 0.655485
v -10.204812 -0.009132 0.788469
v -10.204825 0.009132 0.788467
v -10.204972 0.009132 0.813278
v -10.627869 -0.009132 0.073093
v -10.641769 -0.009132 0.086497
v -10.627831 0.009132 0.073173
v -10.497036 -0.009132 0.203638
v -10.510098 -0.009132 0.218823
v -10.496154 0.009132 0.232058
v -10.510060 0.009132 0.218743
v -10.641850 -0.009132 0.349945
v -10.628117 -0.009132 -0.218494
v -10.641769 -0.009132 -0.204802
v -10.628163 0.009132 -0.218509
v -10.510060 -0.009132 -0.072429
v -10.510018 0.009132 -0.072503
v -10.496079 0.009132 -0.087004
v -10.496159 0.009132 -0.059152
v -10.642117 -0.009132 0.058436
v -10.628061 -0.009132 -0.509729
v -10.641888 -0.009132 -0.496092
v -10.628055 0.009132 -0.509683
v -10.509892 -0.009132 -0.363845
v -10.509652 0.009132 -0.364136
v -10.496079 0.009132 -0.378304
v -10.495980 0.009132 -0.349777
v -10.643011 -0.009132 -0.233126
v -10.496178 0.009132 -0.641476
v -10.510004 -0.009132 -0.655488
v -10.641816 -0.009132 -0.523564
v -10.482063 -0.009132 0.509581
v -10.482082 0.009132 0.509679
v -10.496119 -0.009132 0.523447
v -10.364566 -0.009132 0.655618
v -10.364547 0.009132 0.655520
v -10.350470 0.009132 0.641752
v -10.787156 0.009132 -0.669432
v -10.801497 0.009132 -0.655329
v -10.933146 -0.009132 -0.788503
v -10.496124 -0.009132 0.232058
v -10.364879 -0.009132 0.364452
v -10.364838 0.009132 0.364284
v -10.350430 0.009132 0.349946
v -10.350516 0.009132 0.377914
v -10.495652 -0.009132 0.495665
v -10.482219 -0.009132 -0.072557
v -10.482182 0.009132 -0.072477
v -10.496119 -0.009132 -0.059152
v -10.350550 -0.009132 0.058646
v -10.364381 -0.009132 0.073259
v -10.350838 0.009132 0.086783
v -10.364410 0.009132 0.073093
v -10.482219 -0.009132 0.218743
v -10.482182 0.009132 0.218823
v -10.496079 0.009132 0.204296
v -10.482010 -0.009132 -0.364824
v -10.481904 0.009132 -0.364439
v -10.496079 -0.009132 -0.349946
v -10.350811 0.009132 -0.232354
v -10.364161 0.009132 -0.218494
v -10.364161 -0.009132 -0.218455
v -10.350509 0.009132 -0.204802
v -10.496200 -0.009132 -0.087004
v -10.482191 -0.009132 -0.655463
v -10.496101 -0.009132 -0.641476
v -10.482316 0.009132 -0.655232
v -10.364224 -0.009132 -0.509683
v -10.364218 0.009132 -0.509729
v -10.350430 0.009132 -0.523954
v -10.350391 0.009132 -0.496092
v -10.496200 -0.009132 -0.378304
v -10.336610 -0.009132 0.364446
v -10.335812 0.009132 0.363537
v -10.205069 0.009132 0.496046
v -10.350463 -0.009132 0.377914
v -10.218916 0.009132 0.509581
v -10.218897 -0.009132 0.509679
v -10.205188 0.009132 0.523733
v -10.350509 -0.009132 0.641752
v -10.059473 0.009132 0.669432
v -10.059386 -0.009132 0.669402
v -9.913483 -0.009132 0.788503
v -9.913500 0.009132 0.788498
v -9.913604 0.009132 0.813343
v -10.350758 -0.009132 0.086746
v -10.205187 -0.009132 0.204517
v -10.218512 -0.009132 0.218494
v -10.204930 0.009132 0.232210
v -10.218512 0.009132 0.218455
v -10.350550 -0.009132 0.349946
v -10.336706 -0.009132 -0.218716
v -10.336683 0.009132 -0.218610
v -10.205123 -0.009132 -0.086832
v -10.350470 -0.009132 -0.204802
v -10.218798 -0.009132 -0.072477
v -10.204930 0.009132 -0.059090
v -10.218760 0.009132 -0.072557
v -10.336310 -0.009132 0.072765
v -10.336310 0.009132 0.072885
v -10.350430 0.009132 0.058646
v -10.336761 -0.009132 -0.509729
v -10.336755 0.009132 -0.509684
v -10.349268 -0.009132 -0.495124
v -10.219028 -0.009132 -0.363511
v -10.218949 0.009132 -0.363638
v -10.204780 0.009132 -0.378304
v -10.204571 0.009132 -0.350204
v -10.350885 -0.009132 -0.232396
v -10.204878 0.009132 -0.641476
v -10.218575 -0.009132 -0.655333
v -10.350773 -0.009132 -0.523782
v -10.190919 -0.009132 0.509378
v -10.190960 0.009132 0.509453
v -10.059538 -0.009132 0.641467
v -10.204821 -0.009132 0.523447
v -10.073266 -0.009132 0.655618
v -10.059458 0.009132 0.641504
v -10.496113 0.009132 -0.669214
v -10.510015 0.009132 -0.655553
v -10.641770 -0.009132 -0.788523
v -10.204885 -0.009132 0.232203
v -10.059250 -0.009132 0.349945
v -10.073138 -0.009132 0.364163
v -10.059031 0.009132 0.378473
v -10.073054 0.009132 0.364188
v -10.204424 -0.009132 0.495613
v -10.204885 -0.009132 -0.059097
v -10.059250 -0.009132 0.058646
v -10.073012 -0.009132 0.073018
v -10.072995 0.009132 0.072960
v -10.059538 0.009132 0.086783
v -10.190919 -0.009132 0.218743
v -10.205108 0.009132 0.204554
v -10.190882 0.009132 0.218823
v -10.190604 -0.009132 -0.363810
v -10.190543 0.009132 -0.363664
v -10.204731 -0.009132 -0.349582
v -10.059386 0.009132 -0.232452
v -10.073111 0.009132 -0.218207
v -10.072816 -0.009132 -0.218509
v -10.058774 0.009132 -0.204313
v -10.191209 -0.009132 -0.072893
v -10.191214 0.009132 -0.072859
v -10.205036 0.009132 -0.086802
v -10.190891 -0.009132 -0.655463
v -10.204802 -0.009132 -0.641476
v -10.190891 0.009132 -0.655386
v -10.072925 -0.009132 -0.509683
v -10.072918 0.009132 -0.509729
v -10.059163 0.009132 -0.523564
v -10.059205 0.009132 -0.496191
v -10.204900 -0.009132 -0.378304
v -9.913679 0.009132 0.496127
v -10.053510 -0.009132 0.374827
v -9.927212 0.009132 0.509755
v -9.927212 -0.009132 0.509794
v -9.913733 0.009132 0.523851
v -10.045182 -0.009132 0.655141
v -10.045213 0.009132 0.655228
v -9.754217 -0.009132 0.655405
v -9.754217 0.009132 0.655444
v -9.767761 -0.009132 0.669300
v -9.622267 -0.009132 0.788604
v -9.622321 0.009132 0.788577
v -9.622043 0.009132 0.812974
v -10.059458 -0.009132 0.086746
v -9.913887 -0.009132 0.204517
v -9.927212 -0.009132 0.218494
v -9.913887 0.009132 0.232433
v -9.927212 0.009132 0.218455
v -10.044512 0.009132 0.363537
v -10.059130 0.009132 0.349945
v -10.045269 -0.009132 -0.218207
v -10.045232 0.009132 -0.218127
v -10.058640 -0.009132 -0.204241
v -9.927345 0.009132 -0.072690
v -9.913480 0.009132 -0.087004
v -9.927362 -0.009132 -0.072632
v -9.913733 0.009132 -0.058748
v -10.045182 -0.009132 0.072542
v -10.045213 0.009132 0.072628
v -10.059130 0.009132 0.058646
v -10.045406 -0.009132 -0.510016
v -10.060152 -0.009132 -0.495331
v -10.045427 0.009132 -0.509963
v -9.927188 -0.009132 -0.364264
v -9.927649 0.009132 -0.363638
v -9.913513 0.009132 -0.377914
v -9.913887 0.009132 -0.350167
v -10.059318 -0.009132 -0.232350
v -9.913225 0.009132 -0.641189
v -9.927498 -0.009132 -0.655077
v -10.059473 -0.009132 -0.523782
v -9.899812 -0.009132 0.509820
v -9.899563 0.009132 0.509578
v -9.913347 -0.009132 0.523598
v -9.781625 0.009132 0.655333
v -9.767870 0.009132 0.641752
v -10.204556 0.009132 -0.669432
v -10.218568 0.009132 -0.655379
v -10.350471 -0.009132 -0.788523
v -9.913521 -0.009132 0.232147
v -9.781966 -0.009132 0.364318
v -9.767542 0.009132 0.350167
v -9.781713 0.009132 0.363932
v -9.767826 0.009132 0.377990
v -9.913717 -0.009132 0.496113
v -9.899619 -0.009132 -0.072557
v -9.913635 -0.009132 -0.058768
v -9.899582 0.009132 -0.072477
v -9.767622 -0.009132 0.058904
v -9.781563 -0.009132 0.072844
v -9.781563 0.009132 0.072805
v -9.767909 0.009132 0.086497
v -9.899619 -0.009132 0.218743
v -9.913808 0.009132 0.204554
v -9.899582 0.009132 0.218823
v -9.899619 -0.009132 -0.364521
v -9.913808 -0.009132 -0.350204
v -9.899483 0.009132 -0.364220
v -9.781562 0.009132 -0.218494
v -9.781562 -0.009132 -0.218455
v -9.767909 0.009132 -0.204802
v -9.913600 -0.009132 -0.087004
v -9.899756 -0.009132 -0.655666
v -9.899778 0.009132 -0.655613
v -9.913079 -0.009132 -0.641128
v -9.768086 0.009132 -0.523752
v -9.781766 0.009132 -0.509903
v -9.781754 -0.009132 -0.509838
v -9.768018 0.009132 -0.495899
v -9.913567 -0.009132 -0.377914
v -9.622331 -0.009132 0.496040
v -9.767761 -0.009132 0.378000
v -9.636297 -0.009132 0.509679
v -9.622375 0.009132 0.495969
v -9.622180 -0.009132 0.523954
v -9.636316 0.009132 0.509581
v -9.767622 -0.009132 0.641504
v -9.489167 -0.009132 0.364165
v -9.608282 -0.009132 0.509427
v -9.767870 -0.009132 0.086497
v -9.622044 -0.009132 0.204498
v -9.636419 -0.009132 0.218535
v -9.622335 -0.009132 0.232532
v -9.636419 0.009132 0.218415
v -9.753882 -0.009132 0.363841
v -9.767622 -0.009132 0.350204
v -9.753913 0.009132 0.363928
v -9.753833 -0.009132 -0.218380
v -9.622267 -0.009132 -0.086614
v -9.767870 -0.009132 -0.204802
v -9.636419 -0.009132 -0.072765
v -9.621957 0.009132 -0.086833
v -9.636419 0.009132 -0.072885
v -9.767542 0.009132 0.058867
v -9.753780 -0.009132 0.073312
v -9.753700 0.009132 0.073439
v -9.753654 -0.009132 -0.509460
v -9.753932 0.009132 -0.509427
v -9.767429 -0.009132 -0.495478
v -9.622523 -0.009132 -0.378132
v -9.622180 0.009132 -0.378304
v -9.636217 -0.009132 -0.364322
v -9.622285 -0.009132 -0.350396
v -9.636248 0.009132 -0.364408
v -9.767909 -0.009132 -0.232147
v -9.767870 0.009132 -0.232147
v -9.753932 0.009132 -0.218127
v -9.622428 -0.009132 -0.641663
v -9.636045 0.009132 -0.655289
v -9.768173 -0.009132 -0.523782
v -9.489161 0.009132 0.655482
v -9.489197 -0.009132 0.655438
v -9.464317 0.009132 0.655393
v -9.622214 -0.009132 0.813180
v -9.927597 0.009132 -0.655329
v -10.059217 -0.009132 -0.788469
v -9.913400 0.009132 -0.669118
v -11.064916 -0.009132 0.509582
v -11.078546 -0.009132 0.523851
v -10.947066 -0.009132 0.655228
v -10.947097 0.009132 0.655141
v -10.932998 0.009132 0.641690
v -10.947097 0.009132 0.363841
v -10.933416 0.009132 0.378514
v -11.078604 -0.009132 0.495969
v -11.078773 0.009132 0.496149
v -11.064933 0.009132 0.509640
v -10.947268 0.009132 0.072765
v -10.932820 0.009132 0.086746
v -11.064916 -0.009132 0.218282
v -11.078693 -0.009132 0.204747
v -11.064933 0.009132 0.218340
v -9.621957 0.009132 0.204467
v -9.608263 -0.009132 0.218672
v -9.464387 0.009132 0.072957
v -9.488972 -0.009132 0.072700
v -9.488990 0.009132 0.072739
v -9.608451 -0.009132 -0.072851
v -9.489106 -0.009132 -0.218486
v -9.489195 -0.009132 -0.509802
v -9.489167 0.009132 -0.509815
v -9.608451 -0.009132 -0.364151
v -9.464485 0.009132 -0.509749
v -9.464485 -0.009132 -0.509800
v -9.622332 0.009132 -0.641690
v -11.065011 -0.009132 -0.655379
v -11.064916 0.009132 -0.655232
v -11.078547 -0.009132 -0.641601
v -10.932806 0.009132 -0.523782
v -10.947066 0.009132 -0.509578
v -10.947097 -0.009132 -0.509491
v -11.236498 -0.009132 -0.218242
v -11.236521 0.009132 -0.218294
v -11.211760 0.009132 -0.218481
v -11.078470 -0.009132 -0.086746
v -11.092697 -0.009132 -0.072477
v -11.078470 0.009132 -0.058904
v -11.092660 0.009132 -0.072557
v -11.211818 -0.009132 0.072882
v -11.211812 0.009132 0.072865
v -11.236521 0.009132 0.073005
v -11.236850 -0.009132 -0.509915
v -11.236736 0.009132 -0.509823
v -11.211784 0.009132 -0.509802
v -11.092697 -0.009132 -0.363777
v -11.092660 0.009132 -0.363856
v -11.078546 0.009132 -0.378201
v -11.078470 0.009132 -0.350204
v -11.211760 -0.009132 -0.218469
v -11.078932 0.009132 0.232298
v -11.092660 0.009132 0.218743
v -11.211882 -0.009132 0.364068
v -11.212046 0.009132 0.364167
v -11.236521 0.009132 0.364305
v -11.078932 0.009132 0.523598
v -11.092716 -0.009132 0.509578
v -11.211784 -0.009132 0.655452
v -11.236592 0.009132 0.655292
v -11.211925 0.009132 0.655370
v -11.064977 -0.009132 -0.363936
v -11.064916 0.009132 -0.363932
v -11.078391 -0.009132 -0.350167
v -10.933029 0.009132 -0.232654
v -10.947268 0.009132 -0.218535
v -10.947268 -0.009132 -0.218415
v -11.078391 -0.009132 -0.058867
v -10.933416 -0.009132 0.058436
v -10.947268 -0.009132 0.072885
v -10.933043 0.009132 -0.204747
v -11.078391 0.009132 -0.086783
v -11.064933 -0.009132 -0.072690
v -11.064916 0.009132 -0.072632
v -10.933639 0.009132 -0.495541
v -11.078644 -0.009132 -0.378182
v -11.078779 -0.009132 0.788498
v -11.078767 0.009132 0.788469
v -11.078708 0.009132 0.813347
v -11.236604 -0.009132 0.655332
v -11.078648 0.009132 0.204740
v -11.236498 -0.009132 0.073057
v -11.092697 -0.009132 0.218823
v -10.933229 0.009132 -0.813535
v -11.078604 0.009132 -0.641619
v -11.211782 -0.009132 -0.509788
v -11.236402 -0.009132 0.364251
v -11.092918 0.009132 0.509714
v -11.216850 -0.009132 -0.794617
v -11.216850 0.009132 -0.794617
v -11.229765 0.009132 -0.807532
v -12.665849 -0.009132 0.655077
v -12.665886 0.009132 0.655156
v -12.679747 -0.009132 0.669604
v -12.534129 -0.009132 0.788469
v -12.534142 0.009132 0.788467
v -12.534288 0.009132 0.813278
v -11.382781 -0.009132 -0.655232
v -11.368895 -0.009132 -0.669289
v -11.514759 -0.009132 -0.788658
v -11.514724 0.009132 -0.788636
v -11.514259 0.009132 -0.812992
v -12.680090 -0.009132 0.350117
v -12.825437 -0.009132 0.232147
v -12.693986 -0.009132 0.364185
v -12.679867 0.009132 0.669604
v -12.825393 -0.009132 0.813343
v -12.534249 -0.009132 0.813289
v -12.388790 0.009132 0.669432
v -12.388703 -0.009132 0.669402
v -12.242949 -0.009132 0.813289
v -12.097490 0.009132 0.669432
v -12.097404 -0.009132 0.669402
v -11.951650 -0.009132 0.813289
v -11.819730 0.009132 0.655232
v -11.660289 -0.009132 0.813347
v -11.528615 -0.009132 0.655708
v -11.514419 0.009132 0.669187
v -11.211040 -0.009132 0.655361
v -11.369018 0.009132 0.523954
v -11.355037 0.009132 0.509506
v -11.211295 -0.009132 0.363999
v -11.211283 0.009132 0.364063
v -11.235859 0.009132 0.364106
v -11.354950 0.009132 0.218758
v -11.368895 0.009132 0.232340
v -11.368942 -0.009132 -0.059242
v -11.368972 0.009132 -0.059242
v -11.211093 -0.009132 0.072918
v -11.355168 0.009132 -0.072798
v -11.211203 -0.009132 -0.218500
v -11.211203 0.009132 -0.218449
v -11.235824 0.009132 -0.218464
v -11.355168 0.009132 -0.364098
v -11.369048 0.009132 -0.350390
v -11.355168 -0.009132 -0.655451
v -11.355168 0.009132 -0.655398
v -11.368830 0.009132 -0.669300
v -11.229765 -0.009132 -0.807532
v -11.514706 -0.009132 -0.813375
v -11.660871 -0.009132 -0.669614
v -11.806033 -0.009132 -0.813087
v -11.805882 0.009132 -0.813180
v -11.805921 0.009132 -0.788467
v -11.951361 -0.009132 -0.669402
v -12.097114 -0.009132 -0.813289
v -12.097075 0.009132 -0.813278
v -12.097169 0.009132 -0.788527
v -12.242884 -0.009132 -0.669214
v -12.388533 -0.009132 -0.813180
v -12.388481 0.009132 -0.813180
v -12.388469 0.009132 -0.788527
v -12.533959 -0.009132 -0.669402
v -12.533888 0.009132 0.523696
v -12.679761 -0.009132 0.641696
v -12.374530 -0.009132 0.655621
v -12.374499 0.009132 0.655708
v -12.242989 0.009132 0.813278
v -12.242875 -0.009132 0.788523
v -12.242894 0.009132 0.788527
v -12.679459 -0.009132 0.086783
v -12.534217 -0.009132 0.204296
v -12.548115 -0.009132 0.218823
v -12.665858 -0.009132 0.364086
v -12.548078 0.009132 0.218743
v -12.534398 0.009132 0.232258
v -12.680003 0.009132 0.350147
v -12.665510 0.009132 0.364585
v -12.666134 -0.009132 -0.218494
v -12.679715 -0.009132 -0.204740
v -12.666134 0.009132 -0.218455
v -12.534217 -0.009132 -0.087004
v -12.548078 -0.009132 -0.072429
v -12.534111 0.009132 -0.059097
v -12.666000 -0.009132 0.072960
v -12.548036 0.009132 -0.072503
v -12.679966 0.009132 0.058477
v -12.665983 0.009132 0.073018
v -12.666079 -0.009132 -0.509729
v -12.666072 0.009132 -0.509683
v -12.547787 0.009132 -0.364193
v -12.679780 -0.009132 -0.495985
v -12.533809 0.009132 -0.378083
v -12.547979 -0.009132 -0.363932
v -12.534217 0.009132 -0.349946
v -12.679647 -0.009132 -0.232823
v -12.534195 0.009132 -0.641476
v -12.548233 -0.009132 -0.655231
v -12.679609 -0.009132 -0.523752
v -12.679855 -0.009132 -0.813422
v -12.679820 0.009132 -0.788467
v -12.520080 -0.009132 0.509581
v -12.520100 0.009132 0.509679
v -12.533809 -0.009132 0.523733
v -12.402583 -0.009132 0.655618
v -12.402564 0.009132 0.655520
v -12.388487 0.009132 0.641752
v -12.679966 -0.009132 0.378473
v -12.548036 -0.009132 0.509453
v -12.548078 0.009132 0.509378
v -12.534065 0.009132 0.496040
v -12.402514 0.009132 0.363841
v -12.534065 -0.009132 0.232210
v -12.388447 0.009132 0.349945
v -12.402686 -0.009132 0.364185
v -12.380162 0.009132 0.371393
v -12.534111 -0.009132 0.496046
v -12.534065 -0.009132 -0.059090
v -12.388666 0.009132 0.058477
v -12.402353 0.009132 0.073187
v -12.402465 -0.009132 0.073173
v -12.388526 0.009132 0.086497
v -12.520236 -0.009132 0.218743
v -12.520199 0.009132 0.218823
v -12.534744 0.009132 0.203797
v -12.519614 -0.009132 -0.364233
v -12.519614 0.009132 -0.364016
v -12.534097 -0.009132 -0.349946
v -12.389469 0.009132 -0.232918
v -12.402179 0.009132 -0.218494
v -12.402179 -0.009132 -0.218455
v -12.388526 0.009132 -0.204802
v -12.520236 -0.009132 -0.072557
v -12.520199 0.009132 -0.072477
v -12.534097 0.009132 -0.087004
v -12.520208 -0.009132 -0.655463
v -12.534119 -0.009132 -0.641476
v -12.520333 0.009132 -0.655232
v -12.402484 -0.009132 -0.509971
v -12.402514 0.009132 -0.510058
v -12.388224 0.009132 -0.523782
v -12.389729 0.009132 -0.495124
v -12.533888 -0.009132 -0.378046
v -12.374435 -0.009132 0.364664
v -12.389347 -0.009132 0.378644
v -12.242932 0.009132 0.496184
v -12.256748 0.009132 0.509340
v -12.256703 -0.009132 0.509412
v -12.242876 0.009132 0.523447
v -12.388526 -0.009132 0.641752
v -12.083028 -0.009132 0.655364
v -12.083028 0.009132 0.655485
v -11.951530 -0.009132 0.788469
v -11.951543 0.009132 0.788467
v -11.951690 0.009132 0.813278
v -12.374586 -0.009132 0.073093
v -12.388487 -0.009132 0.086497
v -12.374549 0.009132 0.073173
v -12.243753 -0.009132 0.203638
v -12.256815 -0.009132 0.218823
v -12.242871 0.009132 0.232058
v -12.256778 0.009132 0.218743
v -12.388567 -0.009132 0.349945
v -12.374834 -0.009132 -0.218494
v -12.388487 -0.009132 -0.204802
v -12.374881 0.009132 -0.218509
v -12.256778 -0.009132 -0.072429
v -12.256736 0.009132 -0.072503
v -12.242797 0.009132 -0.087004
v -12.242876 0.009132 -0.059152
v -12.388834 -0.009132 0.058436
v -12.374779 -0.009132 -0.509729
v -12.388605 -0.009132 -0.496092
v -12.374772 0.009132 -0.509683
v -12.256610 -0.009132 -0.363845
v -12.256370 0.009132 -0.364136
v -12.242797 0.009132 -0.378304
v -12.242698 0.009132 -0.349777
v -12.389729 -0.009132 -0.233126
v -12.242895 0.009132 -0.641476
v -12.256721 -0.009132 -0.655488
v -12.388534 -0.009132 -0.523564
v -12.228781 -0.009132 0.509581
v -12.228800 0.009132 0.509679
v -12.242837 -0.009132 0.523447
v -12.111283 -0.009132 0.655618
v -12.111264 0.009132 0.655520
v -12.097187 0.009132 0.641752
v -12.533874 0.009132 -0.669432
v -12.548214 0.009132 -0.655329
v -12.679864 -0.009132 -0.788503
v -12.242842 -0.009132 0.232058
v -12.111596 -0.009132 0.364452
v -12.111555 0.009132 0.364284
v -12.097147 0.009132 0.349946
v -12.097234 0.009132 0.377914
v -12.242370 -0.009132 0.495665
v -12.228936 -0.009132 -0.072557
v -12.228899 0.009132 -0.072477
v -12.242837 -0.009132 -0.059152
v -12.097267 -0.009132 0.058646
v -12.111098 -0.009132 0.073259
v -12.097555 0.009132 0.086783
v -12.111128 0.009132 0.073093
v -12.228936 -0.009132 0.218743
v -12.228899 0.009132 0.218823
v -12.242797 0.009132 0.204296
v -12.228727 -0.009132 -0.364824
v -12.228621 0.009132 -0.364439
v -12.242797 -0.009132 -0.349946
v -12.097528 0.009132 -0.232354
v -12.110879 0.009132 -0.218494
v -12.110879 -0.009132 -0.218455
v -12.097226 0.009132 -0.204802
v -12.242917 -0.009132 -0.087004
v -12.228909 -0.009132 -0.655463
v -12.242819 -0.009132 -0.641476
v -12.229033 0.009132 -0.655232
v -12.110942 -0.009132 -0.509683
v -12.110935 0.009132 -0.509729
v -12.097147 0.009132 -0.523954
v -12.097109 0.009132 -0.496092
v -12.242917 -0.009132 -0.378304
v -12.083327 -0.009132 0.364446
v -12.082529 0.009132 0.363537
v -11.951786 0.009132 0.496046
v -12.097180 -0.009132 0.377914
v -11.965633 0.009132 0.509581
v -11.965614 -0.009132 0.509679
v -11.951905 0.009132 0.523733
v -12.097226 -0.009132 0.641752
v -11.806190 0.009132 0.669432
v -11.806104 -0.009132 0.669402
v -11.660200 -0.009132 0.788503
v -11.660217 0.009132 0.788498
v -11.660321 0.009132 0.813343
v -12.097475 -0.009132 0.086746
v -11.951904 -0.009132 0.204517
v -11.965229 -0.009132 0.218494
v -11.951648 0.009132 0.232210
v -11.965229 0.009132 0.218455
v -12.097267 -0.009132 0.349946
v -12.083424 -0.009132 -0.218716
v -12.083401 0.009132 -0.218610
v -11.951840 -0.009132 -0.086832
v -12.097187 -0.009132 -0.204802
v -11.965515 -0.009132 -0.072477
v -11.951648 0.009132 -0.059090
v -11.965478 0.009132 -0.072557
v -12.083028 -0.009132 0.072765
v -12.083028 0.009132 0.072885
v -12.097147 0.009132 0.058646
v -12.083479 -0.009132 -0.509729
v -12.083472 0.009132 -0.509684
v -12.095985 -0.009132 -0.495124
v -11.965746 -0.009132 -0.363511
v -11.965667 0.009132 -0.363638
v -11.951497 0.009132 -0.378304
v -11.951288 0.009132 -0.350204
v -12.097603 -0.009132 -0.232396
v -11.951595 0.009132 -0.641476
v -11.965292 -0.009132 -0.655333
v -12.097490 -0.009132 -0.523782
v -11.937636 -0.009132 0.509378
v -11.937677 0.009132 0.509453
v -11.806255 -0.009132 0.641467
v -11.951538 -0.009132 0.523447
v -11.819983 -0.009132 0.655618
v -11.806175 0.009132 0.641504
v -12.242830 0.009132 -0.669214
v -12.256733 0.009132 -0.655553
v -12.388488 -0.009132 -0.788523
v -11.951602 -0.009132 0.232203
v -11.805967 -0.009132 0.349945
v -11.819856 -0.009132 0.364163
v -11.805748 0.009132 0.378473
v -11.819772 0.009132 0.364188
v -11.951141 -0.009132 0.495613
v -11.951602 -0.009132 -0.059097
v -11.805967 -0.009132 0.058646
v -11.819730 -0.009132 0.073018
v -11.819713 0.009132 0.072960
v -11.806255 0.009132 0.086783
v -11.937636 -0.009132 0.218743
v -11.951825 0.009132 0.204554
v -11.937599 0.009132 0.218823
v -11.937322 -0.009132 -0.363810
v -11.937261 0.009132 -0.363664
v -11.951448 -0.009132 -0.349582
v -11.806104 0.009132 -0.232452
v -11.819828 0.009132 -0.218207
v -11.819533 -0.009132 -0.218509
v -11.805491 0.009132 -0.204313
v -11.937926 -0.009132 -0.072893
v -11.937931 0.009132 -0.072859
v -11.951754 0.009132 -0.086802
v -11.937609 -0.009132 -0.655463
v -11.951519 -0.009132 -0.641476
v -11.937609 0.009132 -0.655386
v -11.819642 -0.009132 -0.509683
v -11.819635 0.009132 -0.509729
v -11.805881 0.009132 -0.523564
v -11.805923 0.009132 -0.496191
v -11.951617 -0.009132 -0.378304
v -11.660397 0.009132 0.496127
v -11.800227 -0.009132 0.374827
v -11.673929 0.009132 0.509755
v -11.673929 -0.009132 0.509794
v -11.660451 0.009132 0.523851
v -11.791900 -0.009132 0.655141
v -11.791930 0.009132 0.655228
v -11.500935 -0.009132 0.655405
v -11.500935 0.009132 0.655444
v -11.514479 -0.009132 0.669300
v -11.368984 -0.009132 0.788604
v -11.369039 0.009132 0.788577
v -11.368760 0.009132 0.812974
v -11.806175 -0.009132 0.086746
v -11.660604 -0.009132 0.204517
v -11.673929 -0.009132 0.218494
v -11.660604 0.009132 0.232433
v -11.673929 0.009132 0.218455
v -11.791229 0.009132 0.363537
v -11.805847 0.009132 0.349945
v -11.791986 -0.009132 -0.218207
v -11.791949 0.009132 -0.218127
v -11.805357 -0.009132 -0.204241
v -11.674063 0.009132 -0.072690
v -11.660197 0.009132 -0.087004
v -11.674080 -0.009132 -0.072632
v -11.660451 0.009132 -0.058748
v -11.791900 -0.009132 0.072542
v -11.791930 0.009132 0.072628
v -11.805847 0.009132 0.058646
v -11.792124 -0.009132 -0.510016
v -11.806870 -0.009132 -0.495331
v -11.792145 0.009132 -0.509963
v -11.673905 -0.009132 -0.364264
v -11.674367 0.009132 -0.363638
v -11.660231 0.009132 -0.377914
v -11.660604 0.009132 -0.350167
v -11.806035 -0.009132 -0.232350
v -11.659943 0.009132 -0.641189
v -11.674215 -0.009132 -0.655077
v -11.806190 -0.009132 -0.523782
v -11.646529 -0.009132 0.509820
v -11.646280 0.009132 0.509578
v -11.660065 -0.009132 0.523598
v -11.528342 0.009132 0.655333
v -11.514587 0.009132 0.641752
v -11.951274 0.009132 -0.669432
v -11.965285 0.009132 -0.655379
v -12.097188 -0.009132 -0.788523
v -11.660238 -0.009132 0.232147
v -11.528684 -0.009132 0.364318
v -11.514259 0.009132 0.350167
v -11.528431 0.009132 0.363932
v -11.514544 0.009132 0.377990
v -11.660435 -0.009132 0.496113
v -11.646337 -0.009132 -0.072557
v -11.660353 -0.009132 -0.058768
v -11.646299 0.009132 -0.072477
v -11.514339 -0.009132 0.058904
v -11.528280 -0.009132 0.072844
v -11.528280 0.009132 0.072805
v -11.514627 0.009132 0.086497
v -11.646337 -0.009132 0.218743
v -11.660525 0.009132 0.204554
v -11.646299 0.009132 0.218823
v -11.646337 -0.009132 -0.364521
v -11.660525 -0.009132 -0.350204
v -11.646200 0.009132 -0.364220
v -11.528279 0.009132 -0.218494
v -11.528279 -0.009132 -0.218455
v -11.514627 0.009132 -0.204802
v -11.660317 -0.009132 -0.087004
v -11.646474 -0.009132 -0.655666
v -11.646496 0.009132 -0.655613
v -11.659797 -0.009132 -0.641128
v -11.514804 0.009132 -0.523752
v -11.528483 0.009132 -0.509903
v -11.528472 -0.009132 -0.509838
v -11.514735 0.009132 -0.495899
v -11.660284 -0.009132 -0.377914
v -11.369048 -0.009132 0.496040
v -11.514479 -0.009132 0.378000
v -11.383015 -0.009132 0.509679
v -11.369093 0.009132 0.495969
v -11.368897 -0.009132 0.523954
v -11.383034 0.009132 0.509581
v -11.514339 -0.009132 0.641504
v -11.235885 -0.009132 0.364165
v -11.355000 -0.009132 0.509427
v -11.514587 -0.009132 0.086497
v -11.368761 -0.009132 0.204498
v -11.383137 -0.009132 0.218535
v -11.369053 -0.009132 0.232532
v -11.383137 0.009132 0.218415
v -11.500600 -0.009132 0.363841
v -11.514339 -0.009132 0.350204
v -11.500630 0.009132 0.363928
v -11.500550 -0.009132 -0.218380
v -11.368984 -0.009132 -0.086614
v -11.514587 -0.009132 -0.204802
v -11.383137 -0.009132 -0.072765
v -11.368674 0.009132 -0.086833
v -11.383137 0.009132 -0.072885
v -11.514259 0.009132 0.058867
v -11.500498 -0.009132 0.073312
v -11.500418 0.009132 0.073439
v -11.500372 -0.009132 -0.509460
v -11.500649 0.009132 -0.509427
v -11.514147 -0.009132 -0.495478
v -11.369241 -0.009132 -0.378132
v -11.368897 0.009132 -0.378304
v -11.382935 -0.009132 -0.364322
v -11.369002 -0.009132 -0.350396
v -11.382965 0.009132 -0.364408
v -11.514627 -0.009132 -0.232147
v -11.514587 0.009132 -0.232147
v -11.500649 0.009132 -0.218127
v -11.369145 -0.009132 -0.641663
v -11.382763 0.009132 -0.655289
v -11.514891 -0.009132 -0.523782
v -11.235879 0.009132 0.655482
v -11.235914 -0.009132 0.655438
v -11.211035 0.009132 0.655393
v -11.368932 -0.009132 0.813180
v -11.674314 0.009132 -0.655329
v -11.805935 -0.009132 -0.788469
v -11.660117 0.009132 -0.669118
v -12.811633 -0.009132 0.509582
v -12.825263 -0.009132 0.523851
v -12.693784 -0.009132 0.655228
v -12.693814 0.009132 0.655141
v -12.679715 0.009132 0.641690
v -12.693814 0.009132 0.363841
v -12.680134 0.009132 0.378514
v -12.825321 -0.009132 0.495969
v -12.825490 0.009132 0.496149
v -12.811650 0.009132 0.509640
v -12.693986 0.009132 0.072765
v -12.679538 0.009132 0.086746
v -12.811633 -0.009132 0.218282
v -12.825411 -0.009132 0.204747
v -12.811650 0.009132 0.218340
v -11.368674 0.009132 0.204467
v -11.354980 -0.009132 0.218672
v -11.211104 0.009132 0.072957
v -11.235689 -0.009132 0.072700
v -11.235707 0.009132 0.072739
v -11.355168 -0.009132 -0.072851
v -11.235824 -0.009132 -0.218486
v -11.235912 -0.009132 -0.509802
v -11.235885 0.009132 -0.509815
v -11.355168 -0.009132 -0.364151
v -11.211203 0.009132 -0.509749
v -11.211203 -0.009132 -0.509800
v -11.369049 0.009132 -0.641690
v -12.811728 -0.009132 -0.655379
v -12.811633 0.009132 -0.655232
v -12.825264 -0.009132 -0.641601
v -12.679523 0.009132 -0.523782
v -12.693784 0.009132 -0.509578
v -12.693814 -0.009132 -0.509491
v -12.983215 -0.009132 -0.218242
v -12.983238 0.009132 -0.218294
v -12.958477 0.009132 -0.218481
v -12.825188 -0.009132 -0.086746
v -12.839415 -0.009132 -0.072477
v -12.825188 0.009132 -0.058904
v -12.839377 0.009132 -0.072557
v -12.958535 -0.009132 0.072882
v -12.958529 0.009132 0.072865
v -12.983238 0.009132 0.073005
v -12.983567 -0.009132 -0.509915
v -12.983454 0.009132 -0.509823
v -12.958502 0.009132 -0.509802
v -12.839415 -0.009132 -0.363777
v -12.839377 0.009132 -0.363856
v -12.825263 0.009132 -0.378201
v -12.825188 0.009132 -0.350204
v -12.958477 -0.009132 -0.218469
v -12.825649 0.009132 0.232298
v -12.839377 0.009132 0.218743
v -12.958599 -0.009132 0.364068
v -12.958763 0.009132 0.364167
v -12.983238 0.009132 0.364305
v -12.825649 0.009132 0.523598
v -12.839434 -0.009132 0.509578
v -12.958502 -0.009132 0.655452
v -12.983310 0.009132 0.655292
v -12.958642 0.009132 0.655370
v -12.811694 -0.009132 -0.363936
v -12.811633 0.009132 -0.363932
v -12.825109 -0.009132 -0.350167
v -12.679747 0.009132 -0.232654
v -12.693986 0.009132 -0.218535
v -12.693986 -0.009132 -0.218415
v -12.825109 -0.009132 -0.058867
v -12.680134 -0.009132 0.058436
v -12.693986 -0.009132 0.072885
v -12.679761 0.009132 -0.204747
v -12.825109 0.009132 -0.086783
v -12.811650 -0.009132 -0.072690
v -12.811633 0.009132 -0.072632
v -12.680356 0.009132 -0.495541
v -12.825361 -0.009132 -0.378182
v -12.825497 -0.009132 0.788498
v -12.825484 0.009132 0.788469
v -12.825425 0.009132 0.813347
v -12.983321 -0.009132 0.655332
v -12.825365 0.009132 0.204740
v -12.983215 -0.009132 0.073057
v -12.839415 -0.009132 0.218823
v -12.679947 0.009132 -0.813535
v -12.825321 0.009132 -0.641619
v -12.958499 -0.009132 -0.509788
v -12.983119 -0.009132 0.364251
v -12.839636 0.009132 0.509714
v -12.963568 -0.009132 -0.794617
v -12.963568 0.009132 -0.794617
v -12.976482 0.009132 -0.807532
v -14.412566 -0.009132 0.655077
v -14.412603 0.009132 0.655156
v -14.426464 -0.009132 0.669604
v -14.280847 -0.009132 0.788469
v -14.280860 0.009132 0.788467
v -14.281006 0.009132 0.813278
v -13.129498 -0.009132 -0.655232
v -13.115612 -0.009132 -0.669289
v -13.261477 -0.009132 -0.788658
v -13.261441 0.009132 -0.788636
v -13.260977 0.009132 -0.812992
v -14.426807 -0.009132 0.350117
v -14.572154 -0.009132 0.232147
v -14.440703 -0.009132 0.364185
v -14.426584 0.009132 0.669604
v -14.572110 -0.009132 0.813343
v -14.280967 -0.009132 0.813289
v -14.135508 0.009132 0.669432
v -14.135421 -0.009132 0.669402
v -13.989667 -0.009132 0.813289
v -13.844208 0.009132 0.669432
v -13.844121 -0.009132 0.669402
v -13.698367 -0.009132 0.813289
v -13.566447 0.009132 0.655232
v -13.407006 -0.009132 0.813347
v -13.275332 -0.009132 0.655708
v -13.261136 0.009132 0.669187
v -12.957757 -0.009132 0.655361
v -13.115735 0.009132 0.523954
v -13.101754 0.009132 0.509506
v -12.958013 -0.009132 0.363999
v -12.958000 0.009132 0.364063
v -12.982576 0.009132 0.364106
v -13.101667 0.009132 0.218758
v -13.115612 0.009132 0.232340
v -13.115660 -0.009132 -0.059242
v -13.115689 0.009132 -0.059242
v -12.957810 -0.009132 0.072918
v -13.101886 0.009132 -0.072798
v -12.957920 -0.009132 -0.218500
v -12.957920 0.009132 -0.218449
v -12.982541 0.009132 -0.218464
v -13.101886 0.009132 -0.364098
v -13.115766 0.009132 -0.350390
v -13.101886 -0.009132 -0.655451
v -13.101886 0.009132 -0.655398
v -13.115547 0.009132 -0.669300
v -12.976482 -0.009132 -0.807532
v -13.261423 -0.009132 -0.813375
v -13.407588 -0.009132 -0.669614
v -13.552751 -0.009132 -0.813087
v -13.552599 0.009132 -0.813180
v -13.552638 0.009132 -0.788467
v -13.698078 -0.009132 -0.669402
v -13.843831 -0.009132 -0.813289
v -13.843792 0.009132 -0.813278
v -13.843886 0.009132 -0.788527
v -13.989601 -0.009132 -0.669214
v -14.135250 -0.009132 -0.813180
v -14.135199 0.009132 -0.813180
v -14.135186 0.009132 -0.788527
v -14.280677 -0.009132 -0.669402
v -14.280605 0.009132 0.523696
v -14.426478 -0.009132 0.641696
v -14.121247 -0.009132 0.655621
v -14.121217 0.009132 0.655708
v -13.989706 0.009132 0.813278
v -13.989593 -0.009132 0.788523
v -13.989612 0.009132 0.788527
v -14.426176 -0.009132 0.086783
v -14.280934 -0.009132 0.204296
v -14.294832 -0.009132 0.218823
v -14.412576 -0.009132 0.364086
v -14.294795 0.009132 0.218743
v -14.281116 0.009132 0.232258
v -14.426721 0.009132 0.350147
v -14.412228 0.009132 0.364585
v -14.412851 -0.009132 -0.218494
v -14.426433 -0.009132 -0.204740
v -14.412851 0.009132 -0.218455
v -14.280934 -0.009132 -0.087004
v -14.294795 -0.009132 -0.072429
v -14.280828 0.009132 -0.059097
v -14.412718 -0.009132 0.072960
v -14.294753 0.009132 -0.072503
v -14.426683 0.009132 0.058477
v -14.412701 0.009132 0.073018
v -14.412796 -0.009132 -0.509729
v -14.412789 0.009132 -0.509683
v -14.294504 0.009132 -0.364193
v -14.426497 -0.009132 -0.495985
v -14.280526 0.009132 -0.378083
v -14.294697 -0.009132 -0.363932
v -14.280934 0.009132 -0.349946
v -14.426365 -0.009132 -0.232823
v -14.280912 0.009132 -0.641476
v -14.294950 -0.009132 -0.655231
v -14.426327 -0.009132 -0.523752
v -14.426573 -0.009132 -0.813422
v -14.426538 0.009132 -0.788467
v -14.266797 -0.009132 0.509581
v -14.266817 0.009132 0.509679
v -14.280526 -0.009132 0.523733
v -14.149301 -0.009132 0.655618
v -14.149282 0.009132 0.655520
v -14.135204 0.009132 0.641752
v -14.426683 -0.009132 0.378473
v -14.294753 -0.009132 0.509453
v -14.294795 0.009132 0.509378
v -14.280783 0.009132 0.496040
v -14.149232 0.009132 0.363841
v -14.280783 -0.009132 0.232210
v -14.135164 0.009132 0.349945
v -14.149404 -0.009132 0.364185
v -14.126880 0.009132 0.371393
v -14.280828 -0.009132 0.496046
v -14.280783 -0.009132 -0.059090
v -14.135384 0.009132 0.058477
v -14.149071 0.009132 0.073187
v -14.149182 -0.009132 0.073173
v -14.135243 0.009132 0.086497
v -14.266953 -0.009132 0.218743
v -14.266916 0.009132 0.218823
v -14.281462 0.009132 0.203797
v -14.266332 -0.009132 -0.364233
v -14.266332 0.009132 -0.364016
v -14.280814 -0.009132 -0.349946
v -14.136187 0.009132 -0.232918
v -14.148896 0.009132 -0.218494
v -14.148896 -0.009132 -0.218455
v -14.135243 0.009132 -0.204802
v -14.266953 -0.009132 -0.072557
v -14.266916 0.009132 -0.072477
v -14.280814 0.009132 -0.087004
v -14.266926 -0.009132 -0.655463
v -14.280836 -0.009132 -0.641476
v -14.267051 0.009132 -0.655232
v -14.149201 -0.009132 -0.509971
v -14.149232 0.009132 -0.510058
v -14.134941 0.009132 -0.523782
v -14.136446 0.009132 -0.495124
v -14.280605 -0.009132 -0.378046
v -14.121153 -0.009132 0.364664
v -14.136065 -0.009132 0.378644
v -13.989650 0.009132 0.496184
v -14.003466 0.009132 0.509340
v -14.003421 -0.009132 0.509412
v -13.989594 0.009132 0.523447
v -14.135243 -0.009132 0.641752
v -13.829745 -0.009132 0.655364
v -13.829745 0.009132 0.655485
v -13.698247 -0.009132 0.788469
v -13.698260 0.009132 0.788467
v -13.698407 0.009132 0.813278
v -14.121304 -0.009132 0.073093
v -14.135204 -0.009132 0.086497
v -14.121266 0.009132 0.073173
v -13.990471 -0.009132 0.203638
v -14.003532 -0.009132 0.218823
v -13.989589 0.009132 0.232058
v -14.003495 0.009132 0.218743
v -14.135284 -0.009132 0.349945
v -14.121552 -0.009132 -0.218494
v -14.135204 -0.009132 -0.204802
v -14.121598 0.009132 -0.218509
v -14.003495 -0.009132 -0.072429
v -14.003453 0.009132 -0.072503
v -13.989514 0.009132 -0.087004
v -13.989594 0.009132 -0.059152
v -14.135551 -0.009132 0.058436
v -14.121496 -0.009132 -0.509729
v -14.135323 -0.009132 -0.496092
v -14.121490 0.009132 -0.509683
v -14.003327 -0.009132 -0.363845
v -14.003087 0.009132 -0.364136
v -13.989514 0.009132 -0.378304
v -13.989415 0.009132 -0.349777
v -14.136446 -0.009132 -0.233126
v -13.989613 0.009132 -0.641476
v -14.003439 -0.009132 -0.655488
v -14.135251 -0.009132 -0.523564
v -13.975498 -0.009132 0.509581
v -13.975517 0.009132 0.509679
v -13.989554 -0.009132 0.523447
v -13.858001 -0.009132 0.655618
v -13.857982 0.009132 0.655520
v -13.843904 0.009132 0.641752
v -14.280591 0.009132 -0.669432
v -14.294931 0.009132 -0.655329
v -14.426581 -0.009132 -0.788503
v -13.989559 -0.009132 0.232058
v -13.858314 -0.009132 0.364452
v -13.858273 0.009132 0.364284
v -13.843864 0.009132 0.349946
v -13.843951 0.009132 0.377914
v -13.989087 -0.009132 0.495665
v -13.975654 -0.009132 -0.072557
v -13.975616 0.009132 -0.072477
v -13.989554 -0.009132 -0.059152
v -13.843985 -0.009132 0.058646
v -13.857816 -0.009132 0.073259
v -13.844273 0.009132 0.086783
v -13.857845 0.009132 0.073093
v -13.975654 -0.009132 0.218743
v -13.975616 0.009132 0.218823
v -13.989514 0.009132 0.204296
v -13.975445 -0.009132 -0.364824
v -13.975339 0.009132 -0.364439
v -13.989514 -0.009132 -0.349946
v -13.844246 0.009132 -0.232354
v -13.857596 0.009132 -0.218494
v -13.857596 -0.009132 -0.218455
v -13.843944 0.009132 -0.204802
v -13.989635 -0.009132 -0.087004
v -13.975626 -0.009132 -0.655463
v -13.989536 -0.009132 -0.641476
v -13.975751 0.009132 -0.655232
v -13.857659 -0.009132 -0.509683
v -13.857653 0.009132 -0.509729
v -13.843864 0.009132 -0.523954
v -13.843826 0.009132 -0.496092
v -13.989635 -0.009132 -0.378304
v -13.830045 -0.009132 0.364446
v -13.829247 0.009132 0.363537
v -13.698503 0.009132 0.496046
v -13.843898 -0.009132 0.377914
v -13.712351 0.009132 0.509581
v -13.712332 -0.009132 0.509679
v -13.698623 0.009132 0.523733
v -13.843944 -0.009132 0.641752
v -13.552908 0.009132 0.669432
v -13.552821 -0.009132 0.669402
v -13.406918 -0.009132 0.788503
v -13.406935 0.009132 0.788498
v -13.407039 0.009132 0.813343
v -13.844193 -0.009132 0.086746
v -13.698622 -0.009132 0.204517
v -13.711946 -0.009132 0.218494
v -13.698365 0.009132 0.232210
v -13.711946 0.009132 0.218455
v -13.843985 -0.009132 0.349946
v -13.830141 -0.009132 -0.218716
v -13.830118 0.009132 -0.218610
v -13.698558 -0.009132 -0.086832
v -13.843904 -0.009132 -0.204802
v -13.712233 -0.009132 -0.072477
v -13.698365 0.009132 -0.059090
v -13.712195 0.009132 -0.072557
v -13.829745 -0.009132 0.072765
v -13.829745 0.009132 0.072885
v -13.843864 0.009132 0.058646
v -13.830196 -0.009132 -0.509729
v -13.830190 0.009132 -0.509684
v -13.842703 -0.009132 -0.495124
v -13.712463 -0.009132 -0.363511
v -13.712384 0.009132 -0.363638
v -13.698215 0.009132 -0.378304
v -13.698006 0.009132 -0.350204
v -13.844320 -0.009132 -0.232396
v -13.698313 0.009132 -0.641476
v -13.712009 -0.009132 -0.655333
v -13.844208 -0.009132 -0.523782
v -13.684354 -0.009132 0.509378
v -13.684395 0.009132 0.509453
v -13.552973 -0.009132 0.641467
v -13.698256 -0.009132 0.523447
v -13.566701 -0.009132 0.655618
v -13.552893 0.009132 0.641504
v -13.989548 0.009132 -0.669214
v -14.003450 0.009132 -0.655553
v -14.135205 -0.009132 -0.788523
v -13.698319 -0.009132 0.232203
v -13.552685 -0.009132 0.349945
v -13.566573 -0.009132 0.364163
v -13.552465 0.009132 0.378473
v -13.566489 0.009132 0.364188
v -13.697859 -0.009132 0.495613
v -13.698319 -0.009132 -0.059097
v -13.552685 -0.009132 0.058646
v -13.566447 -0.009132 0.073018
v -13.566430 0.009132 0.072960
v -13.552973 0.009132 0.086783
v -13.684354 -0.009132 0.218743
v -13.698543 0.009132 0.204554
v -13.684317 0.009132 0.218823
v -13.684039 -0.009132 -0.363810
v -13.683978 0.009132 -0.363664
v -13.698166 -0.009132 -0.349582
v -13.552821 0.009132 -0.232452
v -13.566545 0.009132 -0.218207
v -13.566251 -0.009132 -0.218509
v -13.552209 0.009132 -0.204313
v -13.684644 -0.009132 -0.072893
v -13.684649 0.009132 -0.072859
v -13.698471 0.009132 -0.086802
v -13.684326 -0.009132 -0.655463
v -13.698236 -0.009132 -0.641476
v -13.684326 0.009132 -0.655386
v -13.566360 -0.009132 -0.509683
v -13.566353 0.009132 -0.509729
v -13.552598 0.009132 -0.523564
v -13.552640 0.009132 -0.496191
v -13.698335 -0.009132 -0.378304
v -13.407114 0.009132 0.496127
v -13.546945 -0.009132 0.374827
v -13.420647 0.009132 0.509755
v -13.420647 -0.009132 0.509794
v -13.407168 0.009132 0.523851
v -13.538617 -0.009132 0.655141
v -13.538648 0.009132 0.655228
v -13.247652 -0.009132 0.655405
v -13.247652 0.009132 0.655444
v -13.261196 -0.009132 0.669300
v -13.115702 -0.009132 0.788604
v -13.115756 0.009132 0.788577
v -13.115478 0.009132 0.812974
v -13.552893 -0.009132 0.086746
v -13.407322 -0.009132 0.204517
v -13.420647 -0.009132 0.218494
v -13.407322 0.009132 0.232433
v -13.420647 0.009132 0.218455
v -13.537947 0.009132 0.363537
v -13.552565 0.009132 0.349945
v -13.538704 -0.009132 -0.218207
v -13.538667 0.009132 -0.218127
v -13.552074 -0.009132 -0.204241
v -13.420780 0.009132 -0.072690
v -13.406915 0.009132 -0.087004
v -13.420797 -0.009132 -0.072632
v -13.407168 0.009132 -0.058748
v -13.538617 -0.009132 0.072542
v -13.538648 0.009132 0.072628
v -13.552565 0.009132 0.058646
v -13.538841 -0.009132 -0.510016
v -13.553587 -0.009132 -0.495331
v -13.538862 0.009132 -0.509963
v -13.420623 -0.009132 -0.364264
v -13.421084 0.009132 -0.363638
v -13.406948 0.009132 -0.377914
v -13.407322 0.009132 -0.350167
v -13.552752 -0.009132 -0.232350
v -13.406660 0.009132 -0.641189
v -13.420933 -0.009132 -0.655077
v -13.552908 -0.009132 -0.523782
v -13.393247 -0.009132 0.509820
v -13.392998 0.009132 0.509578
v -13.406782 -0.009132 0.523598
v -13.275060 0.009132 0.655333
v -13.261305 0.009132 0.641752
v -13.697991 0.009132 -0.669432
v -13.712003 0.009132 -0.655379
v -13.843905 -0.009132 -0.788523
v -13.406956 -0.009132 0.232147
v -13.275401 -0.009132 0.364318
v -13.260977 0.009132 0.350167
v -13.275148 0.009132 0.363932
v -13.261261 0.009132 0.377990
v -13.407152 -0.009132 0.496113
v -13.393054 -0.009132 -0.072557
v -13.407070 -0.009132 -0.058768
v -13.393017 0.009132 -0.072477
v -13.261057 -0.009132 0.058904
v -13.274998 -0.009132 0.072844
v -13.274998 0.009132 0.072805
v -13.261344 0.009132 0.086497
v -13.393054 -0.009132 0.218743
v -13.407243 0.009132 0.204554
v -13.393017 0.009132 0.218823
v -13.393054 -0.009132 -0.364521
v -13.407243 -0.009132 -0.350204
v -13.392918 0.009132 -0.364220
v -13.274997 0.009132 -0.218494
v -13.274997 -0.009132 -0.218455
v -13.261344 0.009132 -0.204802
v -13.407035 -0.009132 -0.087004
v -13.393191 -0.009132 -0.655666
v -13.393213 0.009132 -0.655613
v -13.406514 -0.009132 -0.641128
v -13.261521 0.009132 -0.523752
v -13.275201 0.009132 -0.509903
v -13.275189 -0.009132 -0.509838
v -13.261453 0.009132 -0.495899
v -13.407001 -0.009132 -0.377914
v -13.115766 -0.009132 0.496040
v -13.261196 -0.009132 0.378000
v -13.129732 -0.009132 0.509679
v -13.115810 0.009132 0.495969
v -13.115615 -0.009132 0.523954
v -13.129751 0.009132 0.509581
v -13.261057 -0.009132 0.641504
v -12.982602 -0.009132 0.364165
v -13.101717 -0.009132 0.509427
v -13.261305 -0.009132 0.086497
v -13.115479 -0.009132 0.204498
v -13.129854 -0.009132 0.218535
v -13.115770 -0.009132 0.232532
v -13.129854 0.009132 0.218415
v -13.247317 -0.009132 0.363841
v -13.261057 -0.009132 0.350204
v -13.247348 0.009132 0.363928
v -13.247268 -0.009132 -0.218380
v -13.115702 -0.009132 -0.086614
v -13.261305 -0.009132 -0.204802
v -13.129854 -0.009132 -0.072765
v -13.115392 0.009132 -0.086833
v -13.129854 0.009132 -0.072885
v -13.260977 0.009132 0.058867
v -13.247215 -0.009132 0.073312
v -13.247135 0.009132 0.073439
v -13.247089 -0.009132 -0.509460
v -13.247367 0.009132 -0.509427
v -13.260864 -0.009132 -0.495478
v -13.115958 -0.009132 -0.378132
v -13.115615 0.009132 -0.378304
v -13.129652 -0.009132 -0.364322
v -13.115720 -0.009132 -0.350396
v -13.129683 0.009132 -0.364408
v -13.261344 -0.009132 -0.232147
v -13.261305 0.009132 -0.232147
v -13.247367 0.009132 -0.218127
v -13.115863 -0.009132 -0.641663
v -13.129480 0.009132 -0.655289
v -13.261608 -0.009132 -0.523782
v -12.982596 0.009132 0.655482
v -12.982632 -0.009132 0.655438
v -12.957752 0.009132 0.655393
v -13.115649 -0.009132 0.813180
v -13.421032 0.009132 -0.655329
v -13.552652 -0.009132 -0.788469
v -13.406835 0.009132 -0.669118
v -14.558351 -0.009132 0.509582
v -14.571980 -0.009132 0.523851
v -14.440501 -0.009132 0.655228
v -14.440532 0.009132 0.655141
v -14.426433 0.009132 0.641690
v -14.440532 0.009132 0.363841
v -14.426851 0.009132 0.378514
v -14.572039 -0.009132 0.495969
v -14.572207 0.009132 0.496149
v -14.558368 0.009132 0.509640
v -14.440703 0.009132 0.072765
v -14.426255 0.009132 0.086746
v -14.558351 -0.009132 0.218282
v -14.572128 -0.009132 0.204747
v -14.558368 0.009132 0.218340
v -13.115392 0.009132 0.204467
v -13.101698 -0.009132 0.218672
v -12.957822 0.009132 0.072957
v -12.982407 -0.009132 0.072700
v -12.982425 0.009132 0.072739
v -13.101886 -0.009132 -0.072851
v -12.982541 -0.009132 -0.218486
v -12.982630 -0.009132 -0.509802
v -12.982602 0.009132 -0.509815
v -13.101886 -0.009132 -0.364151
v -12.957920 0.009132 -0.509749
v -12.957920 -0.009132 -0.509800
v -13.115767 0.009132 -0.641690
v -14.558446 -0.009132 -0.655379
v -14.558351 0.009132 -0.655232
v -14.571981 -0.009132 -0.641601
v -14.426241 0.009132 -0.523782
v -14.440501 0.009132 -0.509578
v -14.440532 -0.009132 -0.509491
v -14.729933 -0.009132 -0.218242
v -14.729956 0.009132 -0.218294
v -14.705194 0.009132 -0.218481
v -14.571905 -0.009132 -0.086746
v -14.586132 -0.009132 -0.072477
v -14.571905 0.009132 -0.058904
v -14.586095 0.009132 -0.072557
v -14.705253 -0.009132 0.072882
v -14.705247 0.009132 0.072865
v -14.729956 0.009132 0.073005
v -14.730285 -0.009132 -0.509915
v -14.730171 0.009132 -0.509823
v -14.705219 0.009132 -0.509802
v -14.586132 -0.009132 -0.363777
v -14.586095 0.009132 -0.363856
v -14.571980 0.009132 -0.378201
v -14.571905 0.009132 -0.350204
v -14.705194 -0.009132 -0.218469
v -14.572367 0.009132 0.232298
v -14.586095 0.009132 0.218743
v -14.705317 -0.009132 0.364068
v -14.705481 0.009132 0.364167
v -14.729956 0.009132 0.364305
v -14.572367 0.009132 0.523598
v -14.586151 -0.009132 0.509578
v -14.705219 -0.009132 0.655452
v -14.730027 0.009132 0.655292
v -14.705359 0.009132 0.655370
v -14.558412 -0.009132 -0.363936
v -14.558351 0.009132 -0.363932
v -14.571826 -0.009132 -0.350167
v -14.426464 0.009132 -0.232654
v -14.440703 0.009132 -0.218535
v -14.440703 -0.009132 -0.218415
v -14.571826 -0.009132 -0.058867
v -14.426851 -0.009132 0.058436
v -14.440703 -0.009132 0.072885
v -14.426478 0.009132 -0.204747
v -14.571826 0.009132 -0.086783
v -14.558368 -0.009132 -0.072690
v -14.558351 0.009132 -0.072632
v -14.427073 0.009132 -0.495541
v -14.572079 -0.009132 -0.378182
v -14.572214 -0.009132 0.788498
v -14.572202 0.009132 0.788469
v -14.572143 0.009132 0.813347
v -14.730039 -0.009132 0.655332
v -14.572083 0.009132 0.204740
v -14.729933 -0.009132 0.073057
v -14.586132 -0.009132 0.218823
v -14.426664 0.009132 -0.813535
v -14.572039 0.009132 -0.641619
v -14.705216 -0.009132 -0.509788
v -14.729836 -0.009132 0.364251
v -14.586353 0.009132 0.509714
v -14.710285 -0.009132 -0.794617
v -14.710285 0.009132 -0.794617
v -14.723200 0.009132 -0.807532
v -16.159283 -0.009132 0.655077
v -16.159321 0.009132 0.655156
v -16.173182 -0.009132 0.669604
v -16.027563 -0.009132 0.788469
v -16.027578 0.009132 0.788467
v -16.027723 0.009132 0.813278
v -14.876216 -0.009132 -0.655232
v -14.862329 -0.009132 -0.669289
v -15.008194 -0.009132 -0.788658
v -15.008159 0.009132 -0.788636
v -15.007694 0.009132 -0.812992
v -16.173525 -0.009132 0.350117
v -16.318872 -0.009132 0.232147
v -16.187420 -0.009132 0.364185
v -16.173302 0.009132 0.669604
v -16.318829 -0.009132 0.813343
v -16.027685 -0.009132 0.813289
v -15.882225 0.009132 0.669432
v -15.882138 -0.009132 0.669402
v -15.736384 -0.009132 0.813289
v -15.590925 0.009132 0.669432
v -15.590838 -0.009132 0.669402
v -15.445085 -0.009132 0.813289
v -15.313165 0.009132 0.655232
v -15.153724 -0.009132 0.813347
v -15.022050 -0.009132 0.655708
v -15.007854 0.009132 0.669187
v -14.704474 -0.009132 0.655361
v -14.862453 0.009132 0.523954
v -14.848472 0.009132 0.509506
v -14.704730 -0.009132 0.363999
v -14.704718 0.009132 0.364063
v -14.729294 0.009132 0.364106
v -14.848385 0.009132 0.218758
v -14.862329 0.009132 0.232340
v -14.862377 -0.009132 -0.059242
v -14.862407 0.009132 -0.059242
v -14.704528 -0.009132 0.072918
v -14.848603 0.009132 -0.072798
v -14.704638 -0.009132 -0.218500
v -14.704638 0.009132 -0.218449
v -14.729259 0.009132 -0.218464
v -14.848603 0.009132 -0.364098
v -14.862483 0.009132 -0.350390
v -14.848603 -0.009132 -0.655451
v -14.848603 0.009132 -0.655398
v -14.862265 0.009132 -0.669300
v -14.723200 -0.009132 -0.807532
v -15.008141 -0.009132 -0.813375
v -15.154305 -0.009132 -0.669614
v -15.299468 -0.009132 -0.813087
v -15.299316 0.009132 -0.813180
v -15.299356 0.009132 -0.788467
v -15.444796 -0.009132 -0.669402
v -15.590549 -0.009132 -0.813289
v -15.590509 0.009132 -0.813278
v -15.590604 0.009132 -0.788527
v -15.736319 -0.009132 -0.669214
v -15.881968 -0.009132 -0.813180
v -15.881916 0.009132 -0.813180
v -15.881904 0.009132 -0.788527
v -16.027395 -0.009132 -0.669402
v -16.027323 0.009132 0.523696
v -16.173197 -0.009132 0.641696
v -15.867965 -0.009132 0.655621
v -15.867934 0.009132 0.655708
v -15.736423 0.009132 0.813278
v -15.736310 -0.009132 0.788523
v -15.736329 0.009132 0.788527
v -16.172894 -0.009132 0.086783
v -16.027651 -0.009132 0.204296
v -16.041550 -0.009132 0.218823
v -16.159292 -0.009132 0.364086
v -16.041512 0.009132 0.218743
v -16.027832 0.009132 0.232258
v -16.173439 0.009132 0.350147
v -16.158945 0.009132 0.364585
v -16.159569 -0.009132 -0.218494
v -16.173151 -0.009132 -0.204740
v -16.159569 0.009132 -0.218455
v -16.027651 -0.009132 -0.087004
v -16.041512 -0.009132 -0.072429
v -16.027546 0.009132 -0.059097
v -16.159435 -0.009132 0.072960
v -16.041471 0.009132 -0.072503
v -16.173401 0.009132 0.058477
v -16.159418 0.009132 0.073018
v -16.159513 -0.009132 -0.509729
v -16.159506 0.009132 -0.509683
v -16.041222 0.009132 -0.364193
v -16.173214 -0.009132 -0.495985
v -16.027245 0.009132 -0.378083
v -16.041414 -0.009132 -0.363932
v -16.027651 0.009132 -0.349946
v -16.173082 -0.009132 -0.232823
v -16.027630 0.009132 -0.641476
v -16.041668 -0.009132 -0.655231
v -16.173044 -0.009132 -0.523752
v -16.173290 -0.009132 -0.813422
v -16.173256 0.009132 -0.788467
v -16.013515 -0.009132 0.509581
v -16.013535 0.009132 0.509679
v -16.027245 -0.009132 0.523733
v -15.896018 -0.009132 0.655618
v -15.895999 0.009132 0.655520
v -15.881922 0.009132 0.641752
v -16.173401 -0.009132 0.378473
v -16.041471 -0.009132 0.509453
v -16.041512 0.009132 0.509378
v -16.027500 0.009132 0.496040
v -15.895949 0.009132 0.363841
v -16.027500 -0.009132 0.232210
v -15.881882 0.009132 0.349945
v -15.896121 -0.009132 0.364185
v -15.873597 0.009132 0.371393
v -16.027546 -0.009132 0.496046
v -16.027500 -0.009132 -0.059090
v -15.882101 0.009132 0.058477
v -15.895788 0.009132 0.073187
v -15.895900 -0.009132 0.073173
v -15.881961 0.009132 0.086497
v -16.013670 -0.009132 0.218743
v -16.013634 0.009132 0.218823
v -16.028179 0.009132 0.203797
v -16.013048 -0.009132 -0.364233
v -16.013048 0.009132 -0.364016
v -16.027531 -0.009132 -0.349946
v -15.882904 0.009132 -0.232918
v -15.895614 0.009132 -0.218494
v -15.895614 -0.009132 -0.218455
v -15.881961 0.009132 -0.204802
v -16.013670 -0.009132 -0.072557
v -16.013634 0.009132 -0.072477
v -16.027531 0.009132 -0.087004
v -16.013643 -0.009132 -0.655463
v -16.027554 -0.009132 -0.641476
v -16.013769 0.009132 -0.655232
v -15.895919 -0.009132 -0.509971
v -15.895949 0.009132 -0.510058
v -15.881659 0.009132 -0.523782
v -15.883163 0.009132 -0.495124
v -16.027323 -0.009132 -0.378046
v -15.867870 -0.009132 0.364664
v -15.882782 -0.009132 0.378644
v -15.736367 0.009132 0.496184
v -15.750183 0.009132 0.509340
v -15.750138 -0.009132 0.509412
v -15.736311 0.009132 0.523447
v -15.881961 -0.009132 0.641752
v -15.576463 -0.009132 0.655364
v -15.576463 0.009132 0.655485
v -15.444964 -0.009132 0.788469
v -15.444978 0.009132 0.788467
v -15.445125 0.009132 0.813278
v -15.868021 -0.009132 0.073093
v -15.881922 -0.009132 0.086497
v -15.867984 0.009132 0.073173
v -15.737188 -0.009132 0.203638
v -15.750250 -0.009132 0.218823
v -15.736306 0.009132 0.232058
v -15.750213 0.009132 0.218743
v -15.882002 -0.009132 0.349945
v -15.868269 -0.009132 -0.218494
v -15.881922 -0.009132 -0.204802
v -15.868316 0.009132 -0.218509
v -15.750213 -0.009132 -0.072429
v -15.750171 0.009132 -0.072503
v -15.736232 0.009132 -0.087004
v -15.736311 0.009132 -0.059152
v -15.882269 -0.009132 0.058436
v -15.868214 -0.009132 -0.509729
v -15.882040 -0.009132 -0.496092
v -15.868207 0.009132 -0.509683
v -15.750045 -0.009132 -0.363845
v -15.749804 0.009132 -0.364136
v -15.736232 0.009132 -0.378304
v -15.736133 0.009132 -0.349777
v -15.883163 -0.009132 -0.233126
v -15.736330 0.009132 -0.641476
v -15.750156 -0.009132 -0.655488
v -15.881968 -0.009132 -0.523564
v -15.722216 -0.009132 0.509581
v -15.722235 0.009132 0.509679
v -15.736272 -0.009132 0.523447
v -15.604718 -0.009132 0.655618
v -15.604699 0.009132 0.655520
v -15.590622 0.009132 0.641752
v -16.027308 0.009132 -0.669432
v -16.041649 0.009132 -0.655329
v -16.173300 -0.009132 -0.788503
v -15.736277 -0.009132 0.232058
v -15.605031 -0.009132 0.364452
v -15.604990 0.009132 0.364284
v -15.590582 0.009132 0.349946
v -15.590669 0.009132 0.377914
v -15.735805 -0.009132 0.495665
v -15.722371 -0.009132 -0.072557
v -15.722334 0.009132 -0.072477
v -15.736272 -0.009132 -0.059152
v -15.590702 -0.009132 0.058646
v -15.604533 -0.009132 0.073259
v -15.590990 0.009132 0.086783
v -15.604563 0.009132 0.073093
v -15.722371 -0.009132 0.218743
v -15.722334 0.009132 0.218823
v -15.736232 0.009132 0.204296
v -15.722162 -0.009132 -0.364824
v -15.722056 0.009132 -0.364439
v -15.736232 -0.009132 -0.349946
v -15.590963 0.009132 -0.232354
v -15.604314 0.009132 -0.218494
v -15.604314 -0.009132 -0.218455
v -15.590661 0.009132 -0.204802
v -15.736352 -0.009132 -0.087004
v -15.722343 -0.009132 -0.655463
v -15.736254 -0.009132 -0.641476
v -15.722468 0.009132 -0.655232
v -15.604377 -0.009132 -0.509683
v -15.604370 0.009132 -0.509729
v -15.590582 0.009132 -0.523954
v -15.590544 0.009132 -0.496092
v -15.736352 -0.009132 -0.378304
v -15.576762 -0.009132 0.364446
v -15.575964 0.009132 0.363537
v -15.445221 0.009132 0.496046
v -15.590615 -0.009132 0.377914
v -15.459068 0.009132 0.509581
v -15.459049 -0.009132 0.509679
v -15.445340 0.009132 0.523733
v -15.590661 -0.009132 0.641752
v -15.299625 0.009132 0.669432
v -15.299539 -0.009132 0.669402
v -15.153635 -0.009132 0.788503
v -15.153652 0.009132 0.788498
v -15.153756 0.009132 0.813343
v -15.590910 -0.009132 0.086746
v -15.445339 -0.009132 0.204517
v -15.458664 -0.009132 0.218494
v -15.445083 0.009132 0.232210
v -15.458664 0.009132 0.218455
v -15.590702 -0.009132 0.349946
v -15.576859 -0.009132 -0.218716
v -15.576836 0.009132 -0.218610
v -15.445275 -0.009132 -0.086832
v -15.590622 -0.009132 -0.204802
v -15.458950 -0.009132 -0.072477
v -15.445083 0.009132 -0.059090
v -15.458913 0.009132 -0.072557
v -15.576463 -0.009132 0.072765
v -15.576463 0.009132 0.072885
v -15.590582 0.009132 0.058646
v -15.576914 -0.009132 -0.509729
v -15.576907 0.009132 -0.509684
v -15.589420 -0.009132 -0.495124
v -15.459181 -0.009132 -0.363511
v -15.459102 0.009132 -0.363638
v -15.444932 0.009132 -0.378304
v -15.444723 0.009132 -0.350204
v -15.591038 -0.009132 -0.232396
v -15.445030 0.009132 -0.641476
v -15.458727 -0.009132 -0.655333
v -15.590925 -0.009132 -0.523782
v -15.431071 -0.009132 0.509378
v -15.431112 0.009132 0.509453
v -15.299690 -0.009132 0.641467
v -15.444973 -0.009132 0.523447
v -15.313418 -0.009132 0.655618
v -15.299610 0.009132 0.641504
v -15.736265 0.009132 -0.669214
v -15.750168 0.009132 -0.655553
v -15.881923 -0.009132 -0.788523
v -15.445037 -0.009132 0.232203
v -15.299402 -0.009132 0.349945
v -15.313291 -0.009132 0.364163
v -15.299183 0.009132 0.378473
v -15.313207 0.009132 0.364188
v -15.444576 -0.009132 0.495613
v -15.445037 -0.009132 -0.059097
v -15.299402 -0.009132 0.058646
v -15.313165 -0.009132 0.073018
v -15.313148 0.009132 0.072960
v -15.299690 0.009132 0.086783
v -15.431071 -0.009132 0.218743
v -15.445260 0.009132 0.204554
v -15.431034 0.009132 0.218823
v -15.430757 -0.009132 -0.363810
v -15.430696 0.009132 -0.363664
v -15.444883 -0.009132 -0.349582
v -15.299539 0.009132 -0.232452
v -15.313263 0.009132 -0.218207
v -15.312968 -0.009132 -0.218509
v -15.298926 0.009132 -0.204313
v -15.431361 -0.009132 -0.072893
v -15.431366 0.009132 -0.072859
v -15.445189 0.009132 -0.086802
v -15.431044 -0.009132 -0.655463
v -15.444954 -0.009132 -0.641476
v -15.431044 0.009132 -0.655386
v -15.313077 -0.009132 -0.509683
v -15.313070 0.009132 -0.509729
v -15.299315 0.009132 -0.523564
v -15.299357 0.009132 -0.496191
v -15.445052 -0.009132 -0.378304
v -15.153831 0.009132 0.496127
v -15.293662 -0.009132 0.374827
v -15.167364 0.009132 0.509755
v -15.167364 -0.009132 0.509794
v -15.153886 0.009132 0.523851
v -15.285335 -0.009132 0.655141
v -15.285365 0.009132 0.655228
v -14.994370 -0.009132 0.655405
v -14.994370 0.009132 0.655444
v -15.007914 -0.009132 0.669300
v -14.862419 -0.009132 0.788604
v -14.862473 0.009132 0.788577
v -14.862195 0.009132 0.812974
v -15.299610 -0.009132 0.086746
v -15.154039 -0.009132 0.204517
v -15.167364 -0.009132 0.218494
v -15.154039 0.009132 0.232433
v -15.167364 0.009132 0.218455
v -15.284664 0.009132 0.363537
v -15.299282 0.009132 0.349945
v -15.285421 -0.009132 -0.218207
v -15.285384 0.009132 -0.218127
v -15.298792 -0.009132 -0.204241
v -15.167498 0.009132 -0.072690
v -15.153632 0.009132 -0.087004
v -15.167515 -0.009132 -0.072632
v -15.153886 0.009132 -0.058748
v -15.285335 -0.009132 0.072542
v -15.285365 0.009132 0.072628
v -15.299282 0.009132 0.058646
v -15.285559 -0.009132 -0.510016
v -15.300304 -0.009132 -0.495331
v -15.285580 0.009132 -0.509963
v -15.167340 -0.009132 -0.364264
v -15.167802 0.009132 -0.363638
v -15.153666 0.009132 -0.377914
v -15.154039 0.009132 -0.350167
v -15.299470 -0.009132 -0.232350
v -15.153378 0.009132 -0.641189
v -15.167650 -0.009132 -0.655077
v -15.299625 -0.009132 -0.523782
v -15.139964 -0.009132 0.509820
v -15.139715 0.009132 0.509578
v -15.153500 -0.009132 0.523598
v -15.021777 0.009132 0.655333
v -15.008022 0.009132 0.641752
v -15.444709 0.009132 -0.669432
v -15.458720 0.009132 -0.655379
v -15.590623 -0.009132 -0.788523
v -15.153673 -0.009132 0.232147
v -15.022119 -0.009132 0.364318
v -15.007694 0.009132 0.350167
v -15.021866 0.009132 0.363932
v -15.007978 0.009132 0.377990
v -15.153870 -0.009132 0.496113
v -15.139771 -0.009132 -0.072557
v -15.153788 -0.009132 -0.058768
v -15.139734 0.009132 -0.072477
v -15.007774 -0.009132 0.058904
v -15.021715 -0.009132 0.072844
v -15.021715 0.009132 0.072805
v -15.008061 0.009132 0.086497
v -15.139771 -0.009132 0.218743
v -15.153960 0.009132 0.204554
v -15.139734 0.009132 0.218823
v -15.139771 -0.009132 -0.364521
v -15.153960 -0.009132 -0.350204
v -15.139635 0.009132 -0.364220
v -15.021714 0.009132 -0.218494
v -15.021714 -0.009132 -0.218455
v -15.008061 0.009132 -0.204802
v -15.153752 -0.009132 -0.087004
v -15.139909 -0.009132 -0.655666
v -15.139931 0.009132 -0.655613
v -15.153232 -0.009132 -0.641128
v -15.008239 0.009132 -0.523752
v -15.021918 0.009132 -0.509903
v -15.021907 -0.009132 -0.509838
v -15.008170 0.009132 -0.495899
v -15.153719 -0.009132 -0.377914
v -14.862483 -0.009132 0.496040
v -15.007914 -0.009132 0.378000
v -14.876450 -0.009132 0.509679
v -14.862528 0.009132 0.495969
v -14.862332 -0.009132 0.523954
v -14.876469 0.009132 0.509581
v -15.007774 -0.009132 0.641504
v -14.729320 -0.009132 0.364165
v -14.848434 -0.009132 0.509427
v -15.008022 -0.009132 0.086497
v -14.862196 -0.009132 0.204498
v -14.876572 -0.009132 0.218535
v -14.862488 -0.009132 0.232532
v -14.876572 0.009132 0.218415
v -14.994035 -0.009132 0.363841
v -15.007774 -0.009132 0.350204
v -14.994065 0.009132 0.363928
v -14.993985 -0.009132 -0.218380
v -14.862419 -0.009132 -0.086614
v -15.008022 -0.009132 -0.204802
v -14.876572 -0.009132 -0.072765
v -14.862109 0.009132 -0.086833
v -14.876572 0.009132 -0.072885
v -15.007694 0.009132 0.058867
v -14.993933 -0.009132 0.073312
v -14.993853 0.009132 0.073439
v -14.993807 -0.009132 -0.509460
v -14.994084 0.009132 -0.509427
v -15.007582 -0.009132 -0.495478
v -14.862676 -0.009132 -0.378132
v -14.862332 0.009132 -0.378304
v -14.876369 -0.009132 -0.364322
v -14.862437 -0.009132 -0.350396
v -14.876400 0.009132 -0.364408
v -15.008061 -0.009132 -0.232147
v -15.008022 0.009132 -0.232147
v -14.994084 0.009132 -0.218127
v -14.862580 -0.009132 -0.641663
v -14.876198 0.009132 -0.655289
v -15.008326 -0.009132 -0.523782
v -14.729314 0.009132 0.655482
v -14.729349 -0.009132 0.655438
v -14.704470 0.009132 0.655393
v -14.862367 -0.009132 0.813180
v -15.167749 0.009132 -0.655329
v -15.299370 -0.009132 -0.788469
v -15.153552 0.009132 -0.669118
v -16.305069 -0.009132 0.509582
v -16.318697 -0.009132 0.523851
v -16.187218 -0.009132 0.655228
v -16.187248 0.009132 0.655141
v -16.173151 0.009132 0.641690
v -16.187248 0.009132 0.363841
v -16.173569 0.009132 0.378514
v -16.318756 -0.009132 0.495969
v -16.318926 0.009132 0.496149
v -16.305086 0.009132 0.509640
v -16.187420 0.009132 0.072765
v -16.172974 0.009132 0.086746
v -16.305069 -0.009132 0.218282
v -16.318846 -0.009132 0.204747
v -16.305086 0.009132 0.218340
v -14.862109 0.009132 0.204467
v -14.848415 -0.009132 0.218672
v -14.704539 0.009132 0.072957
v -14.729124 -0.009132 0.072700
v -14.729142 0.009132 0.072739
v -14.848603 -0.009132 -0.072851
v -14.729259 -0.009132 -0.218486
v -14.729347 -0.009132 -0.509802
v -14.729320 0.009132 -0.509815
v -14.848603 -0.009132 -0.364151
v -14.704638 0.009132 -0.509749
v -14.704638 -0.009132 -0.509800
v -14.862484 0.009132 -0.641690
v -16.305162 -0.009132 -0.655379
v -16.305069 0.009132 -0.655232
v -16.318699 -0.009132 -0.641601
v -16.172958 0.009132 -0.523782
v -16.187220 0.009132 -0.509578
v -16.187248 -0.009132 -0.509491
v -16.476650 -0.009132 -0.218242
v -16.476673 0.009132 -0.218294
v -16.451912 0.009132 -0.218481
v -16.318623 -0.009132 -0.086746
v -16.332850 -0.009132 -0.072477
v -16.318623 0.009132 -0.058904
v -16.332813 0.009132 -0.072557
v -16.451969 -0.009132 0.072882
v -16.451965 0.009132 0.072865
v -16.476673 0.009132 0.073005
v -16.477001 -0.009132 -0.509915
v -16.476889 0.009132 -0.509823
v -16.451937 0.009132 -0.509802
v -16.332850 -0.009132 -0.363777
v -16.332813 0.009132 -0.363856
v -16.318697 0.009132 -0.378201
v -16.318623 0.009132 -0.350204
v -16.451912 -0.009132 -0.218469
v -16.319084 0.009132 0.232298
v -16.332813 0.009132 0.218743
v -16.452034 -0.009132 0.364068
v -16.452198 0.009132 0.364167
v -16.476673 0.009132 0.364305
v -16.319084 0.009132 0.523598
v -16.332869 -0.009132 0.509578
v -16.451937 -0.009132 0.655452
v -16.476744 0.009132 0.655292
v -16.452078 0.009132 0.655370
v -16.305130 -0.009132 -0.363936
v -16.305069 0.009132 -0.363932
v -16.318544 -0.009132 -0.350167
v -16.173182 0.009132 -0.232654
v -16.187420 0.009132 -0.218535
v -16.187420 -0.009132 -0.218415
v -16.318544 -0.009132 -0.058867
v -16.173569 -0.009132 0.058436
v -16.187420 -0.009132 0.072885
v -16.173197 0.009132 -0.204747
v -16.318544 0.009132 -0.086783
v -16.305086 -0.009132 -0.072690
v -16.305069 0.009132 -0.072632
v -16.173792 0.009132 -0.495541
v -16.318796 -0.009132 -0.378182
v -16.318932 -0.009132 0.788498
v -16.318918 0.009132 0.788469
v -16.318859 0.009132 0.813347
v -16.476755 -0.009132 0.655332
v -16.318800 0.009132 0.204740
v -16.476650 -0.009132 0.073057
v -16.332850 -0.009132 0.218823
v -16.173382 0.009132 -0.813535
v -16.318756 0.009132 -0.641619
v -16.451935 -0.009132 -0.509788
v -16.476553 -0.009132 0.364251
v -16.333071 0.009132 0.509714
v -16.457001 -0.009132 -0.794617
v -16.457001 0.009132 -0.794617
v -16.469917 0.009132 -0.807532
v -17.906000 -0.009132 0.655077
v -17.906036 0.009132 0.655156
v -17.919897 -0.009132 0.669604
v -17.774281 -0.009132 0.788469
v -17.774294 0.009132 0.788467
v -17.774441 0.009132 0.813278
v -16.622932 -0.009132 -0.655232
v -16.609045 -0.009132 -0.669289
v -16.754911 -0.009132 -0.788658
v -16.754875 0.009132 -0.788636
v -16.754412 0.009132 -0.812992
v -17.920240 -0.009132 0.350117
v -18.065588 -0.009132 0.232147
v -17.934137 -0.009132 0.364185
v -17.920017 0.009132 0.669604
v -18.065544 -0.009132 0.813343
v -17.774401 -0.009132 0.813289
v -17.628941 0.009132 0.669432
v -17.628855 -0.009132 0.669402
v -17.483101 -0.009132 0.813289
v -17.337641 0.009132 0.669432
v -17.337555 -0.009132 0.669402
v -17.191801 -0.009132 0.813289
v -17.059881 0.009132 0.655232
v -16.900440 -0.009132 0.813347
v -16.768766 -0.009132 0.655708
v -16.754570 0.009132 0.669187
v -16.451191 -0.009132 0.655361
v -16.609169 0.009132 0.523954
v -16.595188 0.009132 0.509506
v -16.451447 -0.009132 0.363999
v -16.451435 0.009132 0.364063
v -16.476009 0.009132 0.364106
v -16.595100 0.009132 0.218758
v -16.609045 0.009132 0.232340
v -16.609095 -0.009132 -0.059242
v -16.609123 0.009132 -0.059242
v -16.451244 -0.009132 0.072918
v -16.595320 0.009132 -0.072798
v -16.451353 -0.009132 -0.218500
v -16.451353 0.009132 -0.218449
v -16.475975 0.009132 -0.218464
v -16.595320 0.009132 -0.364098
v -16.609200 0.009132 -0.350390
v -16.595320 -0.009132 -0.655451
v -16.595320 0.009132 -0.655398
v -16.608980 0.009132 -0.669300
v -16.469917 -0.009132 -0.807532
v -16.754858 -0.009132 -0.813375
v -16.901022 -0.009132 -0.669614
v -17.046185 -0.009132 -0.813087
v -17.046034 0.009132 -0.813180
v -17.046072 0.009132 -0.788467
v -17.191511 -0.009132 -0.669402
v -17.337265 -0.009132 -0.813289
v -17.337227 0.009132 -0.813278
v -17.337320 0.009132 -0.788527
v -17.483034 -0.009132 -0.669214
v -17.628683 -0.009132 -0.813180
v -17.628633 0.009132 -0.813180
v -17.628620 0.009132 -0.788527
v -17.774111 -0.009132 -0.669402
v -17.774040 0.009132 0.523696
v -17.919912 -0.009132 0.641696
v -17.614681 -0.009132 0.655621
v -17.614651 0.009132 0.655708
v -17.483141 0.009132 0.813278
v -17.483027 -0.009132 0.788523
v -17.483046 0.009132 0.788527
v -17.919611 -0.009132 0.086783
v -17.774368 -0.009132 0.204296
v -17.788265 -0.009132 0.218823
v -17.906010 -0.009132 0.364086
v -17.788229 0.009132 0.218743
v -17.774549 0.009132 0.232258
v -17.920155 0.009132 0.350147
v -17.905661 0.009132 0.364585
v -17.906286 -0.009132 -0.218494
v -17.919867 -0.009132 -0.204740
v -17.906286 0.009132 -0.218455
v -17.774368 -0.009132 -0.087004
v -17.788229 -0.009132 -0.072429
v -17.774263 0.009132 -0.059097
v -17.906153 -0.009132 0.072960
v -17.788187 0.009132 -0.072503
v -17.920116 0.009132 0.058477
v -17.906136 0.009132 0.073018
v -17.906229 -0.009132 -0.509729
v -17.906223 0.009132 -0.509683
v -17.787939 0.009132 -0.364193
v -17.919931 -0.009132 -0.495985
v -17.773960 0.009132 -0.378083
v -17.788132 -0.009132 -0.363932
v -17.774368 0.009132 -0.349946
v -17.919798 -0.009132 -0.232823
v -17.774345 0.009132 -0.641476
v -17.788385 -0.009132 -0.655231
v -17.919762 -0.009132 -0.523752
v -17.920006 -0.009132 -0.813422
v -17.919971 0.009132 -0.788467
v -17.760231 -0.009132 0.509581
v -17.760250 0.009132 0.509679
v -17.773960 -0.009132 0.523733
v -17.642735 -0.009132 0.655618
v -17.642715 0.009132 0.655520
v -17.628639 0.009132 0.641752
v -17.920116 -0.009132 0.378473
v -17.788187 -0.009132 0.509453
v -17.788229 0.009132 0.509378
v -17.774218 0.009132 0.496040
v -17.642666 0.009132 0.363841
v -17.774218 -0.009132 0.232210
v -17.628597 0.009132 0.349945
v -17.642838 -0.009132 0.364185
v -17.620314 0.009132 0.371393
v -17.774263 -0.009132 0.496046
v -17.774218 -0.009132 -0.059090
v -17.628817 0.009132 0.058477
v -17.642506 0.009132 0.073187
v -17.642616 -0.009132 0.073173
v -17.628677 0.009132 0.086497
v -17.760387 -0.009132 0.218743
v -17.760349 0.009132 0.218823
v -17.774895 0.009132 0.203797
v -17.759766 -0.009132 -0.364233
v -17.759766 0.009132 -0.364016
v -17.774248 -0.009132 -0.349946
v -17.629620 0.009132 -0.232918
v -17.642330 0.009132 -0.218494
v -17.642330 -0.009132 -0.218455
v -17.628677 0.009132 -0.204802
v -17.760387 -0.009132 -0.072557
v -17.760349 0.009132 -0.072477
v -17.774248 0.009132 -0.087004
v -17.760359 -0.009132 -0.655463
v -17.774269 -0.009132 -0.641476
v -17.760485 0.009132 -0.655232
v -17.642635 -0.009132 -0.509971
v -17.642666 0.009132 -0.510058
v -17.628374 0.009132 -0.523782
v -17.629879 0.009132 -0.495124
v -17.774040 -0.009132 -0.378046
v -17.614586 -0.009132 0.364664
v -17.629499 -0.009132 0.378644
v -17.483084 0.009132 0.496184
v -17.496901 0.009132 0.509340
v -17.496855 -0.009132 0.509412
v -17.483028 0.009132 0.523447
v -17.628677 -0.009132 0.641752
v -17.323179 -0.009132 0.655364
v -17.323179 0.009132 0.655485
v -17.191681 -0.009132 0.788469
v -17.191694 0.009132 0.788467
v -17.191841 0.009132 0.813278
v -17.614737 -0.009132 0.073093
v -17.628639 -0.009132 0.086497
v -17.614700 0.009132 0.073173
v -17.483906 -0.009132 0.203638
v -17.496965 -0.009132 0.218823
v -17.483023 0.009132 0.232058
v -17.496929 0.009132 0.218743
v -17.628717 -0.009132 0.349945
v -17.614986 -0.009132 -0.218494
v -17.628639 -0.009132 -0.204802
v -17.615032 0.009132 -0.218509
v -17.496929 -0.009132 -0.072429
v -17.496887 0.009132 -0.072503
v -17.482948 0.009132 -0.087004
v -17.483028 0.009132 -0.059152
v -17.628986 -0.009132 0.058436
v -17.614929 -0.009132 -0.509729
v -17.628757 -0.009132 -0.496092
v -17.614923 0.009132 -0.509683
v -17.496761 -0.009132 -0.363845
v -17.496521 0.009132 -0.364136
v -17.482948 0.009132 -0.378304
v -17.482849 0.009132 -0.349777
v -17.629879 -0.009132 -0.233126
v -17.483047 0.009132 -0.641476
v -17.496874 -0.009132 -0.655488
v -17.628685 -0.009132 -0.523564
v -17.468931 -0.009132 0.509581
v -17.468950 0.009132 0.509679
v -17.482988 -0.009132 0.523447
v -17.351435 -0.009132 0.655618
v -17.351416 0.009132 0.655520
v -17.337339 0.009132 0.641752
v -17.774025 0.009132 -0.669432
v -17.788364 0.009132 -0.655329
v -17.920015 -0.009132 -0.788503
v -17.482994 -0.009132 0.232058
v -17.351748 -0.009132 0.364452
v -17.351706 0.009132 0.364284
v -17.337297 0.009132 0.349946
v -17.337385 0.009132 0.377914
v -17.482521 -0.009132 0.495665
v -17.469088 -0.009132 -0.072557
v -17.469049 0.009132 -0.072477
v -17.482988 -0.009132 -0.059152
v -17.337418 -0.009132 0.058646
v -17.351250 -0.009132 0.073259
v -17.337706 0.009132 0.086783
v -17.351280 0.009132 0.073093
v -17.469088 -0.009132 0.218743
v -17.469049 0.009132 0.218823
v -17.482948 0.009132 0.204296
v -17.468880 -0.009132 -0.364824
v -17.468773 0.009132 -0.364439
v -17.482948 -0.009132 -0.349946
v -17.337681 0.009132 -0.232354
v -17.351030 0.009132 -0.218494
v -17.351030 -0.009132 -0.218455
v -17.337378 0.009132 -0.204802
v -17.483068 -0.009132 -0.087004
v -17.469059 -0.009132 -0.655463
v -17.482969 -0.009132 -0.641476
v -17.469185 0.009132 -0.655232
v -17.351093 -0.009132 -0.509683
v -17.351088 0.009132 -0.509729
v -17.337297 0.009132 -0.523954
v -17.337259 0.009132 -0.496092
v -17.483068 -0.009132 -0.378304
v -17.323479 -0.009132 0.364446
v -17.322681 0.009132 0.363537
v -17.191938 0.009132 0.496046
v -17.337332 -0.009132 0.377914
v -17.205786 0.009132 0.509581
v -17.205765 -0.009132 0.509679
v -17.192057 0.009132 0.523733
v -17.337378 -0.009132 0.641752
v -17.046341 0.009132 0.669432
v -17.046255 -0.009132 0.669402
v -16.900351 -0.009132 0.788503
v -16.900368 0.009132 0.788498
v -16.900473 0.009132 0.813343
v -17.337627 -0.009132 0.086746
v -17.192057 -0.009132 0.204517
v -17.205381 -0.009132 0.218494
v -17.191799 0.009132 0.232210
v -17.205381 0.009132 0.218455
v -17.337418 -0.009132 0.349946
v -17.323574 -0.009132 -0.218716
v -17.323553 0.009132 -0.218610
v -17.191992 -0.009132 -0.086832
v -17.337339 -0.009132 -0.204802
v -17.205666 -0.009132 -0.072477
v -17.191799 0.009132 -0.059090
v -17.205629 0.009132 -0.072557
v -17.323179 -0.009132 0.072765
v -17.323179 0.009132 0.072885
v -17.337297 0.009132 0.058646
v -17.323629 -0.009132 -0.509729
v -17.323624 0.009132 -0.509684
v -17.336136 -0.009132 -0.495124
v -17.205898 -0.009132 -0.363511
v -17.205818 0.009132 -0.363638
v -17.191648 0.009132 -0.378304
v -17.191441 0.009132 -0.350204
v -17.337755 -0.009132 -0.232396
v -17.191748 0.009132 -0.641476
v -17.205442 -0.009132 -0.655333
v -17.337641 -0.009132 -0.523782
v -17.177788 -0.009132 0.509378
v -17.177830 0.009132 0.509453
v -17.046406 -0.009132 0.641467
v -17.191689 -0.009132 0.523447
v -17.060135 -0.009132 0.655618
v -17.046328 0.009132 0.641504
v -17.482983 0.009132 -0.669214
v -17.496883 0.009132 -0.655553
v -17.628639 -0.009132 -0.788523
v -17.191753 -0.009132 0.232203
v -17.046120 -0.009132 0.349945
v -17.060007 -0.009132 0.364163
v -17.045898 0.009132 0.378473
v -17.059923 0.009132 0.364188
v -17.191294 -0.009132 0.495613
v -17.191753 -0.009132 -0.059097
v -17.046120 -0.009132 0.058646
v -17.059881 -0.009132 0.073018
v -17.059864 0.009132 0.072960
v -17.046406 0.009132 0.086783
v -17.177788 -0.009132 0.218743
v -17.191977 0.009132 0.204554
v -17.177750 0.009132 0.218823
v -17.177473 -0.009132 -0.363810
v -17.177412 0.009132 -0.363664
v -17.191601 -0.009132 -0.349582
v -17.046255 0.009132 -0.232452
v -17.059980 0.009132 -0.218207
v -17.059685 -0.009132 -0.218509
v -17.045643 0.009132 -0.204313
v -17.178078 -0.009132 -0.072893
v -17.178082 0.009132 -0.072859
v -17.191906 0.009132 -0.086802
v -17.177759 -0.009132 -0.655463
v -17.191669 -0.009132 -0.641476
v -17.177759 0.009132 -0.655386
v -17.059793 -0.009132 -0.509683
v -17.059788 0.009132 -0.509729
v -17.046032 0.009132 -0.523564
v -17.046074 0.009132 -0.496191
v -17.191769 -0.009132 -0.378304
v -16.900549 0.009132 0.496127
v -17.040379 -0.009132 0.374827
v -16.914082 0.009132 0.509755
v -16.914082 -0.009132 0.509794
v -16.900602 0.009132 0.523851
v -17.032051 -0.009132 0.655141
v -17.032082 0.009132 0.655228
v -16.741087 -0.009132 0.655405
v -16.741087 0.009132 0.655444
v -16.754631 -0.009132 0.669300
v -16.609137 -0.009132 0.788604
v -16.609190 0.009132 0.788577
v -16.608912 0.009132 0.812974
v -17.046328 -0.009132 0.086746
v -16.900757 -0.009132 0.204517
v -16.914082 -0.009132 0.218494
v -16.900757 0.009132 0.232433
v -16.914082 0.009132 0.218455
v -17.031382 0.009132 0.363537
v -17.045998 0.009132 0.349945
v -17.032137 -0.009132 -0.218207
v -17.032101 0.009132 -0.218127
v -17.045509 -0.009132 -0.204241
v -16.914215 0.009132 -0.072690
v -16.900349 0.009132 -0.087004
v -16.914232 -0.009132 -0.072632
v -16.900602 0.009132 -0.058748
v -17.032051 -0.009132 0.072542
v -17.032082 0.009132 0.072628
v -17.045998 0.009132 0.058646
v -17.032274 -0.009132 -0.510016
v -17.047022 -0.009132 -0.495331
v -17.032297 0.009132 -0.509963
v -16.914057 -0.009132 -0.364264
v -16.914518 0.009132 -0.363638
v -16.900383 0.009132 -0.377914
v -16.900757 0.009132 -0.350167
v -17.046186 -0.009132 -0.232350
v -16.900095 0.009132 -0.641189
v -16.914366 -0.009132 -0.655077
v -17.046341 -0.009132 -0.523782
v -16.886681 -0.009132 0.509820
v -16.886431 0.009132 0.509578
v -16.900215 -0.009132 0.523598
v -16.768494 0.009132 0.655333
v -16.754740 0.009132 0.641752
v -17.191425 0.009132 -0.669432
v -17.205437 0.009132 -0.655379
v -17.337339 -0.009132 -0.788523
v -16.900389 -0.009132 0.232147
v -16.768835 -0.009132 0.364318
v -16.754412 0.009132 0.350167
v -16.768581 0.009132 0.363932
v -16.754696 0.009132 0.377990
v -16.900587 -0.009132 0.496113
v -16.886488 -0.009132 -0.072557
v -16.900503 -0.009132 -0.058768
v -16.886450 0.009132 -0.072477
v -16.754490 -0.009132 0.058904
v -16.768431 -0.009132 0.072844
v -16.768431 0.009132 0.072805
v -16.754778 0.009132 0.086497
v -16.886488 -0.009132 0.218743
v -16.900677 0.009132 0.204554
v -16.886450 0.009132 0.218823
v -16.886488 -0.009132 -0.364521
v -16.900677 -0.009132 -0.350204
v -16.886351 0.009132 -0.364220
v -16.768431 0.009132 -0.218494
v -16.768431 -0.009132 -0.218455
v -16.754778 0.009132 -0.204802
v -16.900469 -0.009132 -0.087004
v -16.886625 -0.009132 -0.655666
v -16.886646 0.009132 -0.655613
v -16.899948 -0.009132 -0.641128
v -16.754955 0.009132 -0.523752
v -16.768635 0.009132 -0.509903
v -16.768623 -0.009132 -0.509838
v -16.754887 0.009132 -0.495899
v -16.900434 -0.009132 -0.377914
v -16.609200 -0.009132 0.496040
v -16.754631 -0.009132 0.378000
v -16.623165 -0.009132 0.509679
v -16.609243 0.009132 0.495969
v -16.609049 -0.009132 0.523954
v -16.623186 0.009132 0.509581
v -16.754490 -0.009132 0.641504
v -16.476036 -0.009132 0.364165
v -16.595150 -0.009132 0.509427
v -16.754740 -0.009132 0.086497
v -16.608912 -0.009132 0.204498
v -16.623287 -0.009132 0.218535
v -16.609203 -0.009132 0.232532
v -16.623287 0.009132 0.218415
v -16.740751 -0.009132 0.363841
v -16.754490 -0.009132 0.350204
v -16.740782 0.009132 0.363928
v -16.740702 -0.009132 -0.218380
v -16.609135 -0.009132 -0.086614
v -16.754740 -0.009132 -0.204802
v -16.623287 -0.009132 -0.072765
v -16.608826 0.009132 -0.086833
v -16.623287 0.009132 -0.072885
v -16.754412 0.009132 0.058867
v -16.740648 -0.009132 0.073312
v -16.740570 0.009132 0.073439
v -16.740524 -0.009132 -0.509460
v -16.740801 0.009132 -0.509427
v -16.754299 -0.009132 -0.495478
v -16.609392 -0.009132 -0.378132
v -16.609049 0.009132 -0.378304
v -16.623087 -0.009132 -0.364322
v -16.609154 -0.009132 -0.350396
v -16.623116 0.009132 -0.364408
v -16.754778 -0.009132 -0.232147
v -16.754740 0.009132 -0.232147
v -16.740801 0.009132 -0.218127
v -16.609297 -0.009132 -0.641663
v -16.622915 0.009132 -0.655289
v -16.755043 -0.009132 -0.523782
v -16.476030 0.009132 0.655482
v -16.476067 -0.009132 0.655438
v -16.451187 0.009132 0.655393
v -16.609083 -0.009132 0.813180
v -16.914465 0.009132 -0.655329
v -17.046085 -0.009132 -0.788469
v -16.900269 0.009132 -0.669118
v -18.051785 -0.009132 0.509582
v -18.065414 -0.009132 0.523851
v -17.933935 -0.009132 0.655228
v -17.933966 0.009132 0.655141
v -17.919867 0.009132 0.641690
v -17.933966 0.009132 0.363841
v -17.920286 0.009132 0.378514
v -18.065474 -0.009132 0.495969
v -18.065641 0.009132 0.496149
v -18.051802 0.009132 0.509640
v -17.934137 0.009132 0.072765
v -17.919689 0.009132 0.086746
v -18.051785 -0.009132 0.218282
v -18.065563 -0.009132 0.204747
v -18.051802 0.009132 0.218340
v -16.608826 0.009132 0.204467
v -16.595131 -0.009132 0.218672
v -16.451256 0.009132 0.072957
v -16.475840 -0.009132 0.072700
v -16.475859 0.009132 0.072739
v -16.595320 -0.009132 -0.072851
v -16.475975 -0.009132 -0.218486
v -16.476065 -0.009132 -0.509802
v -16.476036 0.009132 -0.509815
v -16.595320 -0.009132 -0.364151
v -16.451353 0.009132 -0.509749
v -16.451353 -0.009132 -0.509800
v -16.609200 0.009132 -0.641690
v -18.051880 -0.009132 -0.655379
v -18.051785 0.009132 -0.655232
v -18.065414 -0.009132 -0.641601
v -17.919674 0.009132 -0.523782
v -17.933935 0.009132 -0.509578
v -17.933966 -0.009132 -0.509491
v -18.223366 -0.009132 -0.218242
v -18.223391 0.009132 -0.218294
v -18.198627 0.009132 -0.218481
v -18.065340 -0.009132 -0.086746
v -18.079565 -0.009132 -0.072477
v -18.065340 0.009132 -0.058904
v -18.079529 0.009132 -0.072557
v -18.198687 -0.009132 0.072882
v -18.198681 0.009132 0.072865
v -18.223391 0.009132 0.073005
v -18.223719 -0.009132 -0.509915
v -18.223606 0.009132 -0.509823
v -18.198652 0.009132 -0.509802
v -18.079565 -0.009132 -0.363777
v -18.079529 0.009132 -0.363856
v -18.065414 0.009132 -0.378201
v -18.065340 0.009132 -0.350204
v -18.198627 -0.009132 -0.218469
v -18.065800 0.009132 0.232298
v -18.079529 0.009132 0.218743
v -18.198751 -0.009132 0.364068
v -18.198915 0.009132 0.364167
v -18.223391 0.009132 0.364305
v -18.065800 0.009132 0.523598
v -18.079586 -0.009132 0.509578
v -18.198652 -0.009132 0.655452
v -18.223461 0.009132 0.655292
v -18.198793 0.009132 0.655370
v -18.051846 -0.009132 -0.363936
v -18.051785 0.009132 -0.363932
v -18.065260 -0.009132 -0.350167
v -17.919897 0.009132 -0.232654
v -17.934137 0.009132 -0.218535
v -17.934137 -0.009132 -0.218415
v -18.065260 -0.009132 -0.058867
v -17.920286 -0.009132 0.058436
v -17.934137 -0.009132 0.072885
v -17.919912 0.009132 -0.204747
v -18.065260 0.009132 -0.086783
v -18.051802 -0.009132 -0.072690
v -18.051785 0.009132 -0.072632
v -17.920507 0.009132 -0.495541
v -18.065512 -0.009132 -0.378182
v -18.065649 -0.009132 0.788498
v -18.065636 0.009132 0.788469
v -18.065577 0.009132 0.813347
v -18.223473 -0.009132 0.655332
v -18.065517 0.009132 0.204740
v -18.223366 -0.009132 0.073057
v -18.079565 -0.009132 0.218823
v -17.920099 0.009132 -0.813535
v -18.065474 0.009132 -0.641619
v -18.198650 -0.009132 -0.509788
v -18.223270 -0.009132 0.364251
v -18.079786 0.009132 0.509714
v -18.203720 -0.009132 -0.794617
v -18.203720 0.009132 -0.794617
v -18.216633 0.009132 -0.807532
v -19.652718 -0.009132 0.655077
v -19.652754 0.009132 0.655156
v -19.666615 -0.009132 0.669604
v -19.520998 -0.009132 0.788469
v -19.521011 0.009132 0.788467
v -19.521158 0.009132 0.813278
v -18.369650 -0.009132 -0.655232
v -18.355762 -0.009132 -0.669289
v -18.501629 -0.009132 -0.788658
v -18.501593 0.009132 -0.788636
v -18.501129 0.009132 -0.812992
v -19.666958 -0.009132 0.350117
v -19.812305 -0.009132 0.232147
v -19.680855 -0.009132 0.364185
v -19.666735 0.009132 0.669604
v -19.812262 -0.009132 0.813343
v -19.521118 -0.009132 0.813289
v -19.375658 0.009132 0.669432
v -19.375572 -0.009132 0.669402
v -19.229818 -0.009132 0.813289
v -19.084358 0.009132 0.669432
v -19.084272 -0.009132 0.669402
v -18.938519 -0.009132 0.813289
v -18.806599 0.009132 0.655232
v -18.647158 -0.009132 0.813347
v -18.515484 -0.009132 0.655708
v -18.501287 0.009132 0.669187
v -18.197908 -0.009132 0.655361
v -18.355886 0.009132 0.523954
v -18.341906 0.009132 0.509506
v -18.198164 -0.009132 0.363999
v -18.198153 0.009132 0.364063
v -18.222727 0.009132 0.364106
v -18.341820 0.009132 0.218758
v -18.355762 0.009132 0.232340
v -18.355812 -0.009132 -0.059242
v -18.355841 0.009132 -0.059242
v -18.197962 -0.009132 0.072918
v -18.342037 0.009132 -0.072798
v -18.198071 -0.009132 -0.218500
v -18.198071 0.009132 -0.218449
v -18.222692 0.009132 -0.218464
v -18.342037 0.009132 -0.364098
v -18.355917 0.009132 -0.350390
v -18.342037 -0.009132 -0.655451
v -18.342037 0.009132 -0.655398
v -18.355698 0.009132 -0.669300
v -18.216633 -0.009132 -0.807532
v -18.501575 -0.009132 -0.813375
v -18.647739 -0.009132 -0.669614
v -18.792902 -0.009132 -0.813087
v -18.792751 0.009132 -0.813180
v -18.792789 0.009132 -0.788467
v -18.938229 -0.009132 -0.669402
v -19.083982 -0.009132 -0.813289
v -19.083944 0.009132 -0.813278
v -19.084038 0.009132 -0.788527
v -19.229752 -0.009132 -0.669214
v -19.375401 -0.009132 -0.813180
v -19.375351 0.009132 -0.813180
v -19.375338 0.009132 -0.788527
v -19.520828 -0.009132 -0.669402
v -19.520758 0.009132 0.523696
v -19.666630 -0.009132 0.641696
v -19.361399 -0.009132 0.655621
v -19.361368 0.009132 0.655708
v -19.229858 0.009132 0.813278
v -19.229744 -0.009132 0.788523
v -19.229763 0.009132 0.788527
v -19.666328 -0.009132 0.086783
v -19.521086 -0.009132 0.204296
v -19.534983 -0.009132 0.218823
v -19.652727 -0.009132 0.364086
v -19.534946 0.009132 0.218743
v -19.521267 0.009132 0.232258
v -19.666872 0.009132 0.350147
v -19.652378 0.009132 0.364585
v -19.653004 -0.009132 -0.218494
v -19.666584 -0.009132 -0.204740
v -19.653004 0.009132 -0.218455
v -19.521086 -0.009132 -0.087004
v -19.534946 -0.009132 -0.072429
v -19.520981 0.009132 -0.059097
v -19.652870 -0.009132 0.072960
v -19.534904 0.009132 -0.072503
v -19.666834 0.009132 0.058477
v -19.652853 0.009132 0.073018
v -19.652946 -0.009132 -0.509729
v -19.652941 0.009132 -0.509683
v -19.534657 0.009132 -0.364193
v -19.666649 -0.009132 -0.495985
v -19.520678 0.009132 -0.378083
v -19.534849 -0.009132 -0.363932
v -19.521086 0.009132 -0.349946
v -19.666515 -0.009132 -0.232823
v -19.521063 0.009132 -0.641476
v -19.535103 -0.009132 -0.655231
v -19.666479 -0.009132 -0.523752
v -19.666723 -0.009132 -0.813422
v -19.666689 0.009132 -0.788467
v -19.506948 -0.009132 0.509581
v -19.506968 0.009132 0.509679
v -19.520678 -0.009132 0.523733
v -19.389452 -0.009132 0.655618
v -19.389433 0.009132 0.655520
v -19.375357 0.009132 0.641752
v -19.666834 -0.009132 0.378473
v -19.534904 -0.009132 0.509453
v -19.534946 0.009132 0.509378
v -19.520935 0.009132 0.496040
v -19.389383 0.009132 0.363841
v -19.520935 -0.009132 0.232210
v -19.375315 0.009132 0.349945
v -19.389555 -0.009132 0.364185
v -19.367031 0.009132 0.371393
v -19.520981 -0.009132 0.496046
v -19.520935 -0.009132 -0.059090
v -19.375534 0.009132 0.058477
v -19.389223 0.009132 0.073187
v -19.389334 -0.009132 0.073173
v -19.375395 0.009132 0.086497
v -19.507105 -0.009132 0.218743
v -19.507067 0.009132 0.218823
v -19.521612 0.009132 0.203797
v -19.506483 -0.009132 -0.364233
v -19.506483 0.009132 -0.364016
v -19.520966 -0.009132 -0.349946
v -19.376337 0.009132 -0.232918
v -19.389048 0.009132 -0.218494
v -19.389048 -0.009132 -0.218455
v -19.375395 0.009132 -0.204802
v -19.507105 -0.009132 -0.072557
v -19.507067 0.009132 -0.072477
v -19.520966 0.009132 -0.087004
v -19.507076 -0.009132 -0.655463
v -19.520987 -0.009132 -0.641476
v -19.507202 0.009132 -0.655232
v -19.389353 -0.009132 -0.509971
v -19.389383 0.009132 -0.510058
v -19.375092 0.009132 -0.523782
v -19.376596 0.009132 -0.495124
v -19.520758 -0.009132 -0.378046
v -19.361305 -0.009132 0.364664
v -19.376217 -0.009132 0.378644
v -19.229801 0.009132 0.496184
v -19.243618 0.009132 0.509340
v -19.243572 -0.009132 0.509412
v -19.229746 0.009132 0.523447
v -19.375395 -0.009132 0.641752
v -19.069897 -0.009132 0.655364
v -19.069897 0.009132 0.655485
v -18.938398 -0.009132 0.788469
v -18.938412 0.009132 0.788467
v -18.938559 0.009132 0.813278
v -19.361454 -0.009132 0.073093
v -19.375357 -0.009132 0.086497
v -19.361418 0.009132 0.073173
v -19.230623 -0.009132 0.203638
v -19.243683 -0.009132 0.218823
v -19.229740 0.009132 0.232058
v -19.243647 0.009132 0.218743
v -19.375435 -0.009132 0.349945
v -19.361704 -0.009132 -0.218494
v -19.375357 -0.009132 -0.204802
v -19.361750 0.009132 -0.218509
v -19.243647 -0.009132 -0.072429
v -19.243605 0.009132 -0.072503
v -19.229666 0.009132 -0.087004
v -19.229746 0.009132 -0.059152
v -19.375704 -0.009132 0.058436
v -19.361647 -0.009132 -0.509729
v -19.375475 -0.009132 -0.496092
v -19.361641 0.009132 -0.509683
v -19.243479 -0.009132 -0.363845
v -19.243238 0.009132 -0.364136
v -19.229666 0.009132 -0.378304
v -19.229567 0.009132 -0.349777
v -19.376596 -0.009132 -0.233126
v -19.229765 0.009132 -0.641476
v -19.243591 -0.009132 -0.655488
v -19.375402 -0.009132 -0.523564
v -19.215649 -0.009132 0.509581
v -19.215668 0.009132 0.509679
v -19.229706 -0.009132 0.523447
v -19.098152 -0.009132 0.655618
v -19.098133 0.009132 0.655520
v -19.084057 0.009132 0.641752
v -19.520742 0.009132 -0.669432
v -19.535082 0.009132 -0.655329
v -19.666733 -0.009132 -0.788503
v -19.229712 -0.009132 0.232058
v -19.098465 -0.009132 0.364452
v -19.098423 0.009132 0.364284
v -19.084015 0.009132 0.349946
v -19.084103 0.009132 0.377914
v -19.229239 -0.009132 0.495665
v -19.215805 -0.009132 -0.072557
v -19.215767 0.009132 -0.072477
v -19.229706 -0.009132 -0.059152
v -19.084137 -0.009132 0.058646
v -19.097967 -0.009132 0.073259
v -19.084423 0.009132 0.086783
v -19.097998 0.009132 0.073093
v -19.215805 -0.009132 0.218743
v -19.215767 0.009132 0.218823
v -19.229666 0.009132 0.204296
v -19.215597 -0.009132 -0.364824
v -19.215490 0.009132 -0.364439
v -19.229666 -0.009132 -0.349946
v -19.084396 0.009132 -0.232354
v -19.097748 0.009132 -0.218494
v -19.097748 -0.009132 -0.218455
v -19.084095 0.009132 -0.204802
v -19.229786 -0.009132 -0.087004
v -19.215776 -0.009132 -0.655463
v -19.229687 -0.009132 -0.641476
v -19.215902 0.009132 -0.655232
v -19.097811 -0.009132 -0.509683
v -19.097805 0.009132 -0.509729
v -19.084015 0.009132 -0.523954
v -19.083977 0.009132 -0.496092
v -19.229786 -0.009132 -0.378304
v -19.070196 -0.009132 0.364446
v -19.069399 0.009132 0.363537
v -18.938656 0.009132 0.496046
v -19.084049 -0.009132 0.377914
v -18.952503 0.009132 0.509581
v -18.952482 -0.009132 0.509679
v -18.938774 0.009132 0.523733
v -19.084095 -0.009132 0.641752
v -18.793060 0.009132 0.669432
v -18.792973 -0.009132 0.669402
v -18.647068 -0.009132 0.788503
v -18.647085 0.009132 0.788498
v -18.647190 0.009132 0.813343
v -19.084345 -0.009132 0.086746
v -18.938774 -0.009132 0.204517
v -18.952099 -0.009132 0.218494
v -18.938517 0.009132 0.232210
v -18.952099 0.009132 0.218455
v -19.084135 -0.009132 0.349946
v -19.070292 -0.009132 -0.218716
v -19.070271 0.009132 -0.218610
v -18.938709 -0.009132 -0.086832
v -19.084057 -0.009132 -0.204802
v -18.952383 -0.009132 -0.072477
v -18.938517 0.009132 -0.059090
v -18.952347 0.009132 -0.072557
v -19.069897 -0.009132 0.072765
v -19.069897 0.009132 0.072885
v -19.084015 0.009132 0.058646
v -19.070347 -0.009132 -0.509729
v -19.070341 0.009132 -0.509684
v -19.082853 -0.009132 -0.495124
v -18.952616 -0.009132 -0.363511
v -18.952536 0.009132 -0.363638
v -18.938366 0.009132 -0.378304
v -18.938158 0.009132 -0.350204
v -19.084473 -0.009132 -0.232396
v -18.938465 0.009132 -0.641476
v -18.952160 -0.009132 -0.655333
v -19.084358 -0.009132 -0.523782
v -18.924505 -0.009132 0.509378
v -18.924547 0.009132 0.509453
v -18.793123 -0.009132 0.641467
v -18.938406 -0.009132 0.523447
v -18.806852 -0.009132 0.655618
v -18.793045 0.009132 0.641504
v -19.229700 0.009132 -0.669214
v -19.243601 0.009132 -0.655553
v -19.375357 -0.009132 -0.788523
v -18.938471 -0.009132 0.232203
v -18.792835 -0.009132 0.349945
v -18.806725 -0.009132 0.364163
v -18.792616 0.009132 0.378473
v -18.806641 0.009132 0.364188
v -18.938011 -0.009132 0.495613
v -18.938471 -0.009132 -0.059097
v -18.792835 -0.009132 0.058646
v -18.806599 -0.009132 0.073018
v -18.806581 0.009132 0.072960
v -18.793123 0.009132 0.086783
v -18.924505 -0.009132 0.218743
v -18.938694 0.009132 0.204554
v -18.924467 0.009132 0.218823
v -18.924191 -0.009132 -0.363810
v -18.924129 0.009132 -0.363664
v -18.938318 -0.009132 -0.349582
v -18.792973 0.009132 -0.232452
v -18.806698 0.009132 -0.218207
v -18.806402 -0.009132 -0.218509
v -18.792360 0.009132 -0.204313
v -18.924795 -0.009132 -0.072893
v -18.924799 0.009132 -0.072859
v -18.938623 0.009132 -0.086802
v -18.924477 -0.009132 -0.655463
v -18.938387 -0.009132 -0.641476
v -18.924477 0.009132 -0.655386
v -18.806511 -0.009132 -0.509683
v -18.806505 0.009132 -0.509729
v -18.792749 0.009132 -0.523564
v -18.792791 0.009132 -0.496191
v -18.938486 -0.009132 -0.378304
v -18.647266 0.009132 0.496127
v -18.787096 -0.009132 0.374827
v -18.660799 0.009132 0.509755
v -18.660799 -0.009132 0.509794
v -18.647320 0.009132 0.523851
v -18.778769 -0.009132 0.655141
v -18.778799 0.009132 0.655228
v -18.487804 -0.009132 0.655405
v -18.487804 0.009132 0.655444
v -18.501348 -0.009132 0.669300
v -18.355854 -0.009132 0.788604
v -18.355907 0.009132 0.788577
v -18.355629 0.009132 0.812974
v -18.793045 -0.009132 0.086746
v -18.647474 -0.009132 0.204517
v -18.660799 -0.009132 0.218494
v -18.647474 0.009132 0.232433
v -18.660799 0.009132 0.218455
v -18.778099 0.009132 0.363537
v -18.792715 0.009132 0.349945
v -18.778854 -0.009132 -0.218207
v -18.778818 0.009132 -0.218127
v -18.792227 -0.009132 -0.204241
v -18.660933 0.009132 -0.072690
v -18.647066 0.009132 -0.087004
v -18.660950 -0.009132 -0.072632
v -18.647320 0.009132 -0.058748
v -18.778769 -0.009132 0.072542
v -18.778799 0.009132 0.072628
v -18.792715 0.009132 0.058646
v -18.778992 -0.009132 -0.510016
v -18.793739 -0.009132 -0.495331
v -18.779015 0.009132 -0.509963
v -18.660774 -0.009132 -0.364264
v -18.661236 0.009132 -0.363638
v -18.647100 0.009132 -0.377914
v -18.647474 0.009132 -0.350167
v -18.792904 -0.009132 -0.232350
v -18.646812 0.009132 -0.641189
v -18.661083 -0.009132 -0.655077
v -18.793060 -0.009132 -0.523782
v -18.633398 -0.009132 0.509820
v -18.633148 0.009132 0.509578
v -18.646933 -0.009132 0.523598
v -18.515211 0.009132 0.655333
v -18.501457 0.009132 0.641752
v -18.938143 0.009132 -0.669432
v -18.952154 0.009132 -0.655379
v -19.084057 -0.009132 -0.788523
v -18.647106 -0.009132 0.232147
v -18.515553 -0.009132 0.364318
v -18.501129 0.009132 0.350167
v -18.515299 0.009132 0.363932
v -18.501413 0.009132 0.377990
v -18.647305 -0.009132 0.496113
v -18.633205 -0.009132 -0.072557
v -18.647221 -0.009132 -0.058768
v -18.633167 0.009132 -0.072477
v -18.501207 -0.009132 0.058904
v -18.515148 -0.009132 0.072844
v -18.515148 0.009132 0.072805
v -18.501495 0.009132 0.086497
v -18.633205 -0.009132 0.218743
v -18.647394 0.009132 0.204554
v -18.633167 0.009132 0.218823
v -18.633205 -0.009132 -0.364521
v -18.647394 -0.009132 -0.350204
v -18.633068 0.009132 -0.364220
v -18.515148 0.009132 -0.218494
v -18.515148 -0.009132 -0.218455
v -18.501495 0.009132 -0.204802
v -18.647186 -0.009132 -0.087004
v -18.633343 -0.009132 -0.655666
v -18.633364 0.009132 -0.655613
v -18.646666 -0.009132 -0.641128
v -18.501673 0.009132 -0.523752
v -18.515352 0.009132 -0.509903
v -18.515341 -0.009132 -0.509838
v -18.501604 0.009132 -0.495899
v -18.647152 -0.009132 -0.377914
v -18.355917 -0.009132 0.496040
v -18.501348 -0.009132 0.378000
v -18.369883 -0.009132 0.509679
v -18.355961 0.009132 0.495969
v -18.355766 -0.009132 0.523954
v -18.369904 0.009132 0.509581
v -18.501207 -0.009132 0.641504
v -18.222754 -0.009132 0.364165
v -18.341867 -0.009132 0.509427
v -18.501457 -0.009132 0.086497
v -18.355629 -0.009132 0.204498
v -18.370005 -0.009132 0.218535
v -18.355921 -0.009132 0.232532
v -18.370005 0.009132 0.218415
v -18.487469 -0.009132 0.363841
v -18.501207 -0.009132 0.350204
v -18.487499 0.009132 0.363928
v -18.487419 -0.009132 -0.218380
v -18.355852 -0.009132 -0.086614
v -18.501457 -0.009132 -0.204802
v -18.370005 -0.009132 -0.072765
v -18.355543 0.009132 -0.086833
v -18.370005 0.009132 -0.072885
v -18.501129 0.009132 0.058867
v -18.487366 -0.009132 0.073312
v -18.487288 0.009132 0.073439
v -18.487242 -0.009132 -0.509460
v -18.487518 0.009132 -0.509427
v -18.501017 -0.009132 -0.495478
v -18.356110 -0.009132 -0.378132
v -18.355766 0.009132 -0.378304
v -18.369804 -0.009132 -0.364322
v -18.355871 -0.009132 -0.350396
v -18.369833 0.009132 -0.364408
v -18.501495 -0.009132 -0.232147
v -18.501457 0.009132 -0.232147
v -18.487518 0.009132 -0.218127
v -18.356014 -0.009132 -0.641663
v -18.369633 0.009132 -0.655289
v -18.501759 -0.009132 -0.523782
v -18.222748 0.009132 0.655482
v -18.222784 -0.009132 0.655438
v -18.197905 0.009132 0.655393
v -18.355801 -0.009132 0.813180
v -18.661182 0.009132 -0.655329
v -18.792803 -0.009132 -0.788469
v -18.646986 0.009132 -0.669118
v -19.798502 -0.009132 0.509582
v -19.812132 -0.009132 0.523851
v -19.680653 -0.009132 0.655228
v -19.680683 0.009132 0.655141
v -19.666584 0.009132 0.641690
v -19.680683 0.009132 0.363841
v -19.667004 0.009132 0.378514
v -19.812191 -0.009132 0.495969
v -19.812359 0.009132 0.496149
v -19.798519 0.009132 0.509640
v -19.680855 0.009132 0.072765
v -19.666407 0.009132 0.086746
v -19.798502 -0.009132 0.218282
v -19.812281 -0.009132 0.204747
v -19.798519 0.009132 0.218340
v -18.355543 0.009132 0.204467
v -18.341848 -0.009132 0.218672
v -18.197973 0.009132 0.072957
v -18.222557 -0.009132 0.072700
v -18.222576 0.009132 0.072739
v -18.342037 -0.009132 -0.072851
v -18.222692 -0.009132 -0.218486
v -18.222782 -0.009132 -0.509802
v -18.222754 0.009132 -0.509815
v -18.342037 -0.009132 -0.364151
v -18.198071 0.009132 -0.509749
v -18.198071 -0.009132 -0.509800
v -18.355917 0.009132 -0.641690
v -19.798597 -0.009132 -0.655379
v -19.798502 0.009132 -0.655232
v -19.812132 -0.009132 -0.641601
v -19.666391 0.009132 -0.523782
v -19.680653 0.009132 -0.509578
v -19.680683 -0.009132 -0.509491
v -19.970083 -0.009132 -0.218242
v -19.970108 0.009132 -0.218294
v -19.945345 0.009132 -0.218481
v -19.812057 -0.009132 -0.086746
v -19.826283 -0.009132 -0.072477
v -19.812057 0.009132 -0.058904
v -19.826246 0.009132 -0.072557
v -19.945404 -0.009132 0.072882
v -19.945398 0.009132 0.072865
v -19.970108 0.009132 0.073005
v -19.970436 -0.009132 -0.509915
v -19.970324 0.009132 -0.509823
v -19.945370 0.009132 -0.509802
v -19.826283 -0.009132 -0.363777
v -19.826246 0.009132 -0.363856
v -19.812132 0.009132 -0.378201
v -19.812057 0.009132 -0.350204
v -19.945345 -0.009132 -0.218469
v -19.812517 0.009132 0.232298
v -19.826246 0.009132 0.218743
v -19.945469 -0.009132 0.364068
v -19.945633 0.009132 0.364167
v -19.970108 0.009132 0.364305
v -19.812517 0.009132 0.523598
v -19.826302 -0.009132 0.509578
v -19.945370 -0.009132 0.655452
v -19.970179 0.009132 0.655292
v -19.945511 0.009132 0.655370
v -19.798563 -0.009132 -0.363936
v -19.798502 0.009132 -0.363932
v -19.811977 -0.009132 -0.350167
v -19.666615 0.009132 -0.232654
v -19.680855 0.009132 -0.218535
v -19.680855 -0.009132 -0.218415
v -19.811977 -0.009132 -0.058867
v -19.667004 -0.009132 0.058436
v -19.680855 -0.009132 0.072885
v -19.666630 0.009132 -0.204747
v -19.811977 0.009132 -0.086783
v -19.798519 -0.009132 -0.072690
v -19.798502 0.009132 -0.072632
v -19.667225 0.009132 -0.495541
v -19.812229 -0.009132 -0.378182
v -19.812366 -0.009132 0.788498
v -19.812353 0.009132 0.788469
v -19.812294 0.009132 0.813347
v -19.970190 -0.009132 0.655332
v -19.812235 0.009132 0.204740
v -19.970083 -0.009132 0.073057
v -19.826283 -0.009132 0.218823
v -19.666817 0.009132 -0.813535
v -19.812191 0.009132 -0.641619
v -19.945368 -0.009132 -0.509788
v -19.969988 -0.009132 0.364251
v -19.826504 0.009132 0.509714
v -19.950436 -0.009132 -0.794617
v -19.950436 0.009132 -0.794617
v -19.963352 0.009132 -0.807532
v -21.399435 -0.009132 0.655077
v -21.399471 0.009132 0.655156
v -21.413332 -0.009132 0.669604
v -21.267715 -0.009132 0.788469
v -21.267729 0.009132 0.788467
v -21.267876 0.009132 0.813278
v -20.116367 -0.009132 -0.655232
v -20.102480 -0.009132 -0.669289
v -20.248346 -0.009132 -0.788658
v -20.248310 0.009132 -0.788636
v -20.247847 0.009132 -0.812992
v -21.413675 -0.009132 0.350117
v -21.427572 -0.009132 0.364185
v -21.413452 0.009132 0.669604
v -21.267836 -0.009132 0.813289
v -21.122375 0.009132 0.669432
v -21.122290 -0.009132 0.669402
v -20.976536 -0.009132 0.813289
v -20.831076 0.009132 0.669432
v -20.830990 -0.009132 0.669402
v -20.685236 -0.009132 0.813289
v -20.553316 0.009132 0.655232
v -20.393875 -0.009132 0.813347
v -20.262201 -0.009132 0.655708
v -20.248005 0.009132 0.669187
v -19.944626 -0.009132 0.655361
v -20.102604 0.009132 0.523954
v -20.088623 0.009132 0.509506
v -19.944881 -0.009132 0.363999
v -19.944870 0.009132 0.364063
v -19.969444 0.009132 0.364106
v -20.088535 0.009132 0.218758
v -20.102480 0.009132 0.232340
v -20.102530 -0.009132 -0.059242
v -20.102558 0.009132 -0.059242
v -19.944679 -0.009132 0.072918
v -20.088755 0.009132 -0.072798
v -19.944788 -0.009132 -0.218500
v -19.944788 0.009132 -0.218449
v -19.969410 0.009132 -0.218464
v -20.088755 0.009132 -0.364098
v -20.102634 0.009132 -0.350390
v -20.088755 -0.009132 -0.655451
v -20.088755 0.009132 -0.655398
v -20.102415 0.009132 -0.669300
v -19.963352 -0.009132 -0.807532
v -20.248293 -0.009132 -0.813375
v -20.394457 -0.009132 -0.669614
v -20.539619 -0.009132 -0.813087
v -20.539469 0.009132 -0.813180
v -20.539507 0.009132 -0.788467
v -20.684946 -0.009132 -0.669402
v -20.830700 -0.009132 -0.813289
v -20.830662 0.009132 -0.813278
v -20.830755 0.009132 -0.788527
v -20.976469 -0.009132 -0.669214
v -21.122118 -0.009132 -0.813180
v -21.122068 0.009132 -0.813180
v -21.122055 0.009132 -0.788527
v -21.267546 -0.009132 -0.669402
v -21.267475 0.009132 0.523696
v -21.413347 -0.009132 0.641696
v -21.108116 -0.009132 0.655621
v -21.108086 0.009132 0.655708
v -20.976576 0.009132 0.813278
v -20.976461 -0.009132 0.788523
v -20.976480 0.009132 0.788527
v -21.413046 -0.009132 0.086783
v -21.267803 -0.009132 0.204296
v -21.281700 -0.009132 0.218823
v -21.399445 -0.009132 0.364086
v -21.281664 0.009132 0.218743
v -21.267984 0.009132 0.232258
v -21.413589 0.009132 0.350147
v -21.399096 0.009132 0.364585
v -21.399721 -0.009132 -0.218494
v -21.413301 -0.009132 -0.204740
v -21.399721 0.009132 -0.218455
v -21.267803 -0.009132 -0.087004
v -21.281664 -0.009132 -0.072429
v -21.267698 0.009132 -0.059097
v -21.399588 -0.009132 0.072960
v -21.281622 0.009132 -0.072503
v -21.413551 0.009132 0.058477
v -21.399570 0.009132 0.073018
v -21.399664 -0.009132 -0.509729
v -21.399658 0.009132 -0.509683
v -21.281374 0.009132 -0.364193
v -21.413366 -0.009132 -0.495985
v -21.267395 0.009132 -0.378083
v -21.281567 -0.009132 -0.363932
v -21.267803 0.009132 -0.349946
v -21.413233 -0.009132 -0.232823
v -21.267780 0.009132 -0.641476
v -21.281820 -0.009132 -0.655231
v -21.413197 -0.009132 -0.523752
v -21.413441 -0.009132 -0.813422
v -21.413406 0.009132 -0.788467
v -21.253666 -0.009132 0.509581
v -21.253685 0.009132 0.509679
v -21.267395 -0.009132 0.523733
v -21.136169 -0.009132 0.655618
v -21.136150 0.009132 0.655520
v -21.122074 0.009132 0.641752
v -21.413551 -0.009132 0.378473
v -21.281622 -0.009132 0.509453
v -21.281664 0.009132 0.509378
v -21.267653 0.009132 0.496040
v -21.136101 0.009132 0.363841
v -21.267653 -0.009132 0.232210
v -21.122032 0.009132 0.349945
v -21.136272 -0.009132 0.364185
v -21.113749 0.009132 0.371393
v -21.267698 -0.009132 0.496046
v -21.267653 -0.009132 -0.059090
v -21.122252 0.009132 0.058477
v -21.135941 0.009132 0.073187
v -21.136051 -0.009132 0.073173
v -21.122112 0.009132 0.086497
v -21.253822 -0.009132 0.218743
v -21.253784 0.009132 0.218823
v -21.268330 0.009132 0.203797
v -21.253201 -0.009132 -0.364233
v -21.253201 0.009132 -0.364016
v -21.267683 -0.009132 -0.349946
v -21.123055 0.009132 -0.232918
v -21.135765 0.009132 -0.218494
v -21.135765 -0.009132 -0.218455
v -21.122112 0.009132 -0.204802
v -21.253822 -0.009132 -0.072557
v -21.253784 0.009132 -0.072477
v -21.267683 0.009132 -0.087004
v -21.253794 -0.009132 -0.655463
v -21.267704 -0.009132 -0.641476
v -21.253920 0.009132 -0.655232
v -21.136070 -0.009132 -0.509971
v -21.136101 0.009132 -0.510058
v -21.121809 0.009132 -0.523782
v -21.123314 0.009132 -0.495124
v -21.267475 -0.009132 -0.378046
v -21.108021 -0.009132 0.364664
v -21.122934 -0.009132 0.378644
v -20.976519 0.009132 0.496184
v -20.990335 0.009132 0.509340
v -20.990290 -0.009132 0.509412
v -20.976463 0.009132 0.523447
v -21.122112 -0.009132 0.641752
v -20.816614 -0.009132 0.655364
v -20.816614 0.009132 0.655485
v -20.685116 -0.009132 0.788469
v -20.685129 0.009132 0.788467
v -20.685276 0.009132 0.813278
v -21.108171 -0.009132 0.073093
v -21.122074 -0.009132 0.086497
v -21.108135 0.009132 0.073173
v -20.977341 -0.009132 0.203638
v -20.990400 -0.009132 0.218823
v -20.976458 0.009132 0.232058
v -20.990364 0.009132 0.218743
v -21.122152 -0.009132 0.349945
v -21.108421 -0.009132 -0.218494
v -21.122074 -0.009132 -0.204802
v -21.108467 0.009132 -0.218509
v -20.990364 -0.009132 -0.072429
v -20.990322 0.009132 -0.072503
v -20.976383 0.009132 -0.087004
v -20.976463 0.009132 -0.059152
v -21.122421 -0.009132 0.058436
v -21.108364 -0.009132 -0.509729
v -21.122192 -0.009132 -0.496092
v -21.108358 0.009132 -0.509683
v -20.990196 -0.009132 -0.363845
v -20.989956 0.009132 -0.364136
v -20.976383 0.009132 -0.378304
v -20.976284 0.009132 -0.349777
v -21.123314 -0.009132 -0.233126
v -20.976482 0.009132 -0.641476
v -20.990309 -0.009132 -0.655488
v -21.122120 -0.009132 -0.523564
v -20.962366 -0.009132 0.509581
v -20.962385 0.009132 0.509679
v -20.976423 -0.009132 0.523447
v -20.844870 -0.009132 0.655618
v -20.844851 0.009132 0.655520
v -20.830774 0.009132 0.641752
v -21.267460 0.009132 -0.669432
v -21.281799 0.009132 -0.655329
v -21.413450 -0.009132 -0.788503
v -20.976429 -0.009132 0.232058
v -20.845182 -0.009132 0.364452
v -20.845140 0.009132 0.364284
v -20.830732 0.009132 0.349946
v -20.830820 0.009132 0.377914
v -20.975956 -0.009132 0.495665
v -20.962523 -0.009132 -0.072557
v -20.962484 0.009132 -0.072477
v -20.976423 -0.009132 -0.059152
v -20.830853 -0.009132 0.058646
v -20.844685 -0.009132 0.073259
v -20.831141 0.009132 0.086783
v -20.844715 0.009132 0.073093
v -20.962523 -0.009132 0.218743
v -20.962484 0.009132 0.218823
v -20.976383 0.009132 0.204296
v -20.962315 -0.009132 -0.364824
v -20.962208 0.009132 -0.364439
v -20.976383 -0.009132 -0.349946
v -20.831116 0.009132 -0.232354
v -20.844465 0.009132 -0.218494
v -20.844465 -0.009132 -0.218455
v -20.830812 0.009132 -0.204802
v -20.976503 -0.009132 -0.087004
v -20.962494 -0.009132 -0.655463
v -20.976404 -0.009132 -0.641476
v -20.962620 0.009132 -0.655232
v -20.844528 -0.009132 -0.509683
v -20.844522 0.009132 -0.509729
v -20.830732 0.009132 -0.523954
v -20.830694 0.009132 -0.496092
v -20.976503 -0.009132 -0.378304
v -20.816914 -0.009132 0.364446
v -20.816116 0.009132 0.363537
v -20.685373 0.009132 0.496046
v -20.830767 -0.009132 0.377914
v -20.699221 0.009132 0.509581
v -20.699200 -0.009132 0.509679
v -20.685492 0.009132 0.523733
v -20.830812 -0.009132 0.641752
v -20.539776 0.009132 0.669432
v -20.539690 -0.009132 0.669402
v -20.393785 -0.009132 0.788503
v -20.393803 0.009132 0.788498
v -20.393908 0.009132 0.813343
v -20.831062 -0.009132 0.086746
v -20.685492 -0.009132 0.204517
v -20.698816 -0.009132 0.218494
v -20.685234 0.009132 0.232210
v -20.698816 0.009132 0.218455
v -20.830853 -0.009132 0.349946
v -20.817009 -0.009132 -0.218716
v -20.816988 0.009132 -0.218610
v -20.685427 -0.009132 -0.086832
v -20.830774 -0.009132 -0.204802
v -20.699100 -0.009132 -0.072477
v -20.685234 0.009132 -0.059090
v -20.699064 0.009132 -0.072557
v -20.816614 -0.009132 0.072765
v -20.816614 0.009132 0.072885
v -20.830732 0.009132 0.058646
v -20.817064 -0.009132 -0.509729
v -20.817059 0.009132 -0.509684
v -20.829571 -0.009132 -0.495124
v -20.699333 -0.009132 -0.363511
v -20.699253 0.009132 -0.363638
v -20.685083 0.009132 -0.378304
v -20.684875 0.009132 -0.350204
v -20.831190 -0.009132 -0.232396
v -20.685183 0.009132 -0.641476
v -20.698877 -0.009132 -0.655333
v -20.831076 -0.009132 -0.523782
v -20.671223 -0.009132 0.509378
v -20.671265 0.009132 0.509453
v -20.539841 -0.009132 0.641467
v -20.685123 -0.009132 0.523447
v -20.553570 -0.009132 0.655618
v -20.539762 0.009132 0.641504
v -20.976418 0.009132 -0.669214
v -20.990318 0.009132 -0.655553
v -21.122074 -0.009132 -0.788523
v -20.685188 -0.009132 0.232203
v -20.539555 -0.009132 0.349945
v -20.553442 -0.009132 0.364163
v -20.539333 0.009132 0.378473
v -20.553358 0.009132 0.364188
v -20.684729 -0.009132 0.495613
v -20.685188 -0.009132 -0.059097
v -20.539555 -0.009132 0.058646
v -20.553316 -0.009132 0.073018
v -20.553299 0.009132 0.072960
v -20.539841 0.009132 0.086783
v -20.671223 -0.009132 0.218743
v -20.685411 0.009132 0.204554
v -20.671185 0.009132 0.218823
v -20.670908 -0.009132 -0.363810
v -20.670847 0.009132 -0.363664
v -20.685036 -0.009132 -0.349582
v -20.539690 0.009132 -0.232452
v -20.553415 0.009132 -0.218207
v -20.553120 -0.009132 -0.218509
v -20.539078 0.009132 -0.204313
v -20.671513 -0.009132 -0.072893
v -20.671516 0.009132 -0.072859
v -20.685341 0.009132 -0.086802
v -20.671194 -0.009132 -0.655463
v -20.685104 -0.009132 -0.641476
v -20.671194 0.009132 -0.655386
v -20.553228 -0.009132 -0.509683
v -20.553223 0.009132 -0.509729
v -20.539467 0.009132 -0.523564
v -20.539509 0.009132 -0.496191
v -20.685204 -0.009132 -0.378304
v -20.393984 0.009132 0.496127
v -20.533813 -0.009132 0.374827
v -20.407516 0.009132 0.509755
v -20.407516 -0.009132 0.509794
v -20.394037 0.009132 0.523851
v -20.525486 -0.009132 0.655141
v -20.525517 0.009132 0.655228
v -20.234522 -0.009132 0.655405
v -20.234522 0.009132 0.655444
v -20.248066 -0.009132 0.669300
v -20.102571 -0.009132 0.788604
v -20.102625 0.009132 0.788577
v -20.102346 0.009132 0.812974
v -20.539762 -0.009132 0.086746
v -20.394192 -0.009132 0.204517
v -20.407516 -0.009132 0.218494
v -20.394192 0.009132 0.232433
v -20.407516 0.009132 0.218455
v -20.524817 0.009132 0.363537
v -20.539433 0.009132 0.349945
v -20.525572 -0.009132 -0.218207
v -20.525536 0.009132 -0.218127
v -20.538944 -0.009132 -0.204241
v -20.407650 0.009132 -0.072690
v -20.393784 0.009132 -0.087004
v -20.407667 -0.009132 -0.072632
v -20.394037 0.009132 -0.058748
v -20.525486 -0.009132 0.072542
v -20.525517 0.009132 0.072628
v -20.539433 0.009132 0.058646
v -20.525709 -0.009132 -0.510016
v -20.540457 -0.009132 -0.495331
v -20.525732 0.009132 -0.509963
v -20.407492 -0.009132 -0.364264
v -20.407953 0.009132 -0.363638
v -20.393818 0.009132 -0.377914
v -20.394192 0.009132 -0.350167
v -20.539621 -0.009132 -0.232350
v -20.393530 0.009132 -0.641189
v -20.407801 -0.009132 -0.655077
v -20.539776 -0.009132 -0.523782
v -20.380116 -0.009132 0.509820
v -20.379866 0.009132 0.509578
v -20.393650 -0.009132 0.523598
v -20.261929 0.009132 0.655333
v -20.248175 0.009132 0.641752
v -20.684860 0.009132 -0.669432
v -20.698872 0.009132 -0.655379
v -20.830774 -0.009132 -0.788523
v -20.393824 -0.009132 0.232147
v -20.262270 -0.009132 0.364318
v -20.247847 0.009132 0.350167
v -20.262016 0.009132 0.363932
v -20.248131 0.009132 0.377990
v -20.394022 -0.009132 0.496113
v -20.379923 -0.009132 -0.072557
v -20.393938 -0.009132 -0.058768
v -20.379885 0.009132 -0.072477
v -20.247925 -0.009132 0.058904
v -20.261866 -0.009132 0.072844
v -20.261866 0.009132 0.072805
v -20.248213 0.009132 0.086497
v -20.379923 -0.009132 0.218743
v -20.394112 0.009132 0.204554
v -20.379885 0.009132 0.218823
v -20.379923 -0.009132 -0.364521
v -20.394112 -0.009132 -0.350204
v -20.379786 0.009132 -0.364220
v -20.261866 0.009132 -0.218494
v -20.261866 -0.009132 -0.218455
v -20.248213 0.009132 -0.204802
v -20.393904 -0.009132 -0.087004
v -20.380060 -0.009132 -0.655666
v -20.380081 0.009132 -0.655613
v -20.393383 -0.009132 -0.641128
v -20.248390 0.009132 -0.523752
v -20.262070 0.009132 -0.509903
v -20.262058 -0.009132 -0.509838
v -20.248322 0.009132 -0.495899
v -20.393869 -0.009132 -0.377914
v -20.102634 -0.009132 0.496040
v -20.248066 -0.009132 0.378000
v -20.116600 -0.009132 0.509679
v -20.102678 0.009132 0.495969
v -20.102484 -0.009132 0.523954
v -20.116621 0.009132 0.509581
v -20.247925 -0.009132 0.641504
v -19.969471 -0.009132 0.364165
v -20.088585 -0.009132 0.509427
v -20.248175 -0.009132 0.086497
v -20.102346 -0.009132 0.204498
v -20.116722 -0.009132 0.218535
v -20.102638 -0.009132 0.232532
v -20.116722 0.009132 0.218415
v -20.234186 -0.009132 0.363841
v -20.247925 -0.009132 0.350204
v -20.234217 0.009132 0.363928
v -20.234137 -0.009132 -0.218380
v -20.102570 -0.009132 -0.086614
v -20.248175 -0.009132 -0.204802
v -20.116722 -0.009132 -0.072765
v -20.102261 0.009132 -0.086833
v -20.116722 0.009132 -0.072885
v -20.247847 0.009132 0.058867
v -20.234083 -0.009132 0.073312
v -20.234005 0.009132 0.073439
v -20.233959 -0.009132 -0.509460
v -20.234236 0.009132 -0.509427
v -20.247734 -0.009132 -0.495478
v -20.102827 -0.009132 -0.378132
v -20.102484 0.009132 -0.378304
v -20.116522 -0.009132 -0.364322
v -20.102589 -0.009132 -0.350396
v -20.116550 0.009132 -0.364408
v -20.248213 -0.009132 -0.232147
v -20.248175 0.009132 -0.232147
v -20.234236 0.009132 -0.218127
v -20.102732 -0.009132 -0.641663
v -20.116350 0.009132 -0.655289
v -20.248478 -0.009132 -0.523782
v -19.969465 0.009132 0.655482
v -19.969501 -0.009132 0.655438
v -19.944622 0.009132 0.655393
v -20.102518 -0.009132 0.813180
v -20.407900 0.009132 -0.655329
v -20.539520 -0.009132 -0.788469
v -20.393703 0.009132 -0.669118
v -21.427370 -0.009132 0.655228
v -21.427401 0.009132 0.655141
v -21.413301 0.009132 0.641690
v -21.427401 0.009132 0.363841
v -21.413721 0.009132 0.378514
v -21.427572 0.009132 0.072765
v -21.413124 0.009132 0.086746
v -20.102261 0.009132 0.204467
v -20.088566 -0.009132 0.218672
v -19.944691 0.009132 0.072957
v -19.969275 -0.009132 0.072700
v -19.969294 0.009132 0.072739
v -20.088755 -0.009132 -0.072851
v -19.969410 -0.009132 -0.218486
v -19.969500 -0.009132 -0.509802
v -19.969471 0.009132 -0.509815
v -20.088755 -0.009132 -0.364151
v -19.944788 0.009132 -0.509749
v -19.944788 -0.009132 -0.509800
v -20.102634 0.009132 -0.641690
v -21.413109 0.009132 -0.523782
v -21.427370 0.009132 -0.509578
v -21.427401 -0.009132 -0.509491
v -21.413332 0.009132 -0.232654
v -21.427572 0.009132 -0.218535
v -21.427572 -0.009132 -0.218415
v -21.413721 -0.009132 0.058436
v -21.427572 -0.009132 0.072885
v -21.413347 0.009132 -0.204747
v -21.413942 0.009132 -0.495541
v -21.413534 0.009132 -0.813535
vn -0.0000 -0.0000 -1.0000
vn 1.0000 -0.0000 -0.0000
vn -0.0000 -0.0000 1.0000
vn -0.0000 -1.0000 -0.0000
vn -0.0000 1.0000 -0.0000
vn -0.7019 0.0321 -0.7116
vn -0.7037 0.0033 0.7105
vn -0.7085 0.0199 0.7054
vn 0.7100 -0.0327 0.7035
vn -0.7033 -0.0395 0.7098
vn -0.7068 -0.0079 -0.7073
vn 0.7109 -0.0094 0.7033
vn -0.7062 -0.0147 0.7078
vn -0.7018 -0.0397 -0.7113
vn 0.7052 -0.0204 -0.7087
vn 0.7036 0.0418 -0.7093
vn -0.7076 0.0206 0.7063
vn 0.7046 -0.0104 0.7095
vn -0.7058 -0.0076 -0.7083
vn 0.7053 -0.0199 -0.7086
vn 0.6982 0.0806 0.7113
vn 0.7038 0.0417 -0.7092
vn 0.7057 -0.0050 0.7085
vn -0.7085 0.0247 0.7052
vn -0.7075 0.0042 -0.7067
vn -0.7084 -0.0231 0.7055
vn -0.7024 0.0146 0.7116
vn -0.7003 0.0698 0.7104
vn -0.7056 -0.0066 -0.7086
vn -0.7076 -0.0136 -0.7065
vn 0.7083 -0.0190 -0.7057
vn -0.7087 0.0250 0.7051
vn 0.7033 0.0390 0.7099
vn -0.7034 -0.0045 -0.7107
vn 0.7051 -0.0204 -0.7088
vn 0.7076 0.0120 -0.7065
vn 0.7097 0.0095 0.7045
vn -0.7074 -0.0032 -0.7068
vn 0.7029 -0.0094 -0.7112
vn -0.7034 0.0048 0.7108
vn 0.7025 0.0247 0.7112
vn 0.7046 0.0104 -0.7096
vn 0.7072 -0.0016 -0.7070
vn 0.7034 0.0135 -0.7107
vn -0.7115 -0.0131 0.7026
vn -0.7024 -0.0028 0.7118
vn -0.7087 -0.0015 -0.7055
vn 0.7054 0.0014 0.7088
vn 0.7108 -0.0023 0.7034
vn -0.7031 0.0021 -0.7111
vn -0.7030 0.0020 -0.7112
vn 0.7107 -0.0018 0.7035
vn -0.7031 0.0022 -0.7111
vn -0.7004 0.0482 -0.7121
vn 0.7105 -0.0017 0.7037
vn -0.7049 0.0010 -0.7093
vn 0.7093 -0.0010 0.7049
vn -0.7037 -0.0014 0.7105
vn 0.7112 0.0020 -0.7030
vn -0.7036 -0.0017 0.7106
vn -0.7029 0.0136 0.7111
vn 0.7111 0.0021 -0.7031
vn 0.7118 0.0028 -0.7024
vn -0.7029 -0.0025 0.7112
vn 0.7028 0.0018 0.7114
vn -0.7104 -0.0024 -0.7038
vn -0.7107 -0.0028 -0.7035
vn 0.7030 0.0021 0.7111
vn -0.7107 -0.0018 -0.7035
vn 0.7030 0.0020 0.7111
vn 0.7025 0.0028 0.7116
vn -0.7114 -0.0025 -0.7028
vn 0.7077 0.0004 -0.7065
vn 0.7029 -0.0026 -0.7113
vn -0.7063 -0.0140 0.7078
vn -0.7109 0.0017 0.7033
vn -0.7025 -0.0029 0.7116
vn 0.7114 0.0025 -0.7028
vn 0.7071 -0.0000 -0.7071
vn -0.7088 0.0014 0.7055
vn 0.7059 0.0013 -0.7083
vn -0.7055 0.0014 -0.7087
vn 0.7073 0.0110 0.7068
vn -0.7087 0.0015 0.7055
vn 0.7057 -0.0016 -0.7085
vn 0.7076 -0.0004 0.7066
vn -0.7042 0.0034 -0.7100
vn 0.7055 -0.0015 -0.7087
vn -0.7077 0.0176 0.7063
vn 0.7057 0.0016 0.7085
vn -0.7058 -0.0000 -0.7084
vn 0.7067 0.0005 0.7075
vn -0.7076 -0.0004 -0.7066
vn 0.7085 0.0015 -0.7057
vn 0.7105 -0.0031 0.7037
vn -0.7042 -0.0034 0.7100
vn 0.7074 0.0019 -0.7068
vn 0.7056 -0.0015 -0.7086
vn -0.7086 -0.0025 -0.7056
vn -0.7086 0.0199 0.7054
vn 0.7047 -0.0381 0.7085
vn 0.7058 -0.0016 -0.7084
vn -0.7087 0.0011 0.7055
vn 0.7086 -0.0015 0.7056
vn 0.7100 0.0031 -0.7042
vn -0.7054 0.0049 -0.7088
vn -0.7057 -0.0016 0.7085
vn -0.7057 0.0016 -0.7085
vn -0.7066 -0.0004 0.7076
vn -0.7087 -0.0014 -0.7055
vn 0.7076 0.0138 -0.7064
vn 0.7099 -0.0010 0.7043
vn -0.6896 0.3043 0.6571
vn 0.6057 0.4353 -0.6661
vn 0.7112 0.0026 -0.7029
vn -0.7086 0.0015 0.7056
vn 0.7059 -0.0049 -0.7083
vn -0.7056 0.0015 -0.7086
vn 0.7110 -0.0174 0.7030
vn 0.7058 -0.0017 -0.7085
vn -0.6985 -0.0806 0.7111
vn -0.7013 0.0080 -0.7128
vn 0.7055 0.0023 0.7087
vn -0.7076 0.0003 -0.7066
vn -0.7085 0.0015 0.7057
vn 0.7024 -0.0027 -0.7118
vn -0.7113 0.0024 0.7029
vn -0.7099 0.0035 0.7043
vn -0.7084 -0.0033 -0.7058
vn 0.7075 -0.0005 0.7067
vn -0.7087 0.0019 0.7055
vn 0.7088 -0.0014 0.7055
vn 0.7102 0.0047 -0.7040
vn -0.6996 0.0623 -0.7118
vn -0.7058 -0.0006 0.7084
vn -0.7067 -0.0005 0.7075
vn 0.7077 0.0138 -0.7063
vn 0.7074 -0.0190 0.7066
vn -0.7075 0.0005 0.7067
vn 0.7103 -0.0659 -0.7008
vn -0.7085 -0.0015 -0.7057
vn 0.7085 -0.0007 0.7057
vn 0.7086 0.0015 -0.7056
vn -0.7056 -0.0015 0.7086
vn 0.7084 0.0028 0.7058
vn 0.7077 0.0005 -0.7065
vn 0.7085 -0.0016 0.7057
vn -0.7103 0.0008 0.7039
vn -0.7053 0.0013 -0.7089
vn 0.7040 0.0180 0.7100
vn -0.7056 0.0025 -0.7086
vn -0.7051 -0.0253 0.7087
vn 0.7088 0.0014 -0.7054
vn 0.7030 -0.0020 -0.7112
vn -0.7104 0.0015 0.7038
vn -0.7075 0.0001 0.7067
vn 0.7016 0.0344 0.7117
vn -0.7076 0.0004 0.7066
vn -0.7067 -0.0082 -0.7075
vn -0.7055 0.0015 -0.7087
vn 0.7074 0.0010 -0.7068
vn -0.7045 0.0303 0.7090
vn 0.7041 0.0034 0.7101
vn -0.7056 0.0024 -0.7086
vn 0.7076 -0.0003 -0.7066
vn 0.7101 -0.0058 0.7041
vn 0.6365 -0.3669 -0.6785
vn 0.7104 0.0015 -0.7038
vn -0.7070 -0.1745 0.6854
vn 0.7066 0.0015 0.7076
vn 0.7104 0.0013 -0.7038
vn -0.7030 0.0067 0.7112
vn 0.7087 0.0014 -0.7055
vn 0.7105 0.0437 0.7023
vn -0.7078 0.0003 0.7064
vn 0.7066 0.0004 0.7076
vn -0.7057 0.0015 -0.7085
vn 0.7076 0.0004 -0.7066
vn -0.7091 -0.0421 0.7038
vn -0.7065 0.0064 -0.7077
vn 0.7042 0.0034 0.7100
vn -0.7051 0.0204 -0.7088
vn -0.7052 -0.0247 0.7086
vn 0.7024 -0.0028 -0.7118
vn 0.7056 0.0193 -0.7083
vn -0.7105 0.0014 0.7037
vn 0.7055 -0.0014 -0.7088
vn -0.7075 -0.0016 -0.7067
vn 0.7066 0.0013 0.7076
vn -0.7057 -0.0015 0.7085
vn 0.7086 0.0024 -0.7056
vn -0.7068 -0.0006 0.7074
vn 0.7086 0.0017 -0.7056
vn 0.7076 -0.0169 0.7064
vn -0.7086 -0.0023 -0.7056
vn 0.7113 -0.0023 0.7029
vn -0.7037 -0.0013 -0.7105
vn 0.7054 -0.0013 -0.7088
vn -0.7085 0.0016 0.7057
vn -0.7086 -0.0015 -0.7056
vn 0.7066 -0.0004 0.7076
vn 0.7076 0.0136 -0.7065
vn 0.7101 -0.0034 0.7041
vn -0.7067 -0.0021 0.7076
vn 0.7053 -0.0199 -0.7087
vn 0.7086 -0.0022 0.7056
vn 0.7089 -0.0027 0.7053
vn -0.7069 0.0031 -0.7073
vn 0.7069 -0.0001 0.7073
vn -0.7114 0.0032 0.7028
vn 0.7029 -0.0097 -0.7112
vn -0.7066 -0.0015 0.7076
vn -0.7085 -0.0031 -0.7057
vn 0.7058 0.0017 0.7084
vn -0.7085 -0.0016 -0.7057
vn 0.7055 0.0015 0.7087
vn 0.7118 -0.0028 0.7024
vn -0.7037 0.0015 -0.7105
vn 0.7112 -0.0020 0.7030
vn -0.7037 0.0022 -0.7104
vn -0.7029 0.0036 -0.7113
vn -0.7037 0.0016 0.7105
vn 0.7056 -0.0012 -0.7086
vn -0.7118 0.0028 0.7024
vn 0.7028 -0.0025 -0.7114
vn 0.7028 0.0025 0.7114
vn -0.7113 -0.0023 -0.7029
vn -0.7118 0.0027 0.7024
vn 0.7029 -0.0025 -0.7113
vn 0.7038 0.0024 0.7104
vn -0.7113 -0.0021 -0.7029
vn -0.7117 -0.0018 -0.7025
vn 0.7038 0.0086 0.7103
vn 0.7055 -0.0022 -0.7087
vn 0.7058 -0.0017 -0.7084
vn 0.7077 0.0013 0.7065
vn -0.7066 0.0004 -0.7076
vn 0.7070 0.0022 -0.7073
vn -0.7074 0.0003 0.7068
vn 0.7037 -0.0014 -0.7105
vn 0.7034 0.0018 0.7108
vn -0.7073 0.0079 -0.7068
vn 0.7036 0.0102 -0.7105
vn -0.7111 -0.0068 0.7031
vn -0.7085 0.0248 0.7052
vn -0.7104 -0.0023 -0.7038
vn 0.7112 0.0025 -0.7029
vn 0.7055 0.0024 0.7087
vn 0.7101 -0.0059 0.7041
vn -0.7067 0.0004 -0.7076
vn -0.7074 -0.0031 -0.7068
vn -0.7087 0.0014 0.7055
vn -0.7086 -0.0025 -0.7057
vn 0.7084 0.0029 0.7058
vn -0.7057 0.0025 -0.7086
vn -0.7105 0.0015 0.7037
vn 0.7070 0.0023 -0.7073
vn -0.7062 -0.0148 0.7078
vn -0.7017 -0.0397 -0.7113
vn 0.7032 0.0390 0.7099
vn 0.7097 0.0095 0.7044
vn -0.7034 0.0048 0.7107
vn 0.7025 0.0248 0.7112
vn -0.7114 -0.0131 0.7026
vn 0.7025 0.0029 0.7116
vn -0.7088 0.0014 0.7054
vn 0.7088 -0.0014 0.7054
vn -0.7057 0.0026 -0.7086
vn -0.7104 0.0015 0.7037
vn 0.7054 -0.0014 -0.7088
vn -0.7067 -0.0022 0.7076
vn -0.7037 0.0021 -0.7104
vn 0.7069 0.0022 -0.7073
vn 0.7075 -0.0005 0.7068
vn -0.7114 -0.0026 -0.7028
vn -0.7063 -0.0141 0.7078
vn -0.7025 -0.0028 0.7116
vn -0.7076 -0.0005 -0.7066
vn -0.7075 0.0005 0.7068
vn 0.7016 0.0343 0.7117
vn 0.7101 -0.0058 0.7040
vn -0.7078 0.0002 0.7064
vn 0.7056 0.0192 -0.7083
vn -0.7051 -0.0252 0.7087
vn -0.7086 -0.0031 -0.7057
vn 0.7056 -0.0012 -0.7087
vn -0.7113 -0.0022 -0.7029
vn -0.7073 0.0080 -0.7068
vn 0.7037 0.0417 -0.7092
vn -0.7086 0.0250 0.7051
vn -0.7076 -0.0005 -0.7067
vn -0.6984 -0.0806 0.7111
vn -0.7086 0.0015 0.7057
vn -0.7086 -0.0015 -0.7057
vn -0.7030 0.0067 0.7111
vn 0.7086 0.0018 -0.7056
vn 0.7069 -0.0001 0.7074
vn -0.7029 0.0035 -0.7113
vn -0.7025 0.0146 0.7116
vn 0.7067 0.0004 0.7076
vn -0.7037 0.0015 -0.7104
vn -0.7073 0.0080 -0.7069
vn 0.7109 -0.0093 0.7033
vn -0.7107 -0.0019 -0.7035
vn -0.7062 -0.0140 0.7078
vn -0.7026 -0.0028 0.7116
vn 0.7067 0.0004 0.7075
vn 0.7100 0.0031 -0.7041
vn 0.7038 0.0087 0.7103
vn 0.7069 0.0023 -0.7073
vn 0.7034 0.0017 0.7108
vn 0.7100 -0.0328 0.7035
vn -0.7068 -0.0080 -0.7073
vn -0.7018 -0.0396 -0.7113
vn 0.7052 -0.0205 -0.7087
vn 0.7057 -0.0049 0.7085
vn -0.7034 -0.0044 -0.7108
vn -0.7114 -0.0130 0.7026
vn 0.7055 0.0014 0.7088
vn -0.7031 0.0020 -0.7111
vn -0.7030 0.0019 -0.7112
vn 0.7028 0.0017 0.7114
vn -0.7026 -0.0029 0.7116
vn 0.7070 -0.0000 -0.7072
vn 0.7086 0.0015 -0.7057
vn -0.7054 0.0048 -0.7088
vn -0.7058 -0.0016 0.7085
vn 0.7099 -0.0011 0.7043
vn 0.6057 0.4353 -0.6660
vn -0.7024 -0.0028 0.7117
vn 0.7057 -0.0015 -0.7085
vn -0.7076 0.0004 -0.7066
vn 0.7024 -0.0026 -0.7118
vn -0.7113 0.0025 0.7029
vn -0.7087 0.0018 0.7055
vn 0.7088 -0.0015 0.7055
vn 0.7073 -0.0190 0.7066
vn -0.7086 -0.0016 -0.7057
vn -0.7058 0.0016 -0.7085
vn 0.7077 0.0006 -0.7065
vn -0.7057 0.0025 -0.7085
vn 0.7030 -0.0019 -0.7112
vn 0.7056 -0.0016 -0.7086
vn 0.7088 -0.0015 0.7054
vn -0.7030 0.0068 0.7111
vn 0.7066 0.0005 0.7076
vn 0.7076 0.0005 -0.7066
vn -0.7052 -0.0248 0.7086
vn 0.7077 0.0003 -0.7065
vn 0.7076 -0.0170 0.7064
vn -0.7075 0.0004 0.7067
vn -0.7086 -0.0024 -0.7056
vn 0.7113 -0.0022 0.7029
vn 0.7069 -0.0000 0.7073
vn -0.7114 0.0031 0.7028
vn 0.7055 0.0014 0.7087
vn 0.7056 -0.0013 -0.7086
vn -0.7086 0.0248 0.7052
vn -0.7083 -0.0231 0.7055
vn -0.7034 -0.0044 -0.7107
vn -0.7074 -0.0031 -0.7069
vn 0.7045 0.0104 -0.7096
vn -0.7107 -0.0028 -0.7034
vn 0.7031 0.0021 0.7111
vn -0.7076 -0.0004 -0.7067
vn 0.7110 -0.0175 0.7030
vn 0.7078 0.0138 -0.7063
vn -0.7053 0.0014 -0.7089
vn -0.7056 0.0024 -0.7087
vn 0.7101 -0.0059 0.7040
vn -0.7030 0.0068 0.7112
vn -0.7051 0.0205 -0.7088
vn 0.7069 -0.0000 0.7074
vn 0.7087 0.0017 -0.7056
vt 0.052871 0.999964
vt 0.045437 0.999964
vt 0.045437 0.000036
vt 0.052871 0.000036
vt 0.068053 0.015459
vt 0.060618 0.015459
vt 0.060618 0.007784
vt 0.068053 0.007784
vt 0.030327 0.000036
vt 0.037762 0.000036
vt 0.037762 0.999964
vt 0.030327 0.999964
vt 0.060546 0.000036
vt 0.060546 0.999964
vt 0.007711 0.999964
vt 0.007711 0.000036
vt 0.015146 0.000036
vt 0.015146 0.999964
vt 0.068053 0.000036
vt 0.068053 0.007711
vt 0.060618 0.007711
vt 0.060618 0.000036
vt 0.030255 0.000036
vt 0.030255 0.999964
vt 0.022821 0.999964
vt 0.022821 0.000036
vt 0.000036 0.999964
vt 0.000036 0.000036
vt 0.000000 0.000000
s 0
usemtl Material
f 3/1/1 4/2/1 8/3/1 7/4/1
f 7/5/2 8/6/2 6/7/2 5/8/2
f 5/9/3 6/10/3 2/11/3 1/12/3
f 3/1/4 7/4/4 5/13/4 1/14/4
f 8/3/5 4/2/5 2/11/5 6/10/5
f 11/15/3 15/16/3 16/17/3 12/18/3
f 15/19/2 13/20/2 14/21/2 16/22/2
f 13/23/1 9/24/1 10/25/1 14/26/1
f 11/15/4 9/27/4 13/28/4 15/16/4
f 16/17/5 14/26/5 10/25/5 12/18/5
f 86/29/5 88/29/5 85/29/5
f 38/29/4 84/29/4 39/29/4
f 81/29/4 290/29/4 154/29/4
f 80/29/5 79/29/5 207/29/5
f 77/29/4 371/29/4 234/29/4
f 288/29/5 76/29/5 75/29/5
f 73/29/4 448/29/4 315/29/4
f 369/29/5 72/29/5 71/29/5
f 395/29/4 69/29/4 68/29/4
f 68/29/6 449/29/6 30/29/6
f 164/29/5 165/29/5 202/29/5
f 223/29/4 210/29/4 178/29/4
f 165/29/5 167/29/5 202/29/5
f 177/29/4 223/29/4 178/29/4
f 201/29/4 166/29/4 215/29/4
f 203/29/4 166/29/4 201/29/4
f 179/29/5 224/29/5 180/29/5
f 224/29/5 225/29/5 180/29/5
f 187/29/5 186/29/5 217/29/5
f 186/29/5 188/29/5 217/29/5
f 195/29/5 194/29/5 227/29/5
f 216/29/4 185/29/4 233/29/4
f 218/29/4 185/29/4 216/29/4
f 194/29/5 196/29/5 227/29/5
f 226/29/4 193/29/4 241/29/4
f 228/29/4 193/29/4 226/29/4
f 288/29/5 198/29/5 236/29/5
f 235/29/4 77/29/4 234/29/4
f 55/29/4 470/29/4 57/29/4
f 469/29/5 467/29/5 56/29/5
f 415/29/4 466/29/4 410/29/4
f 410/29/7 52/29/7 54/29/7
f 45/29/4 332/29/4 44/29/4
f 253/29/5 254/29/5 367/29/5
f 172/29/5 250/29/5 43/29/5
f 171/29/4 251/29/4 42/29/4
f 88/29/5 40/29/5 205/29/5
f 87/29/4 41/29/4 39/29/4
f 24/29/5 37/29/5 124/29/5
f 23/29/4 38/29/4 36/29/4
f 455/29/8 32/29/8 33/29/8
f 32/29/4 462/29/4 31/29/4
f 324/29/4 293/29/4 292/29/4
f 134/29/5 132/29/5 130/29/5
f 480/29/4 494/29/4 478/29/4
f 332/29/4 45/29/4 330/29/4
f 46/29/5 331/29/5 368/29/5
f 449/29/5 361/29/5 396/29/5
f 65/29/5 66/29/5 477/29/5
f 154/29/4 116/29/4 81/29/4
f 315/29/4 280/29/4 73/29/4
f 235/29/4 199/29/4 77/29/4
f 535/29/5 479/29/5 534/29/5
f 154/29/4 155/29/4 116/29/4
f 315/29/4 316/29/4 280/29/4
f 367/29/5 46/29/5 368/29/5
f 447/29/5 361/29/5 449/29/5
f 66/29/5 441/29/5 477/29/5
f 45/29/4 409/29/4 330/29/4
f 91/29/4 131/29/4 92/29/4
f 94/29/5 93/29/5 95/29/5
f 92/29/9 94/29/9 96/29/9
f 101/29/4 136/29/4 103/29/4
f 105/29/5 106/29/5 104/29/5
f 110/29/10 109/29/10 525/29/10
f 107/29/4 112/29/4 110/29/4
f 108/29/5 109/29/5 111/29/5
f 97/29/4 112/29/4 146/29/4
f 99/29/5 109/29/5 515/29/5
f 534/29/11 118/29/11 494/29/11
f 478/29/12 119/29/12 479/29/12
f 118/29/4 209/29/4 478/29/4
f 168/29/4 122/29/4 120/29/4
f 124/29/5 125/29/5 82/29/5
f 128/29/5 96/29/5 456/29/5
f 127/29/4 92/29/4 135/29/4
f 131/29/13 130/29/13 94/29/13
f 142/29/5 130/29/5 132/29/5
f 133/29/4 163/29/4 135/29/4
f 134/29/5 129/29/5 121/29/5
f 140/29/5 138/29/5 142/29/5
f 90/29/14 143/29/14 138/29/14
f 145/29/5 113/29/5 147/29/5
f 146/29/4 197/29/4 149/29/4
f 156/29/5 115/29/5 158/29/5
f 200/29/15 156/29/15 159/29/15
f 191/29/4 161/29/4 157/29/4
f 160/29/5 111/29/5 145/29/5
f 162/29/4 166/29/4 163/29/4
f 134/29/5 165/29/5 164/29/5
f 164/29/16 215/29/16 162/29/16
f 203/29/4 168/29/4 166/29/4
f 167/29/5 125/29/5 85/29/5
f 210/29/4 181/29/4 178/29/4
f 132/29/5 134/29/5 179/29/5
f 174/29/4 185/29/4 218/29/4
f 176/29/5 186/29/5 137/29/5
f 194/29/5 192/29/5 160/29/5
f 194/29/17 191/29/17 193/29/17
f 193/29/4 190/29/4 241/29/4
f 228/29/18 196/29/18 184/29/18
f 182/29/4 193/29/4 228/29/4
f 147/29/5 184/29/5 194/29/5
f 249/29/4 203/29/4 201/29/4
f 206/29/5 167/29/5 205/29/5
f 210/29/4 223/29/4 260/29/4
f 213/29/5 179/29/5 212/29/5
f 164/29/5 214/29/5 212/29/5
f 215/29/4 245/29/4 201/29/4
f 220/29/19 225/29/19 222/29/19
f 223/29/4 177/29/4 220/29/4
f 196/29/5 229/29/5 227/29/5
f 278/29/4 231/29/4 228/29/4
f 236/29/5 198/29/5 238/29/5
f 281/29/20 236/29/20 239/29/20
f 240/29/21 226/29/21 273/29/21
f 238/29/5 227/29/5 240/29/5
f 237/29/4 226/29/4 241/29/4
f 243/29/5 214/29/5 244/29/5
f 245/29/4 242/29/4 247/29/4
f 244/29/22 296/29/22 242/29/22
f 285/29/4 249/29/4 247/29/4
f 206/29/5 170/29/5 248/29/5
f 263/29/4 264/29/4 261/29/4
f 314/29/5 232/29/5 267/29/5
f 273/29/4 271/29/4 322/29/4
f 275/29/5 276/29/5 240/29/5
f 261/29/4 274/29/4 307/29/4
f 261/29/23 277/29/23 262/29/23
f 262/29/5 275/29/5 229/29/5
f 279/29/5 370/29/5 272/29/5
f 271/29/4 281/29/4 280/29/4
f 285/29/4 282/29/4 284/29/4
f 43/29/24 285/29/24 286/29/24
f 304/29/5 258/29/5 295/29/5
f 293/29/4 302/29/4 292/29/4
f 282/29/4 293/29/4 324/29/4
f 295/29/25 293/29/25 296/29/25
f 244/29/5 283/29/5 295/29/5
f 313/29/5 266/29/5 300/29/5
f 299/29/4 312/29/4 298/29/4
f 305/29/4 310/29/4 307/29/4
f 277/29/5 308/29/5 306/29/5
f 310/29/26 309/29/26 277/29/26
f 309/29/5 313/29/5 311/29/5
f 312/29/4 263/29/4 310/29/4
f 354/29/4 322/29/4 318/29/4
f 321/29/5 276/29/5 306/29/5
f 294/29/5 323/29/5 341/29/5
f 324/29/4 377/29/4 326/29/4
f 325/29/5 329/29/5 327/29/5
f 328/29/4 284/29/4 326/29/4
f 332/29/4 330/29/4 446/29/4
f 331/29/5 46/29/5 334/29/5
f 446/29/27 335/29/27 46/29/27
f 343/29/4 348/29/4 345/29/4
f 346/29/5 347/29/5 344/29/5
f 346/29/5 351/29/5 349/29/5
f 348/29/4 350/29/4 298/29/4
f 321/29/28 354/29/28 356/29/28
f 356/29/4 353/29/4 402/29/4
f 358/29/5 321/29/5 357/29/5
f 389/29/4 360/29/4 356/29/4
f 360/29/29 308/29/29 357/29/29
f 361/29/5 447/29/5 355/29/5
f 362/29/30 320/29/30 447/29/30
f 353/29/4 363/29/4 362/29/4
f 364/29/31 365/29/31 368/29/31
f 367/29/32 366/29/32 45/29/32
f 370/29/5 369/29/5 75/29/5
f 371/29/4 74/29/4 280/29/4
f 375/29/5 387/29/5 339/29/5
f 375/29/24 372/29/24 373/29/24
f 383/29/5 380/29/5 349/29/5
f 382/29/4 378/29/4 381/29/4
f 401/29/33 388/29/33 431/29/33
f 388/29/4 402/29/4 400/29/4
f 358/29/5 390/29/5 401/29/5
f 404/29/4 417/29/4 403/29/4
f 406/29/5 376/29/5 408/29/5
f 403/29/34 406/29/34 52/29/34
f 410/29/4 411/29/4 403/29/4
f 51/29/5 52/29/5 49/29/5
f 374/29/5 54/29/5 416/29/5
f 418/29/4 415/29/4 417/29/4
f 421/29/4 422/29/4 420/29/4
f 421/29/35 439/29/35 424/29/35
f 55/29/4 381/29/4 423/29/4
f 56/29/5 426/29/5 428/29/5
f 430/29/36 432/29/36 429/29/36
f 430/29/5 436/29/5 433/29/5
f 438/29/5 63/29/5 436/29/5
f 437/29/4 435/29/4 420/29/4
f 440/29/4 442/29/4 26/29/4
f 430/29/37 429/29/37 440/29/37
f 445/29/5 443/29/5 334/29/5
f 334/29/38 444/29/38 333/29/38
f 448/29/4 69/29/4 362/29/4
f 72/29/5 449/29/5 71/29/5
f 71/29/39 69/29/39 70/29/39
f 466/29/4 413/29/4 57/29/4
f 467/29/5 469/29/5 465/29/5
f 62/29/5 473/29/5 433/29/5
f 474/29/4 472/29/4 476/29/4
f 472/29/4 64/29/4 476/29/4
f 477/29/40 440/29/40 472/29/40
f 490/29/5 492/29/5 489/29/5
f 488/29/4 491/29/4 532/29/4
f 501/29/4 497/29/4 514/29/4
f 486/29/5 498/29/5 485/29/5
f 507/29/41 509/29/41 451/29/41
f 510/29/5 511/29/5 507/29/5
f 512/29/4 517/29/4 514/29/4
f 515/29/42 114/29/42 512/29/42
f 517/29/4 98/29/4 487/29/4
f 522/29/5 524/29/5 521/29/5
f 528/29/43 527/29/43 509/29/43
f 530/29/4 509/29/4 35/29/4
f 492/29/5 493/29/5 531/29/5
f 463/29/4 533/29/4 532/29/4
f 495/29/5 535/29/5 534/29/5
f 494/29/4 480/29/4 536/29/4
f 505/29/5 506/29/5 458/29/5
f 504/29/4 508/29/4 537/29/4
f 458/29/44 457/29/44 504/29/44
f 508/29/45 538/29/45 506/29/45
f 86/29/46 37/29/46 38/29/46 39/29/46
f 39/29/4 84/29/4 87/29/4
f 454/29/47 128/29/47 127/29/47 83/29/47
f 37/29/5 86/29/5 85/29/5
f 21/29/5 82/29/5 128/29/5 454/29/5
f 20/29/48 122/29/48 82/29/48 21/29/48
f 83/29/4 127/29/4 122/29/4 20/29/4
f 80/29/49 156/29/49 154/29/49 290/29/49
f 78/29/50 81/29/50 207/29/50 79/29/50
f 207/29/5 156/29/5 80/29/5
f 76/29/49 236/29/49 234/29/49 371/29/49
f 81/29/4 78/29/4 290/29/4
f 74/29/51 77/29/51 288/29/51 75/29/51
f 288/29/5 236/29/5 76/29/5
f 72/29/52 317/29/52 315/29/52 448/29/52
f 77/29/4 74/29/4 371/29/4
f 70/29/53 73/29/53 369/29/53 71/29/53
f 317/29/5 72/29/5 369/29/5
f 396/29/5 29/29/5 30/29/5 449/29/5
f 73/29/4 70/29/4 448/29/4
f 68/29/54 69/29/54 449/29/54
f 395/29/55 28/29/55 29/29/55 396/29/55
f 66/29/56 19/29/56 67/29/56 27/29/56
f 28/29/4 395/29/4 68/29/4
f 65/29/5 18/29/5 19/29/5 66/29/5
f 64/29/57 17/29/57 18/29/57 65/29/57
f 27/29/4 67/29/4 17/29/4 64/29/4
f 61/29/58 63/29/58 435/29/58 471/29/58
f 61/29/5 60/29/5 62/29/5 63/29/5
f 59/29/59 474/29/59 62/29/59 60/29/59
f 471/29/4 435/29/4 474/29/4 59/29/4
f 58/29/59 467/29/59 57/29/59 470/29/59
f 55/29/60 468/29/60 469/29/60 56/29/60
f 56/29/5 467/29/5 58/29/5
f 52/29/5 51/29/5 53/29/5 54/29/5
f 468/29/4 55/29/4 57/29/4
f 415/29/61 410/29/61 54/29/61
f 50/29/62 466/29/62 53/29/62 51/29/62
f 49/29/63 445/29/63 47/29/63 411/29/63
f 466/29/4 50/29/4 410/29/4
f 48/29/5 443/29/5 445/29/5 49/29/5
f 407/29/64 444/29/64 443/29/64 48/29/64
f 407/29/4 411/29/4 47/29/4 444/29/4
f 46/29/65 254/29/65 44/29/65 332/29/65
f 45/29/66 252/29/66 253/29/66 367/29/66
f 367/29/5 254/29/5 46/29/5
f 286/29/67 171/29/67 172/29/67 43/29/67
f 252/29/4 45/29/4 44/29/4
f 250/29/68 173/29/68 42/29/68 251/29/68
f 171/29/4 286/29/4 251/29/4
f 204/29/69 87/29/69 88/29/69 205/29/69
f 172/29/5 173/29/5 250/29/5
f 40/29/70 86/29/70 39/29/70 41/29/70
f 87/29/4 204/29/4 41/29/4
f 123/29/69 23/29/69 24/29/69 124/29/69
f 88/29/5 86/29/5 40/29/5
f 37/29/68 25/29/68 36/29/68 38/29/68
f 23/29/4 123/29/4 38/29/4
f 34/29/71 529/29/71 35/29/71 22/29/71
f 24/29/5 25/29/5 37/29/5
f 453/29/5 528/29/5 529/29/5 34/29/5
f 452/29/72 527/29/72 528/29/72 453/29/72
f 22/29/4 35/29/4 527/29/4 452/29/4
f 464/29/73 95/29/73 31/29/73 462/29/73
f 33/29/4 32/29/4 31/29/4
f 464/29/5 502/29/5 455/29/5 95/29/5
f 30/29/74 66/29/74 27/29/74 68/29/74
f 455/29/75 502/29/75 32/29/75
f 30/29/5 29/29/5 441/29/5 66/29/5
f 28/29/76 26/29/76 441/29/76 29/29/76
f 68/29/4 27/29/4 26/29/4 28/29/4
f 25/29/77 34/29/77 22/29/77 36/29/77
f 24/29/5 21/29/5 34/29/5 25/29/5
f 23/29/78 20/29/78 21/29/78 24/29/78
f 23/29/4 36/29/4 22/29/4 20/29/4
f 296/29/4 282/29/4 285/29/4 247/29/4
f 392/29/4 437/29/4 420/29/4 422/29/4
f 455/29/5 456/29/5 96/29/5 95/29/5
f 338/29/4 337/29/4 385/29/4 372/29/4
f 33/29/4 31/29/4 92/29/4 126/29/4
f 373/29/4 418/29/4 417/29/4 404/29/4
f 244/29/5 246/29/5 248/29/5 283/29/5
f 375/29/5 376/29/5 419/29/5 374/29/5
f 67/29/79 19/29/79 18/29/79 17/29/79
f 340/29/5 339/29/5 387/29/5 386/29/5
f 391/29/5 393/29/5 439/29/5 438/29/5
f 378/29/4 379/29/4 348/29/4 394/29/4
f 382/29/4 381/29/4 427/29/4 412/29/4
f 222/29/5 221/29/5 269/29/5 270/29/5
f 380/29/5 347/29/5 346/29/5 349/29/5
f 383/29/5 384/29/5 428/29/5 426/29/5
f 144/29/4 146/29/4 112/29/4 161/29/4
f 229/29/5 230/29/5 232/29/5 262/29/5
f 147/29/5 148/29/5 150/29/5 184/29/5
f 388/29/4 389/29/4 356/29/4 402/29/4
f 503/29/5 502/29/5 464/29/5 531/29/5
f 220/29/4 219/29/4 268/29/4 255/29/4
f 189/29/4 174/29/4 175/29/4 139/29/4
f 261/29/4 264/29/4 231/29/4 278/29/4
f 137/29/5 138/29/5 140/29/5 176/29/5
f 197/29/4 182/29/4 183/29/4 149/29/4
f 159/29/5 158/29/5 160/29/5 192/29/5
f 323/29/5 325/29/5 327/29/5 365/29/5
f 363/29/4 353/29/4 354/29/4 318/29/4
f 101/29/4 100/29/4 151/29/4 136/29/4
f 390/29/5 358/29/5 357/29/5 359/29/5
f 104/29/5 102/29/5 152/29/5 153/29/5
f 99/29/5 515/29/5 516/29/5 521/29/5
f 239/29/5 238/29/5 240/29/5 272/29/5
f 97/29/4 98/29/4 517/29/4 114/29/4
f 512/29/4 514/29/4 497/29/4 526/29/4
f 481/29/5 482/29/5 525/29/5 108/29/5
f 181/29/4 162/29/4 163/29/4 133/29/4
f 129/29/5 128/29/5 82/29/5 121/29/5
f 300/29/5 301/29/5 351/29/5 352/29/5
f 344/29/5 308/29/5 309/29/5 311/29/5
f 343/29/4 345/29/4 310/29/4 360/29/4
f 320/29/5 319/29/5 321/29/5 355/29/5
f 21/29/5 454/29/5 453/29/5 34/29/5
f 213/29/5 212/29/5 214/29/5 243/29/5
f 260/29/4 242/29/4 245/29/4 211/29/4
f 145/29/5 111/29/5 109/29/5 113/29/5
f 460/29/5 461/29/5 106/29/5 105/29/5
f 513/29/5 499/29/5 498/29/5 500/29/5
f 295/29/5 294/29/5 341/29/5 342/29/5
f 299/29/4 298/29/4 350/29/4 336/29/4
f 520/29/4 519/29/4 103/29/4 89/29/4
f 488/29/4 487/29/4 523/29/4 518/29/4
f 265/29/4 263/29/4 312/29/4 297/29/4
f 267/29/5 266/29/5 313/29/5 314/29/5
f 490/29/5 489/29/5 524/29/5 522/29/5
f 200/29/4 190/29/4 191/29/4 157/29/4
f 91/29/4 90/29/4 141/29/4 131/29/4
f 377/29/4 364/29/4 366/29/4 326/29/4
f 533/29/4 463/29/4 462/29/4 32/29/4
f 281/29/4 271/29/4 273/29/4 237/29/4
f 257/29/4 256/29/4 302/29/4 291/29/4
f 117/29/4 107/29/4 110/29/4 483/29/4
f 120/29/4 122/29/4 127/29/4 135/29/4
f 93/29/5 94/29/5 142/29/5 143/29/5
f 259/29/5 258/29/5 304/29/5 303/29/5
f 430/29/5 398/29/5 399/29/5 401/29/5
f 20/29/4 22/29/4 452/29/4 83/29/4
f 429/29/4 431/29/4 400/29/4 442/29/4
f 305/29/4 307/29/4 274/29/4 322/29/4
f 538/29/5 507/29/5 459/29/5 458/29/5
f 306/29/5 276/29/5 275/29/5 277/29/5
f 508/29/4 457/29/4 450/29/4 451/29/4
f 440/29/4 26/29/4 27/29/4 64/29/4
f 414/29/4 413/29/4 466/29/4 415/29/4
f 416/29/5 54/29/5 53/29/5 465/29/5
f 69/29/4 395/29/4 397/29/4 362/29/4
f 423/29/4 421/29/4 470/29/4 55/29/4
f 425/29/5 56/29/5 58/29/5 424/29/5
f 405/29/4 403/29/4 411/29/4 407/29/4
f 408/29/5 48/29/5 49/29/5 406/29/5
f 434/29/4 432/29/4 474/29/4 435/29/4
f 40/29/5 170/29/5 206/29/5 205/29/5
f 249/29/4 169/29/4 41/29/4 204/29/4
f 37/29/5 85/29/5 125/29/5 124/29/5
f 168/29/4 84/29/4 38/29/4 123/29/4
f 328/29/4 251/29/4 286/29/4 284/29/4
f 436/29/5 63/29/5 62/29/5 433/29/5
f 207/29/5 208/29/5 115/29/5 156/29/5
f 369/29/5 370/29/5 279/29/5 317/29/5
f 43/29/5 250/29/5 329/29/5 287/29/5
f 89/29/4 103/29/4 90/29/4 91/29/4
f 288/29/5 289/29/5 198/29/5
f 89/29/80 91/29/80 93/29/80 461/29/80
f 461/29/5 93/29/5 143/29/5 106/29/5
f 106/29/81 143/29/81 90/29/81 103/29/81
f 91/29/82 31/29/82 95/29/82 93/29/82
f 92/29/83 131/29/83 94/29/83
f 31/29/4 91/29/4 92/29/4
f 97/29/4 100/29/4 101/29/4 98/29/4
f 95/29/5 96/29/5 94/29/5
f 98/29/84 101/29/84 104/29/84 521/29/84
f 99/29/5 521/29/5 104/29/5 153/29/5
f 99/29/85 153/29/85 100/29/85 97/29/85
f 102/29/86 106/29/86 103/29/86 136/29/86
f 104/29/5 106/29/5 102/29/5
f 101/29/87 519/29/87 105/29/87 104/29/87
f 519/29/4 101/29/4 103/29/4
f 161/29/88 107/29/88 108/29/88 111/29/88
f 525/29/5 109/29/5 108/29/5
f 110/29/89 112/29/89 109/29/89
f 107/29/4 161/29/4 112/29/4
f 113/29/90 99/29/90 97/29/90 146/29/90
f 99/29/5 113/29/5 109/29/5
f 112/29/91 114/29/91 515/29/91 109/29/91
f 97/29/4 114/29/4 112/29/4
f 117/29/4 116/29/4 155/29/4 107/29/4
f 107/29/92 155/29/92 115/29/92 108/29/92
f 481/29/5 108/29/5 115/29/5 208/29/5
f 481/29/93 208/29/93 116/29/93 117/29/93
f 121/29/94 125/29/94 168/29/94 120/29/94
f 478/29/4 494/29/4 118/29/4
f 479/29/5 119/29/5 534/29/5
f 478/29/95 209/29/95 119/29/95
f 125/29/5 121/29/5 82/29/5
f 122/29/84 123/29/84 124/29/84 82/29/84
f 123/29/4 122/29/4 168/29/4
f 126/29/96 127/29/96 128/29/96 456/29/96
f 127/29/4 126/29/4 92/29/4
f 96/29/97 129/29/97 135/29/97 92/29/97
f 128/29/5 129/29/5 96/29/5
f 133/29/4 131/29/4 141/29/4 181/29/4
f 142/29/5 94/29/5 130/29/5
f 181/29/98 141/29/98 142/29/98 132/29/98
f 129/29/99 130/29/99 133/29/99 135/29/99
f 131/29/100 133/29/100 130/29/100
f 130/29/5 129/29/5 134/29/5
f 120/29/101 163/29/101 134/29/101 121/29/101
f 163/29/4 120/29/4 135/29/4
f 139/29/4 136/29/4 151/29/4 189/29/4
f 189/29/102 151/29/102 152/29/102 137/29/102
f 138/29/5 137/29/5 152/29/5 102/29/5
f 138/29/103 102/29/103 136/29/103 139/29/103
f 90/29/4 139/29/4 175/29/4 141/29/4
f 141/29/104 175/29/104 140/29/104 142/29/104
f 197/29/105 144/29/105 145/29/105 147/29/105
f 139/29/106 90/29/106 138/29/106
f 142/29/5 138/29/5 143/29/5
f 144/29/4 197/29/4 146/29/4
f 148/29/107 113/29/107 146/29/107 149/29/107
f 113/29/5 148/29/5 147/29/5
f 100/29/4 149/29/4 183/29/4 151/29/4
f 151/29/104 183/29/104 150/29/104 152/29/104
f 153/29/5 152/29/5 150/29/5 148/29/5
f 153/29/108 148/29/108 149/29/108 100/29/108
f 155/29/4 154/29/4 200/29/4 157/29/4
f 155/29/109 157/29/109 158/29/109 115/29/109
f 111/29/110 158/29/110 157/29/110 161/29/110
f 200/29/111 154/29/111 156/29/111
f 159/29/5 156/29/5 158/29/5
f 158/29/5 111/29/5 160/29/5
f 144/29/112 191/29/112 160/29/112 145/29/112
f 191/29/4 144/29/4 161/29/4
f 165/29/113 134/29/113 163/29/113 166/29/113
f 134/29/114 164/29/114 162/29/114
f 125/29/47 165/29/47 166/29/47 168/29/47
f 162/29/4 215/29/4 166/29/4
f 167/29/5 165/29/5 125/29/5
f 84/29/104 203/29/104 167/29/104 85/29/104
f 203/29/4 84/29/4 168/29/4
f 42/29/4 41/29/4 169/29/4 171/29/4
f 171/29/115 169/29/115 170/29/115 172/29/115
f 173/29/5 172/29/5 170/29/5 40/29/5
f 173/29/46 40/29/46 41/29/46 42/29/46
f 175/29/4 174/29/4 177/29/4 178/29/4
f 175/29/116 178/29/116 180/29/116 140/29/116
f 140/29/5 180/29/5 225/29/5 176/29/5
f 176/29/117 225/29/117 177/29/117 174/29/117
f 132/29/118 180/29/118 178/29/118 181/29/118
f 180/29/5 132/29/5 179/29/5
f 162/29/119 210/29/119 179/29/119 134/29/119
f 181/29/4 210/29/4 162/29/4
f 183/29/4 182/29/4 233/29/4 185/29/4
f 183/29/84 185/29/84 186/29/84 150/29/84
f 150/29/5 186/29/5 187/29/5 184/29/5
f 184/29/120 187/29/120 233/29/120 182/29/120
f 188/29/104 176/29/104 174/29/104 218/29/104
f 176/29/5 188/29/5 186/29/5
f 185/29/87 189/29/87 137/29/87 186/29/87
f 189/29/4 185/29/4 174/29/4
f 192/29/85 195/29/85 241/29/85 190/29/85
f 194/29/121 160/29/121 191/29/121
f 193/29/4 191/29/4 190/29/4
f 194/29/5 195/29/5 192/29/5
f 193/29/122 197/29/122 147/29/122 194/29/122
f 184/29/5 196/29/5 194/29/5
f 182/29/123 228/29/123 184/29/123
f 197/29/4 193/29/4 182/29/4
f 200/29/4 199/29/4 235/29/4 190/29/4
f 190/29/92 235/29/92 198/29/92 192/29/92
f 159/29/5 192/29/5 198/29/5 289/29/5
f 159/29/124 289/29/124 199/29/124 200/29/124
f 202/29/94 206/29/94 249/29/94 201/29/94
f 206/29/5 202/29/5 167/29/5
f 203/29/125 204/29/125 205/29/125 167/29/125
f 249/29/4 204/29/4 203/29/4
f 81/29/4 116/29/4 209/29/4 118/29/4
f 81/29/126 118/29/126 534/29/126 207/29/126
f 207/29/5 534/29/5 119/29/5 208/29/5
f 208/29/127 119/29/127 209/29/127 116/29/127
f 224/29/98 213/29/98 260/29/98 223/29/98
f 179/29/5 213/29/5 224/29/5
f 210/29/128 211/29/128 212/29/128 179/29/128
f 211/29/4 210/29/4 260/29/4
f 211/29/129 215/29/129 164/29/129 212/29/129
f 215/29/4 211/29/4 245/29/4
f 214/29/130 202/29/130 201/29/130 245/29/130
f 164/29/5 202/29/5 214/29/5
f 219/29/4 220/29/4 218/29/4 216/29/4
f 219/29/98 216/29/98 217/29/98 270/29/98
f 270/29/5 217/29/5 188/29/5 222/29/5
f 222/29/131 188/29/131 218/29/131 220/29/131
f 223/29/132 255/29/132 221/29/132 224/29/132
f 255/29/4 223/29/4 220/29/4
f 225/29/5 224/29/5 221/29/5 222/29/5
f 278/29/133 226/29/133 227/29/133 229/29/133
f 220/29/134 177/29/134 225/29/134
f 226/29/4 278/29/4 228/29/4
f 230/29/135 196/29/135 228/29/135 231/29/135
f 229/29/5 196/29/5 230/29/5
f 233/29/4 231/29/4 264/29/4 216/29/4
f 216/29/104 264/29/104 232/29/104 217/29/104
f 187/29/5 217/29/5 232/29/5 230/29/5
f 187/29/108 230/29/108 231/29/108 233/29/108
f 235/29/4 234/29/4 281/29/4 237/29/4
f 235/29/136 237/29/136 238/29/136 198/29/136
f 195/29/108 238/29/108 237/29/108 241/29/108
f 281/29/137 234/29/137 236/29/137
f 239/29/5 236/29/5 238/29/5
f 237/29/4 273/29/4 226/29/4
f 240/29/138 227/29/138 226/29/138
f 238/29/5 195/29/5 227/29/5
f 246/29/139 214/29/139 245/29/139 247/29/139
f 243/29/140 244/29/140 242/29/140
f 214/29/5 246/29/5 244/29/5
f 206/29/141 246/29/141 247/29/141 249/29/141
f 242/29/4 296/29/4 247/29/4
f 248/29/5 246/29/5 206/29/5
f 169/29/142 285/29/142 248/29/142 170/29/142
f 249/29/4 285/29/4 169/29/4
f 44/29/4 251/29/4 328/29/4 252/29/4
f 252/29/78 328/29/78 329/29/78 253/29/78
f 253/29/5 329/29/5 250/29/5 254/29/5
f 254/29/46 250/29/46 251/29/46 44/29/46
f 257/29/4 255/29/4 268/29/4 256/29/4
f 256/29/143 268/29/143 269/29/143 303/29/143
f 259/29/5 303/29/5 269/29/5 221/29/5
f 259/29/144 221/29/144 255/29/144 257/29/144
f 242/29/4 260/29/4 257/29/4 291/29/4
f 242/29/145 291/29/145 258/29/145 243/29/145
f 243/29/5 258/29/5 259/29/5 213/29/5
f 213/29/108 259/29/108 257/29/108 260/29/108
f 262/29/146 314/29/146 263/29/146 261/29/146
f 314/29/5 262/29/5 232/29/5
f 264/29/116 265/29/116 267/29/116 232/29/116
f 265/29/4 264/29/4 263/29/4
f 268/29/4 219/29/4 265/29/4 297/29/4
f 268/29/147 297/29/147 266/29/147 269/29/147
f 269/29/5 266/29/5 267/29/5 270/29/5
f 270/29/118 267/29/118 265/29/118 219/29/118
f 272/29/85 276/29/85 322/29/85 271/29/85
f 276/29/5 272/29/5 240/29/5
f 273/29/148 274/29/148 275/29/148 240/29/148
f 274/29/4 273/29/4 322/29/4
f 274/29/149 278/29/149 229/29/149 275/29/149
f 261/29/150 307/29/150 277/29/150
f 275/29/5 262/29/5 277/29/5
f 261/29/4 278/29/4 274/29/4
f 271/29/92 316/29/92 279/29/92 272/29/92
f 316/29/4 271/29/4 280/29/4
f 239/29/151 370/29/151 280/29/151 281/29/151
f 272/29/5 370/29/5 239/29/5
f 248/29/5 43/29/5 287/29/5 283/29/5
f 43/29/152 248/29/152 285/29/152
f 283/29/153 287/29/153 284/29/153 282/29/153
f 77/29/4 199/29/4 290/29/4 78/29/4
f 286/29/4 285/29/4 284/29/4
f 77/29/154 78/29/154 79/29/154 288/29/154
f 288/29/5 79/29/5 80/29/5 289/29/5
f 289/29/155 80/29/155 290/29/155 199/29/155
f 291/29/156 293/29/156 295/29/156 258/29/156
f 293/29/4 291/29/4 302/29/4
f 304/29/98 342/29/98 292/29/98 302/29/98
f 342/29/5 304/29/5 295/29/5
f 294/29/157 283/29/157 282/29/157 324/29/157
f 283/29/5 294/29/5 295/29/5
f 297/29/158 299/29/158 300/29/158 266/29/158
f 282/29/4 296/29/4 293/29/4
f 244/29/159 295/29/159 296/29/159
f 312/29/4 299/29/4 297/29/4
f 313/29/102 352/29/102 298/29/102 312/29/102
f 300/29/5 352/29/5 313/29/5
f 336/29/4 302/29/4 256/29/4 299/29/4
f 299/29/160 256/29/160 303/29/160 300/29/160
f 301/29/5 300/29/5 303/29/5 304/29/5
f 301/29/132 304/29/132 302/29/132 336/29/132
f 360/29/161 305/29/161 306/29/161 308/29/161
f 307/29/162 310/29/162 277/29/162
f 305/29/4 360/29/4 310/29/4
f 312/29/163 345/29/163 311/29/163 313/29/163
f 277/29/5 309/29/5 308/29/5
f 310/29/4 345/29/4 312/29/4
f 314/29/164 309/29/164 310/29/164 263/29/164
f 313/29/5 309/29/5 314/29/5
f 316/29/4 315/29/4 363/29/4 318/29/4
f 316/29/136 318/29/136 319/29/136 279/29/136
f 279/29/5 319/29/5 320/29/5 317/29/5
f 317/29/165 320/29/165 363/29/165 315/29/165
f 276/29/108 319/29/108 318/29/108 322/29/108
f 319/29/5 276/29/5 321/29/5
f 305/29/166 354/29/166 321/29/166 306/29/166
f 354/29/4 305/29/4 322/29/4
f 377/29/167 324/29/167 341/29/167 323/29/167
f 87/29/168 84/29/168 85/29/168 88/29/168
f 325/29/169 294/29/169 324/29/169 326/29/169
f 294/29/5 325/29/5 323/29/5
f 328/29/170 366/29/170 327/29/170 329/29/170
f 326/29/4 366/29/4 328/29/4
f 287/29/118 325/29/118 326/29/118 284/29/118
f 325/29/5 287/29/5 329/29/5
f 333/29/171 330/29/171 331/29/171 334/29/171
f 332/29/172 446/29/172 46/29/172
f 330/29/4 333/29/4 446/29/4
f 338/29/4 336/29/4 350/29/4 337/29/4
f 334/29/5 46/29/5 335/29/5
f 337/29/173 350/29/173 351/29/173 386/29/173
f 340/29/5 386/29/5 351/29/5 301/29/5
f 340/29/144 301/29/144 336/29/144 338/29/144
f 324/29/4 292/29/4 338/29/4 372/29/4
f 324/29/174 372/29/174 339/29/174 341/29/174
f 341/29/5 339/29/5 340/29/5 342/29/5
f 342/29/108 340/29/108 338/29/108 292/29/108
f 346/29/175 311/29/175 345/29/175 348/29/175
f 344/29/5 311/29/5 346/29/5
f 394/29/98 343/29/98 344/29/98 347/29/98
f 348/29/4 343/29/4 394/29/4
f 350/29/176 379/29/176 349/29/176 351/29/176
f 348/29/4 379/29/4 350/29/4
f 352/29/177 346/29/177 348/29/177 298/29/177
f 346/29/5 352/29/5 351/29/5
f 355/29/178 358/29/178 402/29/178 353/29/178
f 356/29/4 354/29/4 353/29/4
f 321/29/5 358/29/5 355/29/5
f 343/29/132 389/29/132 359/29/132 344/29/132
f 357/29/179 321/29/179 356/29/179
f 356/29/180 360/29/180 357/29/180
f 389/29/4 343/29/4 360/29/4
f 308/29/5 344/29/5 359/29/5 357/29/5
f 353/29/181 397/29/181 361/29/181 355/29/181
f 397/29/4 353/29/4 362/29/4
f 327/29/5 367/29/5 368/29/5 365/29/5
f 355/29/5 447/29/5 320/29/5
f 362/29/182 363/29/182 320/29/182
f 367/29/183 327/29/183 366/29/183
f 364/29/4 409/29/4 45/29/4 366/29/4
f 73/29/184 74/29/184 75/29/184 369/29/184
f 409/29/185 364/29/185 368/29/185
f 280/29/4 74/29/4 73/29/4
f 370/29/186 76/29/186 371/29/186 280/29/186
f 76/29/5 370/29/5 75/29/5
f 385/29/4 418/29/4 373/29/4 372/29/4
f 375/29/152 339/29/152 372/29/152
f 387/29/187 374/29/187 418/29/187 385/29/187
f 374/29/5 387/29/5 375/29/5
f 373/29/4 404/29/4 364/29/4 377/29/4
f 373/29/188 377/29/188 323/29/188 375/29/188
f 375/29/5 323/29/5 365/29/5 376/29/5
f 376/29/189 365/29/189 364/29/189 404/29/189
f 379/29/190 382/29/190 383/29/190 349/29/190
f 382/29/4 379/29/4 378/29/4
f 380/29/187 426/29/187 381/29/187 378/29/187
f 383/29/5 426/29/5 380/29/5
f 412/29/4 385/29/4 337/29/4 382/29/4
f 382/29/118 337/29/118 386/29/118 383/29/118
f 384/29/5 383/29/5 386/29/5 387/29/5
f 384/29/104 387/29/104 385/29/104 412/29/104
f 388/29/4 437/29/4 392/29/4 389/29/4
f 389/29/144 392/29/144 391/29/144 359/29/144
f 390/29/5 359/29/5 391/29/5 438/29/5
f 390/29/191 438/29/191 437/29/191 388/29/191
f 392/29/4 422/29/4 378/29/4 394/29/4
f 392/29/108 394/29/108 347/29/108 391/29/108
f 391/29/5 347/29/5 380/29/5 393/29/5
f 393/29/104 380/29/104 378/29/104 422/29/104
f 442/29/4 400/29/4 397/29/4 395/29/4
f 442/29/73 395/29/73 396/29/73 398/29/73
f 398/29/5 396/29/5 361/29/5 399/29/5
f 399/29/192 361/29/192 397/29/192 400/29/192
f 358/29/93 399/29/93 400/29/93 402/29/93
f 400/29/4 431/29/4 388/29/4
f 401/29/5 399/29/5 358/29/5
f 419/29/193 406/29/193 403/29/193 417/29/193
f 401/29/194 390/29/194 388/29/194
f 376/29/5 406/29/5 419/29/5
f 404/29/139 405/29/139 408/29/139 376/29/139
f 403/29/4 405/29/4 404/29/4
f 409/29/4 405/29/4 407/29/4 330/29/4
f 330/29/90 407/29/90 48/29/90 331/29/90
f 368/29/5 331/29/5 48/29/5 408/29/5
f 368/29/195 408/29/195 405/29/195 409/29/195
f 411/29/196 50/29/196 51/29/196 49/29/196
f 49/29/5 52/29/5 406/29/5
f 410/29/197 403/29/197 52/29/197
f 50/29/4 411/29/4 410/29/4
f 414/29/4 412/29/4 427/29/4 413/29/4
f 413/29/198 427/29/198 428/29/198 465/29/198
f 465/29/5 428/29/5 384/29/5 416/29/5
f 416/29/199 384/29/199 412/29/199 414/29/199
f 414/29/200 418/29/200 374/29/200 416/29/200
f 418/29/4 414/29/4 415/29/4
f 54/29/201 419/29/201 417/29/201 415/29/201
f 374/29/5 419/29/5 54/29/5
f 422/29/199 423/29/199 425/29/199 393/29/199
f 421/29/202 420/29/202 439/29/202
f 423/29/4 422/29/4 421/29/4
f 393/29/5 425/29/5 424/29/5 439/29/5
f 426/29/200 425/29/200 423/29/200 381/29/200
f 56/29/5 425/29/5 426/29/5
f 427/29/203 55/29/203 56/29/203 428/29/203
f 55/29/4 427/29/4 381/29/4
f 432/29/4 434/29/4 431/29/4 429/29/4
f 436/29/204 401/29/204 431/29/204 434/29/204
f 401/29/5 436/29/5 430/29/5
f 434/29/200 437/29/200 438/29/200 436/29/200
f 430/29/205 433/29/205 432/29/205
f 437/29/4 434/29/4 435/29/4
f 63/29/206 439/29/206 420/29/206 435/29/206
f 438/29/5 439/29/5 63/29/5
f 430/29/5 477/29/5 441/29/5 398/29/5
f 477/29/207 430/29/207 440/29/207
f 398/29/160 441/29/160 26/29/160 442/29/160
f 47/29/4 446/29/4 333/29/4 444/29/4
f 440/29/4 429/29/4 442/29/4
f 334/29/208 443/29/208 444/29/208
f 445/29/209 335/29/209 446/29/209 47/29/209
f 334/29/5 335/29/5 445/29/5
f 447/29/210 72/29/210 448/29/210 362/29/210
f 72/29/5 447/29/5 449/29/5
f 450/29/4 83/29/4 452/29/4 451/29/4
f 71/29/211 449/29/211 69/29/211
f 70/29/4 69/29/4 448/29/4
f 451/29/212 452/29/212 453/29/212 507/29/212
f 459/29/5 507/29/5 453/29/5 454/29/5
f 459/29/178 454/29/178 83/29/178 450/29/178
f 126/29/4 450/29/4 457/29/4 33/29/4
f 33/29/213 457/29/213 458/29/213 455/29/213
f 456/29/5 455/29/5 458/29/5 459/29/5
f 456/29/214 459/29/214 450/29/214 126/29/214
f 89/29/4 462/29/4 463/29/4 520/29/4
f 520/29/215 463/29/215 531/29/215 460/29/215
f 461/29/5 460/29/5 531/29/5 464/29/5
f 461/29/216 464/29/216 462/29/216 89/29/216
f 467/29/217 53/29/217 466/29/217 57/29/217
f 53/29/5 467/29/5 465/29/5
f 468/29/218 413/29/218 465/29/218 469/29/218
f 57/29/4 413/29/4 468/29/4
f 470/29/4 421/29/4 471/29/4 59/29/4
f 470/29/219 59/29/219 60/29/219 58/29/219
f 58/29/5 60/29/5 61/29/5 424/29/5
f 424/29/220 61/29/220 471/29/220 421/29/220
f 472/29/221 432/29/221 433/29/221 473/29/221
f 474/29/4 432/29/4 472/29/4
f 475/29/219 62/29/219 474/29/219 476/29/219
f 62/29/5 475/29/5 473/29/5
f 65/29/5 477/29/5 473/29/5 475/29/5
f 473/29/222 477/29/222 472/29/222
f 65/29/59 475/29/59 476/29/59 64/29/59
f 483/29/4 480/29/4 478/29/4 117/29/4
f 64/29/4 472/29/4 440/29/4
f 117/29/223 478/29/223 479/29/223 481/29/223
f 482/29/5 481/29/5 479/29/5 535/29/5
f 482/29/84 535/29/84 480/29/84 483/29/84
f 501/29/4 487/29/4 488/29/4 484/29/4
f 484/29/224 488/29/224 490/29/224 485/29/224
f 486/29/5 485/29/5 490/29/5 522/29/5
f 486/29/225 522/29/225 487/29/225 501/29/225
f 491/29/226 518/29/226 489/29/226 492/29/226
f 488/29/4 518/29/4 491/29/4
f 493/29/227 490/29/227 488/29/227 532/29/227
f 490/29/5 493/29/5 492/29/5
f 536/29/4 526/29/4 497/29/4 494/29/4
f 494/29/228 497/29/228 498/29/228 495/29/228
f 495/29/5 498/29/5 499/29/5 496/29/5
f 496/29/229 499/29/229 526/29/229 536/29/229
f 500/29/226 486/29/226 501/29/226 514/29/226
f 486/29/5 500/29/5 498/29/5
f 497/29/227 484/29/227 485/29/227 498/29/227
f 501/29/4 484/29/4 497/29/4
f 504/29/4 537/29/4 533/29/4 32/29/4
f 504/29/230 32/29/230 502/29/230 505/29/230
f 505/29/5 502/29/5 503/29/5 506/29/5
f 506/29/231 503/29/231 533/29/231 537/29/231
f 530/29/4 508/29/4 451/29/4 509/29/4
f 510/29/232 538/29/232 508/29/232 530/29/232
f 538/29/5 510/29/5 507/29/5
f 516/29/5 515/29/5 513/29/5 500/29/5
f 507/29/233 511/29/233 509/29/233
f 513/29/234 515/29/234 512/29/234
f 516/29/116 500/29/116 514/29/116 517/29/116
f 523/29/4 519/29/4 520/29/4 518/29/4
f 512/29/4 114/29/4 517/29/4
f 518/29/116 520/29/116 460/29/116 489/29/116
f 524/29/5 489/29/5 460/29/5 105/29/5
f 524/29/235 105/29/235 519/29/235 523/29/235
f 522/29/200 516/29/200 517/29/200 487/29/200
f 516/29/5 522/29/5 521/29/5
f 523/29/86 98/29/86 521/29/86 524/29/86
f 487/29/4 98/29/4 523/29/4
f 512/29/4 526/29/4 483/29/4 110/29/4
f 512/29/236 110/29/236 525/29/236 513/29/236
f 513/29/5 525/29/5 482/29/5 499/29/5
f 499/29/237 482/29/237 483/29/237 526/29/237
f 528/29/5 511/29/5 510/29/5 529/29/5
f 35/29/4 509/29/4 527/29/4
f 511/29/238 528/29/238 509/29/238
f 529/29/239 510/29/239 530/29/239 35/29/239
f 463/29/240 491/29/240 492/29/240 531/29/240
f 491/29/4 463/29/4 532/29/4
f 503/29/224 493/29/224 532/29/224 533/29/224
f 531/29/5 493/29/5 503/29/5
f 535/29/241 496/29/241 536/29/241 480/29/241
f 495/29/242 534/29/242 494/29/242
f 495/29/5 496/29/5 535/29/5
f 505/29/243 458/29/243 504/29/243
f 537/29/244 508/29/244 506/29/244
f 508/29/4 504/29/4 457/29/4
f 458/29/5 506/29/5 538/29/5
f 608/29/5 610/29/5 607/29/5
f 560/29/4 606/29/4 561/29/4
f 603/29/4 812/29/4 676/29/4
f 602/29/5 601/29/5 729/29/5
f 599/29/4 893/29/4 756/29/4
f 810/29/5 598/29/5 597/29/5
f 595/29/4 970/29/4 837/29/4
f 891/29/5 594/29/5 593/29/5
f 917/29/4 591/29/4 590/29/4
f 590/29/6 971/29/6 552/29/6
f 686/29/5 687/29/5 724/29/5
f 745/29/4 732/29/4 700/29/4
f 687/29/5 689/29/5 724/29/5
f 699/29/4 745/29/4 700/29/4
f 723/29/4 688/29/4 737/29/4
f 725/29/4 688/29/4 723/29/4
f 701/29/5 746/29/5 702/29/5
f 746/29/5 747/29/5 702/29/5
f 709/29/5 708/29/5 739/29/5
f 708/29/5 710/29/5 739/29/5
f 717/29/5 716/29/5 749/29/5
f 738/29/4 707/29/4 755/29/4
f 740/29/4 707/29/4 738/29/4
f 716/29/5 718/29/5 749/29/5
f 748/29/4 715/29/4 763/29/4
f 750/29/4 715/29/4 748/29/4
f 810/29/5 720/29/5 758/29/5
f 757/29/4 599/29/4 756/29/4
f 577/29/4 992/29/4 579/29/4
f 991/29/5 989/29/5 578/29/5
f 937/29/4 988/29/4 932/29/4
f 932/29/7 574/29/7 576/29/7
f 567/29/4 854/29/4 566/29/4
f 775/29/5 776/29/5 889/29/5
f 694/29/5 772/29/5 565/29/5
f 693/29/4 773/29/4 564/29/4
f 610/29/5 562/29/5 727/29/5
f 609/29/4 563/29/4 561/29/4
f 546/29/5 559/29/5 646/29/5
f 545/29/4 560/29/4 558/29/4
f 977/29/8 554/29/8 555/29/8
f 554/29/4 984/29/4 553/29/4
f 846/29/4 815/29/4 814/29/4
f 656/29/5 654/29/5 652/29/5
f 1002/29/4 1016/29/4 1000/29/4
f 854/29/4 567/29/4 852/29/4
f 568/29/5 853/29/5 890/29/5
f 971/29/5 883/29/5 918/29/5
f 587/29/5 588/29/5 999/29/5
f 676/29/4 638/29/4 603/29/4
f 837/29/4 802/29/4 595/29/4
f 757/29/4 721/29/4 599/29/4
f 1057/29/5 1001/29/5 1056/29/5
f 676/29/4 677/29/4 638/29/4
f 837/29/4 838/29/4 802/29/4
f 889/29/5 568/29/5 890/29/5
f 969/29/5 883/29/5 971/29/5
f 588/29/5 963/29/5 999/29/5
f 567/29/4 931/29/4 852/29/4
f 613/29/4 653/29/4 614/29/4
f 616/29/5 615/29/5 617/29/5
f 614/29/9 616/29/9 618/29/9
f 623/29/4 658/29/4 625/29/4
f 627/29/5 628/29/5 626/29/5
f 632/29/10 631/29/10 1047/29/10
f 629/29/4 634/29/4 632/29/4
f 630/29/5 631/29/5 633/29/5
f 619/29/4 634/29/4 668/29/4
f 621/29/5 631/29/5 1037/29/5
f 1056/29/11 640/29/11 1016/29/11
f 1000/29/12 641/29/12 1001/29/12
f 640/29/4 731/29/4 1000/29/4
f 690/29/4 644/29/4 642/29/4
f 646/29/5 647/29/5 604/29/5
f 650/29/5 618/29/5 978/29/5
f 649/29/4 614/29/4 657/29/4
f 653/29/13 652/29/13 616/29/13
f 664/29/5 652/29/5 654/29/5
f 655/29/4 685/29/4 657/29/4
f 656/29/5 651/29/5 643/29/5
f 662/29/5 660/29/5 664/29/5
f 612/29/14 665/29/14 660/29/14
f 667/29/5 635/29/5 669/29/5
f 668/29/4 719/29/4 671/29/4
f 678/29/5 637/29/5 680/29/5
f 722/29/15 678/29/15 681/29/15
f 713/29/4 683/29/4 679/29/4
f 682/29/5 633/29/5 667/29/5
f 684/29/4 688/29/4 685/29/4
f 656/29/5 687/29/5 686/29/5
f 686/29/16 737/29/16 684/29/16
f 725/29/4 690/29/4 688/29/4
f 689/29/5 647/29/5 607/29/5
f 732/29/4 703/29/4 700/29/4
f 654/29/5 656/29/5 701/29/5
f 696/29/4 707/29/4 740/29/4
f 698/29/5 708/29/5 659/29/5
f 716/29/5 714/29/5 682/29/5
f 716/29/17 713/29/17 715/29/17
f 715/29/4 712/29/4 763/29/4
f 750/29/18 718/29/18 706/29/18
f 704/29/4 715/29/4 750/29/4
f 669/29/5 706/29/5 716/29/5
f 771/29/4 725/29/4 723/29/4
f 728/29/5 689/29/5 727/29/5
f 732/29/4 745/29/4 782/29/4
f 735/29/5 701/29/5 734/29/5
f 686/29/5 736/29/5 734/29/5
f 737/29/4 767/29/4 723/29/4
f 742/29/19 747/29/19 744/29/19
f 745/29/4 699/29/4 742/29/4
f 718/29/5 751/29/5 749/29/5
f 800/29/4 753/29/4 750/29/4
f 758/29/5 720/29/5 760/29/5
f 803/29/20 758/29/20 761/29/20
f 762/29/21 748/29/21 795/29/21
f 760/29/5 749/29/5 762/29/5
f 759/29/4 748/29/4 763/29/4
f 765/29/5 736/29/5 766/29/5
f 767/29/4 764/29/4 769/29/4
f 766/29/22 818/29/22 764/29/22
f 807/29/4 771/29/4 769/29/4
f 728/29/5 692/29/5 770/29/5
f 785/29/4 786/29/4 783/29/4
f 836/29/5 754/29/5 789/29/5
f 795/29/4 793/29/4 844/29/4
f 797/29/5 798/29/5 762/29/5
f 783/29/4 796/29/4 829/29/4
f 783/29/23 799/29/23 784/29/23
f 784/29/5 797/29/5 751/29/5
f 801/29/5 892/29/5 794/29/5
f 793/29/4 803/29/4 802/29/4
f 807/29/4 804/29/4 806/29/4
f 565/29/245 807/29/245 808/29/245
f 826/29/5 780/29/5 817/29/5
f 815/29/4 824/29/4 814/29/4
f 804/29/4 815/29/4 846/29/4
f 817/29/25 815/29/25 818/29/25
f 766/29/5 805/29/5 817/29/5
f 835/29/5 788/29/5 822/29/5
f 821/29/4 834/29/4 820/29/4
f 827/29/4 832/29/4 829/29/4
f 799/29/5 830/29/5 828/29/5
f 832/29/26 831/29/26 799/29/26
f 831/29/5 835/29/5 833/29/5
f 834/29/4 785/29/4 832/29/4
f 876/29/4 844/29/4 840/29/4
f 843/29/5 798/29/5 828/29/5
f 816/29/5 845/29/5 863/29/5
f 846/29/4 899/29/4 848/29/4
f 847/29/5 851/29/5 849/29/5
f 850/29/4 806/29/4 848/29/4
f 854/29/4 852/29/4 968/29/4
f 853/29/5 568/29/5 856/29/5
f 968/29/27 857/29/27 568/29/27
f 865/29/4 870/29/4 867/29/4
f 868/29/5 869/29/5 866/29/5
f 868/29/5 873/29/5 871/29/5
f 870/29/4 872/29/4 820/29/4
f 843/29/28 876/29/28 878/29/28
f 878/29/4 875/29/4 924/29/4
f 880/29/5 843/29/5 879/29/5
f 911/29/4 882/29/4 878/29/4
f 882/29/29 830/29/29 879/29/29
f 883/29/5 969/29/5 877/29/5
f 884/29/30 842/29/30 969/29/30
f 875/29/4 885/29/4 884/29/4
f 886/29/31 887/29/31 890/29/31
f 889/29/32 888/29/32 567/29/32
f 892/29/5 891/29/5 597/29/5
f 893/29/4 596/29/4 802/29/4
f 897/29/5 909/29/5 861/29/5
f 897/29/24 894/29/24 895/29/24
f 905/29/5 902/29/5 871/29/5
f 904/29/4 900/29/4 903/29/4
f 923/29/33 910/29/33 953/29/33
f 910/29/4 924/29/4 922/29/4
f 880/29/5 912/29/5 923/29/5
f 926/29/4 939/29/4 925/29/4
f 928/29/5 898/29/5 930/29/5
f 925/29/34 928/29/34 574/29/34
f 932/29/4 933/29/4 925/29/4
f 573/29/5 574/29/5 571/29/5
f 896/29/5 576/29/5 938/29/5
f 940/29/4 937/29/4 939/29/4
f 943/29/4 944/29/4 942/29/4
f 943/29/35 961/29/35 946/29/35
f 577/29/4 903/29/4 945/29/4
f 578/29/5 948/29/5 950/29/5
f 952/29/36 954/29/36 951/29/36
f 952/29/5 958/29/5 955/29/5
f 960/29/5 585/29/5 958/29/5
f 959/29/4 957/29/4 942/29/4
f 962/29/4 964/29/4 548/29/4
f 952/29/37 951/29/37 962/29/37
f 967/29/5 965/29/5 856/29/5
f 856/29/38 966/29/38 855/29/38
f 970/29/4 591/29/4 884/29/4
f 594/29/5 971/29/5 593/29/5
f 593/29/39 591/29/39 592/29/39
f 988/29/4 935/29/4 579/29/4
f 989/29/5 991/29/5 987/29/5
f 584/29/5 995/29/5 955/29/5
f 996/29/4 994/29/4 998/29/4
f 994/29/4 586/29/4 998/29/4
f 999/29/40 962/29/40 994/29/40
f 1012/29/5 1014/29/5 1011/29/5
f 1010/29/4 1013/29/4 1054/29/4
f 1023/29/4 1019/29/4 1036/29/4
f 1008/29/5 1020/29/5 1007/29/5
f 1029/29/41 1031/29/41 973/29/41
f 1032/29/5 1033/29/5 1029/29/5
f 1034/29/4 1039/29/4 1036/29/4
f 1037/29/42 636/29/42 1034/29/42
f 1039/29/4 620/29/4 1009/29/4
f 1044/29/5 1046/29/5 1043/29/5
f 1050/29/43 1049/29/43 1031/29/43
f 1052/29/4 1031/29/4 557/29/4
f 1014/29/5 1015/29/5 1053/29/5
f 985/29/4 1055/29/4 1054/29/4
f 1017/29/5 1057/29/5 1056/29/5
f 1016/29/4 1002/29/4 1058/29/4
f 1027/29/5 1028/29/5 980/29/5
f 1026/29/4 1030/29/4 1059/29/4
f 980/29/44 979/29/44 1026/29/44
f 1030/29/45 1060/29/45 1028/29/45
f 608/29/46 559/29/46 560/29/46 561/29/46
f 561/29/4 606/29/4 609/29/4
f 976/29/47 650/29/47 649/29/47 605/29/47
f 559/29/5 608/29/5 607/29/5
f 543/29/5 604/29/5 650/29/5 976/29/5
f 542/29/48 644/29/48 604/29/48 543/29/48
f 605/29/4 649/29/4 644/29/4 542/29/4
f 602/29/49 678/29/49 676/29/49 812/29/49
f 600/29/50 603/29/50 729/29/50 601/29/50
f 729/29/5 678/29/5 602/29/5
f 598/29/49 758/29/49 756/29/49 893/29/49
f 603/29/4 600/29/4 812/29/4
f 596/29/51 599/29/51 810/29/51 597/29/51
f 810/29/5 758/29/5 598/29/5
f 594/29/52 839/29/52 837/29/52 970/29/52
f 599/29/4 596/29/4 893/29/4
f 592/29/53 595/29/53 891/29/53 593/29/53
f 839/29/5 594/29/5 891/29/5
f 918/29/5 551/29/5 552/29/5 971/29/5
f 595/29/4 592/29/4 970/29/4
f 590/29/54 591/29/54 971/29/54
f 917/29/55 550/29/55 551/29/55 918/29/55
f 588/29/56 541/29/56 589/29/56 549/29/56
f 550/29/4 917/29/4 590/29/4
f 587/29/5 540/29/5 541/29/5 588/29/5
f 586/29/57 539/29/57 540/29/57 587/29/57
f 549/29/4 589/29/4 539/29/4 586/29/4
f 583/29/58 585/29/58 957/29/58 993/29/58
f 583/29/5 582/29/5 584/29/5 585/29/5
f 581/29/59 996/29/59 584/29/59 582/29/59
f 993/29/4 957/29/4 996/29/4 581/29/4
f 580/29/59 989/29/59 579/29/59 992/29/59
f 577/29/60 990/29/60 991/29/60 578/29/60
f 578/29/5 989/29/5 580/29/5
f 574/29/5 573/29/5 575/29/5 576/29/5
f 990/29/4 577/29/4 579/29/4
f 937/29/61 932/29/61 576/29/61
f 572/29/62 988/29/62 575/29/62 573/29/62
f 571/29/63 967/29/63 569/29/63 933/29/63
f 988/29/4 572/29/4 932/29/4
f 570/29/5 965/29/5 967/29/5 571/29/5
f 929/29/64 966/29/64 965/29/64 570/29/64
f 929/29/4 933/29/4 569/29/4 966/29/4
f 568/29/65 776/29/65 566/29/65 854/29/65
f 567/29/246 774/29/246 775/29/246 889/29/246
f 889/29/5 776/29/5 568/29/5
f 808/29/67 693/29/67 694/29/67 565/29/67
f 774/29/4 567/29/4 566/29/4
f 772/29/68 695/29/68 564/29/68 773/29/68
f 693/29/4 808/29/4 773/29/4
f 726/29/69 609/29/69 610/29/69 727/29/69
f 694/29/5 695/29/5 772/29/5
f 562/29/68 608/29/68 561/29/68 563/29/68
f 609/29/4 726/29/4 563/29/4
f 645/29/69 545/29/69 546/29/69 646/29/69
f 610/29/5 608/29/5 562/29/5
f 559/29/68 547/29/68 558/29/68 560/29/68
f 545/29/4 645/29/4 560/29/4
f 556/29/71 1051/29/71 557/29/71 544/29/71
f 546/29/5 547/29/5 559/29/5
f 975/29/5 1050/29/5 1051/29/5 556/29/5
f 974/29/72 1049/29/72 1050/29/72 975/29/72
f 544/29/4 557/29/4 1049/29/4 974/29/4
f 986/29/73 617/29/73 553/29/73 984/29/73
f 555/29/4 554/29/4 553/29/4
f 986/29/5 1024/29/5 977/29/5 617/29/5
f 552/29/74 588/29/74 549/29/74 590/29/74
f 977/29/75 1024/29/75 554/29/75
f 552/29/5 551/29/5 963/29/5 588/29/5
f 550/29/76 548/29/76 963/29/76 551/29/76
f 590/29/4 549/29/4 548/29/4 550/29/4
f 547/29/77 556/29/77 544/29/77 558/29/77
f 546/29/5 543/29/5 556/29/5 547/29/5
f 545/29/78 542/29/78 543/29/78 546/29/78
f 545/29/4 558/29/4 544/29/4 542/29/4
f 818/29/4 804/29/4 807/29/4 769/29/4
f 914/29/4 959/29/4 942/29/4 944/29/4
f 977/29/5 978/29/5 618/29/5 617/29/5
f 860/29/4 859/29/4 907/29/4 894/29/4
f 555/29/4 553/29/4 614/29/4 648/29/4
f 895/29/4 940/29/4 939/29/4 926/29/4
f 766/29/5 768/29/5 770/29/5 805/29/5
f 897/29/5 898/29/5 941/29/5 896/29/5
f 589/29/79 541/29/79 540/29/79 539/29/79
f 862/29/5 861/29/5 909/29/5 908/29/5
f 913/29/5 915/29/5 961/29/5 960/29/5
f 900/29/4 901/29/4 870/29/4 916/29/4
f 904/29/4 903/29/4 949/29/4 934/29/4
f 744/29/5 743/29/5 791/29/5 792/29/5
f 902/29/5 869/29/5 868/29/5 871/29/5
f 905/29/5 906/29/5 950/29/5 948/29/5
f 666/29/4 668/29/4 634/29/4 683/29/4
f 751/29/5 752/29/5 754/29/5 784/29/5
f 669/29/5 670/29/5 672/29/5 706/29/5
f 910/29/4 911/29/4 878/29/4 924/29/4
f 1025/29/5 1024/29/5 986/29/5 1053/29/5
f 742/29/4 741/29/4 790/29/4 777/29/4
f 711/29/4 696/29/4 697/29/4 661/29/4
f 783/29/4 786/29/4 753/29/4 800/29/4
f 659/29/5 660/29/5 662/29/5 698/29/5
f 719/29/4 704/29/4 705/29/4 671/29/4
f 681/29/5 680/29/5 682/29/5 714/29/5
f 845/29/5 847/29/5 849/29/5 887/29/5
f 885/29/4 875/29/4 876/29/4 840/29/4
f 623/29/4 622/29/4 673/29/4 658/29/4
f 912/29/5 880/29/5 879/29/5 881/29/5
f 626/29/5 624/29/5 674/29/5 675/29/5
f 621/29/5 1037/29/5 1038/29/5 1043/29/5
f 761/29/5 760/29/5 762/29/5 794/29/5
f 619/29/4 620/29/4 1039/29/4 636/29/4
f 1034/29/4 1036/29/4 1019/29/4 1048/29/4
f 1003/29/5 1004/29/5 1047/29/5 630/29/5
f 703/29/4 684/29/4 685/29/4 655/29/4
f 651/29/5 650/29/5 604/29/5 643/29/5
f 822/29/5 823/29/5 873/29/5 874/29/5
f 866/29/5 830/29/5 831/29/5 833/29/5
f 865/29/4 867/29/4 832/29/4 882/29/4
f 842/29/5 841/29/5 843/29/5 877/29/5
f 543/29/5 976/29/5 975/29/5 556/29/5
f 735/29/5 734/29/5 736/29/5 765/29/5
f 782/29/4 764/29/4 767/29/4 733/29/4
f 667/29/5 633/29/5 631/29/5 635/29/5
f 982/29/5 983/29/5 628/29/5 627/29/5
f 1035/29/5 1021/29/5 1020/29/5 1022/29/5
f 817/29/5 816/29/5 863/29/5 864/29/5
f 821/29/4 820/29/4 872/29/4 858/29/4
f 1042/29/4 1041/29/4 625/29/4 611/29/4
f 1010/29/4 1009/29/4 1045/29/4 1040/29/4
f 787/29/4 785/29/4 834/29/4 819/29/4
f 789/29/5 788/29/5 835/29/5 836/29/5
f 1012/29/5 1011/29/5 1046/29/5 1044/29/5
f 722/29/4 712/29/4 713/29/4 679/29/4
f 613/29/4 612/29/4 663/29/4 653/29/4
f 899/29/4 886/29/4 888/29/4 848/29/4
f 1055/29/4 985/29/4 984/29/4 554/29/4
f 803/29/4 793/29/4 795/29/4 759/29/4
f 779/29/4 778/29/4 824/29/4 813/29/4
f 639/29/4 629/29/4 632/29/4 1005/29/4
f 642/29/4 644/29/4 649/29/4 657/29/4
f 615/29/5 616/29/5 664/29/5 665/29/5
f 781/29/5 780/29/5 826/29/5 825/29/5
f 952/29/5 920/29/5 921/29/5 923/29/5
f 542/29/4 544/29/4 974/29/4 605/29/4
f 951/29/4 953/29/4 922/29/4 964/29/4
f 827/29/4 829/29/4 796/29/4 844/29/4
f 1060/29/5 1029/29/5 981/29/5 980/29/5
f 828/29/5 798/29/5 797/29/5 799/29/5
f 1030/29/4 979/29/4 972/29/4 973/29/4
f 962/29/4 548/29/4 549/29/4 586/29/4
f 936/29/4 935/29/4 988/29/4 937/29/4
f 938/29/5 576/29/5 575/29/5 987/29/5
f 591/29/4 917/29/4 919/29/4 884/29/4
f 945/29/4 943/29/4 992/29/4 577/29/4
f 947/29/5 578/29/5 580/29/5 946/29/5
f 927/29/4 925/29/4 933/29/4 929/29/4
f 930/29/5 570/29/5 571/29/5 928/29/5
f 956/29/4 954/29/4 996/29/4 957/29/4
f 562/29/5 692/29/5 728/29/5 727/29/5
f 771/29/4 691/29/4 563/29/4 726/29/4
f 559/29/5 607/29/5 647/29/5 646/29/5
f 690/29/4 606/29/4 560/29/4 645/29/4
f 850/29/4 773/29/4 808/29/4 806/29/4
f 958/29/5 585/29/5 584/29/5 955/29/5
f 729/29/5 730/29/5 637/29/5 678/29/5
f 891/29/5 892/29/5 801/29/5 839/29/5
f 565/29/5 772/29/5 851/29/5 809/29/5
f 611/29/4 625/29/4 612/29/4 613/29/4
f 810/29/5 811/29/5 720/29/5
f 611/29/80 613/29/80 615/29/80 983/29/80
f 983/29/5 615/29/5 665/29/5 628/29/5
f 628/29/81 665/29/81 612/29/81 625/29/81
f 613/29/82 553/29/82 617/29/82 615/29/82
f 614/29/83 653/29/83 616/29/83
f 553/29/4 613/29/4 614/29/4
f 619/29/4 622/29/4 623/29/4 620/29/4
f 617/29/5 618/29/5 616/29/5
f 620/29/84 623/29/84 626/29/84 1043/29/84
f 621/29/5 1043/29/5 626/29/5 675/29/5
f 621/29/85 675/29/85 622/29/85 619/29/85
f 624/29/86 628/29/86 625/29/86 658/29/86
f 626/29/5 628/29/5 624/29/5
f 623/29/87 1041/29/87 627/29/87 626/29/87
f 1041/29/4 623/29/4 625/29/4
f 683/29/88 629/29/88 630/29/88 633/29/88
f 1047/29/5 631/29/5 630/29/5
f 632/29/89 634/29/89 631/29/89
f 629/29/4 683/29/4 634/29/4
f 635/29/90 621/29/90 619/29/90 668/29/90
f 621/29/5 635/29/5 631/29/5
f 634/29/91 636/29/91 1037/29/91 631/29/91
f 619/29/4 636/29/4 634/29/4
f 639/29/4 638/29/4 677/29/4 629/29/4
f 629/29/92 677/29/92 637/29/92 630/29/92
f 1003/29/5 630/29/5 637/29/5 730/29/5
f 1003/29/93 730/29/93 638/29/93 639/29/93
f 643/29/94 647/29/94 690/29/94 642/29/94
f 1000/29/4 1016/29/4 640/29/4
f 1001/29/5 641/29/5 1056/29/5
f 1000/29/95 731/29/95 641/29/95
f 647/29/5 643/29/5 604/29/5
f 644/29/84 645/29/84 646/29/84 604/29/84
f 645/29/4 644/29/4 690/29/4
f 648/29/96 649/29/96 650/29/96 978/29/96
f 649/29/4 648/29/4 614/29/4
f 618/29/97 651/29/97 657/29/97 614/29/97
f 650/29/5 651/29/5 618/29/5
f 655/29/4 653/29/4 663/29/4 703/29/4
f 664/29/5 616/29/5 652/29/5
f 703/29/98 663/29/98 664/29/98 654/29/98
f 651/29/99 652/29/99 655/29/99 657/29/99
f 653/29/100 655/29/100 652/29/100
f 652/29/5 651/29/5 656/29/5
f 642/29/101 685/29/101 656/29/101 643/29/101
f 685/29/4 642/29/4 657/29/4
f 661/29/4 658/29/4 673/29/4 711/29/4
f 711/29/102 673/29/102 674/29/102 659/29/102
f 660/29/5 659/29/5 674/29/5 624/29/5
f 660/29/103 624/29/103 658/29/103 661/29/103
f 612/29/4 661/29/4 697/29/4 663/29/4
f 663/29/104 697/29/104 662/29/104 664/29/104
f 719/29/105 666/29/105 667/29/105 669/29/105
f 661/29/106 612/29/106 660/29/106
f 664/29/5 660/29/5 665/29/5
f 666/29/4 719/29/4 668/29/4
f 670/29/107 635/29/107 668/29/107 671/29/107
f 635/29/5 670/29/5 669/29/5
f 622/29/4 671/29/4 705/29/4 673/29/4
f 673/29/104 705/29/104 672/29/104 674/29/104
f 675/29/5 674/29/5 672/29/5 670/29/5
f 675/29/108 670/29/108 671/29/108 622/29/108
f 677/29/4 676/29/4 722/29/4 679/29/4
f 677/29/109 679/29/109 680/29/109 637/29/109
f 633/29/110 680/29/110 679/29/110 683/29/110
f 722/29/111 676/29/111 678/29/111
f 681/29/5 678/29/5 680/29/5
f 680/29/5 633/29/5 682/29/5
f 666/29/112 713/29/112 682/29/112 667/29/112
f 713/29/4 666/29/4 683/29/4
f 687/29/113 656/29/113 685/29/113 688/29/113
f 656/29/114 686/29/114 684/29/114
f 647/29/47 687/29/47 688/29/47 690/29/47
f 684/29/4 737/29/4 688/29/4
f 689/29/5 687/29/5 647/29/5
f 606/29/104 725/29/104 689/29/104 607/29/104
f 725/29/4 606/29/4 690/29/4
f 564/29/4 563/29/4 691/29/4 693/29/4
f 693/29/247 691/29/247 692/29/247 694/29/247
f 695/29/5 694/29/5 692/29/5 562/29/5
f 695/29/46 562/29/46 563/29/46 564/29/46
f 697/29/4 696/29/4 699/29/4 700/29/4
f 697/29/116 700/29/116 702/29/116 662/29/116
f 662/29/5 702/29/5 747/29/5 698/29/5
f 698/29/117 747/29/117 699/29/117 696/29/117
f 654/29/118 702/29/118 700/29/118 703/29/118
f 702/29/5 654/29/5 701/29/5
f 684/29/119 732/29/119 701/29/119 656/29/119
f 703/29/4 732/29/4 684/29/4
f 705/29/4 704/29/4 755/29/4 707/29/4
f 705/29/84 707/29/84 708/29/84 672/29/84
f 672/29/5 708/29/5 709/29/5 706/29/5
f 706/29/120 709/29/120 755/29/120 704/29/120
f 710/29/104 698/29/104 696/29/104 740/29/104
f 698/29/5 710/29/5 708/29/5
f 707/29/87 711/29/87 659/29/87 708/29/87
f 711/29/4 707/29/4 696/29/4
f 714/29/85 717/29/85 763/29/85 712/29/85
f 716/29/121 682/29/121 713/29/121
f 715/29/4 713/29/4 712/29/4
f 716/29/5 717/29/5 714/29/5
f 715/29/122 719/29/122 669/29/122 716/29/122
f 706/29/5 718/29/5 716/29/5
f 704/29/248 750/29/248 706/29/248
f 719/29/4 715/29/4 704/29/4
f 722/29/4 721/29/4 757/29/4 712/29/4
f 712/29/92 757/29/92 720/29/92 714/29/92
f 681/29/5 714/29/5 720/29/5 811/29/5
f 681/29/124 811/29/124 721/29/124 722/29/124
f 724/29/94 728/29/94 771/29/94 723/29/94
f 728/29/5 724/29/5 689/29/5
f 725/29/125 726/29/125 727/29/125 689/29/125
f 771/29/4 726/29/4 725/29/4
f 603/29/4 638/29/4 731/29/4 640/29/4
f 603/29/126 640/29/126 1056/29/126 729/29/126
f 729/29/5 1056/29/5 641/29/5 730/29/5
f 730/29/127 641/29/127 731/29/127 638/29/127
f 746/29/98 735/29/98 782/29/98 745/29/98
f 701/29/5 735/29/5 746/29/5
f 732/29/128 733/29/128 734/29/128 701/29/128
f 733/29/4 732/29/4 782/29/4
f 733/29/129 737/29/129 686/29/129 734/29/129
f 737/29/4 733/29/4 767/29/4
f 736/29/130 724/29/130 723/29/130 767/29/130
f 686/29/5 724/29/5 736/29/5
f 741/29/4 742/29/4 740/29/4 738/29/4
f 741/29/98 738/29/98 739/29/98 792/29/98
f 792/29/5 739/29/5 710/29/5 744/29/5
f 744/29/131 710/29/131 740/29/131 742/29/131
f 745/29/132 777/29/132 743/29/132 746/29/132
f 777/29/4 745/29/4 742/29/4
f 747/29/5 746/29/5 743/29/5 744/29/5
f 800/29/133 748/29/133 749/29/133 751/29/133
f 742/29/134 699/29/134 747/29/134
f 748/29/4 800/29/4 750/29/4
f 752/29/135 718/29/135 750/29/135 753/29/135
f 751/29/5 718/29/5 752/29/5
f 755/29/4 753/29/4 786/29/4 738/29/4
f 738/29/104 786/29/104 754/29/104 739/29/104
f 709/29/5 739/29/5 754/29/5 752/29/5
f 709/29/108 752/29/108 753/29/108 755/29/108
f 757/29/4 756/29/4 803/29/4 759/29/4
f 757/29/136 759/29/136 760/29/136 720/29/136
f 717/29/108 760/29/108 759/29/108 763/29/108
f 803/29/137 756/29/137 758/29/137
f 761/29/5 758/29/5 760/29/5
f 759/29/4 795/29/4 748/29/4
f 762/29/138 749/29/138 748/29/138
f 760/29/5 717/29/5 749/29/5
f 768/29/139 736/29/139 767/29/139 769/29/139
f 765/29/140 766/29/140 764/29/140
f 736/29/5 768/29/5 766/29/5
f 728/29/141 768/29/141 769/29/141 771/29/141
f 764/29/4 818/29/4 769/29/4
f 770/29/5 768/29/5 728/29/5
f 691/29/142 807/29/142 770/29/142 692/29/142
f 771/29/4 807/29/4 691/29/4
f 566/29/4 773/29/4 850/29/4 774/29/4
f 774/29/78 850/29/78 851/29/78 775/29/78
f 775/29/5 851/29/5 772/29/5 776/29/5
f 776/29/46 772/29/46 773/29/46 566/29/46
f 779/29/4 777/29/4 790/29/4 778/29/4
f 778/29/143 790/29/143 791/29/143 825/29/143
f 781/29/5 825/29/5 791/29/5 743/29/5
f 781/29/144 743/29/144 777/29/144 779/29/144
f 764/29/4 782/29/4 779/29/4 813/29/4
f 764/29/145 813/29/145 780/29/145 765/29/145
f 765/29/5 780/29/5 781/29/5 735/29/5
f 735/29/108 781/29/108 779/29/108 782/29/108
f 784/29/146 836/29/146 785/29/146 783/29/146
f 836/29/5 784/29/5 754/29/5
f 786/29/116 787/29/116 789/29/116 754/29/116
f 787/29/4 786/29/4 785/29/4
f 790/29/4 741/29/4 787/29/4 819/29/4
f 790/29/147 819/29/147 788/29/147 791/29/147
f 791/29/5 788/29/5 789/29/5 792/29/5
f 792/29/118 789/29/118 787/29/118 741/29/118
f 794/29/85 798/29/85 844/29/85 793/29/85
f 798/29/5 794/29/5 762/29/5
f 795/29/148 796/29/148 797/29/148 762/29/148
f 796/29/4 795/29/4 844/29/4
f 796/29/149 800/29/149 751/29/149 797/29/149
f 783/29/150 829/29/150 799/29/150
f 797/29/5 784/29/5 799/29/5
f 783/29/4 800/29/4 796/29/4
f 793/29/92 838/29/92 801/29/92 794/29/92
f 838/29/4 793/29/4 802/29/4
f 761/29/151 892/29/151 802/29/151 803/29/151
f 794/29/5 892/29/5 761/29/5
f 770/29/5 565/29/5 809/29/5 805/29/5
f 565/29/152 770/29/152 807/29/152
f 805/29/153 809/29/153 806/29/153 804/29/153
f 599/29/4 721/29/4 812/29/4 600/29/4
f 808/29/4 807/29/4 806/29/4
f 599/29/154 600/29/154 601/29/154 810/29/154
f 810/29/5 601/29/5 602/29/5 811/29/5
f 811/29/155 602/29/155 812/29/155 721/29/155
f 813/29/156 815/29/156 817/29/156 780/29/156
f 815/29/4 813/29/4 824/29/4
f 826/29/98 864/29/98 814/29/98 824/29/98
f 864/29/5 826/29/5 817/29/5
f 816/29/157 805/29/157 804/29/157 846/29/157
f 805/29/5 816/29/5 817/29/5
f 819/29/158 821/29/158 822/29/158 788/29/158
f 804/29/4 818/29/4 815/29/4
f 766/29/159 817/29/159 818/29/159
f 834/29/4 821/29/4 819/29/4
f 835/29/102 874/29/102 820/29/102 834/29/102
f 822/29/5 874/29/5 835/29/5
f 858/29/4 824/29/4 778/29/4 821/29/4
f 821/29/160 778/29/160 825/29/160 822/29/160
f 823/29/5 822/29/5 825/29/5 826/29/5
f 823/29/132 826/29/132 824/29/132 858/29/132
f 882/29/161 827/29/161 828/29/161 830/29/161
f 829/29/162 832/29/162 799/29/162
f 827/29/4 882/29/4 832/29/4
f 834/29/163 867/29/163 833/29/163 835/29/163
f 799/29/5 831/29/5 830/29/5
f 832/29/4 867/29/4 834/29/4
f 836/29/164 831/29/164 832/29/164 785/29/164
f 835/29/5 831/29/5 836/29/5
f 838/29/4 837/29/4 885/29/4 840/29/4
f 838/29/136 840/29/136 841/29/136 801/29/136
f 801/29/5 841/29/5 842/29/5 839/29/5
f 839/29/165 842/29/165 885/29/165 837/29/165
f 798/29/108 841/29/108 840/29/108 844/29/108
f 841/29/5 798/29/5 843/29/5
f 827/29/249 876/29/249 843/29/249 828/29/249
f 876/29/4 827/29/4 844/29/4
f 899/29/167 846/29/167 863/29/167 845/29/167
f 609/29/168 606/29/168 607/29/168 610/29/168
f 847/29/169 816/29/169 846/29/169 848/29/169
f 816/29/5 847/29/5 845/29/5
f 850/29/170 888/29/170 849/29/170 851/29/170
f 848/29/4 888/29/4 850/29/4
f 809/29/118 847/29/118 848/29/118 806/29/118
f 847/29/5 809/29/5 851/29/5
f 855/29/171 852/29/171 853/29/171 856/29/171
f 854/29/172 968/29/172 568/29/172
f 852/29/4 855/29/4 968/29/4
f 860/29/4 858/29/4 872/29/4 859/29/4
f 856/29/5 568/29/5 857/29/5
f 859/29/173 872/29/173 873/29/173 908/29/173
f 862/29/5 908/29/5 873/29/5 823/29/5
f 862/29/144 823/29/144 858/29/144 860/29/144
f 846/29/4 814/29/4 860/29/4 894/29/4
f 846/29/174 894/29/174 861/29/174 863/29/174
f 863/29/5 861/29/5 862/29/5 864/29/5
f 864/29/108 862/29/108 860/29/108 814/29/108
f 868/29/175 833/29/175 867/29/175 870/29/175
f 866/29/5 833/29/5 868/29/5
f 916/29/98 865/29/98 866/29/98 869/29/98
f 870/29/4 865/29/4 916/29/4
f 872/29/176 901/29/176 871/29/176 873/29/176
f 870/29/4 901/29/4 872/29/4
f 874/29/177 868/29/177 870/29/177 820/29/177
f 868/29/5 874/29/5 873/29/5
f 877/29/178 880/29/178 924/29/178 875/29/178
f 878/29/4 876/29/4 875/29/4
f 843/29/5 880/29/5 877/29/5
f 865/29/132 911/29/132 881/29/132 866/29/132
f 879/29/179 843/29/179 878/29/179
f 878/29/180 882/29/180 879/29/180
f 911/29/4 865/29/4 882/29/4
f 830/29/5 866/29/5 881/29/5 879/29/5
f 875/29/181 919/29/181 883/29/181 877/29/181
f 919/29/4 875/29/4 884/29/4
f 849/29/5 889/29/5 890/29/5 887/29/5
f 877/29/5 969/29/5 842/29/5
f 884/29/182 885/29/182 842/29/182
f 889/29/183 849/29/183 888/29/183
f 886/29/4 931/29/4 567/29/4 888/29/4
f 595/29/184 596/29/184 597/29/184 891/29/184
f 931/29/185 886/29/185 890/29/185
f 802/29/4 596/29/4 595/29/4
f 892/29/186 598/29/186 893/29/186 802/29/186
f 598/29/5 892/29/5 597/29/5
f 907/29/4 940/29/4 895/29/4 894/29/4
f 897/29/152 861/29/152 894/29/152
f 909/29/187 896/29/187 940/29/187 907/29/187
f 896/29/5 909/29/5 897/29/5
f 895/29/4 926/29/4 886/29/4 899/29/4
f 895/29/188 899/29/188 845/29/188 897/29/188
f 897/29/5 845/29/5 887/29/5 898/29/5
f 898/29/189 887/29/189 886/29/189 926/29/189
f 901/29/190 904/29/190 905/29/190 871/29/190
f 904/29/4 901/29/4 900/29/4
f 902/29/187 948/29/187 903/29/187 900/29/187
f 905/29/5 948/29/5 902/29/5
f 934/29/4 907/29/4 859/29/4 904/29/4
f 904/29/118 859/29/118 908/29/118 905/29/118
f 906/29/5 905/29/5 908/29/5 909/29/5
f 906/29/104 909/29/104 907/29/104 934/29/104
f 910/29/4 959/29/4 914/29/4 911/29/4
f 911/29/144 914/29/144 913/29/144 881/29/144
f 912/29/5 881/29/5 913/29/5 960/29/5
f 912/29/191 960/29/191 959/29/191 910/29/191
f 914/29/4 944/29/4 900/29/4 916/29/4
f 914/29/108 916/29/108 869/29/108 913/29/108
f 913/29/5 869/29/5 902/29/5 915/29/5
f 915/29/104 902/29/104 900/29/104 944/29/104
f 964/29/4 922/29/4 919/29/4 917/29/4
f 964/29/73 917/29/73 918/29/73 920/29/73
f 920/29/5 918/29/5 883/29/5 921/29/5
f 921/29/192 883/29/192 919/29/192 922/29/192
f 880/29/93 921/29/93 922/29/93 924/29/93
f 922/29/4 953/29/4 910/29/4
f 923/29/5 921/29/5 880/29/5
f 941/29/193 928/29/193 925/29/193 939/29/193
f 923/29/194 912/29/194 910/29/194
f 898/29/5 928/29/5 941/29/5
f 926/29/139 927/29/139 930/29/139 898/29/139
f 925/29/4 927/29/4 926/29/4
f 931/29/4 927/29/4 929/29/4 852/29/4
f 852/29/90 929/29/90 570/29/90 853/29/90
f 890/29/5 853/29/5 570/29/5 930/29/5
f 890/29/195 930/29/195 927/29/195 931/29/195
f 933/29/196 572/29/196 573/29/196 571/29/196
f 571/29/5 574/29/5 928/29/5
f 932/29/197 925/29/197 574/29/197
f 572/29/4 933/29/4 932/29/4
f 936/29/4 934/29/4 949/29/4 935/29/4
f 935/29/198 949/29/198 950/29/198 987/29/198
f 987/29/5 950/29/5 906/29/5 938/29/5
f 938/29/199 906/29/199 934/29/199 936/29/199
f 936/29/200 940/29/200 896/29/200 938/29/200
f 940/29/4 936/29/4 937/29/4
f 576/29/201 941/29/201 939/29/201 937/29/201
f 896/29/5 941/29/5 576/29/5
f 944/29/199 945/29/199 947/29/199 915/29/199
f 943/29/202 942/29/202 961/29/202
f 945/29/4 944/29/4 943/29/4
f 915/29/5 947/29/5 946/29/5 961/29/5
f 948/29/200 947/29/200 945/29/200 903/29/200
f 578/29/5 947/29/5 948/29/5
f 949/29/203 577/29/203 578/29/203 950/29/203
f 577/29/4 949/29/4 903/29/4
f 954/29/4 956/29/4 953/29/4 951/29/4
f 958/29/204 923/29/204 953/29/204 956/29/204
f 923/29/5 958/29/5 952/29/5
f 956/29/200 959/29/200 960/29/200 958/29/200
f 952/29/205 955/29/205 954/29/205
f 959/29/4 956/29/4 957/29/4
f 585/29/206 961/29/206 942/29/206 957/29/206
f 960/29/5 961/29/5 585/29/5
f 952/29/5 999/29/5 963/29/5 920/29/5
f 999/29/207 952/29/207 962/29/207
f 920/29/160 963/29/160 548/29/160 964/29/160
f 569/29/4 968/29/4 855/29/4 966/29/4
f 962/29/4 951/29/4 964/29/4
f 856/29/208 965/29/208 966/29/208
f 967/29/209 857/29/209 968/29/209 569/29/209
f 856/29/5 857/29/5 967/29/5
f 969/29/210 594/29/210 970/29/210 884/29/210
f 594/29/5 969/29/5 971/29/5
f 972/29/4 605/29/4 974/29/4 973/29/4
f 593/29/211 971/29/211 591/29/211
f 592/29/4 591/29/4 970/29/4
f 973/29/212 974/29/212 975/29/212 1029/29/212
f 981/29/5 1029/29/5 975/29/5 976/29/5
f 981/29/178 976/29/178 605/29/178 972/29/178
f 648/29/4 972/29/4 979/29/4 555/29/4
f 555/29/213 979/29/213 980/29/213 977/29/213
f 978/29/5 977/29/5 980/29/5 981/29/5
f 978/29/214 981/29/214 972/29/214 648/29/214
f 611/29/4 984/29/4 985/29/4 1042/29/4
f 1042/29/215 985/29/215 1053/29/215 982/29/215
f 983/29/5 982/29/5 1053/29/5 986/29/5
f 983/29/216 986/29/216 984/29/216 611/29/216
f 989/29/217 575/29/217 988/29/217 579/29/217
f 575/29/5 989/29/5 987/29/5
f 990/29/218 935/29/218 987/29/218 991/29/218
f 579/29/4 935/29/4 990/29/4
f 992/29/4 943/29/4 993/29/4 581/29/4
f 992/29/219 581/29/219 582/29/219 580/29/219
f 580/29/5 582/29/5 583/29/5 946/29/5
f 946/29/220 583/29/220 993/29/220 943/29/220
f 994/29/221 954/29/221 955/29/221 995/29/221
f 996/29/4 954/29/4 994/29/4
f 997/29/219 584/29/219 996/29/219 998/29/219
f 584/29/5 997/29/5 995/29/5
f 587/29/5 999/29/5 995/29/5 997/29/5
f 995/29/222 999/29/222 994/29/222
f 587/29/59 997/29/59 998/29/59 586/29/59
f 1005/29/4 1002/29/4 1000/29/4 639/29/4
f 586/29/4 994/29/4 962/29/4
f 639/29/223 1000/29/223 1001/29/223 1003/29/223
f 1004/29/5 1003/29/5 1001/29/5 1057/29/5
f 1004/29/84 1057/29/84 1002/29/84 1005/29/84
f 1023/29/4 1009/29/4 1010/29/4 1006/29/4
f 1006/29/224 1010/29/224 1012/29/224 1007/29/224
f 1008/29/5 1007/29/5 1012/29/5 1044/29/5
f 1008/29/225 1044/29/225 1009/29/225 1023/29/225
f 1013/29/226 1040/29/226 1011/29/226 1014/29/226
f 1010/29/4 1040/29/4 1013/29/4
f 1015/29/227 1012/29/227 1010/29/227 1054/29/227
f 1012/29/5 1015/29/5 1014/29/5
f 1058/29/4 1048/29/4 1019/29/4 1016/29/4
f 1016/29/228 1019/29/228 1020/29/228 1017/29/228
f 1017/29/5 1020/29/5 1021/29/5 1018/29/5
f 1018/29/229 1021/29/229 1048/29/229 1058/29/229
f 1022/29/226 1008/29/226 1023/29/226 1036/29/226
f 1008/29/5 1022/29/5 1020/29/5
f 1019/29/227 1006/29/227 1007/29/227 1020/29/227
f 1023/29/4 1006/29/4 1019/29/4
f 1026/29/4 1059/29/4 1055/29/4 554/29/4
f 1026/29/230 554/29/230 1024/29/230 1027/29/230
f 1027/29/5 1024/29/5 1025/29/5 1028/29/5
f 1028/29/231 1025/29/231 1055/29/231 1059/29/231
f 1052/29/4 1030/29/4 973/29/4 1031/29/4
f 1032/29/232 1060/29/232 1030/29/232 1052/29/232
f 1060/29/5 1032/29/5 1029/29/5
f 1038/29/5 1037/29/5 1035/29/5 1022/29/5
f 1029/29/233 1033/29/233 1031/29/233
f 1035/29/234 1037/29/234 1034/29/234
f 1038/29/116 1022/29/116 1036/29/116 1039/29/116
f 1045/29/4 1041/29/4 1042/29/4 1040/29/4
f 1034/29/4 636/29/4 1039/29/4
f 1040/29/116 1042/29/116 982/29/116 1011/29/116
f 1046/29/5 1011/29/5 982/29/5 627/29/5
f 1046/29/235 627/29/235 1041/29/235 1045/29/235
f 1044/29/200 1038/29/200 1039/29/200 1009/29/200
f 1038/29/5 1044/29/5 1043/29/5
f 1045/29/86 620/29/86 1043/29/86 1046/29/86
f 1009/29/4 620/29/4 1045/29/4
f 1034/29/4 1048/29/4 1005/29/4 632/29/4
f 1034/29/236 632/29/236 1047/29/236 1035/29/236
f 1035/29/5 1047/29/5 1004/29/5 1021/29/5
f 1021/29/250 1004/29/250 1005/29/250 1048/29/250
f 1050/29/5 1033/29/5 1032/29/5 1051/29/5
f 557/29/4 1031/29/4 1049/29/4
f 1033/29/238 1050/29/238 1031/29/238
f 1051/29/239 1032/29/239 1052/29/239 557/29/239
f 985/29/240 1013/29/240 1014/29/240 1053/29/240
f 1013/29/4 985/29/4 1054/29/4
f 1025/29/224 1015/29/224 1054/29/224 1055/29/224
f 1053/29/5 1015/29/5 1025/29/5
f 1057/29/241 1018/29/241 1058/29/241 1002/29/241
f 1017/29/242 1056/29/242 1016/29/242
f 1017/29/5 1018/29/5 1057/29/5
f 1027/29/243 980/29/243 1026/29/243
f 1059/29/244 1030/29/244 1028/29/244
f 1030/29/4 1026/29/4 979/29/4
f 980/29/5 1028/29/5 1060/29/5
f 1130/29/5 1132/29/5 1129/29/5
f 1082/29/4 1128/29/4 1083/29/4
f 1125/29/4 1334/29/4 1198/29/4
f 1124/29/5 1123/29/5 1251/29/5
f 1121/29/4 1415/29/4 1278/29/4
f 1332/29/5 1120/29/5 1119/29/5
f 1117/29/4 1492/29/4 1359/29/4
f 1413/29/5 1116/29/5 1115/29/5
f 1439/29/4 1113/29/4 1112/29/4
f 1112/29/6 1493/29/6 1074/29/6
f 1208/29/5 1209/29/5 1246/29/5
f 1267/29/4 1254/29/4 1222/29/4
f 1209/29/5 1211/29/5 1246/29/5
f 1221/29/4 1267/29/4 1222/29/4
f 1245/29/4 1210/29/4 1259/29/4
f 1247/29/4 1210/29/4 1245/29/4
f 1223/29/5 1268/29/5 1224/29/5
f 1268/29/5 1269/29/5 1224/29/5
f 1231/29/5 1230/29/5 1261/29/5
f 1230/29/5 1232/29/5 1261/29/5
f 1239/29/5 1238/29/5 1271/29/5
f 1260/29/4 1229/29/4 1277/29/4
f 1262/29/4 1229/29/4 1260/29/4
f 1238/29/5 1240/29/5 1271/29/5
f 1270/29/4 1237/29/4 1285/29/4
f 1272/29/4 1237/29/4 1270/29/4
f 1332/29/5 1242/29/5 1280/29/5
f 1279/29/4 1121/29/4 1278/29/4
f 1099/29/4 1514/29/4 1101/29/4
f 1513/29/5 1511/29/5 1100/29/5
f 1459/29/4 1510/29/4 1454/29/4
f 1454/29/7 1096/29/7 1098/29/7
f 1089/29/4 1376/29/4 1088/29/4
f 1297/29/5 1298/29/5 1411/29/5
f 1216/29/5 1294/29/5 1087/29/5
f 1215/29/4 1295/29/4 1086/29/4
f 1132/29/5 1084/29/5 1249/29/5
f 1131/29/4 1085/29/4 1083/29/4
f 1068/29/5 1081/29/5 1168/29/5
f 1067/29/4 1082/29/4 1080/29/4
f 1499/29/8 1076/29/8 1077/29/8
f 1076/29/4 1506/29/4 1075/29/4
f 1368/29/4 1337/29/4 1336/29/4
f 1178/29/5 1176/29/5 1174/29/5
f 1524/29/4 1538/29/4 1522/29/4
f 1376/29/4 1089/29/4 1374/29/4
f 1090/29/5 1375/29/5 1412/29/5
f 1493/29/5 1405/29/5 1440/29/5
f 1109/29/5 1110/29/5 1521/29/5
f 1198/29/4 1160/29/4 1125/29/4
f 1359/29/4 1324/29/4 1117/29/4
f 1279/29/4 1243/29/4 1121/29/4
f 1579/29/5 1523/29/5 1578/29/5
f 1198/29/4 1199/29/4 1160/29/4
f 1359/29/4 1360/29/4 1324/29/4
f 1411/29/5 1090/29/5 1412/29/5
f 1491/29/5 1405/29/5 1493/29/5
f 1110/29/5 1485/29/5 1521/29/5
f 1089/29/4 1453/29/4 1374/29/4
f 1135/29/4 1175/29/4 1136/29/4
f 1138/29/5 1137/29/5 1139/29/5
f 1136/29/9 1138/29/9 1140/29/9
f 1145/29/4 1180/29/4 1147/29/4
f 1149/29/5 1150/29/5 1148/29/5
f 1154/29/10 1153/29/10 1569/29/10
f 1151/29/4 1156/29/4 1154/29/4
f 1152/29/5 1153/29/5 1155/29/5
f 1141/29/4 1156/29/4 1190/29/4
f 1143/29/5 1153/29/5 1559/29/5
f 1578/29/11 1162/29/11 1538/29/11
f 1522/29/12 1163/29/12 1523/29/12
f 1162/29/4 1253/29/4 1522/29/4
f 1212/29/4 1166/29/4 1164/29/4
f 1168/29/5 1169/29/5 1126/29/5
f 1172/29/5 1140/29/5 1500/29/5
f 1171/29/4 1136/29/4 1179/29/4
f 1175/29/13 1174/29/13 1138/29/13
f 1186/29/5 1174/29/5 1176/29/5
f 1177/29/4 1207/29/4 1179/29/4
f 1178/29/5 1173/29/5 1165/29/5
f 1184/29/5 1182/29/5 1186/29/5
f 1134/29/14 1187/29/14 1182/29/14
f 1189/29/5 1157/29/5 1191/29/5
f 1190/29/4 1241/29/4 1193/29/4
f 1200/29/5 1159/29/5 1202/29/5
f 1244/29/15 1200/29/15 1203/29/15
f 1235/29/4 1205/29/4 1201/29/4
f 1204/29/5 1155/29/5 1189/29/5
f 1206/29/4 1210/29/4 1207/29/4
f 1178/29/5 1209/29/5 1208/29/5
f 1208/29/16 1259/29/16 1206/29/16
f 1247/29/4 1212/29/4 1210/29/4
f 1211/29/5 1169/29/5 1129/29/5
f 1254/29/4 1225/29/4 1222/29/4
f 1176/29/5 1178/29/5 1223/29/5
f 1218/29/4 1229/29/4 1262/29/4
f 1220/29/5 1230/29/5 1181/29/5
f 1238/29/5 1236/29/5 1204/29/5
f 1238/29/17 1235/29/17 1237/29/17
f 1237/29/4 1234/29/4 1285/29/4
f 1272/29/18 1240/29/18 1228/29/18
f 1226/29/4 1237/29/4 1272/29/4
f 1191/29/5 1228/29/5 1238/29/5
f 1293/29/4 1247/29/4 1245/29/4
f 1250/29/5 1211/29/5 1249/29/5
f 1254/29/4 1267/29/4 1304/29/4
f 1257/29/5 1223/29/5 1256/29/5
f 1208/29/5 1258/29/5 1256/29/5
f 1259/29/4 1289/29/4 1245/29/4
f 1264/29/19 1269/29/19 1266/29/19
f 1267/29/4 1221/29/4 1264/29/4
f 1240/29/5 1273/29/5 1271/29/5
f 1322/29/4 1275/29/4 1272/29/4
f 1280/29/5 1242/29/5 1282/29/5
f 1325/29/20 1280/29/20 1283/29/20
f 1284/29/21 1270/29/21 1317/29/21
f 1282/29/5 1271/29/5 1284/29/5
f 1281/29/4 1270/29/4 1285/29/4
f 1287/29/5 1258/29/5 1288/29/5
f 1289/29/4 1286/29/4 1291/29/4
f 1288/29/22 1340/29/22 1286/29/22
f 1329/29/4 1293/29/4 1291/29/4
f 1250/29/5 1214/29/5 1292/29/5
f 1307/29/4 1308/29/4 1305/29/4
f 1358/29/5 1276/29/5 1311/29/5
f 1317/29/4 1315/29/4 1366/29/4
f 1319/29/5 1320/29/5 1284/29/5
f 1305/29/4 1318/29/4 1351/29/4
f 1305/29/23 1321/29/23 1306/29/23
f 1306/29/5 1319/29/5 1273/29/5
f 1323/29/5 1414/29/5 1316/29/5
f 1315/29/4 1325/29/4 1324/29/4
f 1329/29/4 1326/29/4 1328/29/4
f 1087/29/245 1329/29/245 1330/29/245
f 1348/29/5 1302/29/5 1339/29/5
f 1337/29/4 1346/29/4 1336/29/4
f 1326/29/4 1337/29/4 1368/29/4
f 1339/29/25 1337/29/25 1340/29/25
f 1288/29/5 1327/29/5 1339/29/5
f 1357/29/5 1310/29/5 1344/29/5
f 1343/29/4 1356/29/4 1342/29/4
f 1349/29/4 1354/29/4 1351/29/4
f 1321/29/5 1352/29/5 1350/29/5
f 1354/29/26 1353/29/26 1321/29/26
f 1353/29/5 1357/29/5 1355/29/5
f 1356/29/4 1307/29/4 1354/29/4
f 1398/29/4 1366/29/4 1362/29/4
f 1365/29/5 1320/29/5 1350/29/5
f 1338/29/5 1367/29/5 1385/29/5
f 1368/29/4 1421/29/4 1370/29/4
f 1369/29/5 1373/29/5 1371/29/5
f 1372/29/4 1328/29/4 1370/29/4
f 1376/29/4 1374/29/4 1490/29/4
f 1375/29/5 1090/29/5 1378/29/5
f 1490/29/27 1379/29/27 1090/29/27
f 1387/29/4 1392/29/4 1389/29/4
f 1390/29/5 1391/29/5 1388/29/5
f 1390/29/5 1395/29/5 1393/29/5
f 1392/29/4 1394/29/4 1342/29/4
f 1365/29/28 1398/29/28 1400/29/28
f 1400/29/4 1397/29/4 1446/29/4
f 1402/29/5 1365/29/5 1401/29/5
f 1433/29/4 1404/29/4 1400/29/4
f 1404/29/29 1352/29/29 1401/29/29
f 1405/29/5 1491/29/5 1399/29/5
f 1406/29/30 1364/29/30 1491/29/30
f 1397/29/4 1407/29/4 1406/29/4
f 1408/29/31 1409/29/31 1412/29/31
f 1411/29/32 1410/29/32 1089/29/32
f 1414/29/5 1413/29/5 1119/29/5
f 1415/29/4 1118/29/4 1324/29/4
f 1419/29/5 1431/29/5 1383/29/5
f 1419/29/24 1416/29/24 1417/29/24
f 1427/29/5 1424/29/5 1393/29/5
f 1426/29/4 1422/29/4 1425/29/4
f 1445/29/33 1432/29/33 1475/29/33
f 1432/29/4 1446/29/4 1444/29/4
f 1402/29/5 1434/29/5 1445/29/5
f 1448/29/4 1461/29/4 1447/29/4
f 1450/29/5 1420/29/5 1452/29/5
f 1447/29/34 1450/29/34 1096/29/34
f 1454/29/4 1455/29/4 1447/29/4
f 1095/29/5 1096/29/5 1093/29/5
f 1418/29/5 1098/29/5 1460/29/5
f 1462/29/4 1459/29/4 1461/29/4
f 1465/29/4 1466/29/4 1464/29/4
f 1465/29/35 1483/29/35 1468/29/35
f 1099/29/4 1425/29/4 1467/29/4
f 1100/29/5 1470/29/5 1472/29/5
f 1474/29/36 1476/29/36 1473/29/36
f 1474/29/5 1480/29/5 1477/29/5
f 1482/29/5 1107/29/5 1480/29/5
f 1481/29/4 1479/29/4 1464/29/4
f 1484/29/4 1486/29/4 1070/29/4
f 1474/29/37 1473/29/37 1484/29/37
f 1489/29/5 1487/29/5 1378/29/5
f 1378/29/251 1488/29/251 1377/29/251
f 1492/29/4 1113/29/4 1406/29/4
f 1116/29/5 1493/29/5 1115/29/5
f 1115/29/39 1113/29/39 1114/29/39
f 1510/29/4 1457/29/4 1101/29/4
f 1511/29/5 1513/29/5 1509/29/5
f 1106/29/5 1517/29/5 1477/29/5
f 1518/29/4 1516/29/4 1520/29/4
f 1516/29/4 1108/29/4 1520/29/4
f 1521/29/40 1484/29/40 1516/29/40
f 1534/29/5 1536/29/5 1533/29/5
f 1532/29/4 1535/29/4 1576/29/4
f 1545/29/4 1541/29/4 1558/29/4
f 1530/29/5 1542/29/5 1529/29/5
f 1551/29/41 1553/29/41 1495/29/41
f 1554/29/5 1555/29/5 1551/29/5
f 1556/29/4 1561/29/4 1558/29/4
f 1559/29/42 1158/29/42 1556/29/42
f 1561/29/4 1142/29/4 1531/29/4
f 1566/29/5 1568/29/5 1565/29/5
f 1572/29/43 1571/29/43 1553/29/43
f 1574/29/4 1553/29/4 1079/29/4
f 1536/29/5 1537/29/5 1575/29/5
f 1507/29/4 1577/29/4 1576/29/4
f 1539/29/5 1579/29/5 1578/29/5
f 1538/29/4 1524/29/4 1580/29/4
f 1549/29/5 1550/29/5 1502/29/5
f 1548/29/4 1552/29/4 1581/29/4
f 1502/29/44 1501/29/44 1548/29/44
f 1552/29/45 1582/29/45 1550/29/45
f 1130/29/46 1081/29/46 1082/29/46 1083/29/46
f 1083/29/4 1128/29/4 1131/29/4
f 1498/29/47 1172/29/47 1171/29/47 1127/29/47
f 1081/29/5 1130/29/5 1129/29/5
f 1065/29/5 1126/29/5 1172/29/5 1498/29/5
f 1064/29/48 1166/29/48 1126/29/48 1065/29/48
f 1127/29/4 1171/29/4 1166/29/4 1064/29/4
f 1124/29/49 1200/29/49 1198/29/49 1334/29/49
f 1122/29/50 1125/29/50 1251/29/50 1123/29/50
f 1251/29/5 1200/29/5 1124/29/5
f 1120/29/49 1280/29/49 1278/29/49 1415/29/49
f 1125/29/4 1122/29/4 1334/29/4
f 1118/29/51 1121/29/51 1332/29/51 1119/29/51
f 1332/29/5 1280/29/5 1120/29/5
f 1116/29/52 1361/29/52 1359/29/52 1492/29/52
f 1121/29/4 1118/29/4 1415/29/4
f 1114/29/53 1117/29/53 1413/29/53 1115/29/53
f 1361/29/5 1116/29/5 1413/29/5
f 1440/29/5 1073/29/5 1074/29/5 1493/29/5
f 1117/29/4 1114/29/4 1492/29/4
f 1112/29/54 1113/29/54 1493/29/54
f 1439/29/55 1072/29/55 1073/29/55 1440/29/55
f 1110/29/56 1063/29/56 1111/29/56 1071/29/56
f 1072/29/4 1439/29/4 1112/29/4
f 1109/29/5 1062/29/5 1063/29/5 1110/29/5
f 1108/29/57 1061/29/57 1062/29/57 1109/29/57
f 1071/29/4 1111/29/4 1061/29/4 1108/29/4
f 1105/29/58 1107/29/58 1479/29/58 1515/29/58
f 1105/29/5 1104/29/5 1106/29/5 1107/29/5
f 1103/29/59 1518/29/59 1106/29/59 1104/29/59
f 1515/29/4 1479/29/4 1518/29/4 1103/29/4
f 1102/29/59 1511/29/59 1101/29/59 1514/29/59
f 1099/29/60 1512/29/60 1513/29/60 1100/29/60
f 1100/29/5 1511/29/5 1102/29/5
f 1096/29/5 1095/29/5 1097/29/5 1098/29/5
f 1512/29/4 1099/29/4 1101/29/4
f 1459/29/61 1454/29/61 1098/29/61
f 1094/29/62 1510/29/62 1097/29/62 1095/29/62
f 1093/29/63 1489/29/63 1091/29/63 1455/29/63
f 1510/29/4 1094/29/4 1454/29/4
f 1092/29/5 1487/29/5 1489/29/5 1093/29/5
f 1451/29/64 1488/29/64 1487/29/64 1092/29/64
f 1451/29/4 1455/29/4 1091/29/4 1488/29/4
f 1090/29/65 1298/29/65 1088/29/65 1376/29/65
f 1089/29/246 1296/29/246 1297/29/246 1411/29/246
f 1411/29/5 1298/29/5 1090/29/5
f 1330/29/67 1215/29/67 1216/29/67 1087/29/67
f 1296/29/4 1089/29/4 1088/29/4
f 1294/29/68 1217/29/68 1086/29/68 1295/29/68
f 1215/29/4 1330/29/4 1295/29/4
f 1248/29/69 1131/29/69 1132/29/69 1249/29/69
f 1216/29/5 1217/29/5 1294/29/5
f 1084/29/68 1130/29/68 1083/29/68 1085/29/68
f 1131/29/4 1248/29/4 1085/29/4
f 1167/29/69 1067/29/69 1068/29/69 1168/29/69
f 1132/29/5 1130/29/5 1084/29/5
f 1081/29/68 1069/29/68 1080/29/68 1082/29/68
f 1067/29/4 1167/29/4 1082/29/4
f 1078/29/71 1573/29/71 1079/29/71 1066/29/71
f 1068/29/5 1069/29/5 1081/29/5
f 1497/29/5 1572/29/5 1573/29/5 1078/29/5
f 1496/29/72 1571/29/72 1572/29/72 1497/29/72
f 1066/29/4 1079/29/4 1571/29/4 1496/29/4
f 1508/29/73 1139/29/73 1075/29/73 1506/29/73
f 1077/29/4 1076/29/4 1075/29/4
f 1508/29/5 1546/29/5 1499/29/5 1139/29/5
f 1074/29/74 1110/29/74 1071/29/74 1112/29/74
f 1499/29/75 1546/29/75 1076/29/75
f 1074/29/5 1073/29/5 1485/29/5 1110/29/5
f 1072/29/76 1070/29/76 1485/29/76 1073/29/76
f 1112/29/4 1071/29/4 1070/29/4 1072/29/4
f 1069/29/77 1078/29/77 1066/29/77 1080/29/77
f 1068/29/5 1065/29/5 1078/29/5 1069/29/5
f 1067/29/78 1064/29/78 1065/29/78 1068/29/78
f 1067/29/4 1080/29/4 1066/29/4 1064/29/4
f 1340/29/4 1326/29/4 1329/29/4 1291/29/4
f 1436/29/4 1481/29/4 1464/29/4 1466/29/4
f 1499/29/5 1500/29/5 1140/29/5 1139/29/5
f 1382/29/4 1381/29/4 1429/29/4 1416/29/4
f 1077/29/4 1075/29/4 1136/29/4 1170/29/4
f 1417/29/4 1462/29/4 1461/29/4 1448/29/4
f 1288/29/5 1290/29/5 1292/29/5 1327/29/5
f 1419/29/5 1420/29/5 1463/29/5 1418/29/5
f 1111/29/79 1063/29/79 1062/29/79 1061/29/79
f 1384/29/5 1383/29/5 1431/29/5 1430/29/5
f 1435/29/5 1437/29/5 1483/29/5 1482/29/5
f 1422/29/4 1423/29/4 1392/29/4 1438/29/4
f 1426/29/4 1425/29/4 1471/29/4 1456/29/4
f 1266/29/5 1265/29/5 1313/29/5 1314/29/5
f 1424/29/5 1391/29/5 1390/29/5 1393/29/5
f 1427/29/5 1428/29/5 1472/29/5 1470/29/5
f 1188/29/4 1190/29/4 1156/29/4 1205/29/4
f 1273/29/5 1274/29/5 1276/29/5 1306/29/5
f 1191/29/5 1192/29/5 1194/29/5 1228/29/5
f 1432/29/4 1433/29/4 1400/29/4 1446/29/4
f 1547/29/5 1546/29/5 1508/29/5 1575/29/5
f 1264/29/4 1263/29/4 1312/29/4 1299/29/4
f 1233/29/4 1218/29/4 1219/29/4 1183/29/4
f 1305/29/4 1308/29/4 1275/29/4 1322/29/4
f 1181/29/5 1182/29/5 1184/29/5 1220/29/5
f 1241/29/4 1226/29/4 1227/29/4 1193/29/4
f 1203/29/5 1202/29/5 1204/29/5 1236/29/5
f 1367/29/5 1369/29/5 1371/29/5 1409/29/5
f 1407/29/4 1397/29/4 1398/29/4 1362/29/4
f 1145/29/4 1144/29/4 1195/29/4 1180/29/4
f 1434/29/5 1402/29/5 1401/29/5 1403/29/5
f 1148/29/5 1146/29/5 1196/29/5 1197/29/5
f 1143/29/5 1559/29/5 1560/29/5 1565/29/5
f 1283/29/5 1282/29/5 1284/29/5 1316/29/5
f 1141/29/4 1142/29/4 1561/29/4 1158/29/4
f 1556/29/4 1558/29/4 1541/29/4 1570/29/4
f 1525/29/5 1526/29/5 1569/29/5 1152/29/5
f 1225/29/4 1206/29/4 1207/29/4 1177/29/4
f 1173/29/5 1172/29/5 1126/29/5 1165/29/5
f 1344/29/5 1345/29/5 1395/29/5 1396/29/5
f 1388/29/5 1352/29/5 1353/29/5 1355/29/5
f 1387/29/4 1389/29/4 1354/29/4 1404/29/4
f 1364/29/5 1363/29/5 1365/29/5 1399/29/5
f 1065/29/5 1498/29/5 1497/29/5 1078/29/5
f 1257/29/5 1256/29/5 1258/29/5 1287/29/5
f 1304/29/4 1286/29/4 1289/29/4 1255/29/4
f 1189/29/5 1155/29/5 1153/29/5 1157/29/5
f 1504/29/5 1505/29/5 1150/29/5 1149/29/5
f 1557/29/5 1543/29/5 1542/29/5 1544/29/5
f 1339/29/5 1338/29/5 1385/29/5 1386/29/5
f 1343/29/4 1342/29/4 1394/29/4 1380/29/4
f 1564/29/4 1563/29/4 1147/29/4 1133/29/4
f 1532/29/4 1531/29/4 1567/29/4 1562/29/4
f 1309/29/4 1307/29/4 1356/29/4 1341/29/4
f 1311/29/5 1310/29/5 1357/29/5 1358/29/5
f 1534/29/5 1533/29/5 1568/29/5 1566/29/5
f 1244/29/4 1234/29/4 1235/29/4 1201/29/4
f 1135/29/4 1134/29/4 1185/29/4 1175/29/4
f 1421/29/4 1408/29/4 1410/29/4 1370/29/4
f 1577/29/4 1507/29/4 1506/29/4 1076/29/4
f 1325/29/4 1315/29/4 1317/29/4 1281/29/4
f 1301/29/4 1300/29/4 1346/29/4 1335/29/4
f 1161/29/4 1151/29/4 1154/29/4 1527/29/4
f 1164/29/4 1166/29/4 1171/29/4 1179/29/4
f 1137/29/5 1138/29/5 1186/29/5 1187/29/5
f 1303/29/5 1302/29/5 1348/29/5 1347/29/5
f 1474/29/5 1442/29/5 1443/29/5 1445/29/5
f 1064/29/4 1066/29/4 1496/29/4 1127/29/4
f 1473/29/4 1475/29/4 1444/29/4 1486/29/4
f 1349/29/4 1351/29/4 1318/29/4 1366/29/4
f 1582/29/5 1551/29/5 1503/29/5 1502/29/5
f 1350/29/5 1320/29/5 1319/29/5 1321/29/5
f 1552/29/4 1501/29/4 1494/29/4 1495/29/4
f 1484/29/4 1070/29/4 1071/29/4 1108/29/4
f 1458/29/4 1457/29/4 1510/29/4 1459/29/4
f 1460/29/5 1098/29/5 1097/29/5 1509/29/5
f 1113/29/4 1439/29/4 1441/29/4 1406/29/4
f 1467/29/4 1465/29/4 1514/29/4 1099/29/4
f 1469/29/5 1100/29/5 1102/29/5 1468/29/5
f 1449/29/4 1447/29/4 1455/29/4 1451/29/4
f 1452/29/5 1092/29/5 1093/29/5 1450/29/5
f 1478/29/4 1476/29/4 1518/29/4 1479/29/4
f 1084/29/5 1214/29/5 1250/29/5 1249/29/5
f 1293/29/4 1213/29/4 1085/29/4 1248/29/4
f 1081/29/5 1129/29/5 1169/29/5 1168/29/5
f 1212/29/4 1128/29/4 1082/29/4 1167/29/4
f 1372/29/4 1295/29/4 1330/29/4 1328/29/4
f 1480/29/5 1107/29/5 1106/29/5 1477/29/5
f 1251/29/5 1252/29/5 1159/29/5 1200/29/5
f 1413/29/5 1414/29/5 1323/29/5 1361/29/5
f 1087/29/5 1294/29/5 1373/29/5 1331/29/5
f 1133/29/4 1147/29/4 1134/29/4 1135/29/4
f 1332/29/5 1333/29/5 1242/29/5
f 1133/29/80 1135/29/80 1137/29/80 1505/29/80
f 1505/29/5 1137/29/5 1187/29/5 1150/29/5
f 1150/29/81 1187/29/81 1134/29/81 1147/29/81
f 1135/29/82 1075/29/82 1139/29/82 1137/29/82
f 1136/29/83 1175/29/83 1138/29/83
f 1075/29/4 1135/29/4 1136/29/4
f 1141/29/4 1144/29/4 1145/29/4 1142/29/4
f 1139/29/5 1140/29/5 1138/29/5
f 1142/29/84 1145/29/84 1148/29/84 1565/29/84
f 1143/29/5 1565/29/5 1148/29/5 1197/29/5
f 1143/29/85 1197/29/85 1144/29/85 1141/29/85
f 1146/29/86 1150/29/86 1147/29/86 1180/29/86
f 1148/29/5 1150/29/5 1146/29/5
f 1145/29/87 1563/29/87 1149/29/87 1148/29/87
f 1563/29/4 1145/29/4 1147/29/4
f 1205/29/88 1151/29/88 1152/29/88 1155/29/88
f 1569/29/5 1153/29/5 1152/29/5
f 1154/29/89 1156/29/89 1153/29/89
f 1151/29/4 1205/29/4 1156/29/4
f 1157/29/90 1143/29/90 1141/29/90 1190/29/90
f 1143/29/5 1157/29/5 1153/29/5
f 1156/29/91 1158/29/91 1559/29/91 1153/29/91
f 1141/29/4 1158/29/4 1156/29/4
f 1161/29/4 1160/29/4 1199/29/4 1151/29/4
f 1151/29/92 1199/29/92 1159/29/92 1152/29/92
f 1525/29/5 1152/29/5 1159/29/5 1252/29/5
f 1525/29/93 1252/29/93 1160/29/93 1161/29/93
f 1165/29/94 1169/29/94 1212/29/94 1164/29/94
f 1522/29/4 1538/29/4 1162/29/4
f 1523/29/5 1163/29/5 1578/29/5
f 1522/29/95 1253/29/95 1163/29/95
f 1169/29/5 1165/29/5 1126/29/5
f 1166/29/252 1167/29/252 1168/29/252 1126/29/252
f 1167/29/4 1166/29/4 1212/29/4
f 1170/29/96 1171/29/96 1172/29/96 1500/29/96
f 1171/29/4 1170/29/4 1136/29/4
f 1140/29/97 1173/29/97 1179/29/97 1136/29/97
f 1172/29/5 1173/29/5 1140/29/5
f 1177/29/4 1175/29/4 1185/29/4 1225/29/4
f 1186/29/5 1138/29/5 1174/29/5
f 1225/29/98 1185/29/98 1186/29/98 1176/29/98
f 1173/29/253 1174/29/253 1177/29/253 1179/29/253
f 1175/29/100 1177/29/100 1174/29/100
f 1174/29/5 1173/29/5 1178/29/5
f 1164/29/101 1207/29/101 1178/29/101 1165/29/101
f 1207/29/4 1164/29/4 1179/29/4
f 1183/29/4 1180/29/4 1195/29/4 1233/29/4
f 1233/29/102 1195/29/102 1196/29/102 1181/29/102
f 1182/29/5 1181/29/5 1196/29/5 1146/29/5
f 1182/29/103 1146/29/103 1180/29/103 1183/29/103
f 1134/29/4 1183/29/4 1219/29/4 1185/29/4
f 1185/29/104 1219/29/104 1184/29/104 1186/29/104
f 1241/29/105 1188/29/105 1189/29/105 1191/29/105
f 1183/29/106 1134/29/106 1182/29/106
f 1186/29/5 1182/29/5 1187/29/5
f 1188/29/4 1241/29/4 1190/29/4
f 1192/29/107 1157/29/107 1190/29/107 1193/29/107
f 1157/29/5 1192/29/5 1191/29/5
f 1144/29/4 1193/29/4 1227/29/4 1195/29/4
f 1195/29/104 1227/29/104 1194/29/104 1196/29/104
f 1197/29/5 1196/29/5 1194/29/5 1192/29/5
f 1197/29/108 1192/29/108 1193/29/108 1144/29/108
f 1199/29/4 1198/29/4 1244/29/4 1201/29/4
f 1199/29/109 1201/29/109 1202/29/109 1159/29/109
f 1155/29/110 1202/29/110 1201/29/110 1205/29/110
f 1244/29/111 1198/29/111 1200/29/111
f 1203/29/5 1200/29/5 1202/29/5
f 1202/29/5 1155/29/5 1204/29/5
f 1188/29/112 1235/29/112 1204/29/112 1189/29/112
f 1235/29/4 1188/29/4 1205/29/4
f 1209/29/113 1178/29/113 1207/29/113 1210/29/113
f 1178/29/114 1208/29/114 1206/29/114
f 1169/29/47 1209/29/47 1210/29/47 1212/29/47
f 1206/29/4 1259/29/4 1210/29/4
f 1211/29/5 1209/29/5 1169/29/5
f 1128/29/104 1247/29/104 1211/29/104 1129/29/104
f 1247/29/4 1128/29/4 1212/29/4
f 1086/29/4 1085/29/4 1213/29/4 1215/29/4
f 1215/29/115 1213/29/115 1214/29/115 1216/29/115
f 1217/29/5 1216/29/5 1214/29/5 1084/29/5
f 1217/29/46 1084/29/46 1085/29/46 1086/29/46
f 1219/29/4 1218/29/4 1221/29/4 1222/29/4
f 1219/29/116 1222/29/116 1224/29/116 1184/29/116
f 1184/29/5 1224/29/5 1269/29/5 1220/29/5
f 1220/29/117 1269/29/117 1221/29/117 1218/29/117
f 1176/29/118 1224/29/118 1222/29/118 1225/29/118
f 1224/29/5 1176/29/5 1223/29/5
f 1206/29/119 1254/29/119 1223/29/119 1178/29/119
f 1225/29/4 1254/29/4 1206/29/4
f 1227/29/4 1226/29/4 1277/29/4 1229/29/4
f 1227/29/84 1229/29/84 1230/29/84 1194/29/84
f 1194/29/5 1230/29/5 1231/29/5 1228/29/5
f 1228/29/120 1231/29/120 1277/29/120 1226/29/120
f 1232/29/104 1220/29/104 1218/29/104 1262/29/104
f 1220/29/5 1232/29/5 1230/29/5
f 1229/29/87 1233/29/87 1181/29/87 1230/29/87
f 1233/29/4 1229/29/4 1218/29/4
f 1236/29/85 1239/29/85 1285/29/85 1234/29/85
f 1238/29/121 1204/29/121 1235/29/121
f 1237/29/4 1235/29/4 1234/29/4
f 1238/29/5 1239/29/5 1236/29/5
f 1237/29/122 1241/29/122 1191/29/122 1238/29/122
f 1228/29/5 1240/29/5 1238/29/5
f 1226/29/123 1272/29/123 1228/29/123
f 1241/29/4 1237/29/4 1226/29/4
f 1244/29/4 1243/29/4 1279/29/4 1234/29/4
f 1234/29/92 1279/29/92 1242/29/92 1236/29/92
f 1203/29/5 1236/29/5 1242/29/5 1333/29/5
f 1203/29/124 1333/29/124 1243/29/124 1244/29/124
f 1246/29/94 1250/29/94 1293/29/94 1245/29/94
f 1250/29/5 1246/29/5 1211/29/5
f 1247/29/125 1248/29/125 1249/29/125 1211/29/125
f 1293/29/4 1248/29/4 1247/29/4
f 1125/29/4 1160/29/4 1253/29/4 1162/29/4
f 1125/29/126 1162/29/126 1578/29/126 1251/29/126
f 1251/29/5 1578/29/5 1163/29/5 1252/29/5
f 1252/29/127 1163/29/127 1253/29/127 1160/29/127
f 1268/29/98 1257/29/98 1304/29/98 1267/29/98
f 1223/29/5 1257/29/5 1268/29/5
f 1254/29/128 1255/29/128 1256/29/128 1223/29/128
f 1255/29/4 1254/29/4 1304/29/4
f 1255/29/129 1259/29/129 1208/29/129 1256/29/129
f 1259/29/4 1255/29/4 1289/29/4
f 1258/29/130 1246/29/130 1245/29/130 1289/29/130
f 1208/29/5 1246/29/5 1258/29/5
f 1263/29/4 1264/29/4 1262/29/4 1260/29/4
f 1263/29/98 1260/29/98 1261/29/98 1314/29/98
f 1314/29/5 1261/29/5 1232/29/5 1266/29/5
f 1266/29/131 1232/29/131 1262/29/131 1264/29/131
f 1267/29/132 1299/29/132 1265/29/132 1268/29/132
f 1299/29/4 1267/29/4 1264/29/4
f 1269/29/5 1268/29/5 1265/29/5 1266/29/5
f 1322/29/133 1270/29/133 1271/29/133 1273/29/133
f 1264/29/134 1221/29/134 1269/29/134
f 1270/29/4 1322/29/4 1272/29/4
f 1274/29/135 1240/29/135 1272/29/135 1275/29/135
f 1273/29/5 1240/29/5 1274/29/5
f 1277/29/4 1275/29/4 1308/29/4 1260/29/4
f 1260/29/104 1308/29/104 1276/29/104 1261/29/104
f 1231/29/5 1261/29/5 1276/29/5 1274/29/5
f 1231/29/108 1274/29/108 1275/29/108 1277/29/108
f 1279/29/4 1278/29/4 1325/29/4 1281/29/4
f 1279/29/136 1281/29/136 1282/29/136 1242/29/136
f 1239/29/108 1282/29/108 1281/29/108 1285/29/108
f 1325/29/137 1278/29/137 1280/29/137
f 1283/29/5 1280/29/5 1282/29/5
f 1281/29/4 1317/29/4 1270/29/4
f 1284/29/138 1271/29/138 1270/29/138
f 1282/29/5 1239/29/5 1271/29/5
f 1290/29/139 1258/29/139 1289/29/139 1291/29/139
f 1287/29/140 1288/29/140 1286/29/140
f 1258/29/5 1290/29/5 1288/29/5
f 1250/29/141 1290/29/141 1291/29/141 1293/29/141
f 1286/29/4 1340/29/4 1291/29/4
f 1292/29/5 1290/29/5 1250/29/5
f 1213/29/142 1329/29/142 1292/29/142 1214/29/142
f 1293/29/4 1329/29/4 1213/29/4
f 1088/29/4 1295/29/4 1372/29/4 1296/29/4
f 1296/29/78 1372/29/78 1373/29/78 1297/29/78
f 1297/29/5 1373/29/5 1294/29/5 1298/29/5
f 1298/29/46 1294/29/46 1295/29/46 1088/29/46
f 1301/29/4 1299/29/4 1312/29/4 1300/29/4
f 1300/29/143 1312/29/143 1313/29/143 1347/29/143
f 1303/29/5 1347/29/5 1313/29/5 1265/29/5
f 1303/29/144 1265/29/144 1299/29/144 1301/29/144
f 1286/29/4 1304/29/4 1301/29/4 1335/29/4
f 1286/29/254 1335/29/254 1302/29/254 1287/29/254
f 1287/29/5 1302/29/5 1303/29/5 1257/29/5
f 1257/29/108 1303/29/108 1301/29/108 1304/29/108
f 1306/29/146 1358/29/146 1307/29/146 1305/29/146
f 1358/29/5 1306/29/5 1276/29/5
f 1308/29/116 1309/29/116 1311/29/116 1276/29/116
f 1309/29/4 1308/29/4 1307/29/4
f 1312/29/4 1263/29/4 1309/29/4 1341/29/4
f 1312/29/147 1341/29/147 1310/29/147 1313/29/147
f 1313/29/5 1310/29/5 1311/29/5 1314/29/5
f 1314/29/118 1311/29/118 1309/29/118 1263/29/118
f 1316/29/85 1320/29/85 1366/29/85 1315/29/85
f 1320/29/5 1316/29/5 1284/29/5
f 1317/29/148 1318/29/148 1319/29/148 1284/29/148
f 1318/29/4 1317/29/4 1366/29/4
f 1318/29/149 1322/29/149 1273/29/149 1319/29/149
f 1305/29/150 1351/29/150 1321/29/150
f 1319/29/5 1306/29/5 1321/29/5
f 1305/29/4 1322/29/4 1318/29/4
f 1315/29/92 1360/29/92 1323/29/92 1316/29/92
f 1360/29/4 1315/29/4 1324/29/4
f 1283/29/255 1414/29/255 1324/29/255 1325/29/255
f 1316/29/5 1414/29/5 1283/29/5
f 1292/29/5 1087/29/5 1331/29/5 1327/29/5
f 1087/29/152 1292/29/152 1329/29/152
f 1327/29/153 1331/29/153 1328/29/153 1326/29/153
f 1121/29/4 1243/29/4 1334/29/4 1122/29/4
f 1330/29/4 1329/29/4 1328/29/4
f 1121/29/154 1122/29/154 1123/29/154 1332/29/154
f 1332/29/5 1123/29/5 1124/29/5 1333/29/5
f 1333/29/155 1124/29/155 1334/29/155 1243/29/155
f 1335/29/156 1337/29/156 1339/29/156 1302/29/156
f 1337/29/4 1335/29/4 1346/29/4
f 1348/29/98 1386/29/98 1336/29/98 1346/29/98
f 1386/29/5 1348/29/5 1339/29/5
f 1338/29/157 1327/29/157 1326/29/157 1368/29/157
f 1327/29/5 1338/29/5 1339/29/5
f 1341/29/158 1343/29/158 1344/29/158 1310/29/158
f 1326/29/4 1340/29/4 1337/29/4
f 1288/29/159 1339/29/159 1340/29/159
f 1356/29/4 1343/29/4 1341/29/4
f 1357/29/102 1396/29/102 1342/29/102 1356/29/102
f 1344/29/5 1396/29/5 1357/29/5
f 1380/29/4 1346/29/4 1300/29/4 1343/29/4
f 1343/29/160 1300/29/160 1347/29/160 1344/29/160
f 1345/29/5 1344/29/5 1347/29/5 1348/29/5
f 1345/29/132 1348/29/132 1346/29/132 1380/29/132
f 1404/29/161 1349/29/161 1350/29/161 1352/29/161
f 1351/29/162 1354/29/162 1321/29/162
f 1349/29/4 1404/29/4 1354/29/4
f 1356/29/163 1389/29/163 1355/29/163 1357/29/163
f 1321/29/5 1353/29/5 1352/29/5
f 1354/29/4 1389/29/4 1356/29/4
f 1358/29/164 1353/29/164 1354/29/164 1307/29/164
f 1357/29/5 1353/29/5 1358/29/5
f 1360/29/4 1359/29/4 1407/29/4 1362/29/4
f 1360/29/136 1362/29/136 1363/29/136 1323/29/136
f 1323/29/5 1363/29/5 1364/29/5 1361/29/5
f 1361/29/165 1364/29/165 1407/29/165 1359/29/165
f 1320/29/108 1363/29/108 1362/29/108 1366/29/108
f 1363/29/5 1320/29/5 1365/29/5
f 1349/29/166 1398/29/166 1365/29/166 1350/29/166
f 1398/29/4 1349/29/4 1366/29/4
f 1421/29/167 1368/29/167 1385/29/167 1367/29/167
f 1131/29/168 1128/29/168 1129/29/168 1132/29/168
f 1369/29/169 1338/29/169 1368/29/169 1370/29/169
f 1338/29/5 1369/29/5 1367/29/5
f 1372/29/170 1410/29/170 1371/29/170 1373/29/170
f 1370/29/4 1410/29/4 1372/29/4
f 1331/29/118 1369/29/118 1370/29/118 1328/29/118
f 1369/29/5 1331/29/5 1373/29/5
f 1377/29/171 1374/29/171 1375/29/171 1378/29/171
f 1376/29/172 1490/29/172 1090/29/172
f 1374/29/4 1377/29/4 1490/29/4
f 1382/29/4 1380/29/4 1394/29/4 1381/29/4
f 1378/29/5 1090/29/5 1379/29/5
f 1381/29/173 1394/29/173 1395/29/173 1430/29/173
f 1384/29/5 1430/29/5 1395/29/5 1345/29/5
f 1384/29/144 1345/29/144 1380/29/144 1382/29/144
f 1368/29/4 1336/29/4 1382/29/4 1416/29/4
f 1368/29/174 1416/29/174 1383/29/174 1385/29/174
f 1385/29/5 1383/29/5 1384/29/5 1386/29/5
f 1386/29/108 1384/29/108 1382/29/108 1336/29/108
f 1390/29/175 1355/29/175 1389/29/175 1392/29/175
f 1388/29/5 1355/29/5 1390/29/5
f 1438/29/98 1387/29/98 1388/29/98 1391/29/98
f 1392/29/4 1387/29/4 1438/29/4
f 1394/29/176 1423/29/176 1393/29/176 1395/29/176
f 1392/29/4 1423/29/4 1394/29/4
f 1396/29/177 1390/29/177 1392/29/177 1342/29/177
f 1390/29/5 1396/29/5 1395/29/5
f 1399/29/178 1402/29/178 1446/29/178 1397/29/178
f 1400/29/4 1398/29/4 1397/29/4
f 1365/29/5 1402/29/5 1399/29/5
f 1387/29/132 1433/29/132 1403/29/132 1388/29/132
f 1401/29/179 1365/29/179 1400/29/179
f 1400/29/180 1404/29/180 1401/29/180
f 1433/29/4 1387/29/4 1404/29/4
f 1352/29/5 1388/29/5 1403/29/5 1401/29/5
f 1397/29/181 1441/29/181 1405/29/181 1399/29/181
f 1441/29/4 1397/29/4 1406/29/4
f 1371/29/5 1411/29/5 1412/29/5 1409/29/5
f 1399/29/5 1491/29/5 1364/29/5
f 1406/29/182 1407/29/182 1364/29/182
f 1411/29/183 1371/29/183 1410/29/183
f 1408/29/4 1453/29/4 1089/29/4 1410/29/4
f 1117/29/184 1118/29/184 1119/29/184 1413/29/184
f 1453/29/185 1408/29/185 1412/29/185
f 1324/29/4 1118/29/4 1117/29/4
f 1414/29/256 1120/29/256 1415/29/256 1324/29/256
f 1120/29/5 1414/29/5 1119/29/5
f 1429/29/4 1462/29/4 1417/29/4 1416/29/4
f 1419/29/152 1383/29/152 1416/29/152
f 1431/29/187 1418/29/187 1462/29/187 1429/29/187
f 1418/29/5 1431/29/5 1419/29/5
f 1417/29/4 1448/29/4 1408/29/4 1421/29/4
f 1417/29/188 1421/29/188 1367/29/188 1419/29/188
f 1419/29/5 1367/29/5 1409/29/5 1420/29/5
f 1420/29/189 1409/29/189 1408/29/189 1448/29/189
f 1423/29/190 1426/29/190 1427/29/190 1393/29/190
f 1426/29/4 1423/29/4 1422/29/4
f 1424/29/187 1470/29/187 1425/29/187 1422/29/187
f 1427/29/5 1470/29/5 1424/29/5
f 1456/29/4 1429/29/4 1381/29/4 1426/29/4
f 1426/29/118 1381/29/118 1430/29/118 1427/29/118
f 1428/29/5 1427/29/5 1430/29/5 1431/29/5
f 1428/29/104 1431/29/104 1429/29/104 1456/29/104
f 1432/29/4 1481/29/4 1436/29/4 1433/29/4
f 1433/29/144 1436/29/144 1435/29/144 1403/29/144
f 1434/29/5 1403/29/5 1435/29/5 1482/29/5
f 1434/29/191 1482/29/191 1481/29/191 1432/29/191
f 1436/29/4 1466/29/4 1422/29/4 1438/29/4
f 1436/29/108 1438/29/108 1391/29/108 1435/29/108
f 1435/29/5 1391/29/5 1424/29/5 1437/29/5
f 1437/29/104 1424/29/104 1422/29/104 1466/29/104
f 1486/29/4 1444/29/4 1441/29/4 1439/29/4
f 1486/29/73 1439/29/73 1440/29/73 1442/29/73
f 1442/29/5 1440/29/5 1405/29/5 1443/29/5
f 1443/29/192 1405/29/192 1441/29/192 1444/29/192
f 1402/29/93 1443/29/93 1444/29/93 1446/29/93
f 1444/29/4 1475/29/4 1432/29/4
f 1445/29/5 1443/29/5 1402/29/5
f 1463/29/193 1450/29/193 1447/29/193 1461/29/193
f 1445/29/194 1434/29/194 1432/29/194
f 1420/29/5 1450/29/5 1463/29/5
f 1448/29/139 1449/29/139 1452/29/139 1420/29/139
f 1447/29/4 1449/29/4 1448/29/4
f 1453/29/4 1449/29/4 1451/29/4 1374/29/4
f 1374/29/90 1451/29/90 1092/29/90 1375/29/90
f 1412/29/5 1375/29/5 1092/29/5 1452/29/5
f 1412/29/195 1452/29/195 1449/29/195 1453/29/195
f 1455/29/196 1094/29/196 1095/29/196 1093/29/196
f 1093/29/5 1096/29/5 1450/29/5
f 1454/29/197 1447/29/197 1096/29/197
f 1094/29/4 1455/29/4 1454/29/4
f 1458/29/4 1456/29/4 1471/29/4 1457/29/4
f 1457/29/198 1471/29/198 1472/29/198 1509/29/198
f 1509/29/5 1472/29/5 1428/29/5 1460/29/5
f 1460/29/199 1428/29/199 1456/29/199 1458/29/199
f 1458/29/200 1462/29/200 1418/29/200 1460/29/200
f 1462/29/4 1458/29/4 1459/29/4
f 1098/29/201 1463/29/201 1461/29/201 1459/29/201
f 1418/29/5 1463/29/5 1098/29/5
f 1466/29/199 1467/29/199 1469/29/199 1437/29/199
f 1465/29/202 1464/29/202 1483/29/202
f 1467/29/4 1466/29/4 1465/29/4
f 1437/29/5 1469/29/5 1468/29/5 1483/29/5
f 1470/29/200 1469/29/200 1467/29/200 1425/29/200
f 1100/29/5 1469/29/5 1470/29/5
f 1471/29/203 1099/29/203 1100/29/203 1472/29/203
f 1099/29/4 1471/29/4 1425/29/4
f 1476/29/4 1478/29/4 1475/29/4 1473/29/4
f 1480/29/204 1445/29/204 1475/29/204 1478/29/204
f 1445/29/5 1480/29/5 1474/29/5
f 1478/29/200 1481/29/200 1482/29/200 1480/29/200
f 1474/29/205 1477/29/205 1476/29/205
f 1481/29/4 1478/29/4 1479/29/4
f 1107/29/206 1483/29/206 1464/29/206 1479/29/206
f 1482/29/5 1483/29/5 1107/29/5
f 1474/29/5 1521/29/5 1485/29/5 1442/29/5
f 1521/29/207 1474/29/207 1484/29/207
f 1442/29/160 1485/29/160 1070/29/160 1486/29/160
f 1091/29/4 1490/29/4 1377/29/4 1488/29/4
f 1484/29/4 1473/29/4 1486/29/4
f 1378/29/208 1487/29/208 1488/29/208
f 1489/29/209 1379/29/209 1490/29/209 1091/29/209
f 1378/29/5 1379/29/5 1489/29/5
f 1491/29/210 1116/29/210 1492/29/210 1406/29/210
f 1116/29/5 1491/29/5 1493/29/5
f 1494/29/4 1127/29/4 1496/29/4 1495/29/4
f 1115/29/211 1493/29/211 1113/29/211
f 1114/29/4 1113/29/4 1492/29/4
f 1495/29/212 1496/29/212 1497/29/212 1551/29/212
f 1503/29/5 1551/29/5 1497/29/5 1498/29/5
f 1503/29/178 1498/29/178 1127/29/178 1494/29/178
f 1170/29/4 1494/29/4 1501/29/4 1077/29/4
f 1077/29/213 1501/29/213 1502/29/213 1499/29/213
f 1500/29/5 1499/29/5 1502/29/5 1503/29/5
f 1500/29/214 1503/29/214 1494/29/214 1170/29/214
f 1133/29/4 1506/29/4 1507/29/4 1564/29/4
f 1564/29/215 1507/29/215 1575/29/215 1504/29/215
f 1505/29/5 1504/29/5 1575/29/5 1508/29/5
f 1505/29/216 1508/29/216 1506/29/216 1133/29/216
f 1511/29/217 1097/29/217 1510/29/217 1101/29/217
f 1097/29/5 1511/29/5 1509/29/5
f 1512/29/218 1457/29/218 1509/29/218 1513/29/218
f 1101/29/4 1457/29/4 1512/29/4
f 1514/29/4 1465/29/4 1515/29/4 1103/29/4
f 1514/29/219 1103/29/219 1104/29/219 1102/29/219
f 1102/29/5 1104/29/5 1105/29/5 1468/29/5
f 1468/29/220 1105/29/220 1515/29/220 1465/29/220
f 1516/29/221 1476/29/221 1477/29/221 1517/29/221
f 1518/29/4 1476/29/4 1516/29/4
f 1519/29/219 1106/29/219 1518/29/219 1520/29/219
f 1106/29/5 1519/29/5 1517/29/5
f 1109/29/5 1521/29/5 1517/29/5 1519/29/5
f 1517/29/222 1521/29/222 1516/29/222
f 1109/29/59 1519/29/59 1520/29/59 1108/29/59
f 1527/29/4 1524/29/4 1522/29/4 1161/29/4
f 1108/29/4 1516/29/4 1484/29/4
f 1161/29/223 1522/29/223 1523/29/223 1525/29/223
f 1526/29/5 1525/29/5 1523/29/5 1579/29/5
f 1526/29/84 1579/29/84 1524/29/84 1527/29/84
f 1545/29/4 1531/29/4 1532/29/4 1528/29/4
f 1528/29/224 1532/29/224 1534/29/224 1529/29/224
f 1530/29/5 1529/29/5 1534/29/5 1566/29/5
f 1530/29/225 1566/29/225 1531/29/225 1545/29/225
f 1535/29/226 1562/29/226 1533/29/226 1536/29/226
f 1532/29/4 1562/29/4 1535/29/4
f 1537/29/227 1534/29/227 1532/29/227 1576/29/227
f 1534/29/5 1537/29/5 1536/29/5
f 1580/29/4 1570/29/4 1541/29/4 1538/29/4
f 1538/29/228 1541/29/228 1542/29/228 1539/29/228
f 1539/29/5 1542/29/5 1543/29/5 1540/29/5
f 1540/29/229 1543/29/229 1570/29/229 1580/29/229
f 1544/29/226 1530/29/226 1545/29/226 1558/29/226
f 1530/29/5 1544/29/5 1542/29/5
f 1541/29/227 1528/29/227 1529/29/227 1542/29/227
f 1545/29/4 1528/29/4 1541/29/4
f 1548/29/4 1581/29/4 1577/29/4 1076/29/4
f 1548/29/230 1076/29/230 1546/29/230 1549/29/230
f 1549/29/5 1546/29/5 1547/29/5 1550/29/5
f 1550/29/231 1547/29/231 1577/29/231 1581/29/231
f 1574/29/4 1552/29/4 1495/29/4 1553/29/4
f 1554/29/232 1582/29/232 1552/29/232 1574/29/232
f 1582/29/5 1554/29/5 1551/29/5
f 1560/29/5 1559/29/5 1557/29/5 1544/29/5
f 1551/29/233 1555/29/233 1553/29/233
f 1557/29/234 1559/29/234 1556/29/234
f 1560/29/116 1544/29/116 1558/29/116 1561/29/116
f 1567/29/4 1563/29/4 1564/29/4 1562/29/4
f 1556/29/4 1158/29/4 1561/29/4
f 1562/29/116 1564/29/116 1504/29/116 1533/29/116
f 1568/29/5 1533/29/5 1504/29/5 1149/29/5
f 1568/29/235 1149/29/235 1563/29/235 1567/29/235
f 1566/29/200 1560/29/200 1561/29/200 1531/29/200
f 1560/29/5 1566/29/5 1565/29/5
f 1567/29/86 1142/29/86 1565/29/86 1568/29/86
f 1531/29/4 1142/29/4 1567/29/4
f 1556/29/4 1570/29/4 1527/29/4 1154/29/4
f 1556/29/236 1154/29/236 1569/29/236 1557/29/236
f 1557/29/5 1569/29/5 1526/29/5 1543/29/5
f 1543/29/237 1526/29/237 1527/29/237 1570/29/237
f 1572/29/5 1555/29/5 1554/29/5 1573/29/5
f 1079/29/4 1553/29/4 1571/29/4
f 1555/29/257 1572/29/257 1553/29/257
f 1573/29/239 1554/29/239 1574/29/239 1079/29/239
f 1507/29/240 1535/29/240 1536/29/240 1575/29/240
f 1535/29/4 1507/29/4 1576/29/4
f 1547/29/224 1537/29/224 1576/29/224 1577/29/224
f 1575/29/5 1537/29/5 1547/29/5
f 1579/29/241 1540/29/241 1580/29/241 1524/29/241
f 1539/29/242 1578/29/242 1538/29/242
f 1539/29/5 1540/29/5 1579/29/5
f 1549/29/243 1502/29/243 1548/29/243
f 1581/29/244 1552/29/244 1550/29/244
f 1552/29/4 1548/29/4 1501/29/4
f 1502/29/5 1550/29/5 1582/29/5
f 1652/29/5 1654/29/5 1651/29/5
f 1604/29/4 1650/29/4 1605/29/4
f 1647/29/4 1856/29/4 1720/29/4
f 1646/29/5 1645/29/5 1773/29/5
f 1643/29/4 1937/29/4 1800/29/4
f 1854/29/5 1642/29/5 1641/29/5
f 1639/29/4 2014/29/4 1881/29/4
f 1935/29/5 1638/29/5 1637/29/5
f 1961/29/4 1635/29/4 1634/29/4
f 1634/29/6 2015/29/6 1596/29/6
f 1730/29/5 1731/29/5 1768/29/5
f 1789/29/4 1776/29/4 1744/29/4
f 1731/29/5 1733/29/5 1768/29/5
f 1743/29/4 1789/29/4 1744/29/4
f 1767/29/4 1732/29/4 1781/29/4
f 1769/29/4 1732/29/4 1767/29/4
f 1745/29/5 1790/29/5 1746/29/5
f 1790/29/5 1791/29/5 1746/29/5
f 1753/29/5 1752/29/5 1783/29/5
f 1752/29/5 1754/29/5 1783/29/5
f 1761/29/5 1760/29/5 1793/29/5
f 1782/29/4 1751/29/4 1799/29/4
f 1784/29/4 1751/29/4 1782/29/4
f 1760/29/5 1762/29/5 1793/29/5
f 1792/29/4 1759/29/4 1807/29/4
f 1794/29/4 1759/29/4 1792/29/4
f 1854/29/5 1764/29/5 1802/29/5
f 1801/29/4 1643/29/4 1800/29/4
f 1621/29/4 2036/29/4 1623/29/4
f 2035/29/5 2033/29/5 1622/29/5
f 1981/29/4 2032/29/4 1976/29/4
f 1976/29/7 1618/29/7 1620/29/7
f 1611/29/4 1898/29/4 1610/29/4
f 1819/29/5 1820/29/5 1933/29/5
f 1738/29/5 1816/29/5 1609/29/5
f 1737/29/4 1817/29/4 1608/29/4
f 1654/29/5 1606/29/5 1771/29/5
f 1653/29/4 1607/29/4 1605/29/4
f 1590/29/5 1603/29/5 1690/29/5
f 1589/29/4 1604/29/4 1602/29/4
f 2021/29/8 1598/29/8 1599/29/8
f 1598/29/4 2028/29/4 1597/29/4
f 1890/29/4 1859/29/4 1858/29/4
f 1700/29/5 1698/29/5 1696/29/5
f 2046/29/4 2060/29/4 2044/29/4
f 1898/29/4 1611/29/4 1896/29/4
f 1612/29/5 1897/29/5 1934/29/5
f 2015/29/5 1927/29/5 1962/29/5
f 1631/29/5 1632/29/5 2043/29/5
f 1720/29/4 1682/29/4 1647/29/4
f 1881/29/4 1846/29/4 1639/29/4
f 1801/29/4 1765/29/4 1643/29/4
f 2101/29/5 2045/29/5 2100/29/5
f 1720/29/4 1721/29/4 1682/29/4
f 1881/29/4 1882/29/4 1846/29/4
f 1933/29/5 1612/29/5 1934/29/5
f 2013/29/5 1927/29/5 2015/29/5
f 1632/29/5 2007/29/5 2043/29/5
f 1611/29/4 1975/29/4 1896/29/4
f 1657/29/4 1697/29/4 1658/29/4
f 1660/29/5 1659/29/5 1661/29/5
f 1658/29/9 1660/29/9 1662/29/9
f 1667/29/4 1702/29/4 1669/29/4
f 1671/29/5 1672/29/5 1670/29/5
f 1676/29/10 1675/29/10 2091/29/10
f 1673/29/4 1678/29/4 1676/29/4
f 1674/29/5 1675/29/5 1677/29/5
f 1663/29/4 1678/29/4 1712/29/4
f 1665/29/5 1675/29/5 2081/29/5
f 2100/29/11 1684/29/11 2060/29/11
f 2044/29/12 1685/29/12 2045/29/12
f 1684/29/4 1775/29/4 2044/29/4
f 1734/29/4 1688/29/4 1686/29/4
f 1690/29/5 1691/29/5 1648/29/5
f 1694/29/5 1662/29/5 2022/29/5
f 1693/29/4 1658/29/4 1701/29/4
f 1697/29/258 1696/29/258 1660/29/258
f 1708/29/5 1696/29/5 1698/29/5
f 1699/29/4 1729/29/4 1701/29/4
f 1700/29/5 1695/29/5 1687/29/5
f 1706/29/5 1704/29/5 1708/29/5
f 1656/29/259 1709/29/259 1704/29/259
f 1711/29/5 1679/29/5 1713/29/5
f 1712/29/4 1763/29/4 1715/29/4
f 1722/29/5 1681/29/5 1724/29/5
f 1766/29/15 1722/29/15 1725/29/15
f 1757/29/4 1727/29/4 1723/29/4
f 1726/29/5 1677/29/5 1711/29/5
f 1728/29/4 1732/29/4 1729/29/4
f 1700/29/5 1731/29/5 1730/29/5
f 1730/29/16 1781/29/16 1728/29/16
f 1769/29/4 1734/29/4 1732/29/4
f 1733/29/5 1691/29/5 1651/29/5
f 1776/29/4 1747/29/4 1744/29/4
f 1698/29/5 1700/29/5 1745/29/5
f 1740/29/4 1751/29/4 1784/29/4
f 1742/29/5 1752/29/5 1703/29/5
f 1760/29/5 1758/29/5 1726/29/5
f 1760/29/17 1757/29/17 1759/29/17
f 1759/29/4 1756/29/4 1807/29/4
f 1794/29/18 1762/29/18 1750/29/18
f 1748/29/4 1759/29/4 1794/29/4
f 1713/29/5 1750/29/5 1760/29/5
f 1815/29/4 1769/29/4 1767/29/4
f 1772/29/5 1733/29/5 1771/29/5
f 1776/29/4 1789/29/4 1826/29/4
f 1779/29/5 1745/29/5 1778/29/5
f 1730/29/5 1780/29/5 1778/29/5
f 1781/29/4 1811/29/4 1767/29/4
f 1786/29/19 1791/29/19 1788/29/19
f 1789/29/4 1743/29/4 1786/29/4
f 1762/29/5 1795/29/5 1793/29/5
f 1844/29/4 1797/29/4 1794/29/4
f 1802/29/5 1764/29/5 1804/29/5
f 1847/29/20 1802/29/20 1805/29/20
f 1806/29/21 1792/29/21 1839/29/21
f 1804/29/5 1793/29/5 1806/29/5
f 1803/29/4 1792/29/4 1807/29/4
f 1809/29/5 1780/29/5 1810/29/5
f 1811/29/4 1808/29/4 1813/29/4
f 1810/29/22 1862/29/22 1808/29/22
f 1851/29/4 1815/29/4 1813/29/4
f 1772/29/5 1736/29/5 1814/29/5
f 1829/29/4 1830/29/4 1827/29/4
f 1880/29/5 1798/29/5 1833/29/5
f 1839/29/4 1837/29/4 1888/29/4
f 1841/29/5 1842/29/5 1806/29/5
f 1827/29/4 1840/29/4 1873/29/4
f 1827/29/23 1843/29/23 1828/29/23
f 1828/29/5 1841/29/5 1795/29/5
f 1845/29/5 1936/29/5 1838/29/5
f 1837/29/4 1847/29/4 1846/29/4
f 1851/29/4 1848/29/4 1850/29/4
f 1609/29/24 1851/29/24 1852/29/24
f 1870/29/5 1824/29/5 1861/29/5
f 1859/29/4 1868/29/4 1858/29/4
f 1848/29/4 1859/29/4 1890/29/4
f 1861/29/25 1859/29/25 1862/29/25
f 1810/29/5 1849/29/5 1861/29/5
f 1879/29/5 1832/29/5 1866/29/5
f 1865/29/4 1878/29/4 1864/29/4
f 1871/29/4 1876/29/4 1873/29/4
f 1843/29/5 1874/29/5 1872/29/5
f 1876/29/26 1875/29/26 1843/29/26
f 1875/29/5 1879/29/5 1877/29/5
f 1878/29/4 1829/29/4 1876/29/4
f 1920/29/4 1888/29/4 1884/29/4
f 1887/29/5 1842/29/5 1872/29/5
f 1860/29/5 1889/29/5 1907/29/5
f 1890/29/4 1943/29/4 1892/29/4
f 1891/29/5 1895/29/5 1893/29/5
f 1894/29/4 1850/29/4 1892/29/4
f 1898/29/4 1896/29/4 2012/29/4
f 1897/29/5 1612/29/5 1900/29/5
f 2012/29/27 1901/29/27 1612/29/27
f 1909/29/4 1914/29/4 1911/29/4
f 1912/29/5 1913/29/5 1910/29/5
f 1912/29/5 1917/29/5 1915/29/5
f 1914/29/4 1916/29/4 1864/29/4
f 1887/29/28 1920/29/28 1922/29/28
f 1922/29/4 1919/29/4 1968/29/4
f 1924/29/5 1887/29/5 1923/29/5
f 1955/29/4 1926/29/4 1922/29/4
f 1926/29/29 1874/29/29 1923/29/29
f 1927/29/5 2013/29/5 1921/29/5
f 1928/29/30 1886/29/30 2013/29/30
f 1919/29/4 1929/29/4 1928/29/4
f 1930/29/31 1931/29/31 1934/29/31
f 1933/29/32 1932/29/32 1611/29/32
f 1936/29/5 1935/29/5 1641/29/5
f 1937/29/4 1640/29/4 1846/29/4
f 1941/29/5 1953/29/5 1905/29/5
f 1941/29/24 1938/29/24 1939/29/24
f 1949/29/5 1946/29/5 1915/29/5
f 1948/29/4 1944/29/4 1947/29/4
f 1967/29/260 1954/29/260 1997/29/260
f 1954/29/4 1968/29/4 1966/29/4
f 1924/29/5 1956/29/5 1967/29/5
f 1970/29/4 1983/29/4 1969/29/4
f 1972/29/5 1942/29/5 1974/29/5
f 1969/29/34 1972/29/34 1618/29/34
f 1976/29/4 1977/29/4 1969/29/4
f 1617/29/5 1618/29/5 1615/29/5
f 1940/29/5 1620/29/5 1982/29/5
f 1984/29/4 1981/29/4 1983/29/4
f 1987/29/4 1988/29/4 1986/29/4
f 1987/29/35 2005/29/35 1990/29/35
f 1621/29/4 1947/29/4 1989/29/4
f 1622/29/5 1992/29/5 1994/29/5
f 1996/29/36 1998/29/36 1995/29/36
f 1996/29/5 2002/29/5 1999/29/5
f 2004/29/5 1629/29/5 2002/29/5
f 2003/29/4 2001/29/4 1986/29/4
f 2006/29/4 2008/29/4 1592/29/4
f 1996/29/261 1995/29/261 2006/29/261
f 2011/29/5 2009/29/5 1900/29/5
f 1900/29/251 2010/29/251 1899/29/251
f 2014/29/4 1635/29/4 1928/29/4
f 1638/29/5 2015/29/5 1637/29/5
f 1637/29/39 1635/29/39 1636/29/39
f 2032/29/4 1979/29/4 1623/29/4
f 2033/29/5 2035/29/5 2031/29/5
f 1628/29/5 2039/29/5 1999/29/5
f 2040/29/4 2038/29/4 2042/29/4
f 2038/29/4 1630/29/4 2042/29/4
f 2043/29/262 2006/29/262 2038/29/262
f 2056/29/5 2058/29/5 2055/29/5
f 2054/29/4 2057/29/4 2098/29/4
f 2067/29/4 2063/29/4 2080/29/4
f 2052/29/5 2064/29/5 2051/29/5
f 2073/29/263 2075/29/263 2017/29/263
f 2076/29/5 2077/29/5 2073/29/5
f 2078/29/4 2083/29/4 2080/29/4
f 2081/29/42 1680/29/42 2078/29/42
f 2083/29/4 1664/29/4 2053/29/4
f 2088/29/5 2090/29/5 2087/29/5
f 2094/29/43 2093/29/43 2075/29/43
f 2096/29/4 2075/29/4 1601/29/4
f 2058/29/5 2059/29/5 2097/29/5
f 2029/29/4 2099/29/4 2098/29/4
f 2061/29/5 2101/29/5 2100/29/5
f 2060/29/4 2046/29/4 2102/29/4
f 2071/29/5 2072/29/5 2024/29/5
f 2070/29/4 2074/29/4 2103/29/4
f 2024/29/44 2023/29/44 2070/29/44
f 2074/29/264 2104/29/264 2072/29/264
f 1652/29/46 1603/29/46 1604/29/46 1605/29/46
f 1605/29/4 1650/29/4 1653/29/4
f 2020/29/47 1694/29/47 1693/29/47 1649/29/47
f 1603/29/5 1652/29/5 1651/29/5
f 1587/29/5 1648/29/5 1694/29/5 2020/29/5
f 1586/29/48 1688/29/48 1648/29/48 1587/29/48
f 1649/29/4 1693/29/4 1688/29/4 1586/29/4
f 1646/29/49 1722/29/49 1720/29/49 1856/29/49
f 1644/29/50 1647/29/50 1773/29/50 1645/29/50
f 1773/29/5 1722/29/5 1646/29/5
f 1642/29/49 1802/29/49 1800/29/49 1937/29/49
f 1647/29/4 1644/29/4 1856/29/4
f 1640/29/51 1643/29/51 1854/29/51 1641/29/51
f 1854/29/5 1802/29/5 1642/29/5
f 1638/29/52 1883/29/52 1881/29/52 2014/29/52
f 1643/29/4 1640/29/4 1937/29/4
f 1636/29/53 1639/29/53 1935/29/53 1637/29/53
f 1883/29/5 1638/29/5 1935/29/5
f 1962/29/5 1595/29/5 1596/29/5 2015/29/5
f 1639/29/4 1636/29/4 2014/29/4
f 1634/29/54 1635/29/54 2015/29/54
f 1961/29/55 1594/29/55 1595/29/55 1962/29/55
f 1632/29/56 1585/29/56 1633/29/56 1593/29/56
f 1594/29/4 1961/29/4 1634/29/4
f 1631/29/5 1584/29/5 1585/29/5 1632/29/5
f 1630/29/57 1583/29/57 1584/29/57 1631/29/57
f 1593/29/4 1633/29/4 1583/29/4 1630/29/4
f 1627/29/58 1629/29/58 2001/29/58 2037/29/58
f 1627/29/5 1626/29/5 1628/29/5 1629/29/5
f 1625/29/59 2040/29/59 1628/29/59 1626/29/59
f 2037/29/4 2001/29/4 2040/29/4 1625/29/4
f 1624/29/59 2033/29/59 1623/29/59 2036/29/59
f 1621/29/60 2034/29/60 2035/29/60 1622/29/60
f 1622/29/5 2033/29/5 1624/29/5
f 1618/29/5 1617/29/5 1619/29/5 1620/29/5
f 2034/29/4 1621/29/4 1623/29/4
f 1981/29/61 1976/29/61 1620/29/61
f 1616/29/62 2032/29/62 1619/29/62 1617/29/62
f 1615/29/63 2011/29/63 1613/29/63 1977/29/63
f 2032/29/4 1616/29/4 1976/29/4
f 1614/29/5 2009/29/5 2011/29/5 1615/29/5
f 1973/29/64 2010/29/64 2009/29/64 1614/29/64
f 1973/29/4 1977/29/4 1613/29/4 2010/29/4
f 1612/29/65 1820/29/65 1610/29/65 1898/29/65
f 1611/29/246 1818/29/246 1819/29/246 1933/29/246
f 1933/29/5 1820/29/5 1612/29/5
f 1852/29/67 1737/29/67 1738/29/67 1609/29/67
f 1818/29/4 1611/29/4 1610/29/4
f 1816/29/68 1739/29/68 1608/29/68 1817/29/68
f 1737/29/4 1852/29/4 1817/29/4
f 1770/29/69 1653/29/69 1654/29/69 1771/29/69
f 1738/29/5 1739/29/5 1816/29/5
f 1606/29/68 1652/29/68 1605/29/68 1607/29/68
f 1653/29/4 1770/29/4 1607/29/4
f 1689/29/69 1589/29/69 1590/29/69 1690/29/69
f 1654/29/5 1652/29/5 1606/29/5
f 1603/29/68 1591/29/68 1602/29/68 1604/29/68
f 1589/29/4 1689/29/4 1604/29/4
f 1600/29/265 2095/29/265 1601/29/265 1588/29/265
f 1590/29/5 1591/29/5 1603/29/5
f 2019/29/5 2094/29/5 2095/29/5 1600/29/5
f 2018/29/72 2093/29/72 2094/29/72 2019/29/72
f 1588/29/4 1601/29/4 2093/29/4 2018/29/4
f 2030/29/73 1661/29/73 1597/29/73 2028/29/73
f 1599/29/4 1598/29/4 1597/29/4
f 2030/29/5 2068/29/5 2021/29/5 1661/29/5
f 1596/29/74 1632/29/74 1593/29/74 1634/29/74
f 2021/29/75 2068/29/75 1598/29/75
f 1596/29/5 1595/29/5 2007/29/5 1632/29/5
f 1594/29/76 1592/29/76 2007/29/76 1595/29/76
f 1634/29/4 1593/29/4 1592/29/4 1594/29/4
f 1591/29/77 1600/29/77 1588/29/77 1602/29/77
f 1590/29/5 1587/29/5 1600/29/5 1591/29/5
f 1589/29/78 1586/29/78 1587/29/78 1590/29/78
f 1589/29/4 1602/29/4 1588/29/4 1586/29/4
f 1862/29/4 1848/29/4 1851/29/4 1813/29/4
f 1958/29/4 2003/29/4 1986/29/4 1988/29/4
f 2021/29/5 2022/29/5 1662/29/5 1661/29/5
f 1904/29/4 1903/29/4 1951/29/4 1938/29/4
f 1599/29/4 1597/29/4 1658/29/4 1692/29/4
f 1939/29/4 1984/29/4 1983/29/4 1970/29/4
f 1810/29/5 1812/29/5 1814/29/5 1849/29/5
f 1941/29/5 1942/29/5 1985/29/5 1940/29/5
f 1633/29/79 1585/29/79 1584/29/79 1583/29/79
f 1906/29/5 1905/29/5 1953/29/5 1952/29/5
f 1957/29/5 1959/29/5 2005/29/5 2004/29/5
f 1944/29/4 1945/29/4 1914/29/4 1960/29/4
f 1948/29/4 1947/29/4 1993/29/4 1978/29/4
f 1788/29/5 1787/29/5 1835/29/5 1836/29/5
f 1946/29/5 1913/29/5 1912/29/5 1915/29/5
f 1949/29/5 1950/29/5 1994/29/5 1992/29/5
f 1710/29/4 1712/29/4 1678/29/4 1727/29/4
f 1795/29/5 1796/29/5 1798/29/5 1828/29/5
f 1713/29/5 1714/29/5 1716/29/5 1750/29/5
f 1954/29/4 1955/29/4 1922/29/4 1968/29/4
f 2069/29/5 2068/29/5 2030/29/5 2097/29/5
f 1786/29/4 1785/29/4 1834/29/4 1821/29/4
f 1755/29/4 1740/29/4 1741/29/4 1705/29/4
f 1827/29/4 1830/29/4 1797/29/4 1844/29/4
f 1703/29/5 1704/29/5 1706/29/5 1742/29/5
f 1763/29/4 1748/29/4 1749/29/4 1715/29/4
f 1725/29/5 1724/29/5 1726/29/5 1758/29/5
f 1889/29/5 1891/29/5 1893/29/5 1931/29/5
f 1929/29/4 1919/29/4 1920/29/4 1884/29/4
f 1667/29/4 1666/29/4 1717/29/4 1702/29/4
f 1956/29/5 1924/29/5 1923/29/5 1925/29/5
f 1670/29/5 1668/29/5 1718/29/5 1719/29/5
f 1665/29/5 2081/29/5 2082/29/5 2087/29/5
f 1805/29/5 1804/29/5 1806/29/5 1838/29/5
f 1663/29/4 1664/29/4 2083/29/4 1680/29/4
f 2078/29/4 2080/29/4 2063/29/4 2092/29/4
f 2047/29/5 2048/29/5 2091/29/5 1674/29/5
f 1747/29/4 1728/29/4 1729/29/4 1699/29/4
f 1695/29/5 1694/29/5 1648/29/5 1687/29/5
f 1866/29/5 1867/29/5 1917/29/5 1918/29/5
f 1910/29/5 1874/29/5 1875/29/5 1877/29/5
f 1909/29/4 1911/29/4 1876/29/4 1926/29/4
f 1886/29/5 1885/29/5 1887/29/5 1921/29/5
f 1587/29/5 2020/29/5 2019/29/5 1600/29/5
f 1779/29/5 1778/29/5 1780/29/5 1809/29/5
f 1826/29/4 1808/29/4 1811/29/4 1777/29/4
f 1711/29/5 1677/29/5 1675/29/5 1679/29/5
f 2026/29/5 2027/29/5 1672/29/5 1671/29/5
f 2079/29/5 2065/29/5 2064/29/5 2066/29/5
f 1861/29/5 1860/29/5 1907/29/5 1908/29/5
f 1865/29/4 1864/29/4 1916/29/4 1902/29/4
f 2086/29/4 2085/29/4 1669/29/4 1655/29/4
f 2054/29/4 2053/29/4 2089/29/4 2084/29/4
f 1831/29/4 1829/29/4 1878/29/4 1863/29/4
f 1833/29/5 1832/29/5 1879/29/5 1880/29/5
f 2056/29/5 2055/29/5 2090/29/5 2088/29/5
f 1766/29/4 1756/29/4 1757/29/4 1723/29/4
f 1657/29/4 1656/29/4 1707/29/4 1697/29/4
f 1943/29/4 1930/29/4 1932/29/4 1892/29/4
f 2099/29/4 2029/29/4 2028/29/4 1598/29/4
f 1847/29/4 1837/29/4 1839/29/4 1803/29/4
f 1823/29/4 1822/29/4 1868/29/4 1857/29/4
f 1683/29/4 1673/29/4 1676/29/4 2049/29/4
f 1686/29/4 1688/29/4 1693/29/4 1701/29/4
f 1659/29/5 1660/29/5 1708/29/5 1709/29/5
f 1825/29/5 1824/29/5 1870/29/5 1869/29/5
f 1996/29/5 1964/29/5 1965/29/5 1967/29/5
f 1586/29/4 1588/29/4 2018/29/4 1649/29/4
f 1995/29/4 1997/29/4 1966/29/4 2008/29/4
f 1871/29/4 1873/29/4 1840/29/4 1888/29/4
f 2104/29/5 2073/29/5 2025/29/5 2024/29/5
f 1872/29/5 1842/29/5 1841/29/5 1843/29/5
f 2074/29/4 2023/29/4 2016/29/4 2017/29/4
f 2006/29/4 1592/29/4 1593/29/4 1630/29/4
f 1980/29/4 1979/29/4 2032/29/4 1981/29/4
f 1982/29/5 1620/29/5 1619/29/5 2031/29/5
f 1635/29/4 1961/29/4 1963/29/4 1928/29/4
f 1989/29/4 1987/29/4 2036/29/4 1621/29/4
f 1991/29/5 1622/29/5 1624/29/5 1990/29/5
f 1971/29/4 1969/29/4 1977/29/4 1973/29/4
f 1974/29/5 1614/29/5 1615/29/5 1972/29/5
f 2000/29/4 1998/29/4 2040/29/4 2001/29/4
f 1606/29/5 1736/29/5 1772/29/5 1771/29/5
f 1815/29/4 1735/29/4 1607/29/4 1770/29/4
f 1603/29/5 1651/29/5 1691/29/5 1690/29/5
f 1734/29/4 1650/29/4 1604/29/4 1689/29/4
f 1894/29/4 1817/29/4 1852/29/4 1850/29/4
f 2002/29/5 1629/29/5 1628/29/5 1999/29/5
f 1773/29/5 1774/29/5 1681/29/5 1722/29/5
f 1935/29/5 1936/29/5 1845/29/5 1883/29/5
f 1609/29/5 1816/29/5 1895/29/5 1853/29/5
f 1655/29/4 1669/29/4 1656/29/4 1657/29/4
f 1854/29/5 1855/29/5 1764/29/5
f 1655/29/266 1657/29/266 1659/29/266 2027/29/266
f 2027/29/5 1659/29/5 1709/29/5 1672/29/5
f 1672/29/81 1709/29/81 1656/29/81 1669/29/81
f 1657/29/82 1597/29/82 1661/29/82 1659/29/82
f 1658/29/83 1697/29/83 1660/29/83
f 1597/29/4 1657/29/4 1658/29/4
f 1663/29/4 1666/29/4 1667/29/4 1664/29/4
f 1661/29/5 1662/29/5 1660/29/5
f 1664/29/84 1667/29/84 1670/29/84 2087/29/84
f 1665/29/5 2087/29/5 1670/29/5 1719/29/5
f 1665/29/85 1719/29/85 1666/29/85 1663/29/85
f 1668/29/86 1672/29/86 1669/29/86 1702/29/86
f 1670/29/5 1672/29/5 1668/29/5
f 1667/29/87 2085/29/87 1671/29/87 1670/29/87
f 2085/29/4 1667/29/4 1669/29/4
f 1727/29/88 1673/29/88 1674/29/88 1677/29/88
f 2091/29/5 1675/29/5 1674/29/5
f 1676/29/89 1678/29/89 1675/29/89
f 1673/29/4 1727/29/4 1678/29/4
f 1679/29/90 1665/29/90 1663/29/90 1712/29/90
f 1665/29/5 1679/29/5 1675/29/5
f 1678/29/91 1680/29/91 2081/29/91 1675/29/91
f 1663/29/4 1680/29/4 1678/29/4
f 1683/29/4 1682/29/4 1721/29/4 1673/29/4
f 1673/29/92 1721/29/92 1681/29/92 1674/29/92
f 2047/29/5 1674/29/5 1681/29/5 1774/29/5
f 2047/29/93 1774/29/93 1682/29/93 1683/29/93
f 1687/29/94 1691/29/94 1734/29/94 1686/29/94
f 2044/29/4 2060/29/4 1684/29/4
f 2045/29/5 1685/29/5 2100/29/5
f 2044/29/95 1775/29/95 1685/29/95
f 1691/29/5 1687/29/5 1648/29/5
f 1688/29/252 1689/29/252 1690/29/252 1648/29/252
f 1689/29/4 1688/29/4 1734/29/4
f 1692/29/96 1693/29/96 1694/29/96 2022/29/96
f 1693/29/4 1692/29/4 1658/29/4
f 1662/29/97 1695/29/97 1701/29/97 1658/29/97
f 1694/29/5 1695/29/5 1662/29/5
f 1699/29/4 1697/29/4 1707/29/4 1747/29/4
f 1708/29/5 1660/29/5 1696/29/5
f 1747/29/98 1707/29/98 1708/29/98 1698/29/98
f 1695/29/253 1696/29/253 1699/29/253 1701/29/253
f 1697/29/100 1699/29/100 1696/29/100
f 1696/29/5 1695/29/5 1700/29/5
f 1686/29/101 1729/29/101 1700/29/101 1687/29/101
f 1729/29/4 1686/29/4 1701/29/4
f 1705/29/4 1702/29/4 1717/29/4 1755/29/4
f 1755/29/102 1717/29/102 1718/29/102 1703/29/102
f 1704/29/5 1703/29/5 1718/29/5 1668/29/5
f 1704/29/103 1668/29/103 1702/29/103 1705/29/103
f 1656/29/4 1705/29/4 1741/29/4 1707/29/4
f 1707/29/104 1741/29/104 1706/29/104 1708/29/104
f 1763/29/105 1710/29/105 1711/29/105 1713/29/105
f 1705/29/106 1656/29/106 1704/29/106
f 1708/29/5 1704/29/5 1709/29/5
f 1710/29/4 1763/29/4 1712/29/4
f 1714/29/107 1679/29/107 1712/29/107 1715/29/107
f 1679/29/5 1714/29/5 1713/29/5
f 1666/29/4 1715/29/4 1749/29/4 1717/29/4
f 1717/29/104 1749/29/104 1716/29/104 1718/29/104
f 1719/29/5 1718/29/5 1716/29/5 1714/29/5
f 1719/29/108 1714/29/108 1715/29/108 1666/29/108
f 1721/29/4 1720/29/4 1766/29/4 1723/29/4
f 1721/29/109 1723/29/109 1724/29/109 1681/29/109
f 1677/29/110 1724/29/110 1723/29/110 1727/29/110
f 1766/29/111 1720/29/111 1722/29/111
f 1725/29/5 1722/29/5 1724/29/5
f 1724/29/5 1677/29/5 1726/29/5
f 1710/29/112 1757/29/112 1726/29/112 1711/29/112
f 1757/29/4 1710/29/4 1727/29/4
f 1731/29/113 1700/29/113 1729/29/113 1732/29/113
f 1700/29/114 1730/29/114 1728/29/114
f 1691/29/47 1731/29/47 1732/29/47 1734/29/47
f 1728/29/4 1781/29/4 1732/29/4
f 1733/29/5 1731/29/5 1691/29/5
f 1650/29/104 1769/29/104 1733/29/104 1651/29/104
f 1769/29/4 1650/29/4 1734/29/4
f 1608/29/4 1607/29/4 1735/29/4 1737/29/4
f 1737/29/247 1735/29/247 1736/29/247 1738/29/247
f 1739/29/5 1738/29/5 1736/29/5 1606/29/5
f 1739/29/46 1606/29/46 1607/29/46 1608/29/46
f 1741/29/4 1740/29/4 1743/29/4 1744/29/4
f 1741/29/116 1744/29/116 1746/29/116 1706/29/116
f 1706/29/5 1746/29/5 1791/29/5 1742/29/5
f 1742/29/117 1791/29/117 1743/29/117 1740/29/117
f 1698/29/118 1746/29/118 1744/29/118 1747/29/118
f 1746/29/5 1698/29/5 1745/29/5
f 1728/29/119 1776/29/119 1745/29/119 1700/29/119
f 1747/29/4 1776/29/4 1728/29/4
f 1749/29/4 1748/29/4 1799/29/4 1751/29/4
f 1749/29/84 1751/29/84 1752/29/84 1716/29/84
f 1716/29/5 1752/29/5 1753/29/5 1750/29/5
f 1750/29/120 1753/29/120 1799/29/120 1748/29/120
f 1754/29/104 1742/29/104 1740/29/104 1784/29/104
f 1742/29/5 1754/29/5 1752/29/5
f 1751/29/87 1755/29/87 1703/29/87 1752/29/87
f 1755/29/4 1751/29/4 1740/29/4
f 1758/29/85 1761/29/85 1807/29/85 1756/29/85
f 1760/29/121 1726/29/121 1757/29/121
f 1759/29/4 1757/29/4 1756/29/4
f 1760/29/5 1761/29/5 1758/29/5
f 1759/29/122 1763/29/122 1713/29/122 1760/29/122
f 1750/29/5 1762/29/5 1760/29/5
f 1748/29/248 1794/29/248 1750/29/248
f 1763/29/4 1759/29/4 1748/29/4
f 1766/29/4 1765/29/4 1801/29/4 1756/29/4
f 1756/29/92 1801/29/92 1764/29/92 1758/29/92
f 1725/29/5 1758/29/5 1764/29/5 1855/29/5
f 1725/29/124 1855/29/124 1765/29/124 1766/29/124
f 1768/29/94 1772/29/94 1815/29/94 1767/29/94
f 1772/29/5 1768/29/5 1733/29/5
f 1769/29/125 1770/29/125 1771/29/125 1733/29/125
f 1815/29/4 1770/29/4 1769/29/4
f 1647/29/4 1682/29/4 1775/29/4 1684/29/4
f 1647/29/126 1684/29/126 2100/29/126 1773/29/126
f 1773/29/5 2100/29/5 1685/29/5 1774/29/5
f 1774/29/127 1685/29/127 1775/29/127 1682/29/127
f 1790/29/98 1779/29/98 1826/29/98 1789/29/98
f 1745/29/5 1779/29/5 1790/29/5
f 1776/29/128 1777/29/128 1778/29/128 1745/29/128
f 1777/29/4 1776/29/4 1826/29/4
f 1777/29/129 1781/29/129 1730/29/129 1778/29/129
f 1781/29/4 1777/29/4 1811/29/4
f 1780/29/130 1768/29/130 1767/29/130 1811/29/130
f 1730/29/5 1768/29/5 1780/29/5
f 1785/29/4 1786/29/4 1784/29/4 1782/29/4
f 1785/29/98 1782/29/98 1783/29/98 1836/29/98
f 1836/29/5 1783/29/5 1754/29/5 1788/29/5
f 1788/29/131 1754/29/131 1784/29/131 1786/29/131
f 1789/29/267 1821/29/267 1787/29/267 1790/29/267
f 1821/29/4 1789/29/4 1786/29/4
f 1791/29/5 1790/29/5 1787/29/5 1788/29/5
f 1844/29/133 1792/29/133 1793/29/133 1795/29/133
f 1786/29/134 1743/29/134 1791/29/134
f 1792/29/4 1844/29/4 1794/29/4
f 1796/29/135 1762/29/135 1794/29/135 1797/29/135
f 1795/29/5 1762/29/5 1796/29/5
f 1799/29/4 1797/29/4 1830/29/4 1782/29/4
f 1782/29/104 1830/29/104 1798/29/104 1783/29/104
f 1753/29/5 1783/29/5 1798/29/5 1796/29/5
f 1753/29/108 1796/29/108 1797/29/108 1799/29/108
f 1801/29/4 1800/29/4 1847/29/4 1803/29/4
f 1801/29/136 1803/29/136 1804/29/136 1764/29/136
f 1761/29/108 1804/29/108 1803/29/108 1807/29/108
f 1847/29/137 1800/29/137 1802/29/137
f 1805/29/5 1802/29/5 1804/29/5
f 1803/29/4 1839/29/4 1792/29/4
f 1806/29/138 1793/29/138 1792/29/138
f 1804/29/5 1761/29/5 1793/29/5
f 1812/29/139 1780/29/139 1811/29/139 1813/29/139
f 1809/29/140 1810/29/140 1808/29/140
f 1780/29/5 1812/29/5 1810/29/5
f 1772/29/141 1812/29/141 1813/29/141 1815/29/141
f 1808/29/4 1862/29/4 1813/29/4
f 1814/29/5 1812/29/5 1772/29/5
f 1735/29/142 1851/29/142 1814/29/142 1736/29/142
f 1815/29/4 1851/29/4 1735/29/4
f 1610/29/4 1817/29/4 1894/29/4 1818/29/4
f 1818/29/78 1894/29/78 1895/29/78 1819/29/78
f 1819/29/5 1895/29/5 1816/29/5 1820/29/5
f 1820/29/46 1816/29/46 1817/29/46 1610/29/46
f 1823/29/4 1821/29/4 1834/29/4 1822/29/4
f 1822/29/143 1834/29/143 1835/29/143 1869/29/143
f 1825/29/5 1869/29/5 1835/29/5 1787/29/5
f 1825/29/144 1787/29/144 1821/29/144 1823/29/144
f 1808/29/4 1826/29/4 1823/29/4 1857/29/4
f 1808/29/145 1857/29/145 1824/29/145 1809/29/145
f 1809/29/5 1824/29/5 1825/29/5 1779/29/5
f 1779/29/108 1825/29/108 1823/29/108 1826/29/108
f 1828/29/146 1880/29/146 1829/29/146 1827/29/146
f 1880/29/5 1828/29/5 1798/29/5
f 1830/29/116 1831/29/116 1833/29/116 1798/29/116
f 1831/29/4 1830/29/4 1829/29/4
f 1834/29/4 1785/29/4 1831/29/4 1863/29/4
f 1834/29/147 1863/29/147 1832/29/147 1835/29/147
f 1835/29/5 1832/29/5 1833/29/5 1836/29/5
f 1836/29/118 1833/29/118 1831/29/118 1785/29/118
f 1838/29/85 1842/29/85 1888/29/85 1837/29/85
f 1842/29/5 1838/29/5 1806/29/5
f 1839/29/148 1840/29/148 1841/29/148 1806/29/148
f 1840/29/4 1839/29/4 1888/29/4
f 1840/29/149 1844/29/149 1795/29/149 1841/29/149
f 1827/29/150 1873/29/150 1843/29/150
f 1841/29/5 1828/29/5 1843/29/5
f 1827/29/4 1844/29/4 1840/29/4
f 1837/29/92 1882/29/92 1845/29/92 1838/29/92
f 1882/29/4 1837/29/4 1846/29/4
f 1805/29/268 1936/29/268 1846/29/268 1847/29/268
f 1838/29/5 1936/29/5 1805/29/5
f 1814/29/5 1609/29/5 1853/29/5 1849/29/5
f 1609/29/152 1814/29/152 1851/29/152
f 1849/29/153 1853/29/153 1850/29/153 1848/29/153
f 1643/29/4 1765/29/4 1856/29/4 1644/29/4
f 1852/29/4 1851/29/4 1850/29/4
f 1643/29/154 1644/29/154 1645/29/154 1854/29/154
f 1854/29/5 1645/29/5 1646/29/5 1855/29/5
f 1855/29/269 1646/29/269 1856/29/269 1765/29/269
f 1857/29/156 1859/29/156 1861/29/156 1824/29/156
f 1859/29/4 1857/29/4 1868/29/4
f 1870/29/98 1908/29/98 1858/29/98 1868/29/98
f 1908/29/5 1870/29/5 1861/29/5
f 1860/29/157 1849/29/157 1848/29/157 1890/29/157
f 1849/29/5 1860/29/5 1861/29/5
f 1863/29/158 1865/29/158 1866/29/158 1832/29/158
f 1848/29/4 1862/29/4 1859/29/4
f 1810/29/159 1861/29/159 1862/29/159
f 1878/29/4 1865/29/4 1863/29/4
f 1879/29/102 1918/29/102 1864/29/102 1878/29/102
f 1866/29/5 1918/29/5 1879/29/5
f 1902/29/4 1868/29/4 1822/29/4 1865/29/4
f 1865/29/160 1822/29/160 1869/29/160 1866/29/160
f 1867/29/5 1866/29/5 1869/29/5 1870/29/5
f 1867/29/132 1870/29/132 1868/29/132 1902/29/132
f 1926/29/161 1871/29/161 1872/29/161 1874/29/161
f 1873/29/162 1876/29/162 1843/29/162
f 1871/29/4 1926/29/4 1876/29/4
f 1878/29/163 1911/29/163 1877/29/163 1879/29/163
f 1843/29/5 1875/29/5 1874/29/5
f 1876/29/4 1911/29/4 1878/29/4
f 1880/29/164 1875/29/164 1876/29/164 1829/29/164
f 1879/29/5 1875/29/5 1880/29/5
f 1882/29/4 1881/29/4 1929/29/4 1884/29/4
f 1882/29/136 1884/29/136 1885/29/136 1845/29/136
f 1845/29/5 1885/29/5 1886/29/5 1883/29/5
f 1883/29/165 1886/29/165 1929/29/165 1881/29/165
f 1842/29/108 1885/29/108 1884/29/108 1888/29/108
f 1885/29/5 1842/29/5 1887/29/5
f 1871/29/166 1920/29/166 1887/29/166 1872/29/166
f 1920/29/4 1871/29/4 1888/29/4
f 1943/29/167 1890/29/167 1907/29/167 1889/29/167
f 1653/29/168 1650/29/168 1651/29/168 1654/29/168
f 1891/29/169 1860/29/169 1890/29/169 1892/29/169
f 1860/29/5 1891/29/5 1889/29/5
f 1894/29/170 1932/29/170 1893/29/170 1895/29/170
f 1892/29/4 1932/29/4 1894/29/4
f 1853/29/118 1891/29/118 1892/29/118 1850/29/118
f 1891/29/5 1853/29/5 1895/29/5
f 1899/29/171 1896/29/171 1897/29/171 1900/29/171
f 1898/29/172 2012/29/172 1612/29/172
f 1896/29/4 1899/29/4 2012/29/4
f 1904/29/4 1902/29/4 1916/29/4 1903/29/4
f 1900/29/5 1612/29/5 1901/29/5
f 1903/29/173 1916/29/173 1917/29/173 1952/29/173
f 1906/29/5 1952/29/5 1917/29/5 1867/29/5
f 1906/29/144 1867/29/144 1902/29/144 1904/29/144
f 1890/29/4 1858/29/4 1904/29/4 1938/29/4
f 1890/29/174 1938/29/174 1905/29/174 1907/29/174
f 1907/29/5 1905/29/5 1906/29/5 1908/29/5
f 1908/29/108 1906/29/108 1904/29/108 1858/29/108
f 1912/29/175 1877/29/175 1911/29/175 1914/29/175
f 1910/29/5 1877/29/5 1912/29/5
f 1960/29/98 1909/29/98 1910/29/98 1913/29/98
f 1914/29/4 1909/29/4 1960/29/4
f 1916/29/176 1945/29/176 1915/29/176 1917/29/176
f 1914/29/4 1945/29/4 1916/29/4
f 1918/29/177 1912/29/177 1914/29/177 1864/29/177
f 1912/29/5 1918/29/5 1917/29/5
f 1921/29/178 1924/29/178 1968/29/178 1919/29/178
f 1922/29/4 1920/29/4 1919/29/4
f 1887/29/5 1924/29/5 1921/29/5
f 1909/29/132 1955/29/132 1925/29/132 1910/29/132
f 1923/29/179 1887/29/179 1922/29/179
f 1922/29/180 1926/29/180 1923/29/180
f 1955/29/4 1909/29/4 1926/29/4
f 1874/29/5 1910/29/5 1925/29/5 1923/29/5
f 1919/29/181 1963/29/181 1927/29/181 1921/29/181
f 1963/29/4 1919/29/4 1928/29/4
f 1893/29/5 1933/29/5 1934/29/5 1931/29/5
f 1921/29/5 2013/29/5 1886/29/5
f 1928/29/182 1929/29/182 1886/29/182
f 1933/29/183 1893/29/183 1932/29/183
f 1930/29/4 1975/29/4 1611/29/4 1932/29/4
f 1639/29/184 1640/29/184 1641/29/184 1935/29/184
f 1975/29/185 1930/29/185 1934/29/185
f 1846/29/4 1640/29/4 1639/29/4
f 1936/29/256 1642/29/256 1937/29/256 1846/29/256
f 1642/29/5 1936/29/5 1641/29/5
f 1951/29/4 1984/29/4 1939/29/4 1938/29/4
f 1941/29/152 1905/29/152 1938/29/152
f 1953/29/270 1940/29/270 1984/29/270 1951/29/270
f 1940/29/5 1953/29/5 1941/29/5
f 1939/29/4 1970/29/4 1930/29/4 1943/29/4
f 1939/29/188 1943/29/188 1889/29/188 1941/29/188
f 1941/29/5 1889/29/5 1931/29/5 1942/29/5
f 1942/29/189 1931/29/189 1930/29/189 1970/29/189
f 1945/29/190 1948/29/190 1949/29/190 1915/29/190
f 1948/29/4 1945/29/4 1944/29/4
f 1946/29/270 1992/29/270 1947/29/270 1944/29/270
f 1949/29/5 1992/29/5 1946/29/5
f 1978/29/4 1951/29/4 1903/29/4 1948/29/4
f 1948/29/118 1903/29/118 1952/29/118 1949/29/118
f 1950/29/5 1949/29/5 1952/29/5 1953/29/5
f 1950/29/104 1953/29/104 1951/29/104 1978/29/104
f 1954/29/4 2003/29/4 1958/29/4 1955/29/4
f 1955/29/144 1958/29/144 1957/29/144 1925/29/144
f 1956/29/5 1925/29/5 1957/29/5 2004/29/5
f 1956/29/191 2004/29/191 2003/29/191 1954/29/191
f 1958/29/4 1988/29/4 1944/29/4 1960/29/4
f 1958/29/108 1960/29/108 1913/29/108 1957/29/108
f 1957/29/5 1913/29/5 1946/29/5 1959/29/5
f 1959/29/104 1946/29/104 1944/29/104 1988/29/104
f 2008/29/4 1966/29/4 1963/29/4 1961/29/4
f 2008/29/73 1961/29/73 1962/29/73 1964/29/73
f 1964/29/5 1962/29/5 1927/29/5 1965/29/5
f 1965/29/192 1927/29/192 1963/29/192 1966/29/192
f 1924/29/93 1965/29/93 1966/29/93 1968/29/93
f 1966/29/4 1997/29/4 1954/29/4
f 1967/29/5 1965/29/5 1924/29/5
f 1985/29/193 1972/29/193 1969/29/193 1983/29/193
f 1967/29/194 1956/29/194 1954/29/194
f 1942/29/5 1972/29/5 1985/29/5
f 1970/29/139 1971/29/139 1974/29/139 1942/29/139
f 1969/29/4 1971/29/4 1970/29/4
f 1975/29/4 1971/29/4 1973/29/4 1896/29/4
f 1896/29/90 1973/29/90 1614/29/90 1897/29/90
f 1934/29/5 1897/29/5 1614/29/5 1974/29/5
f 1934/29/195 1974/29/195 1971/29/195 1975/29/195
f 1977/29/196 1616/29/196 1617/29/196 1615/29/196
f 1615/29/5 1618/29/5 1972/29/5
f 1976/29/197 1969/29/197 1618/29/197
f 1616/29/4 1977/29/4 1976/29/4
f 1980/29/4 1978/29/4 1993/29/4 1979/29/4
f 1979/29/198 1993/29/198 1994/29/198 2031/29/198
f 2031/29/5 1994/29/5 1950/29/5 1982/29/5
f 1982/29/199 1950/29/199 1978/29/199 1980/29/199
f 1980/29/200 1984/29/200 1940/29/200 1982/29/200
f 1984/29/4 1980/29/4 1981/29/4
f 1620/29/201 1985/29/201 1983/29/201 1981/29/201
f 1940/29/5 1985/29/5 1620/29/5
f 1988/29/199 1989/29/199 1991/29/199 1959/29/199
f 1987/29/202 1986/29/202 2005/29/202
f 1989/29/4 1988/29/4 1987/29/4
f 1959/29/5 1991/29/5 1990/29/5 2005/29/5
f 1992/29/200 1991/29/200 1989/29/200 1947/29/200
f 1622/29/5 1991/29/5 1992/29/5
f 1993/29/203 1621/29/203 1622/29/203 1994/29/203
f 1621/29/4 1993/29/4 1947/29/4
f 1998/29/4 2000/29/4 1997/29/4 1995/29/4
f 2002/29/271 1967/29/271 1997/29/271 2000/29/271
f 1967/29/5 2002/29/5 1996/29/5
f 2000/29/200 2003/29/200 2004/29/200 2002/29/200
f 1996/29/205 1999/29/205 1998/29/205
f 2003/29/4 2000/29/4 2001/29/4
f 1629/29/206 2005/29/206 1986/29/206 2001/29/206
f 2004/29/5 2005/29/5 1629/29/5
f 1996/29/5 2043/29/5 2007/29/5 1964/29/5
f 2043/29/207 1996/29/207 2006/29/207
f 1964/29/160 2007/29/160 1592/29/160 2008/29/160
f 1613/29/4 2012/29/4 1899/29/4 2010/29/4
f 2006/29/4 1995/29/4 2008/29/4
f 1900/29/208 2009/29/208 2010/29/208
f 2011/29/209 1901/29/209 2012/29/209 1613/29/209
f 1900/29/5 1901/29/5 2011/29/5
f 2013/29/210 1638/29/210 2014/29/210 1928/29/210
f 1638/29/5 2013/29/5 2015/29/5
f 2016/29/4 1649/29/4 2018/29/4 2017/29/4
f 1637/29/211 2015/29/211 1635/29/211
f 1636/29/4 1635/29/4 2014/29/4
f 2017/29/212 2018/29/212 2019/29/212 2073/29/212
f 2025/29/5 2073/29/5 2019/29/5 2020/29/5
f 2025/29/178 2020/29/178 1649/29/178 2016/29/178
f 1692/29/4 2016/29/4 2023/29/4 1599/29/4
f 1599/29/213 2023/29/213 2024/29/213 2021/29/213
f 2022/29/5 2021/29/5 2024/29/5 2025/29/5
f 2022/29/214 2025/29/214 2016/29/214 1692/29/214
f 1655/29/4 2028/29/4 2029/29/4 2086/29/4
f 2086/29/215 2029/29/215 2097/29/215 2026/29/215
f 2027/29/5 2026/29/5 2097/29/5 2030/29/5
f 2027/29/216 2030/29/216 2028/29/216 1655/29/216
f 2033/29/217 1619/29/217 2032/29/217 1623/29/217
f 1619/29/5 2033/29/5 2031/29/5
f 2034/29/218 1979/29/218 2031/29/218 2035/29/218
f 1623/29/4 1979/29/4 2034/29/4
f 2036/29/4 1987/29/4 2037/29/4 1625/29/4
f 2036/29/219 1625/29/219 1626/29/219 1624/29/219
f 1624/29/5 1626/29/5 1627/29/5 1990/29/5
f 1990/29/272 1627/29/272 2037/29/272 1987/29/272
f 2038/29/221 1998/29/221 1999/29/221 2039/29/221
f 2040/29/4 1998/29/4 2038/29/4
f 2041/29/219 1628/29/219 2040/29/219 2042/29/219
f 1628/29/5 2041/29/5 2039/29/5
f 1631/29/5 2043/29/5 2039/29/5 2041/29/5
f 2039/29/222 2043/29/222 2038/29/222
f 1631/29/59 2041/29/59 2042/29/59 1630/29/59
f 2049/29/4 2046/29/4 2044/29/4 1683/29/4
f 1630/29/4 2038/29/4 2006/29/4
f 1683/29/223 2044/29/223 2045/29/223 2047/29/223
f 2048/29/5 2047/29/5 2045/29/5 2101/29/5
f 2048/29/84 2101/29/84 2046/29/84 2049/29/84
f 2067/29/4 2053/29/4 2054/29/4 2050/29/4
f 2050/29/224 2054/29/224 2056/29/224 2051/29/224
f 2052/29/5 2051/29/5 2056/29/5 2088/29/5
f 2052/29/225 2088/29/225 2053/29/225 2067/29/225
f 2057/29/226 2084/29/226 2055/29/226 2058/29/226
f 2054/29/4 2084/29/4 2057/29/4
f 2059/29/227 2056/29/227 2054/29/227 2098/29/227
f 2056/29/5 2059/29/5 2058/29/5
f 2102/29/4 2092/29/4 2063/29/4 2060/29/4
f 2060/29/228 2063/29/228 2064/29/228 2061/29/228
f 2061/29/5 2064/29/5 2065/29/5 2062/29/5
f 2062/29/229 2065/29/229 2092/29/229 2102/29/229
f 2066/29/226 2052/29/226 2067/29/226 2080/29/226
f 2052/29/5 2066/29/5 2064/29/5
f 2063/29/227 2050/29/227 2051/29/227 2064/29/227
f 2067/29/4 2050/29/4 2063/29/4
f 2070/29/4 2103/29/4 2099/29/4 1598/29/4
f 2070/29/230 1598/29/230 2068/29/230 2071/29/230
f 2071/29/5 2068/29/5 2069/29/5 2072/29/5
f 2072/29/231 2069/29/231 2099/29/231 2103/29/231
f 2096/29/4 2074/29/4 2017/29/4 2075/29/4
f 2076/29/232 2104/29/232 2074/29/232 2096/29/232
f 2104/29/5 2076/29/5 2073/29/5
f 2082/29/5 2081/29/5 2079/29/5 2066/29/5
f 2073/29/233 2077/29/233 2075/29/233
f 2079/29/234 2081/29/234 2078/29/234
f 2082/29/116 2066/29/116 2080/29/116 2083/29/116
f 2089/29/4 2085/29/4 2086/29/4 2084/29/4
f 2078/29/4 1680/29/4 2083/29/4
f 2084/29/116 2086/29/116 2026/29/116 2055/29/116
f 2090/29/5 2055/29/5 2026/29/5 1671/29/5
f 2090/29/235 1671/29/235 2085/29/235 2089/29/235
f 2088/29/200 2082/29/200 2083/29/200 2053/29/200
f 2082/29/5 2088/29/5 2087/29/5
f 2089/29/86 1664/29/86 2087/29/86 2090/29/86
f 2053/29/4 1664/29/4 2089/29/4
f 2078/29/4 2092/29/4 2049/29/4 1676/29/4
f 2078/29/236 1676/29/236 2091/29/236 2079/29/236
f 2079/29/5 2091/29/5 2048/29/5 2065/29/5
f 2065/29/237 2048/29/237 2049/29/237 2092/29/237
f 2094/29/5 2077/29/5 2076/29/5 2095/29/5
f 1601/29/4 2075/29/4 2093/29/4
f 2077/29/273 2094/29/273 2075/29/273
f 2095/29/239 2076/29/239 2096/29/239 1601/29/239
f 2029/29/240 2057/29/240 2058/29/240 2097/29/240
f 2057/29/4 2029/29/4 2098/29/4
f 2069/29/224 2059/29/224 2098/29/224 2099/29/224
f 2097/29/5 2059/29/5 2069/29/5
f 2101/29/241 2062/29/241 2102/29/241 2046/29/241
f 2061/29/242 2100/29/242 2060/29/242
f 2061/29/5 2062/29/5 2101/29/5
f 2071/29/243 2024/29/243 2070/29/243
f 2103/29/244 2074/29/244 2072/29/244
f 2074/29/4 2070/29/4 2023/29/4
f 2024/29/5 2072/29/5 2104/29/5
f 2174/29/5 2176/29/5 2173/29/5
f 2126/29/4 2172/29/4 2127/29/4
f 2169/29/4 2378/29/4 2242/29/4
f 2168/29/5 2167/29/5 2295/29/5
f 2165/29/4 2459/29/4 2322/29/4
f 2376/29/5 2164/29/5 2163/29/5
f 2161/29/4 2536/29/4 2403/29/4
f 2457/29/5 2160/29/5 2159/29/5
f 2483/29/4 2157/29/4 2156/29/4
f 2156/29/6 2537/29/6 2118/29/6
f 2252/29/5 2253/29/5 2290/29/5
f 2311/29/4 2298/29/4 2266/29/4
f 2253/29/5 2255/29/5 2290/29/5
f 2265/29/4 2311/29/4 2266/29/4
f 2289/29/4 2254/29/4 2303/29/4
f 2291/29/4 2254/29/4 2289/29/4
f 2267/29/5 2312/29/5 2268/29/5
f 2312/29/5 2313/29/5 2268/29/5
f 2275/29/5 2274/29/5 2305/29/5
f 2274/29/5 2276/29/5 2305/29/5
f 2283/29/5 2282/29/5 2315/29/5
f 2304/29/4 2273/29/4 2321/29/4
f 2306/29/4 2273/29/4 2304/29/4
f 2282/29/5 2284/29/5 2315/29/5
f 2314/29/4 2281/29/4 2329/29/4
f 2316/29/4 2281/29/4 2314/29/4
f 2376/29/5 2286/29/5 2324/29/5
f 2323/29/4 2165/29/4 2322/29/4
f 2143/29/4 2558/29/4 2145/29/4
f 2557/29/5 2555/29/5 2144/29/5
f 2503/29/4 2554/29/4 2498/29/4
f 2498/29/7 2140/29/7 2142/29/7
f 2133/29/4 2420/29/4 2132/29/4
f 2341/29/5 2342/29/5 2455/29/5
f 2260/29/5 2338/29/5 2131/29/5
f 2259/29/4 2339/29/4 2130/29/4
f 2176/29/5 2128/29/5 2293/29/5
f 2175/29/4 2129/29/4 2127/29/4
f 2112/29/5 2125/29/5 2212/29/5
f 2111/29/4 2126/29/4 2124/29/4
f 2543/29/8 2120/29/8 2121/29/8
f 2120/29/4 2550/29/4 2119/29/4
f 2412/29/4 2381/29/4 2380/29/4
f 2222/29/5 2220/29/5 2218/29/5
f 2568/29/4 2582/29/4 2566/29/4
f 2420/29/4 2133/29/4 2418/29/4
f 2134/29/5 2419/29/5 2456/29/5
f 2537/29/5 2449/29/5 2484/29/5
f 2153/29/5 2154/29/5 2565/29/5
f 2242/29/4 2204/29/4 2169/29/4
f 2403/29/4 2368/29/4 2161/29/4
f 2323/29/4 2287/29/4 2165/29/4
f 2623/29/5 2567/29/5 2622/29/5
f 2242/29/4 2243/29/4 2204/29/4
f 2403/29/4 2404/29/4 2368/29/4
f 2455/29/5 2134/29/5 2456/29/5
f 2535/29/5 2449/29/5 2537/29/5
f 2154/29/5 2529/29/5 2565/29/5
f 2133/29/4 2497/29/4 2418/29/4
f 2179/29/4 2219/29/4 2180/29/4
f 2182/29/5 2181/29/5 2183/29/5
f 2180/29/9 2182/29/9 2184/29/9
f 2189/29/4 2224/29/4 2191/29/4
f 2193/29/5 2194/29/5 2192/29/5
f 2198/29/10 2197/29/10 2613/29/10
f 2195/29/4 2200/29/4 2198/29/4
f 2196/29/5 2197/29/5 2199/29/5
f 2185/29/4 2200/29/4 2234/29/4
f 2187/29/5 2197/29/5 2603/29/5
f 2622/29/11 2206/29/11 2582/29/11
f 2566/29/12 2207/29/12 2567/29/12
f 2206/29/4 2297/29/4 2566/29/4
f 2256/29/4 2210/29/4 2208/29/4
f 2212/29/5 2213/29/5 2170/29/5
f 2216/29/5 2184/29/5 2544/29/5
f 2215/29/4 2180/29/4 2223/29/4
f 2219/29/258 2218/29/258 2182/29/258
f 2230/29/5 2218/29/5 2220/29/5
f 2221/29/4 2251/29/4 2223/29/4
f 2222/29/5 2217/29/5 2209/29/5
f 2228/29/5 2226/29/5 2230/29/5
f 2178/29/259 2231/29/259 2226/29/259
f 2233/29/5 2201/29/5 2235/29/5
f 2234/29/4 2285/29/4 2237/29/4
f 2244/29/5 2203/29/5 2246/29/5
f 2288/29/15 2244/29/15 2247/29/15
f 2279/29/4 2249/29/4 2245/29/4
f 2248/29/5 2199/29/5 2233/29/5
f 2250/29/4 2254/29/4 2251/29/4
f 2222/29/5 2253/29/5 2252/29/5
f 2252/29/16 2303/29/16 2250/29/16
f 2291/29/4 2256/29/4 2254/29/4
f 2255/29/5 2213/29/5 2173/29/5
f 2298/29/4 2269/29/4 2266/29/4
f 2220/29/5 2222/29/5 2267/29/5
f 2262/29/4 2273/29/4 2306/29/4
f 2264/29/5 2274/29/5 2225/29/5
f 2282/29/5 2280/29/5 2248/29/5
f 2282/29/17 2279/29/17 2281/29/17
f 2281/29/4 2278/29/4 2329/29/4
f 2316/29/18 2284/29/18 2272/29/18
f 2270/29/4 2281/29/4 2316/29/4
f 2235/29/5 2272/29/5 2282/29/5
f 2337/29/4 2291/29/4 2289/29/4
f 2294/29/5 2255/29/5 2293/29/5
f 2298/29/4 2311/29/4 2348/29/4
f 2301/29/5 2267/29/5 2300/29/5
f 2252/29/5 2302/29/5 2300/29/5
f 2303/29/4 2333/29/4 2289/29/4
f 2308/29/19 2313/29/19 2310/29/19
f 2311/29/4 2265/29/4 2308/29/4
f 2284/29/5 2317/29/5 2315/29/5
f 2366/29/4 2319/29/4 2316/29/4
f 2324/29/5 2286/29/5 2326/29/5
f 2369/29/20 2324/29/20 2327/29/20
f 2328/29/21 2314/29/21 2361/29/21
f 2326/29/5 2315/29/5 2328/29/5
f 2325/29/4 2314/29/4 2329/29/4
f 2331/29/5 2302/29/5 2332/29/5
f 2333/29/4 2330/29/4 2335/29/4
f 2332/29/22 2384/29/22 2330/29/22
f 2373/29/4 2337/29/4 2335/29/4
f 2294/29/5 2258/29/5 2336/29/5
f 2351/29/4 2352/29/4 2349/29/4
f 2402/29/5 2320/29/5 2355/29/5
f 2361/29/4 2359/29/4 2410/29/4
f 2363/29/5 2364/29/5 2328/29/5
f 2349/29/4 2362/29/4 2395/29/4
f 2349/29/23 2365/29/23 2350/29/23
f 2350/29/5 2363/29/5 2317/29/5
f 2367/29/5 2458/29/5 2360/29/5
f 2359/29/4 2369/29/4 2368/29/4
f 2373/29/4 2370/29/4 2372/29/4
f 2131/29/24 2373/29/24 2374/29/24
f 2392/29/5 2346/29/5 2383/29/5
f 2381/29/4 2390/29/4 2380/29/4
f 2370/29/4 2381/29/4 2412/29/4
f 2383/29/25 2381/29/25 2384/29/25
f 2332/29/5 2371/29/5 2383/29/5
f 2401/29/5 2354/29/5 2388/29/5
f 2387/29/4 2400/29/4 2386/29/4
f 2393/29/4 2398/29/4 2395/29/4
f 2365/29/5 2396/29/5 2394/29/5
f 2398/29/26 2397/29/26 2365/29/26
f 2397/29/5 2401/29/5 2399/29/5
f 2400/29/4 2351/29/4 2398/29/4
f 2442/29/4 2410/29/4 2406/29/4
f 2409/29/5 2364/29/5 2394/29/5
f 2382/29/5 2411/29/5 2429/29/5
f 2412/29/4 2465/29/4 2414/29/4
f 2413/29/5 2417/29/5 2415/29/5
f 2416/29/4 2372/29/4 2414/29/4
f 2420/29/4 2418/29/4 2534/29/4
f 2419/29/5 2134/29/5 2422/29/5
f 2534/29/27 2423/29/27 2134/29/27
f 2431/29/4 2436/29/4 2433/29/4
f 2434/29/5 2435/29/5 2432/29/5
f 2434/29/5 2439/29/5 2437/29/5
f 2436/29/4 2438/29/4 2386/29/4
f 2409/29/28 2442/29/28 2444/29/28
f 2444/29/4 2441/29/4 2490/29/4
f 2446/29/5 2409/29/5 2445/29/5
f 2477/29/4 2448/29/4 2444/29/4
f 2448/29/29 2396/29/29 2445/29/29
f 2449/29/5 2535/29/5 2443/29/5
f 2450/29/30 2408/29/30 2535/29/30
f 2441/29/4 2451/29/4 2450/29/4
f 2452/29/31 2453/29/31 2456/29/31
f 2455/29/32 2454/29/32 2133/29/32
f 2458/29/5 2457/29/5 2163/29/5
f 2459/29/4 2162/29/4 2368/29/4
f 2463/29/5 2475/29/5 2427/29/5
f 2463/29/24 2460/29/24 2461/29/24
f 2471/29/5 2468/29/5 2437/29/5
f 2470/29/4 2466/29/4 2469/29/4
f 2489/29/260 2476/29/260 2519/29/260
f 2476/29/4 2490/29/4 2488/29/4
f 2446/29/5 2478/29/5 2489/29/5
f 2492/29/4 2505/29/4 2491/29/4
f 2494/29/5 2464/29/5 2496/29/5
f 2491/29/34 2494/29/34 2140/29/34
f 2498/29/4 2499/29/4 2491/29/4
f 2139/29/5 2140/29/5 2137/29/5
f 2462/29/5 2142/29/5 2504/29/5
f 2506/29/4 2503/29/4 2505/29/4
f 2509/29/4 2510/29/4 2508/29/4
f 2509/29/35 2527/29/35 2512/29/35
f 2143/29/4 2469/29/4 2511/29/4
f 2144/29/5 2514/29/5 2516/29/5
f 2518/29/36 2520/29/36 2517/29/36
f 2518/29/5 2524/29/5 2521/29/5
f 2526/29/5 2151/29/5 2524/29/5
f 2525/29/4 2523/29/4 2508/29/4
f 2528/29/4 2530/29/4 2114/29/4
f 2518/29/261 2517/29/261 2528/29/261
f 2533/29/5 2531/29/5 2422/29/5
f 2422/29/251 2532/29/251 2421/29/251
f 2536/29/4 2157/29/4 2450/29/4
f 2160/29/5 2537/29/5 2159/29/5
f 2159/29/39 2157/29/39 2158/29/39
f 2554/29/4 2501/29/4 2145/29/4
f 2555/29/5 2557/29/5 2553/29/5
f 2150/29/5 2561/29/5 2521/29/5
f 2562/29/4 2560/29/4 2564/29/4
f 2560/29/4 2152/29/4 2564/29/4
f 2565/29/40 2528/29/40 2560/29/40
f 2578/29/5 2580/29/5 2577/29/5
f 2576/29/4 2579/29/4 2620/29/4
f 2589/29/4 2585/29/4 2602/29/4
f 2574/29/5 2586/29/5 2573/29/5
f 2595/29/263 2597/29/263 2539/29/263
f 2598/29/5 2599/29/5 2595/29/5
f 2600/29/4 2605/29/4 2602/29/4
f 2603/29/42 2202/29/42 2600/29/42
f 2605/29/4 2186/29/4 2575/29/4
f 2610/29/5 2612/29/5 2609/29/5
f 2616/29/43 2615/29/43 2597/29/43
f 2618/29/4 2597/29/4 2123/29/4
f 2580/29/5 2581/29/5 2619/29/5
f 2551/29/4 2621/29/4 2620/29/4
f 2583/29/5 2623/29/5 2622/29/5
f 2582/29/4 2568/29/4 2624/29/4
f 2593/29/5 2594/29/5 2546/29/5
f 2592/29/4 2596/29/4 2625/29/4
f 2546/29/44 2545/29/44 2592/29/44
f 2596/29/264 2626/29/264 2594/29/264
f 2174/29/46 2125/29/46 2126/29/46 2127/29/46
f 2127/29/4 2172/29/4 2175/29/4
f 2542/29/47 2216/29/47 2215/29/47 2171/29/47
f 2125/29/5 2174/29/5 2173/29/5
f 2109/29/5 2170/29/5 2216/29/5 2542/29/5
f 2108/29/48 2210/29/48 2170/29/48 2109/29/48
f 2171/29/4 2215/29/4 2210/29/4 2108/29/4
f 2168/29/49 2244/29/49 2242/29/49 2378/29/49
f 2166/29/50 2169/29/50 2295/29/50 2167/29/50
f 2295/29/5 2244/29/5 2168/29/5
f 2164/29/49 2324/29/49 2322/29/49 2459/29/49
f 2169/29/4 2166/29/4 2378/29/4
f 2162/29/51 2165/29/51 2376/29/51 2163/29/51
f 2376/29/5 2324/29/5 2164/29/5
f 2160/29/52 2405/29/52 2403/29/52 2536/29/52
f 2165/29/4 2162/29/4 2459/29/4
f 2158/29/53 2161/29/53 2457/29/53 2159/29/53
f 2405/29/5 2160/29/5 2457/29/5
f 2484/29/5 2117/29/5 2118/29/5 2537/29/5
f 2161/29/4 2158/29/4 2536/29/4
f 2156/29/54 2157/29/54 2537/29/54
f 2483/29/55 2116/29/55 2117/29/55 2484/29/55
f 2154/29/56 2107/29/56 2155/29/56 2115/29/56
f 2116/29/4 2483/29/4 2156/29/4
f 2153/29/5 2106/29/5 2107/29/5 2154/29/5
f 2152/29/57 2105/29/57 2106/29/57 2153/29/57
f 2115/29/4 2155/29/4 2105/29/4 2152/29/4
f 2149/29/58 2151/29/58 2523/29/58 2559/29/58
f 2149/29/5 2148/29/5 2150/29/5 2151/29/5
f 2147/29/59 2562/29/59 2150/29/59 2148/29/59
f 2559/29/4 2523/29/4 2562/29/4 2147/29/4
f 2146/29/59 2555/29/59 2145/29/59 2558/29/59
f 2143/29/60 2556/29/60 2557/29/60 2144/29/60
f 2144/29/5 2555/29/5 2146/29/5
f 2140/29/5 2139/29/5 2141/29/5 2142/29/5
f 2556/29/4 2143/29/4 2145/29/4
f 2503/29/61 2498/29/61 2142/29/61
f 2138/29/62 2554/29/62 2141/29/62 2139/29/62
f 2137/29/63 2533/29/63 2135/29/63 2499/29/63
f 2554/29/4 2138/29/4 2498/29/4
f 2136/29/5 2531/29/5 2533/29/5 2137/29/5
f 2495/29/64 2532/29/64 2531/29/64 2136/29/64
f 2495/29/4 2499/29/4 2135/29/4 2532/29/4
f 2134/29/65 2342/29/65 2132/29/65 2420/29/65
f 2133/29/246 2340/29/246 2341/29/246 2455/29/246
f 2455/29/5 2342/29/5 2134/29/5
f 2374/29/67 2259/29/67 2260/29/67 2131/29/67
f 2340/29/4 2133/29/4 2132/29/4
f 2338/29/68 2261/29/68 2130/29/68 2339/29/68
f 2259/29/4 2374/29/4 2339/29/4
f 2292/29/69 2175/29/69 2176/29/69 2293/29/69
f 2260/29/5 2261/29/5 2338/29/5
f 2128/29/68 2174/29/68 2127/29/68 2129/29/68
f 2175/29/4 2292/29/4 2129/29/4
f 2211/29/69 2111/29/69 2112/29/69 2212/29/69
f 2176/29/5 2174/29/5 2128/29/5
f 2125/29/68 2113/29/68 2124/29/68 2126/29/68
f 2111/29/4 2211/29/4 2126/29/4
f 2122/29/265 2617/29/265 2123/29/265 2110/29/265
f 2112/29/5 2113/29/5 2125/29/5
f 2541/29/5 2616/29/5 2617/29/5 2122/29/5
f 2540/29/72 2615/29/72 2616/29/72 2541/29/72
f 2110/29/4 2123/29/4 2615/29/4 2540/29/4
f 2552/29/73 2183/29/73 2119/29/73 2550/29/73
f 2121/29/4 2120/29/4 2119/29/4
f 2552/29/5 2590/29/5 2543/29/5 2183/29/5
f 2118/29/74 2154/29/74 2115/29/74 2156/29/74
f 2543/29/75 2590/29/75 2120/29/75
f 2118/29/5 2117/29/5 2529/29/5 2154/29/5
f 2116/29/76 2114/29/76 2529/29/76 2117/29/76
f 2156/29/4 2115/29/4 2114/29/4 2116/29/4
f 2113/29/77 2122/29/77 2110/29/77 2124/29/77
f 2112/29/5 2109/29/5 2122/29/5 2113/29/5
f 2111/29/78 2108/29/78 2109/29/78 2112/29/78
f 2111/29/4 2124/29/4 2110/29/4 2108/29/4
f 2384/29/4 2370/29/4 2373/29/4 2335/29/4
f 2480/29/4 2525/29/4 2508/29/4 2510/29/4
f 2543/29/5 2544/29/5 2184/29/5 2183/29/5
f 2426/29/4 2425/29/4 2473/29/4 2460/29/4
f 2121/29/4 2119/29/4 2180/29/4 2214/29/4
f 2461/29/4 2506/29/4 2505/29/4 2492/29/4
f 2332/29/5 2334/29/5 2336/29/5 2371/29/5
f 2463/29/5 2464/29/5 2507/29/5 2462/29/5
f 2155/29/79 2107/29/79 2106/29/79 2105/29/79
f 2428/29/5 2427/29/5 2475/29/5 2474/29/5
f 2479/29/5 2481/29/5 2527/29/5 2526/29/5
f 2466/29/4 2467/29/4 2436/29/4 2482/29/4
f 2470/29/4 2469/29/4 2515/29/4 2500/29/4
f 2310/29/5 2309/29/5 2357/29/5 2358/29/5
f 2468/29/5 2435/29/5 2434/29/5 2437/29/5
f 2471/29/5 2472/29/5 2516/29/5 2514/29/5
f 2232/29/4 2234/29/4 2200/29/4 2249/29/4
f 2317/29/5 2318/29/5 2320/29/5 2350/29/5
f 2235/29/5 2236/29/5 2238/29/5 2272/29/5
f 2476/29/4 2477/29/4 2444/29/4 2490/29/4
f 2591/29/5 2590/29/5 2552/29/5 2619/29/5
f 2308/29/4 2307/29/4 2356/29/4 2343/29/4
f 2277/29/4 2262/29/4 2263/29/4 2227/29/4
f 2349/29/4 2352/29/4 2319/29/4 2366/29/4
f 2225/29/5 2226/29/5 2228/29/5 2264/29/5
f 2285/29/4 2270/29/4 2271/29/4 2237/29/4
f 2247/29/5 2246/29/5 2248/29/5 2280/29/5
f 2411/29/5 2413/29/5 2415/29/5 2453/29/5
f 2451/29/4 2441/29/4 2442/29/4 2406/29/4
f 2189/29/4 2188/29/4 2239/29/4 2224/29/4
f 2478/29/5 2446/29/5 2445/29/5 2447/29/5
f 2192/29/5 2190/29/5 2240/29/5 2241/29/5
f 2187/29/5 2603/29/5 2604/29/5 2609/29/5
f 2327/29/5 2326/29/5 2328/29/5 2360/29/5
f 2185/29/4 2186/29/4 2605/29/4 2202/29/4
f 2600/29/4 2602/29/4 2585/29/4 2614/29/4
f 2569/29/5 2570/29/5 2613/29/5 2196/29/5
f 2269/29/4 2250/29/4 2251/29/4 2221/29/4
f 2217/29/5 2216/29/5 2170/29/5 2209/29/5
f 2388/29/5 2389/29/5 2439/29/5 2440/29/5
f 2432/29/5 2396/29/5 2397/29/5 2399/29/5
f 2431/29/4 2433/29/4 2398/29/4 2448/29/4
f 2408/29/5 2407/29/5 2409/29/5 2443/29/5
f 2109/29/5 2542/29/5 2541/29/5 2122/29/5
f 2301/29/5 2300/29/5 2302/29/5 2331/29/5
f 2348/29/4 2330/29/4 2333/29/4 2299/29/4
f 2233/29/5 2199/29/5 2197/29/5 2201/29/5
f 2548/29/5 2549/29/5 2194/29/5 2193/29/5
f 2601/29/5 2587/29/5 2586/29/5 2588/29/5
f 2383/29/5 2382/29/5 2429/29/5 2430/29/5
f 2387/29/4 2386/29/4 2438/29/4 2424/29/4
f 2608/29/4 2607/29/4 2191/29/4 2177/29/4
f 2576/29/4 2575/29/4 2611/29/4 2606/29/4
f 2353/29/4 2351/29/4 2400/29/4 2385/29/4
f 2355/29/5 2354/29/5 2401/29/5 2402/29/5
f 2578/29/5 2577/29/5 2612/29/5 2610/29/5
f 2288/29/4 2278/29/4 2279/29/4 2245/29/4
f 2179/29/4 2178/29/4 2229/29/4 2219/29/4
f 2465/29/4 2452/29/4 2454/29/4 2414/29/4
f 2621/29/4 2551/29/4 2550/29/4 2120/29/4
f 2369/29/4 2359/29/4 2361/29/4 2325/29/4
f 2345/29/4 2344/29/4 2390/29/4 2379/29/4
f 2205/29/4 2195/29/4 2198/29/4 2571/29/4
f 2208/29/4 2210/29/4 2215/29/4 2223/29/4
f 2181/29/5 2182/29/5 2230/29/5 2231/29/5
f 2347/29/5 2346/29/5 2392/29/5 2391/29/5
f 2518/29/5 2486/29/5 2487/29/5 2489/29/5
f 2108/29/4 2110/29/4 2540/29/4 2171/29/4
f 2517/29/4 2519/29/4 2488/29/4 2530/29/4
f 2393/29/4 2395/29/4 2362/29/4 2410/29/4
f 2626/29/5 2595/29/5 2547/29/5 2546/29/5
f 2394/29/5 2364/29/5 2363/29/5 2365/29/5
f 2596/29/4 2545/29/4 2538/29/4 2539/29/4
f 2528/29/4 2114/29/4 2115/29/4 2152/29/4
f 2502/29/4 2501/29/4 2554/29/4 2503/29/4
f 2504/29/5 2142/29/5 2141/29/5 2553/29/5
f 2157/29/4 2483/29/4 2485/29/4 2450/29/4
f 2511/29/4 2509/29/4 2558/29/4 2143/29/4
f 2513/29/5 2144/29/5 2146/29/5 2512/29/5
f 2493/29/4 2491/29/4 2499/29/4 2495/29/4
f 2496/29/5 2136/29/5 2137/29/5 2494/29/5
f 2522/29/4 2520/29/4 2562/29/4 2523/29/4
f 2128/29/5 2258/29/5 2294/29/5 2293/29/5
f 2337/29/4 2257/29/4 2129/29/4 2292/29/4
f 2125/29/5 2173/29/5 2213/29/5 2212/29/5
f 2256/29/4 2172/29/4 2126/29/4 2211/29/4
f 2416/29/4 2339/29/4 2374/29/4 2372/29/4
f 2524/29/5 2151/29/5 2150/29/5 2521/29/5
f 2295/29/5 2296/29/5 2203/29/5 2244/29/5
f 2457/29/5 2458/29/5 2367/29/5 2405/29/5
f 2131/29/5 2338/29/5 2417/29/5 2375/29/5
f 2177/29/4 2191/29/4 2178/29/4 2179/29/4
f 2376/29/5 2377/29/5 2286/29/5
f 2177/29/80 2179/29/80 2181/29/80 2549/29/80
f 2549/29/5 2181/29/5 2231/29/5 2194/29/5
f 2194/29/81 2231/29/81 2178/29/81 2191/29/81
f 2179/29/82 2119/29/82 2183/29/82 2181/29/82
f 2180/29/83 2219/29/83 2182/29/83
f 2119/29/4 2179/29/4 2180/29/4
f 2185/29/4 2188/29/4 2189/29/4 2186/29/4
f 2183/29/5 2184/29/5 2182/29/5
f 2186/29/84 2189/29/84 2192/29/84 2609/29/84
f 2187/29/5 2609/29/5 2192/29/5 2241/29/5
f 2187/29/85 2241/29/85 2188/29/85 2185/29/85
f 2190/29/86 2194/29/86 2191/29/86 2224/29/86
f 2192/29/5 2194/29/5 2190/29/5
f 2189/29/87 2607/29/87 2193/29/87 2192/29/87
f 2607/29/4 2189/29/4 2191/29/4
f 2249/29/88 2195/29/88 2196/29/88 2199/29/88
f 2613/29/5 2197/29/5 2196/29/5
f 2198/29/89 2200/29/89 2197/29/89
f 2195/29/4 2249/29/4 2200/29/4
f 2201/29/90 2187/29/90 2185/29/90 2234/29/90
f 2187/29/5 2201/29/5 2197/29/5
f 2200/29/91 2202/29/91 2603/29/91 2197/29/91
f 2185/29/4 2202/29/4 2200/29/4
f 2205/29/4 2204/29/4 2243/29/4 2195/29/4
f 2195/29/92 2243/29/92 2203/29/92 2196/29/92
f 2569/29/5 2196/29/5 2203/29/5 2296/29/5
f 2569/29/93 2296/29/93 2204/29/93 2205/29/93
f 2209/29/94 2213/29/94 2256/29/94 2208/29/94
f 2566/29/4 2582/29/4 2206/29/4
f 2567/29/5 2207/29/5 2622/29/5
f 2566/29/95 2297/29/95 2207/29/95
f 2213/29/5 2209/29/5 2170/29/5
f 2210/29/252 2211/29/252 2212/29/252 2170/29/252
f 2211/29/4 2210/29/4 2256/29/4
f 2214/29/96 2215/29/96 2216/29/96 2544/29/96
f 2215/29/4 2214/29/4 2180/29/4
f 2184/29/97 2217/29/97 2223/29/97 2180/29/97
f 2216/29/5 2217/29/5 2184/29/5
f 2221/29/4 2219/29/4 2229/29/4 2269/29/4
f 2230/29/5 2182/29/5 2218/29/5
f 2269/29/98 2229/29/98 2230/29/98 2220/29/98
f 2217/29/253 2218/29/253 2221/29/253 2223/29/253
f 2219/29/100 2221/29/100 2218/29/100
f 2218/29/5 2217/29/5 2222/29/5
f 2208/29/101 2251/29/101 2222/29/101 2209/29/101
f 2251/29/4 2208/29/4 2223/29/4
f 2227/29/4 2224/29/4 2239/29/4 2277/29/4
f 2277/29/102 2239/29/102 2240/29/102 2225/29/102
f 2226/29/5 2225/29/5 2240/29/5 2190/29/5
f 2226/29/103 2190/29/103 2224/29/103 2227/29/103
f 2178/29/4 2227/29/4 2263/29/4 2229/29/4
f 2229/29/104 2263/29/104 2228/29/104 2230/29/104
f 2285/29/105 2232/29/105 2233/29/105 2235/29/105
f 2227/29/106 2178/29/106 2226/29/106
f 2230/29/5 2226/29/5 2231/29/5
f 2232/29/4 2285/29/4 2234/29/4
f 2236/29/107 2201/29/107 2234/29/107 2237/29/107
f 2201/29/5 2236/29/5 2235/29/5
f 2188/29/4 2237/29/4 2271/29/4 2239/29/4
f 2239/29/104 2271/29/104 2238/29/104 2240/29/104
f 2241/29/5 2240/29/5 2238/29/5 2236/29/5
f 2241/29/108 2236/29/108 2237/29/108 2188/29/108
f 2243/29/4 2242/29/4 2288/29/4 2245/29/4
f 2243/29/109 2245/29/109 2246/29/109 2203/29/109
f 2199/29/110 2246/29/110 2245/29/110 2249/29/110
f 2288/29/111 2242/29/111 2244/29/111
f 2247/29/5 2244/29/5 2246/29/5
f 2246/29/5 2199/29/5 2248/29/5
f 2232/29/112 2279/29/112 2248/29/112 2233/29/112
f 2279/29/4 2232/29/4 2249/29/4
f 2253/29/113 2222/29/113 2251/29/113 2254/29/113
f 2222/29/114 2252/29/114 2250/29/114
f 2213/29/47 2253/29/47 2254/29/47 2256/29/47
f 2250/29/4 2303/29/4 2254/29/4
f 2255/29/5 2253/29/5 2213/29/5
f 2172/29/104 2291/29/104 2255/29/104 2173/29/104
f 2291/29/4 2172/29/4 2256/29/4
f 2130/29/4 2129/29/4 2257/29/4 2259/29/4
f 2259/29/247 2257/29/247 2258/29/247 2260/29/247
f 2261/29/5 2260/29/5 2258/29/5 2128/29/5
f 2261/29/46 2128/29/46 2129/29/46 2130/29/46
f 2263/29/4 2262/29/4 2265/29/4 2266/29/4
f 2263/29/116 2266/29/116 2268/29/116 2228/29/116
f 2228/29/5 2268/29/5 2313/29/5 2264/29/5
f 2264/29/117 2313/29/117 2265/29/117 2262/29/117
f 2220/29/118 2268/29/118 2266/29/118 2269/29/118
f 2268/29/5 2220/29/5 2267/29/5
f 2250/29/119 2298/29/119 2267/29/119 2222/29/119
f 2269/29/4 2298/29/4 2250/29/4
f 2271/29/4 2270/29/4 2321/29/4 2273/29/4
f 2271/29/84 2273/29/84 2274/29/84 2238/29/84
f 2238/29/5 2274/29/5 2275/29/5 2272/29/5
f 2272/29/120 2275/29/120 2321/29/120 2270/29/120
f 2276/29/104 2264/29/104 2262/29/104 2306/29/104
f 2264/29/5 2276/29/5 2274/29/5
f 2273/29/87 2277/29/87 2225/29/87 2274/29/87
f 2277/29/4 2273/29/4 2262/29/4
f 2280/29/85 2283/29/85 2329/29/85 2278/29/85
f 2282/29/121 2248/29/121 2279/29/121
f 2281/29/4 2279/29/4 2278/29/4
f 2282/29/5 2283/29/5 2280/29/5
f 2281/29/122 2285/29/122 2235/29/122 2282/29/122
f 2272/29/5 2284/29/5 2282/29/5
f 2270/29/248 2316/29/248 2272/29/248
f 2285/29/4 2281/29/4 2270/29/4
f 2288/29/4 2287/29/4 2323/29/4 2278/29/4
f 2278/29/92 2323/29/92 2286/29/92 2280/29/92
f 2247/29/5 2280/29/5 2286/29/5 2377/29/5
f 2247/29/124 2377/29/124 2287/29/124 2288/29/124
f 2290/29/94 2294/29/94 2337/29/94 2289/29/94
f 2294/29/5 2290/29/5 2255/29/5
f 2291/29/125 2292/29/125 2293/29/125 2255/29/125
f 2337/29/4 2292/29/4 2291/29/4
f 2169/29/4 2204/29/4 2297/29/4 2206/29/4
f 2169/29/126 2206/29/126 2622/29/126 2295/29/126
f 2295/29/5 2622/29/5 2207/29/5 2296/29/5
f 2296/29/127 2207/29/127 2297/29/127 2204/29/127
f 2312/29/98 2301/29/98 2348/29/98 2311/29/98
f 2267/29/5 2301/29/5 2312/29/5
f 2298/29/128 2299/29/128 2300/29/128 2267/29/128
f 2299/29/4 2298/29/4 2348/29/4
f 2299/29/129 2303/29/129 2252/29/129 2300/29/129
f 2303/29/4 2299/29/4 2333/29/4
f 2302/29/274 2290/29/274 2289/29/274 2333/29/274
f 2252/29/5 2290/29/5 2302/29/5
f 2307/29/4 2308/29/4 2306/29/4 2304/29/4
f 2307/29/98 2304/29/98 2305/29/98 2358/29/98
f 2358/29/5 2305/29/5 2276/29/5 2310/29/5
f 2310/29/131 2276/29/131 2306/29/131 2308/29/131
f 2311/29/132 2343/29/132 2309/29/132 2312/29/132
f 2343/29/4 2311/29/4 2308/29/4
f 2313/29/5 2312/29/5 2309/29/5 2310/29/5
f 2366/29/133 2314/29/133 2315/29/133 2317/29/133
f 2308/29/134 2265/29/134 2313/29/134
f 2314/29/4 2366/29/4 2316/29/4
f 2318/29/135 2284/29/135 2316/29/135 2319/29/135
f 2317/29/5 2284/29/5 2318/29/5
f 2321/29/4 2319/29/4 2352/29/4 2304/29/4
f 2304/29/104 2352/29/104 2320/29/104 2305/29/104
f 2275/29/5 2305/29/5 2320/29/5 2318/29/5
f 2275/29/108 2318/29/108 2319/29/108 2321/29/108
f 2323/29/4 2322/29/4 2369/29/4 2325/29/4
f 2323/29/136 2325/29/136 2326/29/136 2286/29/136
f 2283/29/108 2326/29/108 2325/29/108 2329/29/108
f 2369/29/137 2322/29/137 2324/29/137
f 2327/29/5 2324/29/5 2326/29/5
f 2325/29/4 2361/29/4 2314/29/4
f 2328/29/138 2315/29/138 2314/29/138
f 2326/29/5 2283/29/5 2315/29/5
f 2334/29/139 2302/29/139 2333/29/139 2335/29/139
f 2331/29/140 2332/29/140 2330/29/140
f 2302/29/5 2334/29/5 2332/29/5
f 2294/29/141 2334/29/141 2335/29/141 2337/29/141
f 2330/29/4 2384/29/4 2335/29/4
f 2336/29/5 2334/29/5 2294/29/5
f 2257/29/142 2373/29/142 2336/29/142 2258/29/142
f 2337/29/4 2373/29/4 2257/29/4
f 2132/29/4 2339/29/4 2416/29/4 2340/29/4
f 2340/29/78 2416/29/78 2417/29/78 2341/29/78
f 2341/29/5 2417/29/5 2338/29/5 2342/29/5
f 2342/29/46 2338/29/46 2339/29/46 2132/29/46
f 2345/29/4 2343/29/4 2356/29/4 2344/29/4
f 2344/29/143 2356/29/143 2357/29/143 2391/29/143
f 2347/29/5 2391/29/5 2357/29/5 2309/29/5
f 2347/29/144 2309/29/144 2343/29/144 2345/29/144
f 2330/29/4 2348/29/4 2345/29/4 2379/29/4
f 2330/29/145 2379/29/145 2346/29/145 2331/29/145
f 2331/29/5 2346/29/5 2347/29/5 2301/29/5
f 2301/29/108 2347/29/108 2345/29/108 2348/29/108
f 2350/29/146 2402/29/146 2351/29/146 2349/29/146
f 2402/29/5 2350/29/5 2320/29/5
f 2352/29/116 2353/29/116 2355/29/116 2320/29/116
f 2353/29/4 2352/29/4 2351/29/4
f 2356/29/4 2307/29/4 2353/29/4 2385/29/4
f 2356/29/147 2385/29/147 2354/29/147 2357/29/147
f 2357/29/5 2354/29/5 2355/29/5 2358/29/5
f 2358/29/118 2355/29/118 2353/29/118 2307/29/118
f 2360/29/85 2364/29/85 2410/29/85 2359/29/85
f 2364/29/5 2360/29/5 2328/29/5
f 2361/29/148 2362/29/148 2363/29/148 2328/29/148
f 2362/29/4 2361/29/4 2410/29/4
f 2362/29/149 2366/29/149 2317/29/149 2363/29/149
f 2349/29/150 2395/29/150 2365/29/150
f 2363/29/5 2350/29/5 2365/29/5
f 2349/29/4 2366/29/4 2362/29/4
f 2359/29/92 2404/29/92 2367/29/92 2360/29/92
f 2404/29/4 2359/29/4 2368/29/4
f 2327/29/268 2458/29/268 2368/29/268 2369/29/268
f 2360/29/5 2458/29/5 2327/29/5
f 2336/29/5 2131/29/5 2375/29/5 2371/29/5
f 2131/29/152 2336/29/152 2373/29/152
f 2371/29/153 2375/29/153 2372/29/153 2370/29/153
f 2165/29/4 2287/29/4 2378/29/4 2166/29/4
f 2374/29/4 2373/29/4 2372/29/4
f 2165/29/154 2166/29/154 2167/29/154 2376/29/154
f 2376/29/5 2167/29/5 2168/29/5 2377/29/5
f 2377/29/269 2168/29/269 2378/29/269 2287/29/269
f 2379/29/156 2381/29/156 2383/29/156 2346/29/156
f 2381/29/4 2379/29/4 2390/29/4
f 2392/29/98 2430/29/98 2380/29/98 2390/29/98
f 2430/29/5 2392/29/5 2383/29/5
f 2382/29/157 2371/29/157 2370/29/157 2412/29/157
f 2371/29/5 2382/29/5 2383/29/5
f 2385/29/158 2387/29/158 2388/29/158 2354/29/158
f 2370/29/4 2384/29/4 2381/29/4
f 2332/29/159 2383/29/159 2384/29/159
f 2400/29/4 2387/29/4 2385/29/4
f 2401/29/102 2440/29/102 2386/29/102 2400/29/102
f 2388/29/5 2440/29/5 2401/29/5
f 2424/29/4 2390/29/4 2344/29/4 2387/29/4
f 2387/29/160 2344/29/160 2391/29/160 2388/29/160
f 2389/29/5 2388/29/5 2391/29/5 2392/29/5
f 2389/29/132 2392/29/132 2390/29/132 2424/29/132
f 2448/29/161 2393/29/161 2394/29/161 2396/29/161
f 2395/29/162 2398/29/162 2365/29/162
f 2393/29/4 2448/29/4 2398/29/4
f 2400/29/163 2433/29/163 2399/29/163 2401/29/163
f 2365/29/5 2397/29/5 2396/29/5
f 2398/29/4 2433/29/4 2400/29/4
f 2402/29/164 2397/29/164 2398/29/164 2351/29/164
f 2401/29/5 2397/29/5 2402/29/5
f 2404/29/4 2403/29/4 2451/29/4 2406/29/4
f 2404/29/136 2406/29/136 2407/29/136 2367/29/136
f 2367/29/5 2407/29/5 2408/29/5 2405/29/5
f 2405/29/165 2408/29/165 2451/29/165 2403/29/165
f 2364/29/108 2407/29/108 2406/29/108 2410/29/108
f 2407/29/5 2364/29/5 2409/29/5
f 2393/29/166 2442/29/166 2409/29/166 2394/29/166
f 2442/29/4 2393/29/4 2410/29/4
f 2465/29/167 2412/29/167 2429/29/167 2411/29/167
f 2175/29/168 2172/29/168 2173/29/168 2176/29/168
f 2413/29/169 2382/29/169 2412/29/169 2414/29/169
f 2382/29/5 2413/29/5 2411/29/5
f 2416/29/170 2454/29/170 2415/29/170 2417/29/170
f 2414/29/4 2454/29/4 2416/29/4
f 2375/29/118 2413/29/118 2414/29/118 2372/29/118
f 2413/29/5 2375/29/5 2417/29/5
f 2421/29/171 2418/29/171 2419/29/171 2422/29/171
f 2420/29/172 2534/29/172 2134/29/172
f 2418/29/4 2421/29/4 2534/29/4
f 2426/29/4 2424/29/4 2438/29/4 2425/29/4
f 2422/29/5 2134/29/5 2423/29/5
f 2425/29/173 2438/29/173 2439/29/173 2474/29/173
f 2428/29/5 2474/29/5 2439/29/5 2389/29/5
f 2428/29/144 2389/29/144 2424/29/144 2426/29/144
f 2412/29/4 2380/29/4 2426/29/4 2460/29/4
f 2412/29/174 2460/29/174 2427/29/174 2429/29/174
f 2429/29/5 2427/29/5 2428/29/5 2430/29/5
f 2430/29/108 2428/29/108 2426/29/108 2380/29/108
f 2434/29/175 2399/29/175 2433/29/175 2436/29/175
f 2432/29/5 2399/29/5 2434/29/5
f 2482/29/98 2431/29/98 2432/29/98 2435/29/98
f 2436/29/4 2431/29/4 2482/29/4
f 2438/29/176 2467/29/176 2437/29/176 2439/29/176
f 2436/29/4 2467/29/4 2438/29/4
f 2440/29/177 2434/29/177 2436/29/177 2386/29/177
f 2434/29/5 2440/29/5 2439/29/5
f 2443/29/178 2446/29/178 2490/29/178 2441/29/178
f 2444/29/4 2442/29/4 2441/29/4
f 2409/29/5 2446/29/5 2443/29/5
f 2431/29/132 2477/29/132 2447/29/132 2432/29/132
f 2445/29/179 2409/29/179 2444/29/179
f 2444/29/180 2448/29/180 2445/29/180
f 2477/29/4 2431/29/4 2448/29/4
f 2396/29/5 2432/29/5 2447/29/5 2445/29/5
f 2441/29/181 2485/29/181 2449/29/181 2443/29/181
f 2485/29/4 2441/29/4 2450/29/4
f 2415/29/5 2455/29/5 2456/29/5 2453/29/5
f 2443/29/5 2535/29/5 2408/29/5
f 2450/29/182 2451/29/182 2408/29/182
f 2455/29/183 2415/29/183 2454/29/183
f 2452/29/4 2497/29/4 2133/29/4 2454/29/4
f 2161/29/184 2162/29/184 2163/29/184 2457/29/184
f 2497/29/185 2452/29/185 2456/29/185
f 2368/29/4 2162/29/4 2161/29/4
f 2458/29/256 2164/29/256 2459/29/256 2368/29/256
f 2164/29/5 2458/29/5 2163/29/5
f 2473/29/4 2506/29/4 2461/29/4 2460/29/4
f 2463/29/152 2427/29/152 2460/29/152
f 2475/29/270 2462/29/270 2506/29/270 2473/29/270
f 2462/29/5 2475/29/5 2463/29/5
f 2461/29/4 2492/29/4 2452/29/4 2465/29/4
f 2461/29/188 2465/29/188 2411/29/188 2463/29/188
f 2463/29/5 2411/29/5 2453/29/5 2464/29/5
f 2464/29/189 2453/29/189 2452/29/189 2492/29/189
f 2467/29/190 2470/29/190 2471/29/190 2437/29/190
f 2470/29/4 2467/29/4 2466/29/4
f 2468/29/270 2514/29/270 2469/29/270 2466/29/270
f 2471/29/5 2514/29/5 2468/29/5
f 2500/29/4 2473/29/4 2425/29/4 2470/29/4
f 2470/29/118 2425/29/118 2474/29/118 2471/29/118
f 2472/29/5 2471/29/5 2474/29/5 2475/29/5
f 2472/29/104 2475/29/104 2473/29/104 2500/29/104
f 2476/29/4 2525/29/4 2480/29/4 2477/29/4
f 2477/29/144 2480/29/144 2479/29/144 2447/29/144
f 2478/29/5 2447/29/5 2479/29/5 2526/29/5
f 2478/29/191 2526/29/191 2525/29/191 2476/29/191
f 2480/29/4 2510/29/4 2466/29/4 2482/29/4
f 2480/29/108 2482/29/108 2435/29/108 2479/29/108
f 2479/29/5 2435/29/5 2468/29/5 2481/29/5
f 2481/29/104 2468/29/104 2466/29/104 2510/29/104
f 2530/29/4 2488/29/4 2485/29/4 2483/29/4
f 2530/29/73 2483/29/73 2484/29/73 2486/29/73
f 2486/29/5 2484/29/5 2449/29/5 2487/29/5
f 2487/29/192 2449/29/192 2485/29/192 2488/29/192
f 2446/29/93 2487/29/93 2488/29/93 2490/29/93
f 2488/29/4 2519/29/4 2476/29/4
f 2489/29/5 2487/29/5 2446/29/5
f 2507/29/193 2494/29/193 2491/29/193 2505/29/193
f 2489/29/194 2478/29/194 2476/29/194
f 2464/29/5 2494/29/5 2507/29/5
f 2492/29/139 2493/29/139 2496/29/139 2464/29/139
f 2491/29/4 2493/29/4 2492/29/4
f 2497/29/4 2493/29/4 2495/29/4 2418/29/4
f 2418/29/90 2495/29/90 2136/29/90 2419/29/90
f 2456/29/5 2419/29/5 2136/29/5 2496/29/5
f 2456/29/195 2496/29/195 2493/29/195 2497/29/195
f 2499/29/196 2138/29/196 2139/29/196 2137/29/196
f 2137/29/5 2140/29/5 2494/29/5
f 2498/29/197 2491/29/197 2140/29/197
f 2138/29/4 2499/29/4 2498/29/4
f 2502/29/4 2500/29/4 2515/29/4 2501/29/4
f 2501/29/198 2515/29/198 2516/29/198 2553/29/198
f 2553/29/5 2516/29/5 2472/29/5 2504/29/5
f 2504/29/199 2472/29/199 2500/29/199 2502/29/199
f 2502/29/200 2506/29/200 2462/29/200 2504/29/200
f 2506/29/4 2502/29/4 2503/29/4
f 2142/29/201 2507/29/201 2505/29/201 2503/29/201
f 2462/29/5 2507/29/5 2142/29/5
f 2510/29/199 2511/29/199 2513/29/199 2481/29/199
f 2509/29/202 2508/29/202 2527/29/202
f 2511/29/4 2510/29/4 2509/29/4
f 2481/29/5 2513/29/5 2512/29/5 2527/29/5
f 2514/29/200 2513/29/200 2511/29/200 2469/29/200
f 2144/29/5 2513/29/5 2514/29/5
f 2515/29/203 2143/29/203 2144/29/203 2516/29/203
f 2143/29/4 2515/29/4 2469/29/4
f 2520/29/4 2522/29/4 2519/29/4 2517/29/4
f 2524/29/271 2489/29/271 2519/29/271 2522/29/271
f 2489/29/5 2524/29/5 2518/29/5
f 2522/29/200 2525/29/200 2526/29/200 2524/29/200
f 2518/29/205 2521/29/205 2520/29/205
f 2525/29/4 2522/29/4 2523/29/4
f 2151/29/206 2527/29/206 2508/29/206 2523/29/206
f 2526/29/5 2527/29/5 2151/29/5
f 2518/29/5 2565/29/5 2529/29/5 2486/29/5
f 2565/29/207 2518/29/207 2528/29/207
f 2486/29/160 2529/29/160 2114/29/160 2530/29/160
f 2135/29/4 2534/29/4 2421/29/4 2532/29/4
f 2528/29/4 2517/29/4 2530/29/4
f 2422/29/208 2531/29/208 2532/29/208
f 2533/29/209 2423/29/209 2534/29/209 2135/29/209
f 2422/29/5 2423/29/5 2533/29/5
f 2535/29/210 2160/29/210 2536/29/210 2450/29/210
f 2160/29/5 2535/29/5 2537/29/5
f 2538/29/4 2171/29/4 2540/29/4 2539/29/4
f 2159/29/211 2537/29/211 2157/29/211
f 2158/29/4 2157/29/4 2536/29/4
f 2539/29/212 2540/29/212 2541/29/212 2595/29/212
f 2547/29/5 2595/29/5 2541/29/5 2542/29/5
f 2547/29/178 2542/29/178 2171/29/178 2538/29/178
f 2214/29/4 2538/29/4 2545/29/4 2121/29/4
f 2121/29/213 2545/29/213 2546/29/213 2543/29/213
f 2544/29/5 2543/29/5 2546/29/5 2547/29/5
f 2544/29/214 2547/29/214 2538/29/214 2214/29/214
f 2177/29/4 2550/29/4 2551/29/4 2608/29/4
f 2608/29/215 2551/29/215 2619/29/215 2548/29/215
f 2549/29/5 2548/29/5 2619/29/5 2552/29/5
f 2549/29/216 2552/29/216 2550/29/216 2177/29/216
f 2555/29/217 2141/29/217 2554/29/217 2145/29/217
f 2141/29/5 2555/29/5 2553/29/5
f 2556/29/218 2501/29/218 2553/29/218 2557/29/218
f 2145/29/4 2501/29/4 2556/29/4
f 2558/29/4 2509/29/4 2559/29/4 2147/29/4
f 2558/29/219 2147/29/219 2148/29/219 2146/29/219
f 2146/29/5 2148/29/5 2149/29/5 2512/29/5
f 2512/29/272 2149/29/272 2559/29/272 2509/29/272
f 2560/29/221 2520/29/221 2521/29/221 2561/29/221
f 2562/29/4 2520/29/4 2560/29/4
f 2563/29/219 2150/29/219 2562/29/219 2564/29/219
f 2150/29/5 2563/29/5 2561/29/5
f 2153/29/5 2565/29/5 2561/29/5 2563/29/5
f 2561/29/222 2565/29/222 2560/29/222
f 2153/29/59 2563/29/59 2564/29/59 2152/29/59
f 2571/29/4 2568/29/4 2566/29/4 2205/29/4
f 2152/29/4 2560/29/4 2528/29/4
f 2205/29/223 2566/29/223 2567/29/223 2569/29/223
f 2570/29/5 2569/29/5 2567/29/5 2623/29/5
f 2570/29/84 2623/29/84 2568/29/84 2571/29/84
f 2589/29/4 2575/29/4 2576/29/4 2572/29/4
f 2572/29/224 2576/29/224 2578/29/224 2573/29/224
f 2574/29/5 2573/29/5 2578/29/5 2610/29/5
f 2574/29/225 2610/29/225 2575/29/225 2589/29/225
f 2579/29/226 2606/29/226 2577/29/226 2580/29/226
f 2576/29/4 2606/29/4 2579/29/4
f 2581/29/227 2578/29/227 2576/29/227 2620/29/227
f 2578/29/5 2581/29/5 2580/29/5
f 2624/29/4 2614/29/4 2585/29/4 2582/29/4
f 2582/29/228 2585/29/228 2586/29/228 2583/29/228
f 2583/29/5 2586/29/5 2587/29/5 2584/29/5
f 2584/29/229 2587/29/229 2614/29/229 2624/29/229
f 2588/29/226 2574/29/226 2589/29/226 2602/29/226
f 2574/29/5 2588/29/5 2586/29/5
f 2585/29/227 2572/29/227 2573/29/227 2586/29/227
f 2589/29/4 2572/29/4 2585/29/4
f 2592/29/4 2625/29/4 2621/29/4 2120/29/4
f 2592/29/230 2120/29/230 2590/29/230 2593/29/230
f 2593/29/5 2590/29/5 2591/29/5 2594/29/5
f 2594/29/231 2591/29/231 2621/29/231 2625/29/231
f 2618/29/4 2596/29/4 2539/29/4 2597/29/4
f 2598/29/232 2626/29/232 2596/29/232 2618/29/232
f 2626/29/5 2598/29/5 2595/29/5
f 2604/29/5 2603/29/5 2601/29/5 2588/29/5
f 2595/29/233 2599/29/233 2597/29/233
f 2601/29/234 2603/29/234 2600/29/234
f 2604/29/116 2588/29/116 2602/29/116 2605/29/116
f 2611/29/4 2607/29/4 2608/29/4 2606/29/4
f 2600/29/4 2202/29/4 2605/29/4
f 2606/29/116 2608/29/116 2548/29/116 2577/29/116
f 2612/29/5 2577/29/5 2548/29/5 2193/29/5
f 2612/29/235 2193/29/235 2607/29/235 2611/29/235
f 2610/29/200 2604/29/200 2605/29/200 2575/29/200
f 2604/29/5 2610/29/5 2609/29/5
f 2611/29/86 2186/29/86 2609/29/86 2612/29/86
f 2575/29/4 2186/29/4 2611/29/4
f 2600/29/4 2614/29/4 2571/29/4 2198/29/4
f 2600/29/236 2198/29/236 2613/29/236 2601/29/236
f 2601/29/5 2613/29/5 2570/29/5 2587/29/5
f 2587/29/237 2570/29/237 2571/29/237 2614/29/237
f 2616/29/5 2599/29/5 2598/29/5 2617/29/5
f 2123/29/4 2597/29/4 2615/29/4
f 2599/29/273 2616/29/273 2597/29/273
f 2617/29/239 2598/29/239 2618/29/239 2123/29/239
f 2551/29/240 2579/29/240 2580/29/240 2619/29/240
f 2579/29/4 2551/29/4 2620/29/4
f 2591/29/224 2581/29/224 2620/29/224 2621/29/224
f 2619/29/5 2581/29/5 2591/29/5
f 2623/29/241 2584/29/241 2624/29/241 2568/29/241
f 2583/29/242 2622/29/242 2582/29/242
f 2583/29/5 2584/29/5 2623/29/5
f 2593/29/243 2546/29/243 2592/29/243
f 2625/29/244 2596/29/244 2594/29/244
f 2596/29/4 2592/29/4 2545/29/4
f 2546/29/5 2594/29/5 2626/29/5
f 2696/29/5 2698/29/5 2695/29/5
f 2648/29/4 2694/29/4 2649/29/4
f 2691/29/4 2900/29/4 2764/29/4
f 2690/29/5 2689/29/5 2817/29/5
f 2687/29/4 2981/29/4 2844/29/4
f 2898/29/5 2686/29/5 2685/29/5
f 2683/29/4 3058/29/4 2925/29/4
f 2979/29/5 2682/29/5 2681/29/5
f 3005/29/4 2679/29/4 2678/29/4
f 2678/29/6 3059/29/6 2640/29/6
f 2774/29/5 2775/29/5 2812/29/5
f 2833/29/4 2820/29/4 2788/29/4
f 2775/29/5 2777/29/5 2812/29/5
f 2787/29/4 2833/29/4 2788/29/4
f 2811/29/4 2776/29/4 2825/29/4
f 2813/29/4 2776/29/4 2811/29/4
f 2789/29/5 2834/29/5 2790/29/5
f 2834/29/5 2835/29/5 2790/29/5
f 2797/29/5 2796/29/5 2827/29/5
f 2796/29/5 2798/29/5 2827/29/5
f 2805/29/5 2804/29/5 2837/29/5
f 2826/29/4 2795/29/4 2843/29/4
f 2828/29/4 2795/29/4 2826/29/4
f 2804/29/5 2806/29/5 2837/29/5
f 2836/29/4 2803/29/4 2851/29/4
f 2838/29/4 2803/29/4 2836/29/4
f 2898/29/5 2808/29/5 2846/29/5
f 2845/29/4 2687/29/4 2844/29/4
f 2665/29/4 3080/29/4 2667/29/4
f 3079/29/5 3077/29/5 2666/29/5
f 3025/29/4 3076/29/4 3020/29/4
f 3020/29/7 2662/29/7 2664/29/7
f 2655/29/4 2942/29/4 2654/29/4
f 2863/29/5 2864/29/5 2977/29/5
f 2782/29/5 2860/29/5 2653/29/5
f 2781/29/4 2861/29/4 2652/29/4
f 2698/29/5 2650/29/5 2815/29/5
f 2697/29/4 2651/29/4 2649/29/4
f 2634/29/5 2647/29/5 2734/29/5
f 2633/29/4 2648/29/4 2646/29/4
f 3065/29/8 2642/29/8 2643/29/8
f 2642/29/4 3072/29/4 2641/29/4
f 2934/29/4 2903/29/4 2902/29/4
f 2744/29/5 2742/29/5 2740/29/5
f 3090/29/4 3104/29/4 3088/29/4
f 2942/29/4 2655/29/4 2940/29/4
f 2656/29/5 2941/29/5 2978/29/5
f 3059/29/5 2971/29/5 3006/29/5
f 2675/29/5 2676/29/5 3087/29/5
f 2764/29/4 2726/29/4 2691/29/4
f 2925/29/4 2890/29/4 2683/29/4
f 2845/29/4 2809/29/4 2687/29/4
f 3145/29/5 3089/29/5 3144/29/5
f 2764/29/4 2765/29/4 2726/29/4
f 2925/29/4 2926/29/4 2890/29/4
f 2977/29/5 2656/29/5 2978/29/5
f 3057/29/5 2971/29/5 3059/29/5
f 2676/29/5 3051/29/5 3087/29/5
f 2655/29/4 3019/29/4 2940/29/4
f 2701/29/4 2741/29/4 2702/29/4
f 2704/29/5 2703/29/5 2705/29/5
f 2702/29/9 2704/29/9 2706/29/9
f 2711/29/4 2746/29/4 2713/29/4
f 2715/29/5 2716/29/5 2714/29/5
f 2720/29/10 2719/29/10 3135/29/10
f 2717/29/4 2722/29/4 2720/29/4
f 2718/29/5 2719/29/5 2721/29/5
f 2707/29/4 2722/29/4 2756/29/4
f 2709/29/5 2719/29/5 3125/29/5
f 3144/29/11 2728/29/11 3104/29/11
f 3088/29/12 2729/29/12 3089/29/12
f 2728/29/4 2819/29/4 3088/29/4
f 2778/29/4 2732/29/4 2730/29/4
f 2734/29/5 2735/29/5 2692/29/5
f 2738/29/5 2706/29/5 3066/29/5
f 2737/29/4 2702/29/4 2745/29/4
f 2741/29/258 2740/29/258 2704/29/258
f 2752/29/5 2740/29/5 2742/29/5
f 2743/29/4 2773/29/4 2745/29/4
f 2744/29/5 2739/29/5 2731/29/5
f 2750/29/5 2748/29/5 2752/29/5
f 2700/29/259 2753/29/259 2748/29/259
f 2755/29/5 2723/29/5 2757/29/5
f 2756/29/4 2807/29/4 2759/29/4
f 2766/29/5 2725/29/5 2768/29/5
f 2810/29/15 2766/29/15 2769/29/15
f 2801/29/4 2771/29/4 2767/29/4
f 2770/29/5 2721/29/5 2755/29/5
f 2772/29/4 2776/29/4 2773/29/4
f 2744/29/5 2775/29/5 2774/29/5
f 2774/29/16 2825/29/16 2772/29/16
f 2813/29/4 2778/29/4 2776/29/4
f 2777/29/5 2735/29/5 2695/29/5
f 2820/29/4 2791/29/4 2788/29/4
f 2742/29/5 2744/29/5 2789/29/5
f 2784/29/4 2795/29/4 2828/29/4
f 2786/29/5 2796/29/5 2747/29/5
f 2804/29/5 2802/29/5 2770/29/5
f 2804/29/17 2801/29/17 2803/29/17
f 2803/29/4 2800/29/4 2851/29/4
f 2838/29/18 2806/29/18 2794/29/18
f 2792/29/4 2803/29/4 2838/29/4
f 2757/29/5 2794/29/5 2804/29/5
f 2859/29/4 2813/29/4 2811/29/4
f 2816/29/5 2777/29/5 2815/29/5
f 2820/29/4 2833/29/4 2870/29/4
f 2823/29/5 2789/29/5 2822/29/5
f 2774/29/5 2824/29/5 2822/29/5
f 2825/29/4 2855/29/4 2811/29/4
f 2830/29/19 2835/29/19 2832/29/19
f 2833/29/4 2787/29/4 2830/29/4
f 2806/29/5 2839/29/5 2837/29/5
f 2888/29/4 2841/29/4 2838/29/4
f 2846/29/5 2808/29/5 2848/29/5
f 2891/29/20 2846/29/20 2849/29/20
f 2850/29/21 2836/29/21 2883/29/21
f 2848/29/5 2837/29/5 2850/29/5
f 2847/29/4 2836/29/4 2851/29/4
f 2853/29/5 2824/29/5 2854/29/5
f 2855/29/4 2852/29/4 2857/29/4
f 2854/29/22 2906/29/22 2852/29/22
f 2895/29/4 2859/29/4 2857/29/4
f 2816/29/5 2780/29/5 2858/29/5
f 2873/29/4 2874/29/4 2871/29/4
f 2924/29/5 2842/29/5 2877/29/5
f 2883/29/4 2881/29/4 2932/29/4
f 2885/29/5 2886/29/5 2850/29/5
f 2871/29/4 2884/29/4 2917/29/4
f 2871/29/23 2887/29/23 2872/29/23
f 2872/29/5 2885/29/5 2839/29/5
f 2889/29/5 2980/29/5 2882/29/5
f 2881/29/4 2891/29/4 2890/29/4
f 2895/29/4 2892/29/4 2894/29/4
f 2653/29/245 2895/29/245 2896/29/245
f 2914/29/5 2868/29/5 2905/29/5
f 2903/29/4 2912/29/4 2902/29/4
f 2892/29/4 2903/29/4 2934/29/4
f 2905/29/25 2903/29/25 2906/29/25
f 2854/29/5 2893/29/5 2905/29/5
f 2923/29/5 2876/29/5 2910/29/5
f 2909/29/4 2922/29/4 2908/29/4
f 2915/29/4 2920/29/4 2917/29/4
f 2887/29/5 2918/29/5 2916/29/5
f 2920/29/26 2919/29/26 2887/29/26
f 2919/29/5 2923/29/5 2921/29/5
f 2922/29/4 2873/29/4 2920/29/4
f 2964/29/4 2932/29/4 2928/29/4
f 2931/29/5 2886/29/5 2916/29/5
f 2904/29/5 2933/29/5 2951/29/5
f 2934/29/4 2987/29/4 2936/29/4
f 2935/29/5 2939/29/5 2937/29/5
f 2938/29/4 2894/29/4 2936/29/4
f 2942/29/4 2940/29/4 3056/29/4
f 2941/29/5 2656/29/5 2944/29/5
f 3056/29/27 2945/29/27 2656/29/27
f 2953/29/4 2958/29/4 2955/29/4
f 2956/29/5 2957/29/5 2954/29/5
f 2956/29/5 2961/29/5 2959/29/5
f 2958/29/4 2960/29/4 2908/29/4
f 2931/29/28 2964/29/28 2966/29/28
f 2966/29/4 2963/29/4 3012/29/4
f 2968/29/5 2931/29/5 2967/29/5
f 2999/29/4 2970/29/4 2966/29/4
f 2970/29/29 2918/29/29 2967/29/29
f 2971/29/5 3057/29/5 2965/29/5
f 2972/29/30 2930/29/30 3057/29/30
f 2963/29/4 2973/29/4 2972/29/4
f 2974/29/31 2975/29/31 2978/29/31
f 2977/29/32 2976/29/32 2655/29/32
f 2980/29/5 2979/29/5 2685/29/5
f 2981/29/4 2684/29/4 2890/29/4
f 2985/29/5 2997/29/5 2949/29/5
f 2985/29/24 2982/29/24 2983/29/24
f 2993/29/5 2990/29/5 2959/29/5
f 2992/29/4 2988/29/4 2991/29/4
f 3011/29/260 2998/29/260 3041/29/260
f 2998/29/4 3012/29/4 3010/29/4
f 2968/29/5 3000/29/5 3011/29/5
f 3014/29/4 3027/29/4 3013/29/4
f 3016/29/5 2986/29/5 3018/29/5
f 3013/29/34 3016/29/34 2662/29/34
f 3020/29/4 3021/29/4 3013/29/4
f 2661/29/5 2662/29/5 2659/29/5
f 2984/29/5 2664/29/5 3026/29/5
f 3028/29/4 3025/29/4 3027/29/4
f 3031/29/4 3032/29/4 3030/29/4
f 3031/29/35 3049/29/35 3034/29/35
f 2665/29/4 2991/29/4 3033/29/4
f 2666/29/5 3036/29/5 3038/29/5
f 3040/29/36 3042/29/36 3039/29/36
f 3040/29/5 3046/29/5 3043/29/5
f 3048/29/5 2673/29/5 3046/29/5
f 3047/29/4 3045/29/4 3030/29/4
f 3050/29/4 3052/29/4 2636/29/4
f 3040/29/37 3039/29/37 3050/29/37
f 3055/29/5 3053/29/5 2944/29/5
f 2944/29/38 3054/29/38 2943/29/38
f 3058/29/4 2679/29/4 2972/29/4
f 2682/29/5 3059/29/5 2681/29/5
f 2681/29/39 2679/29/39 2680/29/39
f 3076/29/4 3023/29/4 2667/29/4
f 3077/29/5 3079/29/5 3075/29/5
f 2672/29/5 3083/29/5 3043/29/5
f 3084/29/4 3082/29/4 3086/29/4
f 3082/29/4 2674/29/4 3086/29/4
f 3087/29/40 3050/29/40 3082/29/40
f 3100/29/5 3102/29/5 3099/29/5
f 3098/29/4 3101/29/4 3142/29/4
f 3111/29/4 3107/29/4 3124/29/4
f 3096/29/5 3108/29/5 3095/29/5
f 3117/29/41 3119/29/41 3061/29/41
f 3120/29/5 3121/29/5 3117/29/5
f 3122/29/4 3127/29/4 3124/29/4
f 3125/29/42 2724/29/42 3122/29/42
f 3127/29/4 2708/29/4 3097/29/4
f 3132/29/5 3134/29/5 3131/29/5
f 3138/29/43 3137/29/43 3119/29/43
f 3140/29/4 3119/29/4 2645/29/4
f 3102/29/5 3103/29/5 3141/29/5
f 3073/29/4 3143/29/4 3142/29/4
f 3105/29/5 3145/29/5 3144/29/5
f 3104/29/4 3090/29/4 3146/29/4
f 3115/29/5 3116/29/5 3068/29/5
f 3114/29/4 3118/29/4 3147/29/4
f 3068/29/44 3067/29/44 3114/29/44
f 3118/29/45 3148/29/45 3116/29/45
f 2696/29/46 2647/29/46 2648/29/46 2649/29/46
f 2649/29/4 2694/29/4 2697/29/4
f 3064/29/47 2738/29/47 2737/29/47 2693/29/47
f 2647/29/5 2696/29/5 2695/29/5
f 2631/29/5 2692/29/5 2738/29/5 3064/29/5
f 2630/29/48 2732/29/48 2692/29/48 2631/29/48
f 2693/29/4 2737/29/4 2732/29/4 2630/29/4
f 2690/29/49 2766/29/49 2764/29/49 2900/29/49
f 2688/29/50 2691/29/50 2817/29/50 2689/29/50
f 2817/29/5 2766/29/5 2690/29/5
f 2686/29/49 2846/29/49 2844/29/49 2981/29/49
f 2691/29/4 2688/29/4 2900/29/4
f 2684/29/51 2687/29/51 2898/29/51 2685/29/51
f 2898/29/5 2846/29/5 2686/29/5
f 2682/29/52 2927/29/52 2925/29/52 3058/29/52
f 2687/29/4 2684/29/4 2981/29/4
f 2680/29/53 2683/29/53 2979/29/53 2681/29/53
f 2927/29/5 2682/29/5 2979/29/5
f 3006/29/5 2639/29/5 2640/29/5 3059/29/5
f 2683/29/4 2680/29/4 3058/29/4
f 2678/29/54 2679/29/54 3059/29/54
f 3005/29/55 2638/29/55 2639/29/55 3006/29/55
f 2676/29/56 2629/29/56 2677/29/56 2637/29/56
f 2638/29/4 3005/29/4 2678/29/4
f 2675/29/5 2628/29/5 2629/29/5 2676/29/5
f 2674/29/57 2627/29/57 2628/29/57 2675/29/57
f 2637/29/4 2677/29/4 2627/29/4 2674/29/4
f 2671/29/58 2673/29/58 3045/29/58 3081/29/58
f 2671/29/5 2670/29/5 2672/29/5 2673/29/5
f 2669/29/59 3084/29/59 2672/29/59 2670/29/59
f 3081/29/4 3045/29/4 3084/29/4 2669/29/4
f 2668/29/59 3077/29/59 2667/29/59 3080/29/59
f 2665/29/60 3078/29/60 3079/29/60 2666/29/60
f 2666/29/5 3077/29/5 2668/29/5
f 2662/29/5 2661/29/5 2663/29/5 2664/29/5
f 3078/29/4 2665/29/4 2667/29/4
f 3025/29/61 3020/29/61 2664/29/61
f 2660/29/62 3076/29/62 2663/29/62 2661/29/62
f 2659/29/63 3055/29/63 2657/29/63 3021/29/63
f 3076/29/4 2660/29/4 3020/29/4
f 2658/29/5 3053/29/5 3055/29/5 2659/29/5
f 3017/29/64 3054/29/64 3053/29/64 2658/29/64
f 3017/29/4 3021/29/4 2657/29/4 3054/29/4
f 2656/29/65 2864/29/65 2654/29/65 2942/29/65
f 2655/29/246 2862/29/246 2863/29/246 2977/29/246
f 2977/29/5 2864/29/5 2656/29/5
f 2896/29/67 2781/29/67 2782/29/67 2653/29/67
f 2862/29/4 2655/29/4 2654/29/4
f 2860/29/68 2783/29/68 2652/29/68 2861/29/68
f 2781/29/4 2896/29/4 2861/29/4
f 2814/29/69 2697/29/69 2698/29/69 2815/29/69
f 2782/29/5 2783/29/5 2860/29/5
f 2650/29/68 2696/29/68 2649/29/68 2651/29/68
f 2697/29/4 2814/29/4 2651/29/4
f 2733/29/69 2633/29/69 2634/29/69 2734/29/69
f 2698/29/5 2696/29/5 2650/29/5
f 2647/29/68 2635/29/68 2646/29/68 2648/29/68
f 2633/29/4 2733/29/4 2648/29/4
f 2644/29/265 3139/29/265 2645/29/265 2632/29/265
f 2634/29/5 2635/29/5 2647/29/5
f 3063/29/5 3138/29/5 3139/29/5 2644/29/5
f 3062/29/275 3137/29/275 3138/29/275 3063/29/275
f 2632/29/4 2645/29/4 3137/29/4 3062/29/4
f 3074/29/73 2705/29/73 2641/29/73 3072/29/73
f 2643/29/4 2642/29/4 2641/29/4
f 3074/29/5 3112/29/5 3065/29/5 2705/29/5
f 2640/29/74 2676/29/74 2637/29/74 2678/29/74
f 3065/29/276 3112/29/276 2642/29/276
f 2640/29/5 2639/29/5 3051/29/5 2676/29/5
f 2638/29/76 2636/29/76 3051/29/76 2639/29/76
f 2678/29/4 2637/29/4 2636/29/4 2638/29/4
f 2635/29/277 2644/29/277 2632/29/277 2646/29/277
f 2634/29/5 2631/29/5 2644/29/5 2635/29/5
f 2633/29/78 2630/29/78 2631/29/78 2634/29/78
f 2633/29/4 2646/29/4 2632/29/4 2630/29/4
f 2906/29/4 2892/29/4 2895/29/4 2857/29/4
f 3002/29/4 3047/29/4 3030/29/4 3032/29/4
f 3065/29/5 3066/29/5 2706/29/5 2705/29/5
f 2948/29/4 2947/29/4 2995/29/4 2982/29/4
f 2643/29/4 2641/29/4 2702/29/4 2736/29/4
f 2983/29/4 3028/29/4 3027/29/4 3014/29/4
f 2854/29/5 2856/29/5 2858/29/5 2893/29/5
f 2985/29/5 2986/29/5 3029/29/5 2984/29/5
f 2677/29/79 2629/29/79 2628/29/79 2627/29/79
f 2950/29/5 2949/29/5 2997/29/5 2996/29/5
f 3001/29/5 3003/29/5 3049/29/5 3048/29/5
f 2988/29/4 2989/29/4 2958/29/4 3004/29/4
f 2992/29/4 2991/29/4 3037/29/4 3022/29/4
f 2832/29/5 2831/29/5 2879/29/5 2880/29/5
f 2990/29/5 2957/29/5 2956/29/5 2959/29/5
f 2993/29/5 2994/29/5 3038/29/5 3036/29/5
f 2754/29/4 2756/29/4 2722/29/4 2771/29/4
f 2839/29/5 2840/29/5 2842/29/5 2872/29/5
f 2757/29/5 2758/29/5 2760/29/5 2794/29/5
f 2998/29/4 2999/29/4 2966/29/4 3012/29/4
f 3113/29/5 3112/29/5 3074/29/5 3141/29/5
f 2830/29/4 2829/29/4 2878/29/4 2865/29/4
f 2799/29/4 2784/29/4 2785/29/4 2749/29/4
f 2871/29/4 2874/29/4 2841/29/4 2888/29/4
f 2747/29/5 2748/29/5 2750/29/5 2786/29/5
f 2807/29/4 2792/29/4 2793/29/4 2759/29/4
f 2769/29/5 2768/29/5 2770/29/5 2802/29/5
f 2933/29/5 2935/29/5 2937/29/5 2975/29/5
f 2973/29/4 2963/29/4 2964/29/4 2928/29/4
f 2711/29/4 2710/29/4 2761/29/4 2746/29/4
f 3000/29/5 2968/29/5 2967/29/5 2969/29/5
f 2714/29/5 2712/29/5 2762/29/5 2763/29/5
f 2709/29/5 3125/29/5 3126/29/5 3131/29/5
f 2849/29/5 2848/29/5 2850/29/5 2882/29/5
f 2707/29/4 2708/29/4 3127/29/4 2724/29/4
f 3122/29/4 3124/29/4 3107/29/4 3136/29/4
f 3091/29/5 3092/29/5 3135/29/5 2718/29/5
f 2791/29/4 2772/29/4 2773/29/4 2743/29/4
f 2739/29/5 2738/29/5 2692/29/5 2731/29/5
f 2910/29/5 2911/29/5 2961/29/5 2962/29/5
f 2954/29/5 2918/29/5 2919/29/5 2921/29/5
f 2953/29/4 2955/29/4 2920/29/4 2970/29/4
f 2930/29/5 2929/29/5 2931/29/5 2965/29/5
f 2631/29/5 3064/29/5 3063/29/5 2644/29/5
f 2823/29/5 2822/29/5 2824/29/5 2853/29/5
f 2870/29/4 2852/29/4 2855/29/4 2821/29/4
f 2755/29/5 2721/29/5 2719/29/5 2723/29/5
f 3070/29/5 3071/29/5 2716/29/5 2715/29/5
f 3123/29/5 3109/29/5 3108/29/5 3110/29/5
f 2905/29/5 2904/29/5 2951/29/5 2952/29/5
f 2909/29/4 2908/29/4 2960/29/4 2946/29/4
f 3130/29/4 3129/29/4 2713/29/4 2699/29/4
f 3098/29/4 3097/29/4 3133/29/4 3128/29/4
f 2875/29/4 2873/29/4 2922/29/4 2907/29/4
f 2877/29/5 2876/29/5 2923/29/5 2924/29/5
f 3100/29/5 3099/29/5 3134/29/5 3132/29/5
f 2810/29/4 2800/29/4 2801/29/4 2767/29/4
f 2701/29/4 2700/29/4 2751/29/4 2741/29/4
f 2987/29/4 2974/29/4 2976/29/4 2936/29/4
f 3143/29/4 3073/29/4 3072/29/4 2642/29/4
f 2891/29/4 2881/29/4 2883/29/4 2847/29/4
f 2867/29/4 2866/29/4 2912/29/4 2901/29/4
f 2727/29/4 2717/29/4 2720/29/4 3093/29/4
f 2730/29/4 2732/29/4 2737/29/4 2745/29/4
f 2703/29/5 2704/29/5 2752/29/5 2753/29/5
f 2869/29/5 2868/29/5 2914/29/5 2913/29/5
f 3040/29/5 3008/29/5 3009/29/5 3011/29/5
f 2630/29/4 2632/29/4 3062/29/4 2693/29/4
f 3039/29/4 3041/29/4 3010/29/4 3052/29/4
f 2915/29/4 2917/29/4 2884/29/4 2932/29/4
f 3148/29/5 3117/29/5 3069/29/5 3068/29/5
f 2916/29/5 2886/29/5 2885/29/5 2887/29/5
f 3118/29/4 3067/29/4 3060/29/4 3061/29/4
f 3050/29/4 2636/29/4 2637/29/4 2674/29/4
f 3024/29/4 3023/29/4 3076/29/4 3025/29/4
f 3026/29/5 2664/29/5 2663/29/5 3075/29/5
f 2679/29/4 3005/29/4 3007/29/4 2972/29/4
f 3033/29/4 3031/29/4 3080/29/4 2665/29/4
f 3035/29/5 2666/29/5 2668/29/5 3034/29/5
f 3015/29/4 3013/29/4 3021/29/4 3017/29/4
f 3018/29/5 2658/29/5 2659/29/5 3016/29/5
f 3044/29/4 3042/29/4 3084/29/4 3045/29/4
f 2650/29/5 2780/29/5 2816/29/5 2815/29/5
f 2859/29/4 2779/29/4 2651/29/4 2814/29/4
f 2647/29/5 2695/29/5 2735/29/5 2734/29/5
f 2778/29/4 2694/29/4 2648/29/4 2733/29/4
f 2938/29/4 2861/29/4 2896/29/4 2894/29/4
f 3046/29/5 2673/29/5 2672/29/5 3043/29/5
f 2817/29/5 2818/29/5 2725/29/5 2766/29/5
f 2979/29/5 2980/29/5 2889/29/5 2927/29/5
f 2653/29/5 2860/29/5 2939/29/5 2897/29/5
f 2699/29/4 2713/29/4 2700/29/4 2701/29/4
f 2898/29/5 2899/29/5 2808/29/5
f 2699/29/80 2701/29/80 2703/29/80 3071/29/80
f 3071/29/5 2703/29/5 2753/29/5 2716/29/5
f 2716/29/81 2753/29/81 2700/29/81 2713/29/81
f 2701/29/82 2641/29/82 2705/29/82 2703/29/82
f 2702/29/83 2741/29/83 2704/29/83
f 2641/29/4 2701/29/4 2702/29/4
f 2707/29/4 2710/29/4 2711/29/4 2708/29/4
f 2705/29/5 2706/29/5 2704/29/5
f 2708/29/84 2711/29/84 2714/29/84 3131/29/84
f 2709/29/5 3131/29/5 2714/29/5 2763/29/5
f 2709/29/85 2763/29/85 2710/29/85 2707/29/85
f 2712/29/86 2716/29/86 2713/29/86 2746/29/86
f 2714/29/5 2716/29/5 2712/29/5
f 2711/29/87 3129/29/87 2715/29/87 2714/29/87
f 3129/29/4 2711/29/4 2713/29/4
f 2771/29/88 2717/29/88 2718/29/88 2721/29/88
f 3135/29/5 2719/29/5 2718/29/5
f 2720/29/89 2722/29/89 2719/29/89
f 2717/29/4 2771/29/4 2722/29/4
f 2723/29/90 2709/29/90 2707/29/90 2756/29/90
f 2709/29/5 2723/29/5 2719/29/5
f 2722/29/91 2724/29/91 3125/29/91 2719/29/91
f 2707/29/4 2724/29/4 2722/29/4
f 2727/29/4 2726/29/4 2765/29/4 2717/29/4
f 2717/29/92 2765/29/92 2725/29/92 2718/29/92
f 3091/29/5 2718/29/5 2725/29/5 2818/29/5
f 3091/29/278 2818/29/278 2726/29/278 2727/29/278
f 2731/29/94 2735/29/94 2778/29/94 2730/29/94
f 3088/29/4 3104/29/4 2728/29/4
f 3089/29/5 2729/29/5 3144/29/5
f 3088/29/95 2819/29/95 2729/29/95
f 2735/29/5 2731/29/5 2692/29/5
f 2732/29/84 2733/29/84 2734/29/84 2692/29/84
f 2733/29/4 2732/29/4 2778/29/4
f 2736/29/96 2737/29/96 2738/29/96 3066/29/96
f 2737/29/4 2736/29/4 2702/29/4
f 2706/29/97 2739/29/97 2745/29/97 2702/29/97
f 2738/29/5 2739/29/5 2706/29/5
f 2743/29/4 2741/29/4 2751/29/4 2791/29/4
f 2752/29/5 2704/29/5 2740/29/5
f 2791/29/98 2751/29/98 2752/29/98 2742/29/98
f 2739/29/99 2740/29/99 2743/29/99 2745/29/99
f 2741/29/100 2743/29/100 2740/29/100
f 2740/29/5 2739/29/5 2744/29/5
f 2730/29/101 2773/29/101 2744/29/101 2731/29/101
f 2773/29/4 2730/29/4 2745/29/4
f 2749/29/4 2746/29/4 2761/29/4 2799/29/4
f 2799/29/102 2761/29/102 2762/29/102 2747/29/102
f 2748/29/5 2747/29/5 2762/29/5 2712/29/5
f 2748/29/103 2712/29/103 2746/29/103 2749/29/103
f 2700/29/4 2749/29/4 2785/29/4 2751/29/4
f 2751/29/104 2785/29/104 2750/29/104 2752/29/104
f 2807/29/105 2754/29/105 2755/29/105 2757/29/105
f 2749/29/106 2700/29/106 2748/29/106
f 2752/29/5 2748/29/5 2753/29/5
f 2754/29/4 2807/29/4 2756/29/4
f 2758/29/107 2723/29/107 2756/29/107 2759/29/107
f 2723/29/5 2758/29/5 2757/29/5
f 2710/29/4 2759/29/4 2793/29/4 2761/29/4
f 2761/29/104 2793/29/104 2760/29/104 2762/29/104
f 2763/29/5 2762/29/5 2760/29/5 2758/29/5
f 2763/29/108 2758/29/108 2759/29/108 2710/29/108
f 2765/29/4 2764/29/4 2810/29/4 2767/29/4
f 2765/29/109 2767/29/109 2768/29/109 2725/29/109
f 2721/29/110 2768/29/110 2767/29/110 2771/29/110
f 2810/29/111 2764/29/111 2766/29/111
f 2769/29/5 2766/29/5 2768/29/5
f 2768/29/5 2721/29/5 2770/29/5
f 2754/29/112 2801/29/112 2770/29/112 2755/29/112
f 2801/29/4 2754/29/4 2771/29/4
f 2775/29/113 2744/29/113 2773/29/113 2776/29/113
f 2744/29/114 2774/29/114 2772/29/114
f 2735/29/47 2775/29/47 2776/29/47 2778/29/47
f 2772/29/4 2825/29/4 2776/29/4
f 2777/29/5 2775/29/5 2735/29/5
f 2694/29/104 2813/29/104 2777/29/104 2695/29/104
f 2813/29/4 2694/29/4 2778/29/4
f 2652/29/4 2651/29/4 2779/29/4 2781/29/4
f 2781/29/247 2779/29/247 2780/29/247 2782/29/247
f 2783/29/5 2782/29/5 2780/29/5 2650/29/5
f 2783/29/46 2650/29/46 2651/29/46 2652/29/46
f 2785/29/4 2784/29/4 2787/29/4 2788/29/4
f 2785/29/116 2788/29/116 2790/29/116 2750/29/116
f 2750/29/5 2790/29/5 2835/29/5 2786/29/5
f 2786/29/117 2835/29/117 2787/29/117 2784/29/117
f 2742/29/118 2790/29/118 2788/29/118 2791/29/118
f 2790/29/5 2742/29/5 2789/29/5
f 2772/29/119 2820/29/119 2789/29/119 2744/29/119
f 2791/29/4 2820/29/4 2772/29/4
f 2793/29/4 2792/29/4 2843/29/4 2795/29/4
f 2793/29/84 2795/29/84 2796/29/84 2760/29/84
f 2760/29/5 2796/29/5 2797/29/5 2794/29/5
f 2794/29/120 2797/29/120 2843/29/120 2792/29/120
f 2798/29/104 2786/29/104 2784/29/104 2828/29/104
f 2786/29/5 2798/29/5 2796/29/5
f 2795/29/87 2799/29/87 2747/29/87 2796/29/87
f 2799/29/4 2795/29/4 2784/29/4
f 2802/29/85 2805/29/85 2851/29/85 2800/29/85
f 2804/29/121 2770/29/121 2801/29/121
f 2803/29/4 2801/29/4 2800/29/4
f 2804/29/5 2805/29/5 2802/29/5
f 2803/29/122 2807/29/122 2757/29/122 2804/29/122
f 2794/29/5 2806/29/5 2804/29/5
f 2792/29/248 2838/29/248 2794/29/248
f 2807/29/4 2803/29/4 2792/29/4
f 2810/29/4 2809/29/4 2845/29/4 2800/29/4
f 2800/29/92 2845/29/92 2808/29/92 2802/29/92
f 2769/29/5 2802/29/5 2808/29/5 2899/29/5
f 2769/29/124 2899/29/124 2809/29/124 2810/29/124
f 2812/29/94 2816/29/94 2859/29/94 2811/29/94
f 2816/29/5 2812/29/5 2777/29/5
f 2813/29/125 2814/29/125 2815/29/125 2777/29/125
f 2859/29/4 2814/29/4 2813/29/4
f 2691/29/4 2726/29/4 2819/29/4 2728/29/4
f 2691/29/126 2728/29/126 3144/29/126 2817/29/126
f 2817/29/5 3144/29/5 2729/29/5 2818/29/5
f 2818/29/127 2729/29/127 2819/29/127 2726/29/127
f 2834/29/98 2823/29/98 2870/29/98 2833/29/98
f 2789/29/5 2823/29/5 2834/29/5
f 2820/29/128 2821/29/128 2822/29/128 2789/29/128
f 2821/29/4 2820/29/4 2870/29/4
f 2821/29/129 2825/29/129 2774/29/129 2822/29/129
f 2825/29/4 2821/29/4 2855/29/4
f 2824/29/130 2812/29/130 2811/29/130 2855/29/130
f 2774/29/5 2812/29/5 2824/29/5
f 2829/29/4 2830/29/4 2828/29/4 2826/29/4
f 2829/29/98 2826/29/98 2827/29/98 2880/29/98
f 2880/29/5 2827/29/5 2798/29/5 2832/29/5
f 2832/29/131 2798/29/131 2828/29/131 2830/29/131
f 2833/29/132 2865/29/132 2831/29/132 2834/29/132
f 2865/29/4 2833/29/4 2830/29/4
f 2835/29/5 2834/29/5 2831/29/5 2832/29/5
f 2888/29/133 2836/29/133 2837/29/133 2839/29/133
f 2830/29/134 2787/29/134 2835/29/134
f 2836/29/4 2888/29/4 2838/29/4
f 2840/29/135 2806/29/135 2838/29/135 2841/29/135
f 2839/29/5 2806/29/5 2840/29/5
f 2843/29/4 2841/29/4 2874/29/4 2826/29/4
f 2826/29/104 2874/29/104 2842/29/104 2827/29/104
f 2797/29/5 2827/29/5 2842/29/5 2840/29/5
f 2797/29/108 2840/29/108 2841/29/108 2843/29/108
f 2845/29/4 2844/29/4 2891/29/4 2847/29/4
f 2845/29/136 2847/29/136 2848/29/136 2808/29/136
f 2805/29/108 2848/29/108 2847/29/108 2851/29/108
f 2891/29/137 2844/29/137 2846/29/137
f 2849/29/5 2846/29/5 2848/29/5
f 2847/29/4 2883/29/4 2836/29/4
f 2850/29/138 2837/29/138 2836/29/138
f 2848/29/5 2805/29/5 2837/29/5
f 2856/29/279 2824/29/279 2855/29/279 2857/29/279
f 2853/29/140 2854/29/140 2852/29/140
f 2824/29/5 2856/29/5 2854/29/5
f 2816/29/141 2856/29/141 2857/29/141 2859/29/141
f 2852/29/4 2906/29/4 2857/29/4
f 2858/29/5 2856/29/5 2816/29/5
f 2779/29/142 2895/29/142 2858/29/142 2780/29/142
f 2859/29/4 2895/29/4 2779/29/4
f 2654/29/4 2861/29/4 2938/29/4 2862/29/4
f 2862/29/78 2938/29/78 2939/29/78 2863/29/78
f 2863/29/5 2939/29/5 2860/29/5 2864/29/5
f 2864/29/46 2860/29/46 2861/29/46 2654/29/46
f 2867/29/4 2865/29/4 2878/29/4 2866/29/4
f 2866/29/143 2878/29/143 2879/29/143 2913/29/143
f 2869/29/5 2913/29/5 2879/29/5 2831/29/5
f 2869/29/144 2831/29/144 2865/29/144 2867/29/144
f 2852/29/4 2870/29/4 2867/29/4 2901/29/4
f 2852/29/145 2901/29/145 2868/29/145 2853/29/145
f 2853/29/5 2868/29/5 2869/29/5 2823/29/5
f 2823/29/108 2869/29/108 2867/29/108 2870/29/108
f 2872/29/146 2924/29/146 2873/29/146 2871/29/146
f 2924/29/5 2872/29/5 2842/29/5
f 2874/29/116 2875/29/116 2877/29/116 2842/29/116
f 2875/29/4 2874/29/4 2873/29/4
f 2878/29/4 2829/29/4 2875/29/4 2907/29/4
f 2878/29/147 2907/29/147 2876/29/147 2879/29/147
f 2879/29/5 2876/29/5 2877/29/5 2880/29/5
f 2880/29/118 2877/29/118 2875/29/118 2829/29/118
f 2882/29/85 2886/29/85 2932/29/85 2881/29/85
f 2886/29/5 2882/29/5 2850/29/5
f 2883/29/148 2884/29/148 2885/29/148 2850/29/148
f 2884/29/4 2883/29/4 2932/29/4
f 2884/29/149 2888/29/149 2839/29/149 2885/29/149
f 2871/29/150 2917/29/150 2887/29/150
f 2885/29/5 2872/29/5 2887/29/5
f 2871/29/4 2888/29/4 2884/29/4
f 2881/29/92 2926/29/92 2889/29/92 2882/29/92
f 2926/29/4 2881/29/4 2890/29/4
f 2849/29/151 2980/29/151 2890/29/151 2891/29/151
f 2882/29/5 2980/29/5 2849/29/5
f 2858/29/5 2653/29/5 2897/29/5 2893/29/5
f 2653/29/152 2858/29/152 2895/29/152
f 2893/29/153 2897/29/153 2894/29/153 2892/29/153
f 2687/29/4 2809/29/4 2900/29/4 2688/29/4
f 2896/29/4 2895/29/4 2894/29/4
f 2687/29/154 2688/29/154 2689/29/154 2898/29/154
f 2898/29/5 2689/29/5 2690/29/5 2899/29/5
f 2899/29/269 2690/29/269 2900/29/269 2809/29/269
f 2901/29/156 2903/29/156 2905/29/156 2868/29/156
f 2903/29/4 2901/29/4 2912/29/4
f 2914/29/98 2952/29/98 2902/29/98 2912/29/98
f 2952/29/5 2914/29/5 2905/29/5
f 2904/29/280 2893/29/280 2892/29/280 2934/29/280
f 2893/29/5 2904/29/5 2905/29/5
f 2907/29/158 2909/29/158 2910/29/158 2876/29/158
f 2892/29/4 2906/29/4 2903/29/4
f 2854/29/159 2905/29/159 2906/29/159
f 2922/29/4 2909/29/4 2907/29/4
f 2923/29/102 2962/29/102 2908/29/102 2922/29/102
f 2910/29/5 2962/29/5 2923/29/5
f 2946/29/4 2912/29/4 2866/29/4 2909/29/4
f 2909/29/160 2866/29/160 2913/29/160 2910/29/160
f 2911/29/5 2910/29/5 2913/29/5 2914/29/5
f 2911/29/132 2914/29/132 2912/29/132 2946/29/132
f 2970/29/161 2915/29/161 2916/29/161 2918/29/161
f 2917/29/162 2920/29/162 2887/29/162
f 2915/29/4 2970/29/4 2920/29/4
f 2922/29/163 2955/29/163 2921/29/163 2923/29/163
f 2887/29/5 2919/29/5 2918/29/5
f 2920/29/4 2955/29/4 2922/29/4
f 2924/29/164 2919/29/164 2920/29/164 2873/29/164
f 2923/29/5 2919/29/5 2924/29/5
f 2926/29/4 2925/29/4 2973/29/4 2928/29/4
f 2926/29/136 2928/29/136 2929/29/136 2889/29/136
f 2889/29/5 2929/29/5 2930/29/5 2927/29/5
f 2927/29/165 2930/29/165 2973/29/165 2925/29/165
f 2886/29/108 2929/29/108 2928/29/108 2932/29/108
f 2929/29/5 2886/29/5 2931/29/5
f 2915/29/281 2964/29/281 2931/29/281 2916/29/281
f 2964/29/4 2915/29/4 2932/29/4
f 2987/29/167 2934/29/167 2951/29/167 2933/29/167
f 2697/29/168 2694/29/168 2695/29/168 2698/29/168
f 2935/29/169 2904/29/169 2934/29/169 2936/29/169
f 2904/29/5 2935/29/5 2933/29/5
f 2938/29/170 2976/29/170 2937/29/170 2939/29/170
f 2936/29/4 2976/29/4 2938/29/4
f 2897/29/118 2935/29/118 2936/29/118 2894/29/118
f 2935/29/5 2897/29/5 2939/29/5
f 2943/29/171 2940/29/171 2941/29/171 2944/29/171
f 2942/29/172 3056/29/172 2656/29/172
f 2940/29/4 2943/29/4 3056/29/4
f 2948/29/4 2946/29/4 2960/29/4 2947/29/4
f 2944/29/5 2656/29/5 2945/29/5
f 2947/29/173 2960/29/173 2961/29/173 2996/29/173
f 2950/29/5 2996/29/5 2961/29/5 2911/29/5
f 2950/29/144 2911/29/144 2946/29/144 2948/29/144
f 2934/29/4 2902/29/4 2948/29/4 2982/29/4
f 2934/29/174 2982/29/174 2949/29/174 2951/29/174
f 2951/29/5 2949/29/5 2950/29/5 2952/29/5
f 2952/29/108 2950/29/108 2948/29/108 2902/29/108
f 2956/29/282 2921/29/282 2955/29/282 2958/29/282
f 2954/29/5 2921/29/5 2956/29/5
f 3004/29/98 2953/29/98 2954/29/98 2957/29/98
f 2958/29/4 2953/29/4 3004/29/4
f 2960/29/176 2989/29/176 2959/29/176 2961/29/176
f 2958/29/4 2989/29/4 2960/29/4
f 2962/29/177 2956/29/177 2958/29/177 2908/29/177
f 2956/29/5 2962/29/5 2961/29/5
f 2965/29/178 2968/29/178 3012/29/178 2963/29/178
f 2966/29/4 2964/29/4 2963/29/4
f 2931/29/5 2968/29/5 2965/29/5
f 2953/29/132 2999/29/132 2969/29/132 2954/29/132
f 2967/29/179 2931/29/179 2966/29/179
f 2966/29/180 2970/29/180 2967/29/180
f 2999/29/4 2953/29/4 2970/29/4
f 2918/29/5 2954/29/5 2969/29/5 2967/29/5
f 2963/29/181 3007/29/181 2971/29/181 2965/29/181
f 3007/29/4 2963/29/4 2972/29/4
f 2937/29/5 2977/29/5 2978/29/5 2975/29/5
f 2965/29/5 3057/29/5 2930/29/5
f 2972/29/182 2973/29/182 2930/29/182
f 2977/29/183 2937/29/183 2976/29/183
f 2974/29/4 3019/29/4 2655/29/4 2976/29/4
f 2683/29/184 2684/29/184 2685/29/184 2979/29/184
f 3019/29/283 2974/29/283 2978/29/283
f 2890/29/4 2684/29/4 2683/29/4
f 2980/29/256 2686/29/256 2981/29/256 2890/29/256
f 2686/29/5 2980/29/5 2685/29/5
f 2995/29/4 3028/29/4 2983/29/4 2982/29/4
f 2985/29/284 2949/29/284 2982/29/284
f 2997/29/270 2984/29/270 3028/29/270 2995/29/270
f 2984/29/5 2997/29/5 2985/29/5
f 2983/29/4 3014/29/4 2974/29/4 2987/29/4
f 2983/29/188 2987/29/188 2933/29/188 2985/29/188
f 2985/29/5 2933/29/5 2975/29/5 2986/29/5
f 2986/29/189 2975/29/189 2974/29/189 3014/29/189
f 2989/29/190 2992/29/190 2993/29/190 2959/29/190
f 2992/29/4 2989/29/4 2988/29/4
f 2990/29/270 3036/29/270 2991/29/270 2988/29/270
f 2993/29/5 3036/29/5 2990/29/5
f 3022/29/4 2995/29/4 2947/29/4 2992/29/4
f 2992/29/118 2947/29/118 2996/29/118 2993/29/118
f 2994/29/5 2993/29/5 2996/29/5 2997/29/5
f 2994/29/104 2997/29/104 2995/29/104 3022/29/104
f 2998/29/4 3047/29/4 3002/29/4 2999/29/4
f 2999/29/144 3002/29/144 3001/29/144 2969/29/144
f 3000/29/5 2969/29/5 3001/29/5 3048/29/5
f 3000/29/191 3048/29/191 3047/29/191 2998/29/191
f 3002/29/4 3032/29/4 2988/29/4 3004/29/4
f 3002/29/108 3004/29/108 2957/29/108 3001/29/108
f 3001/29/5 2957/29/5 2990/29/5 3003/29/5
f 3003/29/104 2990/29/104 2988/29/104 3032/29/104
f 3052/29/4 3010/29/4 3007/29/4 3005/29/4
f 3052/29/73 3005/29/73 3006/29/73 3008/29/73
f 3008/29/5 3006/29/5 2971/29/5 3009/29/5
f 3009/29/192 2971/29/192 3007/29/192 3010/29/192
f 2968/29/93 3009/29/93 3010/29/93 3012/29/93
f 3010/29/4 3041/29/4 2998/29/4
f 3011/29/5 3009/29/5 2968/29/5
f 3029/29/193 3016/29/193 3013/29/193 3027/29/193
f 3011/29/194 3000/29/194 2998/29/194
f 2986/29/5 3016/29/5 3029/29/5
f 3014/29/139 3015/29/139 3018/29/139 2986/29/139
f 3013/29/4 3015/29/4 3014/29/4
f 3019/29/4 3015/29/4 3017/29/4 2940/29/4
f 2940/29/90 3017/29/90 2658/29/90 2941/29/90
f 2978/29/5 2941/29/5 2658/29/5 3018/29/5
f 2978/29/195 3018/29/195 3015/29/195 3019/29/195
f 3021/29/196 2660/29/196 2661/29/196 2659/29/196
f 2659/29/5 2662/29/5 3016/29/5
f 3020/29/197 3013/29/197 2662/29/197
f 2660/29/4 3021/29/4 3020/29/4
f 3024/29/4 3022/29/4 3037/29/4 3023/29/4
f 3023/29/198 3037/29/198 3038/29/198 3075/29/198
f 3075/29/5 3038/29/5 2994/29/5 3026/29/5
f 3026/29/199 2994/29/199 3022/29/199 3024/29/199
f 3024/29/200 3028/29/200 2984/29/200 3026/29/200
f 3028/29/4 3024/29/4 3025/29/4
f 2664/29/201 3029/29/201 3027/29/201 3025/29/201
f 2984/29/5 3029/29/5 2664/29/5
f 3032/29/199 3033/29/199 3035/29/199 3003/29/199
f 3031/29/202 3030/29/202 3049/29/202
f 3033/29/4 3032/29/4 3031/29/4
f 3003/29/5 3035/29/5 3034/29/5 3049/29/5
f 3036/29/200 3035/29/200 3033/29/200 2991/29/200
f 2666/29/5 3035/29/5 3036/29/5
f 3037/29/203 2665/29/203 2666/29/203 3038/29/203
f 2665/29/4 3037/29/4 2991/29/4
f 3042/29/4 3044/29/4 3041/29/4 3039/29/4
f 3046/29/204 3011/29/204 3041/29/204 3044/29/204
f 3011/29/5 3046/29/5 3040/29/5
f 3044/29/200 3047/29/200 3048/29/200 3046/29/200
f 3040/29/205 3043/29/205 3042/29/205
f 3047/29/4 3044/29/4 3045/29/4
f 2673/29/206 3049/29/206 3030/29/206 3045/29/206
f 3048/29/5 3049/29/5 2673/29/5
f 3040/29/5 3087/29/5 3051/29/5 3008/29/5
f 3087/29/207 3040/29/207 3050/29/207
f 3008/29/160 3051/29/160 2636/29/160 3052/29/160
f 2657/29/4 3056/29/4 2943/29/4 3054/29/4
f 3050/29/4 3039/29/4 3052/29/4
f 2944/29/208 3053/29/208 3054/29/208
f 3055/29/209 2945/29/209 3056/29/209 2657/29/209
f 2944/29/5 2945/29/5 3055/29/5
f 3057/29/210 2682/29/210 3058/29/210 2972/29/210
f 2682/29/5 3057/29/5 3059/29/5
f 3060/29/4 2693/29/4 3062/29/4 3061/29/4
f 2681/29/211 3059/29/211 2679/29/211
f 2680/29/4 2679/29/4 3058/29/4
f 3061/29/212 3062/29/212 3063/29/212 3117/29/212
f 3069/29/5 3117/29/5 3063/29/5 3064/29/5
f 3069/29/178 3064/29/178 2693/29/178 3060/29/178
f 2736/29/4 3060/29/4 3067/29/4 2643/29/4
f 2643/29/285 3067/29/285 3068/29/285 3065/29/285
f 3066/29/5 3065/29/5 3068/29/5 3069/29/5
f 3066/29/214 3069/29/214 3060/29/214 2736/29/214
f 2699/29/4 3072/29/4 3073/29/4 3130/29/4
f 3130/29/215 3073/29/215 3141/29/215 3070/29/215
f 3071/29/5 3070/29/5 3141/29/5 3074/29/5
f 3071/29/216 3074/29/216 3072/29/216 2699/29/216
f 3077/29/217 2663/29/217 3076/29/217 2667/29/217
f 2663/29/5 3077/29/5 3075/29/5
f 3078/29/218 3023/29/218 3075/29/218 3079/29/218
f 2667/29/4 3023/29/4 3078/29/4
f 3080/29/4 3031/29/4 3081/29/4 2669/29/4
f 3080/29/219 2669/29/219 2670/29/219 2668/29/219
f 2668/29/5 2670/29/5 2671/29/5 3034/29/5
f 3034/29/272 2671/29/272 3081/29/272 3031/29/272
f 3082/29/221 3042/29/221 3043/29/221 3083/29/221
f 3084/29/4 3042/29/4 3082/29/4
f 3085/29/219 2672/29/219 3084/29/219 3086/29/219
f 2672/29/5 3085/29/5 3083/29/5
f 2675/29/5 3087/29/5 3083/29/5 3085/29/5
f 3083/29/222 3087/29/222 3082/29/222
f 2675/29/59 3085/29/59 3086/29/59 2674/29/59
f 3093/29/4 3090/29/4 3088/29/4 2727/29/4
f 2674/29/4 3082/29/4 3050/29/4
f 2727/29/286 3088/29/286 3089/29/286 3091/29/286
f 3092/29/5 3091/29/5 3089/29/5 3145/29/5
f 3092/29/84 3145/29/84 3090/29/84 3093/29/84
f 3111/29/4 3097/29/4 3098/29/4 3094/29/4
f 3094/29/224 3098/29/224 3100/29/224 3095/29/224
f 3096/29/5 3095/29/5 3100/29/5 3132/29/5
f 3096/29/225 3132/29/225 3097/29/225 3111/29/225
f 3101/29/226 3128/29/226 3099/29/226 3102/29/226
f 3098/29/4 3128/29/4 3101/29/4
f 3103/29/227 3100/29/227 3098/29/227 3142/29/227
f 3100/29/5 3103/29/5 3102/29/5
f 3146/29/4 3136/29/4 3107/29/4 3104/29/4
f 3104/29/228 3107/29/228 3108/29/228 3105/29/228
f 3105/29/5 3108/29/5 3109/29/5 3106/29/5
f 3106/29/229 3109/29/229 3136/29/229 3146/29/229
f 3110/29/226 3096/29/226 3111/29/226 3124/29/226
f 3096/29/5 3110/29/5 3108/29/5
f 3107/29/287 3094/29/287 3095/29/287 3108/29/287
f 3111/29/4 3094/29/4 3107/29/4
f 3114/29/4 3147/29/4 3143/29/4 2642/29/4
f 3114/29/230 2642/29/230 3112/29/230 3115/29/230
f 3115/29/5 3112/29/5 3113/29/5 3116/29/5
f 3116/29/231 3113/29/231 3143/29/231 3147/29/231
f 3140/29/4 3118/29/4 3061/29/4 3119/29/4
f 3120/29/232 3148/29/232 3118/29/232 3140/29/232
f 3148/29/5 3120/29/5 3117/29/5
f 3126/29/5 3125/29/5 3123/29/5 3110/29/5
f 3117/29/233 3121/29/233 3119/29/233
f 3123/29/234 3125/29/234 3122/29/234
f 3126/29/116 3110/29/116 3124/29/116 3127/29/116
f 3133/29/4 3129/29/4 3130/29/4 3128/29/4
f 3122/29/4 2724/29/4 3127/29/4
f 3128/29/116 3130/29/116 3070/29/116 3099/29/116
f 3134/29/5 3099/29/5 3070/29/5 2715/29/5
f 3134/29/235 2715/29/235 3129/29/235 3133/29/235
f 3132/29/200 3126/29/200 3127/29/200 3097/29/200
f 3126/29/5 3132/29/5 3131/29/5
f 3133/29/86 2708/29/86 3131/29/86 3134/29/86
f 3097/29/4 2708/29/4 3133/29/4
f 3122/29/4 3136/29/4 3093/29/4 2720/29/4
f 3122/29/236 2720/29/236 3135/29/236 3123/29/236
f 3123/29/5 3135/29/5 3092/29/5 3109/29/5
f 3109/29/250 3092/29/250 3093/29/250 3136/29/250
f 3138/29/5 3121/29/5 3120/29/5 3139/29/5
f 2645/29/4 3119/29/4 3137/29/4
f 3121/29/273 3138/29/273 3119/29/273
f 3139/29/239 3120/29/239 3140/29/239 2645/29/239
f 3073/29/240 3101/29/240 3102/29/240 3141/29/240
f 3101/29/4 3073/29/4 3142/29/4
f 3113/29/224 3103/29/224 3142/29/224 3143/29/224
f 3141/29/5 3103/29/5 3113/29/5
f 3145/29/241 3106/29/241 3146/29/241 3090/29/241
f 3105/29/288 3144/29/288 3104/29/288
f 3105/29/5 3106/29/5 3145/29/5
f 3115/29/243 3068/29/243 3114/29/243
f 3147/29/244 3118/29/244 3116/29/244
f 3118/29/4 3114/29/4 3067/29/4
f 3068/29/5 3116/29/5 3148/29/5
f 3218/29/5 3220/29/5 3217/29/5
f 3170/29/4 3216/29/4 3171/29/4
f 3213/29/4 3422/29/4 3286/29/4
f 3212/29/5 3211/29/5 3339/29/5
f 3209/29/4 3503/29/4 3366/29/4
f 3420/29/5 3208/29/5 3207/29/5
f 3205/29/4 3580/29/4 3447/29/4
f 3501/29/5 3204/29/5 3203/29/5
f 3527/29/4 3201/29/4 3200/29/4
f 3200/29/6 3581/29/6 3162/29/6
f 3296/29/5 3297/29/5 3334/29/5
f 3355/29/4 3342/29/4 3310/29/4
f 3297/29/5 3299/29/5 3334/29/5
f 3309/29/4 3355/29/4 3310/29/4
f 3333/29/4 3298/29/4 3347/29/4
f 3335/29/4 3298/29/4 3333/29/4
f 3311/29/5 3356/29/5 3312/29/5
f 3356/29/5 3357/29/5 3312/29/5
f 3319/29/5 3318/29/5 3349/29/5
f 3318/29/5 3320/29/5 3349/29/5
f 3327/29/5 3326/29/5 3359/29/5
f 3348/29/4 3317/29/4 3365/29/4
f 3350/29/4 3317/29/4 3348/29/4
f 3326/29/5 3328/29/5 3359/29/5
f 3358/29/4 3325/29/4 3373/29/4
f 3360/29/4 3325/29/4 3358/29/4
f 3420/29/5 3330/29/5 3368/29/5
f 3367/29/4 3209/29/4 3366/29/4
f 3187/29/4 3602/29/4 3189/29/4
f 3601/29/5 3599/29/5 3188/29/5
f 3547/29/4 3598/29/4 3542/29/4
f 3542/29/7 3184/29/7 3186/29/7
f 3177/29/4 3464/29/4 3176/29/4
f 3385/29/5 3386/29/5 3499/29/5
f 3304/29/5 3382/29/5 3175/29/5
f 3303/29/4 3383/29/4 3174/29/4
f 3220/29/5 3172/29/5 3337/29/5
f 3219/29/4 3173/29/4 3171/29/4
f 3156/29/5 3169/29/5 3256/29/5
f 3155/29/4 3170/29/4 3168/29/4
f 3587/29/8 3164/29/8 3165/29/8
f 3164/29/4 3594/29/4 3163/29/4
f 3456/29/4 3425/29/4 3424/29/4
f 3266/29/5 3264/29/5 3262/29/5
f 3612/29/4 3626/29/4 3610/29/4
f 3464/29/4 3177/29/4 3462/29/4
f 3178/29/5 3463/29/5 3500/29/5
f 3581/29/5 3493/29/5 3528/29/5
f 3197/29/5 3198/29/5 3609/29/5
f 3286/29/4 3248/29/4 3213/29/4
f 3447/29/4 3412/29/4 3205/29/4
f 3367/29/4 3331/29/4 3209/29/4
f 3667/29/5 3611/29/5 3666/29/5
f 3286/29/4 3287/29/4 3248/29/4
f 3447/29/4 3448/29/4 3412/29/4
f 3499/29/5 3178/29/5 3500/29/5
f 3579/29/5 3493/29/5 3581/29/5
f 3198/29/5 3573/29/5 3609/29/5
f 3177/29/4 3541/29/4 3462/29/4
f 3223/29/4 3263/29/4 3224/29/4
f 3226/29/5 3225/29/5 3227/29/5
f 3224/29/9 3226/29/9 3228/29/9
f 3233/29/4 3268/29/4 3235/29/4
f 3237/29/5 3238/29/5 3236/29/5
f 3242/29/10 3241/29/10 3657/29/10
f 3239/29/4 3244/29/4 3242/29/4
f 3240/29/5 3241/29/5 3243/29/5
f 3229/29/4 3244/29/4 3278/29/4
f 3231/29/5 3241/29/5 3647/29/5
f 3666/29/11 3250/29/11 3626/29/11
f 3610/29/12 3251/29/12 3611/29/12
f 3250/29/4 3341/29/4 3610/29/4
f 3300/29/4 3254/29/4 3252/29/4
f 3256/29/5 3257/29/5 3214/29/5
f 3260/29/5 3228/29/5 3588/29/5
f 3259/29/4 3224/29/4 3267/29/4
f 3263/29/258 3262/29/258 3226/29/258
f 3274/29/5 3262/29/5 3264/29/5
f 3265/29/4 3295/29/4 3267/29/4
f 3266/29/5 3261/29/5 3253/29/5
f 3272/29/5 3270/29/5 3274/29/5
f 3222/29/259 3275/29/259 3270/29/259
f 3277/29/5 3245/29/5 3279/29/5
f 3278/29/4 3329/29/4 3281/29/4
f 3288/29/5 3247/29/5 3290/29/5
f 3332/29/15 3288/29/15 3291/29/15
f 3323/29/4 3293/29/4 3289/29/4
f 3292/29/5 3243/29/5 3277/29/5
f 3294/29/4 3298/29/4 3295/29/4
f 3266/29/5 3297/29/5 3296/29/5
f 3296/29/16 3347/29/16 3294/29/16
f 3335/29/4 3300/29/4 3298/29/4
f 3299/29/5 3257/29/5 3217/29/5
f 3342/29/4 3313/29/4 3310/29/4
f 3264/29/5 3266/29/5 3311/29/5
f 3306/29/4 3317/29/4 3350/29/4
f 3308/29/5 3318/29/5 3269/29/5
f 3326/29/5 3324/29/5 3292/29/5
f 3326/29/17 3323/29/17 3325/29/17
f 3325/29/4 3322/29/4 3373/29/4
f 3360/29/18 3328/29/18 3316/29/18
f 3314/29/4 3325/29/4 3360/29/4
f 3279/29/5 3316/29/5 3326/29/5
f 3381/29/4 3335/29/4 3333/29/4
f 3338/29/5 3299/29/5 3337/29/5
f 3342/29/4 3355/29/4 3392/29/4
f 3345/29/5 3311/29/5 3344/29/5
f 3296/29/5 3346/29/5 3344/29/5
f 3347/29/4 3377/29/4 3333/29/4
f 3352/29/19 3357/29/19 3354/29/19
f 3355/29/4 3309/29/4 3352/29/4
f 3328/29/5 3361/29/5 3359/29/5
f 3410/29/4 3363/29/4 3360/29/4
f 3368/29/5 3330/29/5 3370/29/5
f 3413/29/20 3368/29/20 3371/29/20
f 3372/29/21 3358/29/21 3405/29/21
f 3370/29/5 3359/29/5 3372/29/5
f 3369/29/4 3358/29/4 3373/29/4
f 3375/29/5 3346/29/5 3376/29/5
f 3377/29/4 3374/29/4 3379/29/4
f 3376/29/289 3428/29/289 3374/29/289
f 3417/29/4 3381/29/4 3379/29/4
f 3338/29/5 3302/29/5 3380/29/5
f 3395/29/4 3396/29/4 3393/29/4
f 3446/29/5 3364/29/5 3399/29/5
f 3405/29/4 3403/29/4 3454/29/4
f 3407/29/5 3408/29/5 3372/29/5
f 3393/29/4 3406/29/4 3439/29/4
f 3393/29/23 3409/29/23 3394/29/23
f 3394/29/5 3407/29/5 3361/29/5
f 3411/29/5 3502/29/5 3404/29/5
f 3403/29/4 3413/29/4 3412/29/4
f 3417/29/4 3414/29/4 3416/29/4
f 3175/29/245 3417/29/245 3418/29/245
f 3436/29/5 3390/29/5 3427/29/5
f 3425/29/4 3434/29/4 3424/29/4
f 3414/29/4 3425/29/4 3456/29/4
f 3427/29/25 3425/29/25 3428/29/25
f 3376/29/5 3415/29/5 3427/29/5
f 3445/29/5 3398/29/5 3432/29/5
f 3431/29/4 3444/29/4 3430/29/4
f 3437/29/4 3442/29/4 3439/29/4
f 3409/29/5 3440/29/5 3438/29/5
f 3442/29/26 3441/29/26 3409/29/26
f 3441/29/5 3445/29/5 3443/29/5
f 3444/29/4 3395/29/4 3442/29/4
f 3486/29/4 3454/29/4 3450/29/4
f 3453/29/5 3408/29/5 3438/29/5
f 3426/29/5 3455/29/5 3473/29/5
f 3456/29/4 3509/29/4 3458/29/4
f 3457/29/5 3461/29/5 3459/29/5
f 3460/29/4 3416/29/4 3458/29/4
f 3464/29/4 3462/29/4 3578/29/4
f 3463/29/5 3178/29/5 3466/29/5
f 3578/29/27 3467/29/27 3178/29/27
f 3475/29/4 3480/29/4 3477/29/4
f 3478/29/5 3479/29/5 3476/29/5
f 3478/29/5 3483/29/5 3481/29/5
f 3480/29/4 3482/29/4 3430/29/4
f 3453/29/28 3486/29/28 3488/29/28
f 3488/29/4 3485/29/4 3534/29/4
f 3490/29/5 3453/29/5 3489/29/5
f 3521/29/4 3492/29/4 3488/29/4
f 3492/29/29 3440/29/29 3489/29/29
f 3493/29/5 3579/29/5 3487/29/5
f 3494/29/30 3452/29/30 3579/29/30
f 3485/29/4 3495/29/4 3494/29/4
f 3496/29/31 3497/29/31 3500/29/31
f 3499/29/290 3498/29/290 3177/29/290
f 3502/29/5 3501/29/5 3207/29/5
f 3503/29/4 3206/29/4 3412/29/4
f 3507/29/5 3519/29/5 3471/29/5
f 3507/29/24 3504/29/24 3505/29/24
f 3515/29/5 3512/29/5 3481/29/5
f 3514/29/4 3510/29/4 3513/29/4
f 3533/29/260 3520/29/260 3563/29/260
f 3520/29/4 3534/29/4 3532/29/4
f 3490/29/5 3522/29/5 3533/29/5
f 3536/29/4 3549/29/4 3535/29/4
f 3538/29/5 3508/29/5 3540/29/5
f 3535/29/34 3538/29/34 3184/29/34
f 3542/29/4 3543/29/4 3535/29/4
f 3183/29/5 3184/29/5 3181/29/5
f 3506/29/5 3186/29/5 3548/29/5
f 3550/29/4 3547/29/4 3549/29/4
f 3553/29/4 3554/29/4 3552/29/4
f 3553/29/35 3571/29/35 3556/29/35
f 3187/29/4 3513/29/4 3555/29/4
f 3188/29/5 3558/29/5 3560/29/5
f 3562/29/36 3564/29/36 3561/29/36
f 3562/29/5 3568/29/5 3565/29/5
f 3570/29/5 3195/29/5 3568/29/5
f 3569/29/4 3567/29/4 3552/29/4
f 3572/29/4 3574/29/4 3158/29/4
f 3562/29/37 3561/29/37 3572/29/37
f 3577/29/5 3575/29/5 3466/29/5
f 3466/29/251 3576/29/251 3465/29/251
f 3580/29/4 3201/29/4 3494/29/4
f 3204/29/5 3581/29/5 3203/29/5
f 3203/29/39 3201/29/39 3202/29/39
f 3598/29/4 3545/29/4 3189/29/4
f 3599/29/5 3601/29/5 3597/29/5
f 3194/29/5 3605/29/5 3565/29/5
f 3606/29/4 3604/29/4 3608/29/4
f 3604/29/4 3196/29/4 3608/29/4
f 3609/29/262 3572/29/262 3604/29/262
f 3622/29/5 3624/29/5 3621/29/5
f 3620/29/4 3623/29/4 3664/29/4
f 3633/29/4 3629/29/4 3646/29/4
f 3618/29/5 3630/29/5 3617/29/5
f 3639/29/41 3641/29/41 3583/29/41
f 3642/29/5 3643/29/5 3639/29/5
f 3644/29/4 3649/29/4 3646/29/4
f 3647/29/42 3246/29/42 3644/29/42
f 3649/29/4 3230/29/4 3619/29/4
f 3654/29/5 3656/29/5 3653/29/5
f 3660/29/43 3659/29/43 3641/29/43
f 3662/29/4 3641/29/4 3167/29/4
f 3624/29/5 3625/29/5 3663/29/5
f 3595/29/4 3665/29/4 3664/29/4
f 3627/29/5 3667/29/5 3666/29/5
f 3626/29/4 3612/29/4 3668/29/4
f 3637/29/5 3638/29/5 3590/29/5
f 3636/29/4 3640/29/4 3669/29/4
f 3590/29/44 3589/29/44 3636/29/44
f 3640/29/45 3670/29/45 3638/29/45
f 3218/29/46 3169/29/46 3170/29/46 3171/29/46
f 3171/29/4 3216/29/4 3219/29/4
f 3586/29/47 3260/29/47 3259/29/47 3215/29/47
f 3169/29/5 3218/29/5 3217/29/5
f 3153/29/5 3214/29/5 3260/29/5 3586/29/5
f 3152/29/48 3254/29/48 3214/29/48 3153/29/48
f 3215/29/4 3259/29/4 3254/29/4 3152/29/4
f 3212/29/49 3288/29/49 3286/29/49 3422/29/49
f 3210/29/50 3213/29/50 3339/29/50 3211/29/50
f 3339/29/5 3288/29/5 3212/29/5
f 3208/29/49 3368/29/49 3366/29/49 3503/29/49
f 3213/29/4 3210/29/4 3422/29/4
f 3206/29/51 3209/29/51 3420/29/51 3207/29/51
f 3420/29/5 3368/29/5 3208/29/5
f 3204/29/52 3449/29/52 3447/29/52 3580/29/52
f 3209/29/4 3206/29/4 3503/29/4
f 3202/29/53 3205/29/53 3501/29/53 3203/29/53
f 3449/29/5 3204/29/5 3501/29/5
f 3528/29/5 3161/29/5 3162/29/5 3581/29/5
f 3205/29/4 3202/29/4 3580/29/4
f 3200/29/54 3201/29/54 3581/29/54
f 3527/29/55 3160/29/55 3161/29/55 3528/29/55
f 3198/29/56 3151/29/56 3199/29/56 3159/29/56
f 3160/29/4 3527/29/4 3200/29/4
f 3197/29/5 3150/29/5 3151/29/5 3198/29/5
f 3196/29/57 3149/29/57 3150/29/57 3197/29/57
f 3159/29/4 3199/29/4 3149/29/4 3196/29/4
f 3193/29/58 3195/29/58 3567/29/58 3603/29/58
f 3193/29/5 3192/29/5 3194/29/5 3195/29/5
f 3191/29/59 3606/29/59 3194/29/59 3192/29/59
f 3603/29/4 3567/29/4 3606/29/4 3191/29/4
f 3190/29/59 3599/29/59 3189/29/59 3602/29/59
f 3187/29/60 3600/29/60 3601/29/60 3188/29/60
f 3188/29/5 3599/29/5 3190/29/5
f 3184/29/5 3183/29/5 3185/29/5 3186/29/5
f 3600/29/4 3187/29/4 3189/29/4
f 3547/29/61 3542/29/61 3186/29/61
f 3182/29/62 3598/29/62 3185/29/62 3183/29/62
f 3181/29/63 3577/29/63 3179/29/63 3543/29/63
f 3598/29/4 3182/29/4 3542/29/4
f 3180/29/5 3575/29/5 3577/29/5 3181/29/5
f 3539/29/64 3576/29/64 3575/29/64 3180/29/64
f 3539/29/4 3543/29/4 3179/29/4 3576/29/4
f 3178/29/65 3386/29/65 3176/29/65 3464/29/65
f 3177/29/246 3384/29/246 3385/29/246 3499/29/246
f 3499/29/5 3386/29/5 3178/29/5
f 3418/29/67 3303/29/67 3304/29/67 3175/29/67
f 3384/29/4 3177/29/4 3176/29/4
f 3382/29/68 3305/29/68 3174/29/68 3383/29/68
f 3303/29/4 3418/29/4 3383/29/4
f 3336/29/69 3219/29/69 3220/29/69 3337/29/69
f 3304/29/5 3305/29/5 3382/29/5
f 3172/29/68 3218/29/68 3171/29/68 3173/29/68
f 3219/29/4 3336/29/4 3173/29/4
f 3255/29/69 3155/29/69 3156/29/69 3256/29/69
f 3220/29/5 3218/29/5 3172/29/5
f 3169/29/68 3157/29/68 3168/29/68 3170/29/68
f 3155/29/4 3255/29/4 3170/29/4
f 3166/29/265 3661/29/265 3167/29/265 3154/29/265
f 3156/29/5 3157/29/5 3169/29/5
f 3585/29/5 3660/29/5 3661/29/5 3166/29/5
f 3584/29/275 3659/29/275 3660/29/275 3585/29/275
f 3154/29/4 3167/29/4 3659/29/4 3584/29/4
f 3596/29/73 3227/29/73 3163/29/73 3594/29/73
f 3165/29/4 3164/29/4 3163/29/4
f 3596/29/5 3634/29/5 3587/29/5 3227/29/5
f 3162/29/74 3198/29/74 3159/29/74 3200/29/74
f 3587/29/276 3634/29/276 3164/29/276
f 3162/29/5 3161/29/5 3573/29/5 3198/29/5
f 3160/29/76 3158/29/76 3573/29/76 3161/29/76
f 3200/29/4 3159/29/4 3158/29/4 3160/29/4
f 3157/29/277 3166/29/277 3154/29/277 3168/29/277
f 3156/29/5 3153/29/5 3166/29/5 3157/29/5
f 3155/29/78 3152/29/78 3153/29/78 3156/29/78
f 3155/29/4 3168/29/4 3154/29/4 3152/29/4
f 3428/29/4 3414/29/4 3417/29/4 3379/29/4
f 3524/29/4 3569/29/4 3552/29/4 3554/29/4
f 3587/29/5 3588/29/5 3228/29/5 3227/29/5
f 3470/29/4 3469/29/4 3517/29/4 3504/29/4
f 3165/29/4 3163/29/4 3224/29/4 3258/29/4
f 3505/29/4 3550/29/4 3549/29/4 3536/29/4
f 3376/29/5 3378/29/5 3380/29/5 3415/29/5
f 3507/29/5 3508/29/5 3551/29/5 3506/29/5
f 3199/29/79 3151/29/79 3150/29/79 3149/29/79
f 3472/29/5 3471/29/5 3519/29/5 3518/29/5
f 3523/29/5 3525/29/5 3571/29/5 3570/29/5
f 3510/29/4 3511/29/4 3480/29/4 3526/29/4
f 3514/29/4 3513/29/4 3559/29/4 3544/29/4
f 3354/29/5 3353/29/5 3401/29/5 3402/29/5
f 3512/29/5 3479/29/5 3478/29/5 3481/29/5
f 3515/29/5 3516/29/5 3560/29/5 3558/29/5
f 3276/29/4 3278/29/4 3244/29/4 3293/29/4
f 3361/29/5 3362/29/5 3364/29/5 3394/29/5
f 3279/29/5 3280/29/5 3282/29/5 3316/29/5
f 3520/29/4 3521/29/4 3488/29/4 3534/29/4
f 3635/29/5 3634/29/5 3596/29/5 3663/29/5
f 3352/29/4 3351/29/4 3400/29/4 3387/29/4
f 3321/29/4 3306/29/4 3307/29/4 3271/29/4
f 3393/29/4 3396/29/4 3363/29/4 3410/29/4
f 3269/29/5 3270/29/5 3272/29/5 3308/29/5
f 3329/29/4 3314/29/4 3315/29/4 3281/29/4
f 3291/29/5 3290/29/5 3292/29/5 3324/29/5
f 3455/29/5 3457/29/5 3459/29/5 3497/29/5
f 3495/29/4 3485/29/4 3486/29/4 3450/29/4
f 3233/29/4 3232/29/4 3283/29/4 3268/29/4
f 3522/29/5 3490/29/5 3489/29/5 3491/29/5
f 3236/29/5 3234/29/5 3284/29/5 3285/29/5
f 3231/29/5 3647/29/5 3648/29/5 3653/29/5
f 3371/29/5 3370/29/5 3372/29/5 3404/29/5
f 3229/29/4 3230/29/4 3649/29/4 3246/29/4
f 3644/29/4 3646/29/4 3629/29/4 3658/29/4
f 3613/29/5 3614/29/5 3657/29/5 3240/29/5
f 3313/29/4 3294/29/4 3295/29/4 3265/29/4
f 3261/29/5 3260/29/5 3214/29/5 3253/29/5
f 3432/29/5 3433/29/5 3483/29/5 3484/29/5
f 3476/29/5 3440/29/5 3441/29/5 3443/29/5
f 3475/29/4 3477/29/4 3442/29/4 3492/29/4
f 3452/29/5 3451/29/5 3453/29/5 3487/29/5
f 3153/29/5 3586/29/5 3585/29/5 3166/29/5
f 3345/29/5 3344/29/5 3346/29/5 3375/29/5
f 3392/29/4 3374/29/4 3377/29/4 3343/29/4
f 3277/29/5 3243/29/5 3241/29/5 3245/29/5
f 3592/29/5 3593/29/5 3238/29/5 3237/29/5
f 3645/29/5 3631/29/5 3630/29/5 3632/29/5
f 3427/29/5 3426/29/5 3473/29/5 3474/29/5
f 3431/29/4 3430/29/4 3482/29/4 3468/29/4
f 3652/29/4 3651/29/4 3235/29/4 3221/29/4
f 3620/29/4 3619/29/4 3655/29/4 3650/29/4
f 3397/29/4 3395/29/4 3444/29/4 3429/29/4
f 3399/29/5 3398/29/5 3445/29/5 3446/29/5
f 3622/29/5 3621/29/5 3656/29/5 3654/29/5
f 3332/29/4 3322/29/4 3323/29/4 3289/29/4
f 3223/29/4 3222/29/4 3273/29/4 3263/29/4
f 3509/29/4 3496/29/4 3498/29/4 3458/29/4
f 3665/29/4 3595/29/4 3594/29/4 3164/29/4
f 3413/29/4 3403/29/4 3405/29/4 3369/29/4
f 3389/29/4 3388/29/4 3434/29/4 3423/29/4
f 3249/29/4 3239/29/4 3242/29/4 3615/29/4
f 3252/29/4 3254/29/4 3259/29/4 3267/29/4
f 3225/29/5 3226/29/5 3274/29/5 3275/29/5
f 3391/29/5 3390/29/5 3436/29/5 3435/29/5
f 3562/29/5 3530/29/5 3531/29/5 3533/29/5
f 3152/29/4 3154/29/4 3584/29/4 3215/29/4
f 3561/29/4 3563/29/4 3532/29/4 3574/29/4
f 3437/29/4 3439/29/4 3406/29/4 3454/29/4
f 3670/29/5 3639/29/5 3591/29/5 3590/29/5
f 3438/29/5 3408/29/5 3407/29/5 3409/29/5
f 3640/29/4 3589/29/4 3582/29/4 3583/29/4
f 3572/29/4 3158/29/4 3159/29/4 3196/29/4
f 3546/29/4 3545/29/4 3598/29/4 3547/29/4
f 3548/29/5 3186/29/5 3185/29/5 3597/29/5
f 3201/29/4 3527/29/4 3529/29/4 3494/29/4
f 3555/29/4 3553/29/4 3602/29/4 3187/29/4
f 3557/29/5 3188/29/5 3190/29/5 3556/29/5
f 3537/29/4 3535/29/4 3543/29/4 3539/29/4
f 3540/29/5 3180/29/5 3181/29/5 3538/29/5
f 3566/29/4 3564/29/4 3606/29/4 3567/29/4
f 3172/29/5 3302/29/5 3338/29/5 3337/29/5
f 3381/29/4 3301/29/4 3173/29/4 3336/29/4
f 3169/29/5 3217/29/5 3257/29/5 3256/29/5
f 3300/29/4 3216/29/4 3170/29/4 3255/29/4
f 3460/29/4 3383/29/4 3418/29/4 3416/29/4
f 3568/29/5 3195/29/5 3194/29/5 3565/29/5
f 3339/29/5 3340/29/5 3247/29/5 3288/29/5
f 3501/29/5 3502/29/5 3411/29/5 3449/29/5
f 3175/29/5 3382/29/5 3461/29/5 3419/29/5
f 3221/29/4 3235/29/4 3222/29/4 3223/29/4
f 3420/29/5 3421/29/5 3330/29/5
f 3221/29/80 3223/29/80 3225/29/80 3593/29/80
f 3593/29/5 3225/29/5 3275/29/5 3238/29/5
f 3238/29/81 3275/29/81 3222/29/81 3235/29/81
f 3223/29/82 3163/29/82 3227/29/82 3225/29/82
f 3224/29/83 3263/29/83 3226/29/83
f 3163/29/4 3223/29/4 3224/29/4
f 3229/29/4 3232/29/4 3233/29/4 3230/29/4
f 3227/29/5 3228/29/5 3226/29/5
f 3230/29/84 3233/29/84 3236/29/84 3653/29/84
f 3231/29/5 3653/29/5 3236/29/5 3285/29/5
f 3231/29/85 3285/29/85 3232/29/85 3229/29/85
f 3234/29/86 3238/29/86 3235/29/86 3268/29/86
f 3236/29/5 3238/29/5 3234/29/5
f 3233/29/87 3651/29/87 3237/29/87 3236/29/87
f 3651/29/4 3233/29/4 3235/29/4
f 3293/29/88 3239/29/88 3240/29/88 3243/29/88
f 3657/29/5 3241/29/5 3240/29/5
f 3242/29/89 3244/29/89 3241/29/89
f 3239/29/4 3293/29/4 3244/29/4
f 3245/29/90 3231/29/90 3229/29/90 3278/29/90
f 3231/29/5 3245/29/5 3241/29/5
f 3244/29/91 3246/29/91 3647/29/91 3241/29/91
f 3229/29/4 3246/29/4 3244/29/4
f 3249/29/4 3248/29/4 3287/29/4 3239/29/4
f 3239/29/92 3287/29/92 3247/29/92 3240/29/92
f 3613/29/5 3240/29/5 3247/29/5 3340/29/5
f 3613/29/291 3340/29/291 3248/29/291 3249/29/291
f 3253/29/94 3257/29/94 3300/29/94 3252/29/94
f 3610/29/4 3626/29/4 3250/29/4
f 3611/29/5 3251/29/5 3666/29/5
f 3610/29/95 3341/29/95 3251/29/95
f 3257/29/5 3253/29/5 3214/29/5
f 3254/29/84 3255/29/84 3256/29/84 3214/29/84
f 3255/29/4 3254/29/4 3300/29/4
f 3258/29/96 3259/29/96 3260/29/96 3588/29/96
f 3259/29/4 3258/29/4 3224/29/4
f 3228/29/97 3261/29/97 3267/29/97 3224/29/97
f 3260/29/5 3261/29/5 3228/29/5
f 3265/29/4 3263/29/4 3273/29/4 3313/29/4
f 3274/29/5 3226/29/5 3262/29/5
f 3313/29/98 3273/29/98 3274/29/98 3264/29/98
f 3261/29/99 3262/29/99 3265/29/99 3267/29/99
f 3263/29/100 3265/29/100 3262/29/100
f 3262/29/5 3261/29/5 3266/29/5
f 3252/29/101 3295/29/101 3266/29/101 3253/29/101
f 3295/29/4 3252/29/4 3267/29/4
f 3271/29/4 3268/29/4 3283/29/4 3321/29/4
f 3321/29/102 3283/29/102 3284/29/102 3269/29/102
f 3270/29/5 3269/29/5 3284/29/5 3234/29/5
f 3270/29/103 3234/29/103 3268/29/103 3271/29/103
f 3222/29/4 3271/29/4 3307/29/4 3273/29/4
f 3273/29/104 3307/29/104 3272/29/104 3274/29/104
f 3329/29/105 3276/29/105 3277/29/105 3279/29/105
f 3271/29/106 3222/29/106 3270/29/106
f 3274/29/5 3270/29/5 3275/29/5
f 3276/29/4 3329/29/4 3278/29/4
f 3280/29/107 3245/29/107 3278/29/107 3281/29/107
f 3245/29/5 3280/29/5 3279/29/5
f 3232/29/4 3281/29/4 3315/29/4 3283/29/4
f 3283/29/104 3315/29/104 3282/29/104 3284/29/104
f 3285/29/5 3284/29/5 3282/29/5 3280/29/5
f 3285/29/108 3280/29/108 3281/29/108 3232/29/108
f 3287/29/4 3286/29/4 3332/29/4 3289/29/4
f 3287/29/109 3289/29/109 3290/29/109 3247/29/109
f 3243/29/110 3290/29/110 3289/29/110 3293/29/110
f 3332/29/111 3286/29/111 3288/29/111
f 3291/29/5 3288/29/5 3290/29/5
f 3290/29/5 3243/29/5 3292/29/5
f 3276/29/112 3323/29/112 3292/29/112 3277/29/112
f 3323/29/4 3276/29/4 3293/29/4
f 3297/29/113 3266/29/113 3295/29/113 3298/29/113
f 3266/29/114 3296/29/114 3294/29/114
f 3257/29/47 3297/29/47 3298/29/47 3300/29/47
f 3294/29/4 3347/29/4 3298/29/4
f 3299/29/5 3297/29/5 3257/29/5
f 3216/29/104 3335/29/104 3299/29/104 3217/29/104
f 3335/29/4 3216/29/4 3300/29/4
f 3174/29/4 3173/29/4 3301/29/4 3303/29/4
f 3303/29/247 3301/29/247 3302/29/247 3304/29/247
f 3305/29/5 3304/29/5 3302/29/5 3172/29/5
f 3305/29/46 3172/29/46 3173/29/46 3174/29/46
f 3307/29/4 3306/29/4 3309/29/4 3310/29/4
f 3307/29/116 3310/29/116 3312/29/116 3272/29/116
f 3272/29/5 3312/29/5 3357/29/5 3308/29/5
f 3308/29/117 3357/29/117 3309/29/117 3306/29/117
f 3264/29/118 3312/29/118 3310/29/118 3313/29/118
f 3312/29/5 3264/29/5 3311/29/5
f 3294/29/119 3342/29/119 3311/29/119 3266/29/119
f 3313/29/4 3342/29/4 3294/29/4
f 3315/29/4 3314/29/4 3365/29/4 3317/29/4
f 3315/29/84 3317/29/84 3318/29/84 3282/29/84
f 3282/29/5 3318/29/5 3319/29/5 3316/29/5
f 3316/29/120 3319/29/120 3365/29/120 3314/29/120
f 3320/29/104 3308/29/104 3306/29/104 3350/29/104
f 3308/29/5 3320/29/5 3318/29/5
f 3317/29/87 3321/29/87 3269/29/87 3318/29/87
f 3321/29/4 3317/29/4 3306/29/4
f 3324/29/85 3327/29/85 3373/29/85 3322/29/85
f 3326/29/292 3292/29/292 3323/29/292
f 3325/29/4 3323/29/4 3322/29/4
f 3326/29/5 3327/29/5 3324/29/5
f 3325/29/122 3329/29/122 3279/29/122 3326/29/122
f 3316/29/5 3328/29/5 3326/29/5
f 3314/29/248 3360/29/248 3316/29/248
f 3329/29/4 3325/29/4 3314/29/4
f 3332/29/4 3331/29/4 3367/29/4 3322/29/4
f 3322/29/92 3367/29/92 3330/29/92 3324/29/92
f 3291/29/5 3324/29/5 3330/29/5 3421/29/5
f 3291/29/124 3421/29/124 3331/29/124 3332/29/124
f 3334/29/94 3338/29/94 3381/29/94 3333/29/94
f 3338/29/5 3334/29/5 3299/29/5
f 3335/29/293 3336/29/293 3337/29/293 3299/29/293
f 3381/29/4 3336/29/4 3335/29/4
f 3213/29/4 3248/29/4 3341/29/4 3250/29/4
f 3213/29/126 3250/29/126 3666/29/126 3339/29/126
f 3339/29/5 3666/29/5 3251/29/5 3340/29/5
f 3340/29/127 3251/29/127 3341/29/127 3248/29/127
f 3356/29/98 3345/29/98 3392/29/98 3355/29/98
f 3311/29/5 3345/29/5 3356/29/5
f 3342/29/128 3343/29/128 3344/29/128 3311/29/128
f 3343/29/4 3342/29/4 3392/29/4
f 3343/29/129 3347/29/129 3296/29/129 3344/29/129
f 3347/29/4 3343/29/4 3377/29/4
f 3346/29/130 3334/29/130 3333/29/130 3377/29/130
f 3296/29/5 3334/29/5 3346/29/5
f 3351/29/4 3352/29/4 3350/29/4 3348/29/4
f 3351/29/98 3348/29/98 3349/29/98 3402/29/98
f 3402/29/5 3349/29/5 3320/29/5 3354/29/5
f 3354/29/131 3320/29/131 3350/29/131 3352/29/131
f 3355/29/132 3387/29/132 3353/29/132 3356/29/132
f 3387/29/4 3355/29/4 3352/29/4
f 3357/29/5 3356/29/5 3353/29/5 3354/29/5
f 3410/29/133 3358/29/133 3359/29/133 3361/29/133
f 3352/29/134 3309/29/134 3357/29/134
f 3358/29/4 3410/29/4 3360/29/4
f 3362/29/135 3328/29/135 3360/29/135 3363/29/135
f 3361/29/5 3328/29/5 3362/29/5
f 3365/29/4 3363/29/4 3396/29/4 3348/29/4
f 3348/29/104 3396/29/104 3364/29/104 3349/29/104
f 3319/29/5 3349/29/5 3364/29/5 3362/29/5
f 3319/29/108 3362/29/108 3363/29/108 3365/29/108
f 3367/29/4 3366/29/4 3413/29/4 3369/29/4
f 3367/29/136 3369/29/136 3370/29/136 3330/29/136
f 3327/29/108 3370/29/108 3369/29/108 3373/29/108
f 3413/29/137 3366/29/137 3368/29/137
f 3371/29/5 3368/29/5 3370/29/5
f 3369/29/4 3405/29/4 3358/29/4
f 3372/29/138 3359/29/138 3358/29/138
f 3370/29/5 3327/29/5 3359/29/5
f 3378/29/279 3346/29/279 3377/29/279 3379/29/279
f 3375/29/140 3376/29/140 3374/29/140
f 3346/29/5 3378/29/5 3376/29/5
f 3338/29/294 3378/29/294 3379/29/294 3381/29/294
f 3374/29/4 3428/29/4 3379/29/4
f 3380/29/5 3378/29/5 3338/29/5
f 3301/29/142 3417/29/142 3380/29/142 3302/29/142
f 3381/29/4 3417/29/4 3301/29/4
f 3176/29/4 3383/29/4 3460/29/4 3384/29/4
f 3384/29/78 3460/29/78 3461/29/78 3385/29/78
f 3385/29/5 3461/29/5 3382/29/5 3386/29/5
f 3386/29/46 3382/29/46 3383/29/46 3176/29/46
f 3389/29/4 3387/29/4 3400/29/4 3388/29/4
f 3388/29/143 3400/29/143 3401/29/143 3435/29/143
f 3391/29/5 3435/29/5 3401/29/5 3353/29/5
f 3391/29/144 3353/29/144 3387/29/144 3389/29/144
f 3374/29/4 3392/29/4 3389/29/4 3423/29/4
f 3374/29/145 3423/29/145 3390/29/145 3375/29/145
f 3375/29/5 3390/29/5 3391/29/5 3345/29/5
f 3345/29/108 3391/29/108 3389/29/108 3392/29/108
f 3394/29/146 3446/29/146 3395/29/146 3393/29/146
f 3446/29/5 3394/29/5 3364/29/5
f 3396/29/116 3397/29/116 3399/29/116 3364/29/116
f 3397/29/4 3396/29/4 3395/29/4
f 3400/29/4 3351/29/4 3397/29/4 3429/29/4
f 3400/29/147 3429/29/147 3398/29/147 3401/29/147
f 3401/29/5 3398/29/5 3399/29/5 3402/29/5
f 3402/29/118 3399/29/118 3397/29/118 3351/29/118
f 3404/29/85 3408/29/85 3454/29/85 3403/29/85
f 3408/29/5 3404/29/5 3372/29/5
f 3405/29/148 3406/29/148 3407/29/148 3372/29/148
f 3406/29/4 3405/29/4 3454/29/4
f 3406/29/149 3410/29/149 3361/29/149 3407/29/149
f 3393/29/150 3439/29/150 3409/29/150
f 3407/29/5 3394/29/5 3409/29/5
f 3393/29/4 3410/29/4 3406/29/4
f 3403/29/92 3448/29/92 3411/29/92 3404/29/92
f 3448/29/4 3403/29/4 3412/29/4
f 3371/29/151 3502/29/151 3412/29/151 3413/29/151
f 3404/29/5 3502/29/5 3371/29/5
f 3380/29/5 3175/29/5 3419/29/5 3415/29/5
f 3175/29/152 3380/29/152 3417/29/152
f 3415/29/153 3419/29/153 3416/29/153 3414/29/153
f 3209/29/4 3331/29/4 3422/29/4 3210/29/4
f 3418/29/4 3417/29/4 3416/29/4
f 3209/29/154 3210/29/154 3211/29/154 3420/29/154
f 3420/29/5 3211/29/5 3212/29/5 3421/29/5
f 3421/29/269 3212/29/269 3422/29/269 3331/29/269
f 3423/29/156 3425/29/156 3427/29/156 3390/29/156
f 3425/29/4 3423/29/4 3434/29/4
f 3436/29/98 3474/29/98 3424/29/98 3434/29/98
f 3474/29/5 3436/29/5 3427/29/5
f 3426/29/280 3415/29/280 3414/29/280 3456/29/280
f 3415/29/5 3426/29/5 3427/29/5
f 3429/29/158 3431/29/158 3432/29/158 3398/29/158
f 3414/29/4 3428/29/4 3425/29/4
f 3376/29/159 3427/29/159 3428/29/159
f 3444/29/4 3431/29/4 3429/29/4
f 3445/29/102 3484/29/102 3430/29/102 3444/29/102
f 3432/29/5 3484/29/5 3445/29/5
f 3468/29/4 3434/29/4 3388/29/4 3431/29/4
f 3431/29/160 3388/29/160 3435/29/160 3432/29/160
f 3433/29/5 3432/29/5 3435/29/5 3436/29/5
f 3433/29/132 3436/29/132 3434/29/132 3468/29/132
f 3492/29/161 3437/29/161 3438/29/161 3440/29/161
f 3439/29/162 3442/29/162 3409/29/162
f 3437/29/4 3492/29/4 3442/29/4
f 3444/29/163 3477/29/163 3443/29/163 3445/29/163
f 3409/29/5 3441/29/5 3440/29/5
f 3442/29/4 3477/29/4 3444/29/4
f 3446/29/164 3441/29/164 3442/29/164 3395/29/164
f 3445/29/5 3441/29/5 3446/29/5
f 3448/29/4 3447/29/4 3495/29/4 3450/29/4
f 3448/29/136 3450/29/136 3451/29/136 3411/29/136
f 3411/29/5 3451/29/5 3452/29/5 3449/29/5
f 3449/29/165 3452/29/165 3495/29/165 3447/29/165
f 3408/29/108 3451/29/108 3450/29/108 3454/29/108
f 3451/29/5 3408/29/5 3453/29/5
f 3437/29/281 3486/29/281 3453/29/281 3438/29/281
f 3486/29/4 3437/29/4 3454/29/4
f 3509/29/167 3456/29/167 3473/29/167 3455/29/167
f 3219/29/168 3216/29/168 3217/29/168 3220/29/168
f 3457/29/169 3426/29/169 3456/29/169 3458/29/169
f 3426/29/5 3457/29/5 3455/29/5
f 3460/29/170 3498/29/170 3459/29/170 3461/29/170
f 3458/29/4 3498/29/4 3460/29/4
f 3419/29/118 3457/29/118 3458/29/118 3416/29/118
f 3457/29/5 3419/29/5 3461/29/5
f 3465/29/171 3462/29/171 3463/29/171 3466/29/171
f 3464/29/295 3578/29/295 3178/29/295
f 3462/29/4 3465/29/4 3578/29/4
f 3470/29/4 3468/29/4 3482/29/4 3469/29/4
f 3466/29/5 3178/29/5 3467/29/5
f 3469/29/173 3482/29/173 3483/29/173 3518/29/173
f 3472/29/5 3518/29/5 3483/29/5 3433/29/5
f 3472/29/144 3433/29/144 3468/29/144 3470/29/144
f 3456/29/4 3424/29/4 3470/29/4 3504/29/4
f 3456/29/174 3504/29/174 3471/29/174 3473/29/174
f 3473/29/5 3471/29/5 3472/29/5 3474/29/5
f 3474/29/108 3472/29/108 3470/29/108 3424/29/108
f 3478/29/282 3443/29/282 3477/29/282 3480/29/282
f 3476/29/5 3443/29/5 3478/29/5
f 3526/29/98 3475/29/98 3476/29/98 3479/29/98
f 3480/29/4 3475/29/4 3526/29/4
f 3482/29/176 3511/29/176 3481/29/176 3483/29/176
f 3480/29/4 3511/29/4 3482/29/4
f 3484/29/177 3478/29/177 3480/29/177 3430/29/177
f 3478/29/5 3484/29/5 3483/29/5
f 3487/29/178 3490/29/178 3534/29/178 3485/29/178
f 3488/29/4 3486/29/4 3485/29/4
f 3453/29/5 3490/29/5 3487/29/5
f 3475/29/132 3521/29/132 3491/29/132 3476/29/132
f 3489/29/179 3453/29/179 3488/29/179
f 3488/29/180 3492/29/180 3489/29/180
f 3521/29/4 3475/29/4 3492/29/4
f 3440/29/5 3476/29/5 3491/29/5 3489/29/5
f 3485/29/181 3529/29/181 3493/29/181 3487/29/181
f 3529/29/4 3485/29/4 3494/29/4
f 3459/29/5 3499/29/5 3500/29/5 3497/29/5
f 3487/29/5 3579/29/5 3452/29/5
f 3494/29/182 3495/29/182 3452/29/182
f 3499/29/183 3459/29/183 3498/29/183
f 3496/29/4 3541/29/4 3177/29/4 3498/29/4
f 3205/29/184 3206/29/184 3207/29/184 3501/29/184
f 3541/29/283 3496/29/283 3500/29/283
f 3412/29/4 3206/29/4 3205/29/4
f 3502/29/256 3208/29/256 3503/29/256 3412/29/256
f 3208/29/5 3502/29/5 3207/29/5
f 3517/29/4 3550/29/4 3505/29/4 3504/29/4
f 3507/29/284 3471/29/284 3504/29/284
f 3519/29/270 3506/29/270 3550/29/270 3517/29/270
f 3506/29/5 3519/29/5 3507/29/5
f 3505/29/4 3536/29/4 3496/29/4 3509/29/4
f 3505/29/188 3509/29/188 3455/29/188 3507/29/188
f 3507/29/5 3455/29/5 3497/29/5 3508/29/5
f 3508/29/189 3497/29/189 3496/29/189 3536/29/189
f 3511/29/190 3514/29/190 3515/29/190 3481/29/190
f 3514/29/4 3511/29/4 3510/29/4
f 3512/29/270 3558/29/270 3513/29/270 3510/29/270
f 3515/29/5 3558/29/5 3512/29/5
f 3544/29/4 3517/29/4 3469/29/4 3514/29/4
f 3514/29/118 3469/29/118 3518/29/118 3515/29/118
f 3516/29/5 3515/29/5 3518/29/5 3519/29/5
f 3516/29/104 3519/29/104 3517/29/104 3544/29/104
f 3520/29/4 3569/29/4 3524/29/4 3521/29/4
f 3521/29/144 3524/29/144 3523/29/144 3491/29/144
f 3522/29/5 3491/29/5 3523/29/5 3570/29/5
f 3522/29/191 3570/29/191 3569/29/191 3520/29/191
f 3524/29/4 3554/29/4 3510/29/4 3526/29/4
f 3524/29/108 3526/29/108 3479/29/108 3523/29/108
f 3523/29/5 3479/29/5 3512/29/5 3525/29/5
f 3525/29/104 3512/29/104 3510/29/104 3554/29/104
f 3574/29/4 3532/29/4 3529/29/4 3527/29/4
f 3574/29/73 3527/29/73 3528/29/73 3530/29/73
f 3530/29/5 3528/29/5 3493/29/5 3531/29/5
f 3531/29/192 3493/29/192 3529/29/192 3532/29/192
f 3490/29/93 3531/29/93 3532/29/93 3534/29/93
f 3532/29/4 3563/29/4 3520/29/4
f 3533/29/5 3531/29/5 3490/29/5
f 3551/29/296 3538/29/296 3535/29/296 3549/29/296
f 3533/29/194 3522/29/194 3520/29/194
f 3508/29/5 3538/29/5 3551/29/5
f 3536/29/139 3537/29/139 3540/29/139 3508/29/139
f 3535/29/4 3537/29/4 3536/29/4
f 3541/29/4 3537/29/4 3539/29/4 3462/29/4
f 3462/29/90 3539/29/90 3180/29/90 3463/29/90
f 3500/29/5 3463/29/5 3180/29/5 3540/29/5
f 3500/29/195 3540/29/195 3537/29/195 3541/29/195
f 3543/29/196 3182/29/196 3183/29/196 3181/29/196
f 3181/29/5 3184/29/5 3538/29/5
f 3542/29/197 3535/29/197 3184/29/197
f 3182/29/4 3543/29/4 3542/29/4
f 3546/29/4 3544/29/4 3559/29/4 3545/29/4
f 3545/29/198 3559/29/198 3560/29/198 3597/29/198
f 3597/29/5 3560/29/5 3516/29/5 3548/29/5
f 3548/29/199 3516/29/199 3544/29/199 3546/29/199
f 3546/29/200 3550/29/200 3506/29/200 3548/29/200
f 3550/29/4 3546/29/4 3547/29/4
f 3186/29/201 3551/29/201 3549/29/201 3547/29/201
f 3506/29/5 3551/29/5 3186/29/5
f 3554/29/199 3555/29/199 3557/29/199 3525/29/199
f 3553/29/202 3552/29/202 3571/29/202
f 3555/29/4 3554/29/4 3553/29/4
f 3525/29/5 3557/29/5 3556/29/5 3571/29/5
f 3558/29/200 3557/29/200 3555/29/200 3513/29/200
f 3188/29/5 3557/29/5 3558/29/5
f 3559/29/203 3187/29/203 3188/29/203 3560/29/203
f 3187/29/4 3559/29/4 3513/29/4
f 3564/29/4 3566/29/4 3563/29/4 3561/29/4
f 3568/29/204 3533/29/204 3563/29/204 3566/29/204
f 3533/29/5 3568/29/5 3562/29/5
f 3566/29/200 3569/29/200 3570/29/200 3568/29/200
f 3562/29/205 3565/29/205 3564/29/205
f 3569/29/4 3566/29/4 3567/29/4
f 3195/29/206 3571/29/206 3552/29/206 3567/29/206
f 3570/29/5 3571/29/5 3195/29/5
f 3562/29/5 3609/29/5 3573/29/5 3530/29/5
f 3609/29/207 3562/29/207 3572/29/207
f 3530/29/160 3573/29/160 3158/29/160 3574/29/160
f 3179/29/4 3578/29/4 3465/29/4 3576/29/4
f 3572/29/4 3561/29/4 3574/29/4
f 3466/29/208 3575/29/208 3576/29/208
f 3577/29/297 3467/29/297 3578/29/297 3179/29/297
f 3466/29/5 3467/29/5 3577/29/5
f 3579/29/210 3204/29/210 3580/29/210 3494/29/210
f 3204/29/5 3579/29/5 3581/29/5
f 3582/29/4 3215/29/4 3584/29/4 3583/29/4
f 3203/29/211 3581/29/211 3201/29/211
f 3202/29/4 3201/29/4 3580/29/4
f 3583/29/212 3584/29/212 3585/29/212 3639/29/212
f 3591/29/5 3639/29/5 3585/29/5 3586/29/5
f 3591/29/178 3586/29/178 3215/29/178 3582/29/178
f 3258/29/4 3582/29/4 3589/29/4 3165/29/4
f 3165/29/285 3589/29/285 3590/29/285 3587/29/285
f 3588/29/5 3587/29/5 3590/29/5 3591/29/5
f 3588/29/214 3591/29/214 3582/29/214 3258/29/214
f 3221/29/4 3594/29/4 3595/29/4 3652/29/4
f 3652/29/215 3595/29/215 3663/29/215 3592/29/215
f 3593/29/5 3592/29/5 3663/29/5 3596/29/5
f 3593/29/216 3596/29/216 3594/29/216 3221/29/216
f 3599/29/217 3185/29/217 3598/29/217 3189/29/217
f 3185/29/5 3599/29/5 3597/29/5
f 3600/29/218 3545/29/218 3597/29/218 3601/29/218
f 3189/29/4 3545/29/4 3600/29/4
f 3602/29/4 3553/29/4 3603/29/4 3191/29/4
f 3602/29/219 3191/29/219 3192/29/219 3190/29/219
f 3190/29/5 3192/29/5 3193/29/5 3556/29/5
f 3556/29/220 3193/29/220 3603/29/220 3553/29/220
f 3604/29/298 3564/29/298 3565/29/298 3605/29/298
f 3606/29/4 3564/29/4 3604/29/4
f 3607/29/219 3194/29/219 3606/29/219 3608/29/219
f 3194/29/5 3607/29/5 3605/29/5
f 3197/29/5 3609/29/5 3605/29/5 3607/29/5
f 3605/29/222 3609/29/222 3604/29/222
f 3197/29/59 3607/29/59 3608/29/59 3196/29/59
f 3615/29/4 3612/29/4 3610/29/4 3249/29/4
f 3196/29/4 3604/29/4 3572/29/4
f 3249/29/286 3610/29/286 3611/29/286 3613/29/286
f 3614/29/5 3613/29/5 3611/29/5 3667/29/5
f 3614/29/84 3667/29/84 3612/29/84 3615/29/84
f 3633/29/4 3619/29/4 3620/29/4 3616/29/4
f 3616/29/224 3620/29/224 3622/29/224 3617/29/224
f 3618/29/5 3617/29/5 3622/29/5 3654/29/5
f 3618/29/225 3654/29/225 3619/29/225 3633/29/225
f 3623/29/226 3650/29/226 3621/29/226 3624/29/226
f 3620/29/4 3650/29/4 3623/29/4
f 3625/29/227 3622/29/227 3620/29/227 3664/29/227
f 3622/29/5 3625/29/5 3624/29/5
f 3668/29/4 3658/29/4 3629/29/4 3626/29/4
f 3626/29/228 3629/29/228 3630/29/228 3627/29/228
f 3627/29/5 3630/29/5 3631/29/5 3628/29/5
f 3628/29/229 3631/29/229 3658/29/229 3668/29/229
f 3632/29/226 3618/29/226 3633/29/226 3646/29/226
f 3618/29/5 3632/29/5 3630/29/5
f 3629/29/287 3616/29/287 3617/29/287 3630/29/287
f 3633/29/4 3616/29/4 3629/29/4
f 3636/29/4 3669/29/4 3665/29/4 3164/29/4
f 3636/29/230 3164/29/230 3634/29/230 3637/29/230
f 3637/29/5 3634/29/5 3635/29/5 3638/29/5
f 3638/29/231 3635/29/231 3665/29/231 3669/29/231
f 3662/29/4 3640/29/4 3583/29/4 3641/29/4
f 3642/29/232 3670/29/232 3640/29/232 3662/29/232
f 3670/29/5 3642/29/5 3639/29/5
f 3648/29/5 3647/29/5 3645/29/5 3632/29/5
f 3639/29/233 3643/29/233 3641/29/233
f 3645/29/234 3647/29/234 3644/29/234
f 3648/29/116 3632/29/116 3646/29/116 3649/29/116
f 3655/29/4 3651/29/4 3652/29/4 3650/29/4
f 3644/29/4 3246/29/4 3649/29/4
f 3650/29/116 3652/29/116 3592/29/116 3621/29/116
f 3656/29/5 3621/29/5 3592/29/5 3237/29/5
f 3656/29/235 3237/29/235 3651/29/235 3655/29/235
f 3654/29/200 3648/29/200 3649/29/200 3619/29/200
f 3648/29/5 3654/29/5 3653/29/5
f 3655/29/86 3230/29/86 3653/29/86 3656/29/86
f 3619/29/4 3230/29/4 3655/29/4
f 3644/29/4 3658/29/4 3615/29/4 3242/29/4
f 3644/29/236 3242/29/236 3657/29/236 3645/29/236
f 3645/29/5 3657/29/5 3614/29/5 3631/29/5
f 3631/29/250 3614/29/250 3615/29/250 3658/29/250
f 3660/29/5 3643/29/5 3642/29/5 3661/29/5
f 3167/29/4 3641/29/4 3659/29/4
f 3643/29/273 3660/29/273 3641/29/273
f 3661/29/239 3642/29/239 3662/29/239 3167/29/239
f 3595/29/240 3623/29/240 3624/29/240 3663/29/240
f 3623/29/4 3595/29/4 3664/29/4
f 3635/29/224 3625/29/224 3664/29/224 3665/29/224
f 3663/29/5 3625/29/5 3635/29/5
f 3667/29/241 3628/29/241 3668/29/241 3612/29/241
f 3627/29/288 3666/29/288 3626/29/288
f 3627/29/5 3628/29/5 3667/29/5
f 3637/29/243 3590/29/243 3636/29/243
f 3669/29/244 3640/29/244 3638/29/244
f 3640/29/4 3636/29/4 3589/29/4
f 3590/29/5 3638/29/5 3670/29/5
f 3740/29/5 3742/29/5 3739/29/5
f 3692/29/4 3738/29/4 3693/29/4
f 3735/29/4 3944/29/4 3808/29/4
f 3734/29/5 3733/29/5 3861/29/5
f 3731/29/4 4025/29/4 3888/29/4
f 3942/29/5 3730/29/5 3729/29/5
f 3727/29/4 4102/29/4 3969/29/4
f 4023/29/5 3726/29/5 3725/29/5
f 4049/29/4 3723/29/4 3722/29/4
f 3722/29/6 4103/29/6 3684/29/6
f 3818/29/5 3819/29/5 3856/29/5
f 3877/29/4 3864/29/4 3832/29/4
f 3819/29/5 3821/29/5 3856/29/5
f 3831/29/4 3877/29/4 3832/29/4
f 3855/29/4 3820/29/4 3869/29/4
f 3857/29/4 3820/29/4 3855/29/4
f 3833/29/5 3878/29/5 3834/29/5
f 3878/29/5 3879/29/5 3834/29/5
f 3841/29/5 3840/29/5 3871/29/5
f 3840/29/5 3842/29/5 3871/29/5
f 3849/29/5 3848/29/5 3881/29/5
f 3870/29/4 3839/29/4 3887/29/4
f 3872/29/4 3839/29/4 3870/29/4
f 3848/29/5 3850/29/5 3881/29/5
f 3880/29/4 3847/29/4 3895/29/4
f 3882/29/4 3847/29/4 3880/29/4
f 3942/29/5 3852/29/5 3890/29/5
f 3889/29/4 3731/29/4 3888/29/4
f 3709/29/4 4124/29/4 3711/29/4
f 4123/29/5 4121/29/5 3710/29/5
f 4069/29/4 4120/29/4 4064/29/4
f 4064/29/7 3706/29/7 3708/29/7
f 3699/29/4 3986/29/4 3698/29/4
f 3907/29/5 3908/29/5 4021/29/5
f 3826/29/5 3904/29/5 3697/29/5
f 3825/29/4 3905/29/4 3696/29/4
f 3742/29/5 3694/29/5 3859/29/5
f 3741/29/4 3695/29/4 3693/29/4
f 3678/29/5 3691/29/5 3778/29/5
f 3677/29/4 3692/29/4 3690/29/4
f 4109/29/8 3686/29/8 3687/29/8
f 3686/29/4 4116/29/4 3685/29/4
f 3978/29/4 3947/29/4 3946/29/4
f 3788/29/5 3786/29/5 3784/29/5
f 4134/29/4 4148/29/4 4132/29/4
f 3986/29/4 3699/29/4 3984/29/4
f 3700/29/5 3985/29/5 4022/29/5
f 4103/29/5 4015/29/5 4050/29/5
f 3719/29/5 3720/29/5 4131/29/5
f 3808/29/4 3770/29/4 3735/29/4
f 3969/29/4 3934/29/4 3727/29/4
f 3889/29/4 3853/29/4 3731/29/4
f 4189/29/5 4133/29/5 4188/29/5
f 3808/29/4 3809/29/4 3770/29/4
f 3969/29/4 3970/29/4 3934/29/4
f 4021/29/5 3700/29/5 4022/29/5
f 4101/29/5 4015/29/5 4103/29/5
f 3720/29/5 4095/29/5 4131/29/5
f 3699/29/4 4063/29/4 3984/29/4
f 3745/29/4 3785/29/4 3746/29/4
f 3748/29/5 3747/29/5 3749/29/5
f 3746/29/9 3748/29/9 3750/29/9
f 3755/29/4 3790/29/4 3757/29/4
f 3759/29/5 3760/29/5 3758/29/5
f 3764/29/10 3763/29/10 4179/29/10
f 3761/29/4 3766/29/4 3764/29/4
f 3762/29/5 3763/29/5 3765/29/5
f 3751/29/4 3766/29/4 3800/29/4
f 3753/29/5 3763/29/5 4169/29/5
f 4188/29/11 3772/29/11 4148/29/11
f 4132/29/12 3773/29/12 4133/29/12
f 3772/29/4 3863/29/4 4132/29/4
f 3822/29/4 3776/29/4 3774/29/4
f 3778/29/5 3779/29/5 3736/29/5
f 3782/29/5 3750/29/5 4110/29/5
f 3781/29/4 3746/29/4 3789/29/4
f 3785/29/258 3784/29/258 3748/29/258
f 3796/29/5 3784/29/5 3786/29/5
f 3787/29/4 3817/29/4 3789/29/4
f 3788/29/5 3783/29/5 3775/29/5
f 3794/29/5 3792/29/5 3796/29/5
f 3744/29/259 3797/29/259 3792/29/259
f 3799/29/5 3767/29/5 3801/29/5
f 3800/29/4 3851/29/4 3803/29/4
f 3810/29/5 3769/29/5 3812/29/5
f 3854/29/15 3810/29/15 3813/29/15
f 3845/29/4 3815/29/4 3811/29/4
f 3814/29/5 3765/29/5 3799/29/5
f 3816/29/4 3820/29/4 3817/29/4
f 3788/29/5 3819/29/5 3818/29/5
f 3818/29/16 3869/29/16 3816/29/16
f 3857/29/4 3822/29/4 3820/29/4
f 3821/29/5 3779/29/5 3739/29/5
f 3864/29/4 3835/29/4 3832/29/4
f 3786/29/5 3788/29/5 3833/29/5
f 3828/29/4 3839/29/4 3872/29/4
f 3830/29/5 3840/29/5 3791/29/5
f 3848/29/5 3846/29/5 3814/29/5
f 3848/29/17 3845/29/17 3847/29/17
f 3847/29/4 3844/29/4 3895/29/4
f 3882/29/18 3850/29/18 3838/29/18
f 3836/29/4 3847/29/4 3882/29/4
f 3801/29/5 3838/29/5 3848/29/5
f 3903/29/4 3857/29/4 3855/29/4
f 3860/29/5 3821/29/5 3859/29/5
f 3864/29/4 3877/29/4 3914/29/4
f 3867/29/5 3833/29/5 3866/29/5
f 3818/29/5 3868/29/5 3866/29/5
f 3869/29/4 3899/29/4 3855/29/4
f 3874/29/19 3879/29/19 3876/29/19
f 3877/29/4 3831/29/4 3874/29/4
f 3850/29/5 3883/29/5 3881/29/5
f 3932/29/4 3885/29/4 3882/29/4
f 3890/29/5 3852/29/5 3892/29/5
f 3935/29/20 3890/29/20 3893/29/20
f 3894/29/21 3880/29/21 3927/29/21
f 3892/29/5 3881/29/5 3894/29/5
f 3891/29/4 3880/29/4 3895/29/4
f 3897/29/5 3868/29/5 3898/29/5
f 3899/29/4 3896/29/4 3901/29/4
f 3898/29/289 3950/29/289 3896/29/289
f 3939/29/4 3903/29/4 3901/29/4
f 3860/29/5 3824/29/5 3902/29/5
f 3917/29/4 3918/29/4 3915/29/4
f 3968/29/5 3886/29/5 3921/29/5
f 3927/29/4 3925/29/4 3976/29/4
f 3929/29/5 3930/29/5 3894/29/5
f 3915/29/4 3928/29/4 3961/29/4
f 3915/29/23 3931/29/23 3916/29/23
f 3916/29/5 3929/29/5 3883/29/5
f 3933/29/5 4024/29/5 3926/29/5
f 3925/29/4 3935/29/4 3934/29/4
f 3939/29/4 3936/29/4 3938/29/4
f 3697/29/245 3939/29/245 3940/29/245
f 3958/29/5 3912/29/5 3949/29/5
f 3947/29/4 3956/29/4 3946/29/4
f 3936/29/4 3947/29/4 3978/29/4
f 3949/29/25 3947/29/25 3950/29/25
f 3898/29/5 3937/29/5 3949/29/5
f 3967/29/5 3920/29/5 3954/29/5
f 3953/29/4 3966/29/4 3952/29/4
f 3959/29/4 3964/29/4 3961/29/4
f 3931/29/5 3962/29/5 3960/29/5
f 3964/29/26 3963/29/26 3931/29/26
f 3963/29/5 3967/29/5 3965/29/5
f 3966/29/4 3917/29/4 3964/29/4
f 4008/29/4 3976/29/4 3972/29/4
f 3975/29/5 3930/29/5 3960/29/5
f 3948/29/5 3977/29/5 3995/29/5
f 3978/29/4 4031/29/4 3980/29/4
f 3979/29/5 3983/29/5 3981/29/5
f 3982/29/4 3938/29/4 3980/29/4
f 3986/29/4 3984/29/4 4100/29/4
f 3985/29/5 3700/29/5 3988/29/5
f 4100/29/299 3989/29/299 3700/29/299
f 3997/29/4 4002/29/4 3999/29/4
f 4000/29/5 4001/29/5 3998/29/5
f 4000/29/5 4005/29/5 4003/29/5
f 4002/29/4 4004/29/4 3952/29/4
f 3975/29/28 4008/29/28 4010/29/28
f 4010/29/4 4007/29/4 4056/29/4
f 4012/29/5 3975/29/5 4011/29/5
f 4043/29/4 4014/29/4 4010/29/4
f 4014/29/29 3962/29/29 4011/29/29
f 4015/29/5 4101/29/5 4009/29/5
f 4016/29/30 3974/29/30 4101/29/30
f 4007/29/4 4017/29/4 4016/29/4
f 4018/29/31 4019/29/31 4022/29/31
f 4021/29/32 4020/29/32 3699/29/32
f 4024/29/5 4023/29/5 3729/29/5
f 4025/29/4 3728/29/4 3934/29/4
f 4029/29/5 4041/29/5 3993/29/5
f 4029/29/24 4026/29/24 4027/29/24
f 4037/29/5 4034/29/5 4003/29/5
f 4036/29/4 4032/29/4 4035/29/4
f 4055/29/260 4042/29/260 4085/29/260
f 4042/29/4 4056/29/4 4054/29/4
f 4012/29/5 4044/29/5 4055/29/5
f 4058/29/4 4071/29/4 4057/29/4
f 4060/29/5 4030/29/5 4062/29/5
f 4057/29/34 4060/29/34 3706/29/34
f 4064/29/4 4065/29/4 4057/29/4
f 3705/29/5 3706/29/5 3703/29/5
f 4028/29/5 3708/29/5 4070/29/5
f 4072/29/4 4069/29/4 4071/29/4
f 4075/29/4 4076/29/4 4074/29/4
f 4075/29/35 4093/29/35 4078/29/35
f 3709/29/4 4035/29/4 4077/29/4
f 3710/29/5 4080/29/5 4082/29/5
f 4084/29/36 4086/29/36 4083/29/36
f 4084/29/5 4090/29/5 4087/29/5
f 4092/29/5 3717/29/5 4090/29/5
f 4091/29/4 4089/29/4 4074/29/4
f 4094/29/4 4096/29/4 3680/29/4
f 4084/29/37 4083/29/37 4094/29/37
f 4099/29/5 4097/29/5 3988/29/5
f 3988/29/251 4098/29/251 3987/29/251
f 4102/29/4 3723/29/4 4016/29/4
f 3726/29/5 4103/29/5 3725/29/5
f 3725/29/39 3723/29/39 3724/29/39
f 4120/29/4 4067/29/4 3711/29/4
f 4121/29/5 4123/29/5 4119/29/5
f 3716/29/5 4127/29/5 4087/29/5
f 4128/29/4 4126/29/4 4130/29/4
f 4126/29/4 3718/29/4 4130/29/4
f 4131/29/262 4094/29/262 4126/29/262
f 4144/29/5 4146/29/5 4143/29/5
f 4142/29/4 4145/29/4 4186/29/4
f 4155/29/4 4151/29/4 4168/29/4
f 4140/29/5 4152/29/5 4139/29/5
f 4161/29/41 4163/29/41 4105/29/41
f 4164/29/5 4165/29/5 4161/29/5
f 4166/29/4 4171/29/4 4168/29/4
f 4169/29/42 3768/29/42 4166/29/42
f 4171/29/4 3752/29/4 4141/29/4
f 4176/29/5 4178/29/5 4175/29/5
f 4182/29/43 4181/29/43 4163/29/43
f 4184/29/4 4163/29/4 3689/29/4
f 4146/29/5 4147/29/5 4185/29/5
f 4117/29/4 4187/29/4 4186/29/4
f 4149/29/5 4189/29/5 4188/29/5
f 4148/29/4 4134/29/4 4190/29/4
f 4159/29/5 4160/29/5 4112/29/5
f 4158/29/4 4162/29/4 4191/29/4
f 4112/29/44 4111/29/44 4158/29/44
f 4162/29/45 4192/29/45 4160/29/45
f 3740/29/46 3691/29/46 3692/29/46 3693/29/46
f 3693/29/4 3738/29/4 3741/29/4
f 4108/29/47 3782/29/47 3781/29/47 3737/29/47
f 3691/29/5 3740/29/5 3739/29/5
f 3675/29/5 3736/29/5 3782/29/5 4108/29/5
f 3674/29/48 3776/29/48 3736/29/48 3675/29/48
f 3737/29/4 3781/29/4 3776/29/4 3674/29/4
f 3734/29/49 3810/29/49 3808/29/49 3944/29/49
f 3732/29/50 3735/29/50 3861/29/50 3733/29/50
f 3861/29/5 3810/29/5 3734/29/5
f 3730/29/49 3890/29/49 3888/29/49 4025/29/49
f 3735/29/4 3732/29/4 3944/29/4
f 3728/29/51 3731/29/51 3942/29/51 3729/29/51
f 3942/29/5 3890/29/5 3730/29/5
f 3726/29/52 3971/29/52 3969/29/52 4102/29/52
f 3731/29/4 3728/29/4 4025/29/4
f 3724/29/53 3727/29/53 4023/29/53 3725/29/53
f 3971/29/5 3726/29/5 4023/29/5
f 4050/29/5 3683/29/5 3684/29/5 4103/29/5
f 3727/29/4 3724/29/4 4102/29/4
f 3722/29/54 3723/29/54 4103/29/54
f 4049/29/55 3682/29/55 3683/29/55 4050/29/55
f 3720/29/56 3673/29/56 3721/29/56 3681/29/56
f 3682/29/4 4049/29/4 3722/29/4
f 3719/29/5 3672/29/5 3673/29/5 3720/29/5
f 3718/29/57 3671/29/57 3672/29/57 3719/29/57
f 3681/29/4 3721/29/4 3671/29/4 3718/29/4
f 3715/29/58 3717/29/58 4089/29/58 4125/29/58
f 3715/29/5 3714/29/5 3716/29/5 3717/29/5
f 3713/29/59 4128/29/59 3716/29/59 3714/29/59
f 4125/29/4 4089/29/4 4128/29/4 3713/29/4
f 3712/29/59 4121/29/59 3711/29/59 4124/29/59
f 3709/29/60 4122/29/60 4123/29/60 3710/29/60
f 3710/29/5 4121/29/5 3712/29/5
f 3706/29/5 3705/29/5 3707/29/5 3708/29/5
f 4122/29/4 3709/29/4 3711/29/4
f 4069/29/61 4064/29/61 3708/29/61
f 3704/29/62 4120/29/62 3707/29/62 3705/29/62
f 3703/29/63 4099/29/63 3701/29/63 4065/29/63
f 4120/29/4 3704/29/4 4064/29/4
f 3702/29/5 4097/29/5 4099/29/5 3703/29/5
f 4061/29/64 4098/29/64 4097/29/64 3702/29/64
f 4061/29/4 4065/29/4 3701/29/4 4098/29/4
f 3700/29/65 3908/29/65 3698/29/65 3986/29/65
f 3699/29/246 3906/29/246 3907/29/246 4021/29/246
f 4021/29/5 3908/29/5 3700/29/5
f 3940/29/67 3825/29/67 3826/29/67 3697/29/67
f 3906/29/4 3699/29/4 3698/29/4
f 3904/29/68 3827/29/68 3696/29/68 3905/29/68
f 3825/29/4 3940/29/4 3905/29/4
f 3858/29/69 3741/29/69 3742/29/69 3859/29/69
f 3826/29/5 3827/29/5 3904/29/5
f 3694/29/68 3740/29/68 3693/29/68 3695/29/68
f 3741/29/4 3858/29/4 3695/29/4
f 3777/29/69 3677/29/69 3678/29/69 3778/29/69
f 3742/29/5 3740/29/5 3694/29/5
f 3691/29/68 3679/29/68 3690/29/68 3692/29/68
f 3677/29/4 3777/29/4 3692/29/4
f 3688/29/265 4183/29/265 3689/29/265 3676/29/265
f 3678/29/5 3679/29/5 3691/29/5
f 4107/29/5 4182/29/5 4183/29/5 3688/29/5
f 4106/29/275 4181/29/275 4182/29/275 4107/29/275
f 3676/29/4 3689/29/4 4181/29/4 4106/29/4
f 4118/29/73 3749/29/73 3685/29/73 4116/29/73
f 3687/29/4 3686/29/4 3685/29/4
f 4118/29/5 4156/29/5 4109/29/5 3749/29/5
f 3684/29/74 3720/29/74 3681/29/74 3722/29/74
f 4109/29/276 4156/29/276 3686/29/276
f 3684/29/5 3683/29/5 4095/29/5 3720/29/5
f 3682/29/76 3680/29/76 4095/29/76 3683/29/76
f 3722/29/4 3681/29/4 3680/29/4 3682/29/4
f 3679/29/277 3688/29/277 3676/29/277 3690/29/277
f 3678/29/5 3675/29/5 3688/29/5 3679/29/5
f 3677/29/78 3674/29/78 3675/29/78 3678/29/78
f 3677/29/4 3690/29/4 3676/29/4 3674/29/4
f 3950/29/4 3936/29/4 3939/29/4 3901/29/4
f 4046/29/4 4091/29/4 4074/29/4 4076/29/4
f 4109/29/5 4110/29/5 3750/29/5 3749/29/5
f 3992/29/4 3991/29/4 4039/29/4 4026/29/4
f 3687/29/4 3685/29/4 3746/29/4 3780/29/4
f 4027/29/4 4072/29/4 4071/29/4 4058/29/4
f 3898/29/5 3900/29/5 3902/29/5 3937/29/5
f 4029/29/5 4030/29/5 4073/29/5 4028/29/5
f 3721/29/79 3673/29/79 3672/29/79 3671/29/79
f 3994/29/5 3993/29/5 4041/29/5 4040/29/5
f 4045/29/5 4047/29/5 4093/29/5 4092/29/5
f 4032/29/4 4033/29/4 4002/29/4 4048/29/4
f 4036/29/4 4035/29/4 4081/29/4 4066/29/4
f 3876/29/5 3875/29/5 3923/29/5 3924/29/5
f 4034/29/5 4001/29/5 4000/29/5 4003/29/5
f 4037/29/5 4038/29/5 4082/29/5 4080/29/5
f 3798/29/4 3800/29/4 3766/29/4 3815/29/4
f 3883/29/5 3884/29/5 3886/29/5 3916/29/5
f 3801/29/5 3802/29/5 3804/29/5 3838/29/5
f 4042/29/4 4043/29/4 4010/29/4 4056/29/4
f 4157/29/5 4156/29/5 4118/29/5 4185/29/5
f 3874/29/4 3873/29/4 3922/29/4 3909/29/4
f 3843/29/4 3828/29/4 3829/29/4 3793/29/4
f 3915/29/4 3918/29/4 3885/29/4 3932/29/4
f 3791/29/5 3792/29/5 3794/29/5 3830/29/5
f 3851/29/4 3836/29/4 3837/29/4 3803/29/4
f 3813/29/5 3812/29/5 3814/29/5 3846/29/5
f 3977/29/5 3979/29/5 3981/29/5 4019/29/5
f 4017/29/4 4007/29/4 4008/29/4 3972/29/4
f 3755/29/4 3754/29/4 3805/29/4 3790/29/4
f 4044/29/5 4012/29/5 4011/29/5 4013/29/5
f 3758/29/5 3756/29/5 3806/29/5 3807/29/5
f 3753/29/5 4169/29/5 4170/29/5 4175/29/5
f 3893/29/5 3892/29/5 3894/29/5 3926/29/5
f 3751/29/4 3752/29/4 4171/29/4 3768/29/4
f 4166/29/4 4168/29/4 4151/29/4 4180/29/4
f 4135/29/5 4136/29/5 4179/29/5 3762/29/5
f 3835/29/4 3816/29/4 3817/29/4 3787/29/4
f 3783/29/5 3782/29/5 3736/29/5 3775/29/5
f 3954/29/5 3955/29/5 4005/29/5 4006/29/5
f 3998/29/5 3962/29/5 3963/29/5 3965/29/5
f 3997/29/4 3999/29/4 3964/29/4 4014/29/4
f 3974/29/5 3973/29/5 3975/29/5 4009/29/5
f 3675/29/5 4108/29/5 4107/29/5 3688/29/5
f 3867/29/5 3866/29/5 3868/29/5 3897/29/5
f 3914/29/4 3896/29/4 3899/29/4 3865/29/4
f 3799/29/5 3765/29/5 3763/29/5 3767/29/5
f 4114/29/5 4115/29/5 3760/29/5 3759/29/5
f 4167/29/5 4153/29/5 4152/29/5 4154/29/5
f 3949/29/5 3948/29/5 3995/29/5 3996/29/5
f 3953/29/4 3952/29/4 4004/29/4 3990/29/4
f 4174/29/4 4173/29/4 3757/29/4 3743/29/4
f 4142/29/4 4141/29/4 4177/29/4 4172/29/4
f 3919/29/4 3917/29/4 3966/29/4 3951/29/4
f 3921/29/5 3920/29/5 3967/29/5 3968/29/5
f 4144/29/5 4143/29/5 4178/29/5 4176/29/5
f 3854/29/4 3844/29/4 3845/29/4 3811/29/4
f 3745/29/4 3744/29/4 3795/29/4 3785/29/4
f 4031/29/4 4018/29/4 4020/29/4 3980/29/4
f 4187/29/4 4117/29/4 4116/29/4 3686/29/4
f 3935/29/4 3925/29/4 3927/29/4 3891/29/4
f 3911/29/4 3910/29/4 3956/29/4 3945/29/4
f 3771/29/4 3761/29/4 3764/29/4 4137/29/4
f 3774/29/4 3776/29/4 3781/29/4 3789/29/4
f 3747/29/5 3748/29/5 3796/29/5 3797/29/5
f 3913/29/5 3912/29/5 3958/29/5 3957/29/5
f 4084/29/5 4052/29/5 4053/29/5 4055/29/5
f 3674/29/4 3676/29/4 4106/29/4 3737/29/4
f 4083/29/4 4085/29/4 4054/29/4 4096/29/4
f 3959/29/4 3961/29/4 3928/29/4 3976/29/4
f 4192/29/5 4161/29/5 4113/29/5 4112/29/5
f 3960/29/5 3930/29/5 3929/29/5 3931/29/5
f 4162/29/4 4111/29/4 4104/29/4 4105/29/4
f 4094/29/4 3680/29/4 3681/29/4 3718/29/4
f 4068/29/4 4067/29/4 4120/29/4 4069/29/4
f 4070/29/5 3708/29/5 3707/29/5 4119/29/5
f 3723/29/4 4049/29/4 4051/29/4 4016/29/4
f 4077/29/4 4075/29/4 4124/29/4 3709/29/4
f 4079/29/5 3710/29/5 3712/29/5 4078/29/5
f 4059/29/4 4057/29/4 4065/29/4 4061/29/4
f 4062/29/5 3702/29/5 3703/29/5 4060/29/5
f 4088/29/4 4086/29/4 4128/29/4 4089/29/4
f 3694/29/5 3824/29/5 3860/29/5 3859/29/5
f 3903/29/4 3823/29/4 3695/29/4 3858/29/4
f 3691/29/5 3739/29/5 3779/29/5 3778/29/5
f 3822/29/4 3738/29/4 3692/29/4 3777/29/4
f 3982/29/4 3905/29/4 3940/29/4 3938/29/4
f 4090/29/5 3717/29/5 3716/29/5 4087/29/5
f 3861/29/5 3862/29/5 3769/29/5 3810/29/5
f 4023/29/5 4024/29/5 3933/29/5 3971/29/5
f 3697/29/5 3904/29/5 3983/29/5 3941/29/5
f 3743/29/4 3757/29/4 3744/29/4 3745/29/4
f 3942/29/5 3943/29/5 3852/29/5
f 3743/29/80 3745/29/80 3747/29/80 4115/29/80
f 4115/29/5 3747/29/5 3797/29/5 3760/29/5
f 3760/29/81 3797/29/81 3744/29/81 3757/29/81
f 3745/29/82 3685/29/82 3749/29/82 3747/29/82
f 3746/29/83 3785/29/83 3748/29/83
f 3685/29/4 3745/29/4 3746/29/4
f 3751/29/4 3754/29/4 3755/29/4 3752/29/4
f 3749/29/5 3750/29/5 3748/29/5
f 3752/29/84 3755/29/84 3758/29/84 4175/29/84
f 3753/29/5 4175/29/5 3758/29/5 3807/29/5
f 3753/29/85 3807/29/85 3754/29/85 3751/29/85
f 3756/29/86 3760/29/86 3757/29/86 3790/29/86
f 3758/29/5 3760/29/5 3756/29/5
f 3755/29/87 4173/29/87 3759/29/87 3758/29/87
f 4173/29/4 3755/29/4 3757/29/4
f 3815/29/88 3761/29/88 3762/29/88 3765/29/88
f 4179/29/5 3763/29/5 3762/29/5
f 3764/29/89 3766/29/89 3763/29/89
f 3761/29/4 3815/29/4 3766/29/4
f 3767/29/90 3753/29/90 3751/29/90 3800/29/90
f 3753/29/5 3767/29/5 3763/29/5
f 3766/29/91 3768/29/91 4169/29/91 3763/29/91
f 3751/29/4 3768/29/4 3766/29/4
f 3771/29/4 3770/29/4 3809/29/4 3761/29/4
f 3761/29/92 3809/29/92 3769/29/92 3762/29/92
f 4135/29/5 3762/29/5 3769/29/5 3862/29/5
f 4135/29/291 3862/29/291 3770/29/291 3771/29/291
f 3775/29/94 3779/29/94 3822/29/94 3774/29/94
f 4132/29/4 4148/29/4 3772/29/4
f 4133/29/5 3773/29/5 4188/29/5
f 4132/29/95 3863/29/95 3773/29/95
f 3779/29/5 3775/29/5 3736/29/5
f 3776/29/84 3777/29/84 3778/29/84 3736/29/84
f 3777/29/4 3776/29/4 3822/29/4
f 3780/29/96 3781/29/96 3782/29/96 4110/29/96
f 3781/29/4 3780/29/4 3746/29/4
f 3750/29/97 3783/29/97 3789/29/97 3746/29/97
f 3782/29/5 3783/29/5 3750/29/5
f 3787/29/4 3785/29/4 3795/29/4 3835/29/4
f 3796/29/5 3748/29/5 3784/29/5
f 3835/29/98 3795/29/98 3796/29/98 3786/29/98
f 3783/29/99 3784/29/99 3787/29/99 3789/29/99
f 3785/29/100 3787/29/100 3784/29/100
f 3784/29/5 3783/29/5 3788/29/5
f 3774/29/101 3817/29/101 3788/29/101 3775/29/101
f 3817/29/4 3774/29/4 3789/29/4
f 3793/29/4 3790/29/4 3805/29/4 3843/29/4
f 3843/29/102 3805/29/102 3806/29/102 3791/29/102
f 3792/29/5 3791/29/5 3806/29/5 3756/29/5
f 3792/29/103 3756/29/103 3790/29/103 3793/29/103
f 3744/29/4 3793/29/4 3829/29/4 3795/29/4
f 3795/29/104 3829/29/104 3794/29/104 3796/29/104
f 3851/29/105 3798/29/105 3799/29/105 3801/29/105
f 3793/29/106 3744/29/106 3792/29/106
f 3796/29/5 3792/29/5 3797/29/5
f 3798/29/4 3851/29/4 3800/29/4
f 3802/29/107 3767/29/107 3800/29/107 3803/29/107
f 3767/29/5 3802/29/5 3801/29/5
f 3754/29/4 3803/29/4 3837/29/4 3805/29/4
f 3805/29/104 3837/29/104 3804/29/104 3806/29/104
f 3807/29/5 3806/29/5 3804/29/5 3802/29/5
f 3807/29/108 3802/29/108 3803/29/108 3754/29/108
f 3809/29/4 3808/29/4 3854/29/4 3811/29/4
f 3809/29/109 3811/29/109 3812/29/109 3769/29/109
f 3765/29/110 3812/29/110 3811/29/110 3815/29/110
f 3854/29/111 3808/29/111 3810/29/111
f 3813/29/5 3810/29/5 3812/29/5
f 3812/29/5 3765/29/5 3814/29/5
f 3798/29/112 3845/29/112 3814/29/112 3799/29/112
f 3845/29/4 3798/29/4 3815/29/4
f 3819/29/113 3788/29/113 3817/29/113 3820/29/113
f 3788/29/114 3818/29/114 3816/29/114
f 3779/29/47 3819/29/47 3820/29/47 3822/29/47
f 3816/29/4 3869/29/4 3820/29/4
f 3821/29/5 3819/29/5 3779/29/5
f 3738/29/104 3857/29/104 3821/29/104 3739/29/104
f 3857/29/4 3738/29/4 3822/29/4
f 3696/29/4 3695/29/4 3823/29/4 3825/29/4
f 3825/29/247 3823/29/247 3824/29/247 3826/29/247
f 3827/29/5 3826/29/5 3824/29/5 3694/29/5
f 3827/29/46 3694/29/46 3695/29/46 3696/29/46
f 3829/29/4 3828/29/4 3831/29/4 3832/29/4
f 3829/29/116 3832/29/116 3834/29/116 3794/29/116
f 3794/29/5 3834/29/5 3879/29/5 3830/29/5
f 3830/29/117 3879/29/117 3831/29/117 3828/29/117
f 3786/29/118 3834/29/118 3832/29/118 3835/29/118
f 3834/29/5 3786/29/5 3833/29/5
f 3816/29/119 3864/29/119 3833/29/119 3788/29/119
f 3835/29/4 3864/29/4 3816/29/4
f 3837/29/4 3836/29/4 3887/29/4 3839/29/4
f 3837/29/84 3839/29/84 3840/29/84 3804/29/84
f 3804/29/5 3840/29/5 3841/29/5 3838/29/5
f 3838/29/120 3841/29/120 3887/29/120 3836/29/120
f 3842/29/104 3830/29/104 3828/29/104 3872/29/104
f 3830/29/5 3842/29/5 3840/29/5
f 3839/29/87 3843/29/87 3791/29/87 3840/29/87
f 3843/29/4 3839/29/4 3828/29/4
f 3846/29/85 3849/29/85 3895/29/85 3844/29/85
f 3848/29/292 3814/29/292 3845/29/292
f 3847/29/4 3845/29/4 3844/29/4
f 3848/29/5 3849/29/5 3846/29/5
f 3847/29/122 3851/29/122 3801/29/122 3848/29/122
f 3838/29/5 3850/29/5 3848/29/5
f 3836/29/248 3882/29/248 3838/29/248
f 3851/29/4 3847/29/4 3836/29/4
f 3854/29/4 3853/29/4 3889/29/4 3844/29/4
f 3844/29/92 3889/29/92 3852/29/92 3846/29/92
f 3813/29/5 3846/29/5 3852/29/5 3943/29/5
f 3813/29/124 3943/29/124 3853/29/124 3854/29/124
f 3856/29/94 3860/29/94 3903/29/94 3855/29/94
f 3860/29/5 3856/29/5 3821/29/5
f 3857/29/125 3858/29/125 3859/29/125 3821/29/125
f 3903/29/4 3858/29/4 3857/29/4
f 3735/29/4 3770/29/4 3863/29/4 3772/29/4
f 3735/29/126 3772/29/126 4188/29/126 3861/29/126
f 3861/29/5 4188/29/5 3773/29/5 3862/29/5
f 3862/29/127 3773/29/127 3863/29/127 3770/29/127
f 3878/29/98 3867/29/98 3914/29/98 3877/29/98
f 3833/29/5 3867/29/5 3878/29/5
f 3864/29/128 3865/29/128 3866/29/128 3833/29/128
f 3865/29/4 3864/29/4 3914/29/4
f 3865/29/129 3869/29/129 3818/29/129 3866/29/129
f 3869/29/4 3865/29/4 3899/29/4
f 3868/29/274 3856/29/274 3855/29/274 3899/29/274
f 3818/29/5 3856/29/5 3868/29/5
f 3873/29/4 3874/29/4 3872/29/4 3870/29/4
f 3873/29/98 3870/29/98 3871/29/98 3924/29/98
f 3924/29/5 3871/29/5 3842/29/5 3876/29/5
f 3876/29/131 3842/29/131 3872/29/131 3874/29/131
f 3877/29/132 3909/29/132 3875/29/132 3878/29/132
f 3909/29/4 3877/29/4 3874/29/4
f 3879/29/5 3878/29/5 3875/29/5 3876/29/5
f 3932/29/133 3880/29/133 3881/29/133 3883/29/133
f 3874/29/134 3831/29/134 3879/29/134
f 3880/29/4 3932/29/4 3882/29/4
f 3884/29/135 3850/29/135 3882/29/135 3885/29/135
f 3883/29/5 3850/29/5 3884/29/5
f 3887/29/4 3885/29/4 3918/29/4 3870/29/4
f 3870/29/104 3918/29/104 3886/29/104 3871/29/104
f 3841/29/5 3871/29/5 3886/29/5 3884/29/5
f 3841/29/108 3884/29/108 3885/29/108 3887/29/108
f 3889/29/4 3888/29/4 3935/29/4 3891/29/4
f 3889/29/136 3891/29/136 3892/29/136 3852/29/136
f 3849/29/108 3892/29/108 3891/29/108 3895/29/108
f 3935/29/137 3888/29/137 3890/29/137
f 3893/29/5 3890/29/5 3892/29/5
f 3891/29/4 3927/29/4 3880/29/4
f 3894/29/138 3881/29/138 3880/29/138
f 3892/29/5 3849/29/5 3881/29/5
f 3900/29/139 3868/29/139 3899/29/139 3901/29/139
f 3897/29/140 3898/29/140 3896/29/140
f 3868/29/5 3900/29/5 3898/29/5
f 3860/29/294 3900/29/294 3901/29/294 3903/29/294
f 3896/29/4 3950/29/4 3901/29/4
f 3902/29/5 3900/29/5 3860/29/5
f 3823/29/142 3939/29/142 3902/29/142 3824/29/142
f 3903/29/4 3939/29/4 3823/29/4
f 3698/29/4 3905/29/4 3982/29/4 3906/29/4
f 3906/29/78 3982/29/78 3983/29/78 3907/29/78
f 3907/29/5 3983/29/5 3904/29/5 3908/29/5
f 3908/29/46 3904/29/46 3905/29/46 3698/29/46
f 3911/29/4 3909/29/4 3922/29/4 3910/29/4
f 3910/29/143 3922/29/143 3923/29/143 3957/29/143
f 3913/29/5 3957/29/5 3923/29/5 3875/29/5
f 3913/29/144 3875/29/144 3909/29/144 3911/29/144
f 3896/29/4 3914/29/4 3911/29/4 3945/29/4
f 3896/29/145 3945/29/145 3912/29/145 3897/29/145
f 3897/29/5 3912/29/5 3913/29/5 3867/29/5
f 3867/29/108 3913/29/108 3911/29/108 3914/29/108
f 3916/29/146 3968/29/146 3917/29/146 3915/29/146
f 3968/29/5 3916/29/5 3886/29/5
f 3918/29/116 3919/29/116 3921/29/116 3886/29/116
f 3919/29/4 3918/29/4 3917/29/4
f 3922/29/4 3873/29/4 3919/29/4 3951/29/4
f 3922/29/147 3951/29/147 3920/29/147 3923/29/147
f 3923/29/5 3920/29/5 3921/29/5 3924/29/5
f 3924/29/118 3921/29/118 3919/29/118 3873/29/118
f 3926/29/85 3930/29/85 3976/29/85 3925/29/85
f 3930/29/5 3926/29/5 3894/29/5
f 3927/29/148 3928/29/148 3929/29/148 3894/29/148
f 3928/29/4 3927/29/4 3976/29/4
f 3928/29/149 3932/29/149 3883/29/149 3929/29/149
f 3915/29/150 3961/29/150 3931/29/150
f 3929/29/5 3916/29/5 3931/29/5
f 3915/29/4 3932/29/4 3928/29/4
f 3925/29/92 3970/29/92 3933/29/92 3926/29/92
f 3970/29/4 3925/29/4 3934/29/4
f 3893/29/151 4024/29/151 3934/29/151 3935/29/151
f 3926/29/5 4024/29/5 3893/29/5
f 3902/29/5 3697/29/5 3941/29/5 3937/29/5
f 3697/29/152 3902/29/152 3939/29/152
f 3937/29/153 3941/29/153 3938/29/153 3936/29/153
f 3731/29/4 3853/29/4 3944/29/4 3732/29/4
f 3940/29/4 3939/29/4 3938/29/4
f 3731/29/154 3732/29/154 3733/29/154 3942/29/154
f 3942/29/5 3733/29/5 3734/29/5 3943/29/5
f 3943/29/155 3734/29/155 3944/29/155 3853/29/155
f 3945/29/156 3947/29/156 3949/29/156 3912/29/156
f 3947/29/4 3945/29/4 3956/29/4
f 3958/29/98 3996/29/98 3946/29/98 3956/29/98
f 3996/29/5 3958/29/5 3949/29/5
f 3948/29/280 3937/29/280 3936/29/280 3978/29/280
f 3937/29/5 3948/29/5 3949/29/5
f 3951/29/158 3953/29/158 3954/29/158 3920/29/158
f 3936/29/4 3950/29/4 3947/29/4
f 3898/29/159 3949/29/159 3950/29/159
f 3966/29/4 3953/29/4 3951/29/4
f 3967/29/102 4006/29/102 3952/29/102 3966/29/102
f 3954/29/5 4006/29/5 3967/29/5
f 3990/29/4 3956/29/4 3910/29/4 3953/29/4
f 3953/29/160 3910/29/160 3957/29/160 3954/29/160
f 3955/29/5 3954/29/5 3957/29/5 3958/29/5
f 3955/29/132 3958/29/132 3956/29/132 3990/29/132
f 4014/29/161 3959/29/161 3960/29/161 3962/29/161
f 3961/29/162 3964/29/162 3931/29/162
f 3959/29/4 4014/29/4 3964/29/4
f 3966/29/163 3999/29/163 3965/29/163 3967/29/163
f 3931/29/5 3963/29/5 3962/29/5
f 3964/29/4 3999/29/4 3966/29/4
f 3968/29/164 3963/29/164 3964/29/164 3917/29/164
f 3967/29/5 3963/29/5 3968/29/5
f 3970/29/4 3969/29/4 4017/29/4 3972/29/4
f 3970/29/136 3972/29/136 3973/29/136 3933/29/136
f 3933/29/5 3973/29/5 3974/29/5 3971/29/5
f 3971/29/165 3974/29/165 4017/29/165 3969/29/165
f 3930/29/108 3973/29/108 3972/29/108 3976/29/108
f 3973/29/5 3930/29/5 3975/29/5
f 3959/29/166 4008/29/166 3975/29/166 3960/29/166
f 4008/29/4 3959/29/4 3976/29/4
f 4031/29/167 3978/29/167 3995/29/167 3977/29/167
f 3741/29/168 3738/29/168 3739/29/168 3742/29/168
f 3979/29/169 3948/29/169 3978/29/169 3980/29/169
f 3948/29/5 3979/29/5 3977/29/5
f 3982/29/170 4020/29/170 3981/29/170 3983/29/170
f 3980/29/4 4020/29/4 3982/29/4
f 3941/29/118 3979/29/118 3980/29/118 3938/29/118
f 3979/29/5 3941/29/5 3983/29/5
f 3987/29/171 3984/29/171 3985/29/171 3988/29/171
f 3986/29/172 4100/29/172 3700/29/172
f 3984/29/4 3987/29/4 4100/29/4
f 3992/29/4 3990/29/4 4004/29/4 3991/29/4
f 3988/29/5 3700/29/5 3989/29/5
f 3991/29/173 4004/29/173 4005/29/173 4040/29/173
f 3994/29/5 4040/29/5 4005/29/5 3955/29/5
f 3994/29/144 3955/29/144 3990/29/144 3992/29/144
f 3978/29/4 3946/29/4 3992/29/4 4026/29/4
f 3978/29/174 4026/29/174 3993/29/174 3995/29/174
f 3995/29/5 3993/29/5 3994/29/5 3996/29/5
f 3996/29/108 3994/29/108 3992/29/108 3946/29/108
f 4000/29/282 3965/29/282 3999/29/282 4002/29/282
f 3998/29/5 3965/29/5 4000/29/5
f 4048/29/98 3997/29/98 3998/29/98 4001/29/98
f 4002/29/4 3997/29/4 4048/29/4
f 4004/29/300 4033/29/300 4003/29/300 4005/29/300
f 4002/29/4 4033/29/4 4004/29/4
f 4006/29/177 4000/29/177 4002/29/177 3952/29/177
f 4000/29/5 4006/29/5 4005/29/5
f 4009/29/178 4012/29/178 4056/29/178 4007/29/178
f 4010/29/4 4008/29/4 4007/29/4
f 3975/29/5 4012/29/5 4009/29/5
f 3997/29/132 4043/29/132 4013/29/132 3998/29/132
f 4011/29/179 3975/29/179 4010/29/179
f 4010/29/180 4014/29/180 4011/29/180
f 4043/29/4 3997/29/4 4014/29/4
f 3962/29/5 3998/29/5 4013/29/5 4011/29/5
f 4007/29/181 4051/29/181 4015/29/181 4009/29/181
f 4051/29/4 4007/29/4 4016/29/4
f 3981/29/5 4021/29/5 4022/29/5 4019/29/5
f 4009/29/5 4101/29/5 3974/29/5
f 4016/29/182 4017/29/182 3974/29/182
f 4021/29/183 3981/29/183 4020/29/183
f 4018/29/4 4063/29/4 3699/29/4 4020/29/4
f 3727/29/184 3728/29/184 3729/29/184 4023/29/184
f 4063/29/283 4018/29/283 4022/29/283
f 3934/29/4 3728/29/4 3727/29/4
f 4024/29/256 3730/29/256 4025/29/256 3934/29/256
f 3730/29/5 4024/29/5 3729/29/5
f 4039/29/4 4072/29/4 4027/29/4 4026/29/4
f 4029/29/284 3993/29/284 4026/29/284
f 4041/29/187 4028/29/187 4072/29/187 4039/29/187
f 4028/29/5 4041/29/5 4029/29/5
f 4027/29/4 4058/29/4 4018/29/4 4031/29/4
f 4027/29/188 4031/29/188 3977/29/188 4029/29/188
f 4029/29/5 3977/29/5 4019/29/5 4030/29/5
f 4030/29/189 4019/29/189 4018/29/189 4058/29/189
f 4033/29/190 4036/29/190 4037/29/190 4003/29/190
f 4036/29/4 4033/29/4 4032/29/4
f 4034/29/187 4080/29/187 4035/29/187 4032/29/187
f 4037/29/5 4080/29/5 4034/29/5
f 4066/29/4 4039/29/4 3991/29/4 4036/29/4
f 4036/29/118 3991/29/118 4040/29/118 4037/29/118
f 4038/29/5 4037/29/5 4040/29/5 4041/29/5
f 4038/29/104 4041/29/104 4039/29/104 4066/29/104
f 4042/29/4 4091/29/4 4046/29/4 4043/29/4
f 4043/29/144 4046/29/144 4045/29/144 4013/29/144
f 4044/29/5 4013/29/5 4045/29/5 4092/29/5
f 4044/29/191 4092/29/191 4091/29/191 4042/29/191
f 4046/29/4 4076/29/4 4032/29/4 4048/29/4
f 4046/29/108 4048/29/108 4001/29/108 4045/29/108
f 4045/29/5 4001/29/5 4034/29/5 4047/29/5
f 4047/29/104 4034/29/104 4032/29/104 4076/29/104
f 4096/29/4 4054/29/4 4051/29/4 4049/29/4
f 4096/29/73 4049/29/73 4050/29/73 4052/29/73
f 4052/29/5 4050/29/5 4015/29/5 4053/29/5
f 4053/29/192 4015/29/192 4051/29/192 4054/29/192
f 4012/29/93 4053/29/93 4054/29/93 4056/29/93
f 4054/29/4 4085/29/4 4042/29/4
f 4055/29/5 4053/29/5 4012/29/5
f 4073/29/296 4060/29/296 4057/29/296 4071/29/296
f 4055/29/194 4044/29/194 4042/29/194
f 4030/29/5 4060/29/5 4073/29/5
f 4058/29/139 4059/29/139 4062/29/139 4030/29/139
f 4057/29/4 4059/29/4 4058/29/4
f 4063/29/4 4059/29/4 4061/29/4 3984/29/4
f 3984/29/90 4061/29/90 3702/29/90 3985/29/90
f 4022/29/5 3985/29/5 3702/29/5 4062/29/5
f 4022/29/195 4062/29/195 4059/29/195 4063/29/195
f 4065/29/196 3704/29/196 3705/29/196 3703/29/196
f 3703/29/5 3706/29/5 4060/29/5
f 4064/29/197 4057/29/197 3706/29/197
f 3704/29/4 4065/29/4 4064/29/4
f 4068/29/4 4066/29/4 4081/29/4 4067/29/4
f 4067/29/198 4081/29/198 4082/29/198 4119/29/198
f 4119/29/5 4082/29/5 4038/29/5 4070/29/5
f 4070/29/199 4038/29/199 4066/29/199 4068/29/199
f 4068/29/200 4072/29/200 4028/29/200 4070/29/200
f 4072/29/4 4068/29/4 4069/29/4
f 3708/29/201 4073/29/201 4071/29/201 4069/29/201
f 4028/29/5 4073/29/5 3708/29/5
f 4076/29/199 4077/29/199 4079/29/199 4047/29/199
f 4075/29/202 4074/29/202 4093/29/202
f 4077/29/4 4076/29/4 4075/29/4
f 4047/29/5 4079/29/5 4078/29/5 4093/29/5
f 4080/29/200 4079/29/200 4077/29/200 4035/29/200
f 3710/29/5 4079/29/5 4080/29/5
f 4081/29/203 3709/29/203 3710/29/203 4082/29/203
f 3709/29/4 4081/29/4 4035/29/4
f 4086/29/4 4088/29/4 4085/29/4 4083/29/4
f 4090/29/204 4055/29/204 4085/29/204 4088/29/204
f 4055/29/5 4090/29/5 4084/29/5
f 4088/29/200 4091/29/200 4092/29/200 4090/29/200
f 4084/29/205 4087/29/205 4086/29/205
f 4091/29/4 4088/29/4 4089/29/4
f 3717/29/206 4093/29/206 4074/29/206 4089/29/206
f 4092/29/5 4093/29/5 3717/29/5
f 4084/29/5 4131/29/5 4095/29/5 4052/29/5
f 4131/29/207 4084/29/207 4094/29/207
f 4052/29/160 4095/29/160 3680/29/160 4096/29/160
f 3701/29/4 4100/29/4 3987/29/4 4098/29/4
f 4094/29/4 4083/29/4 4096/29/4
f 3988/29/208 4097/29/208 4098/29/208
f 4099/29/297 3989/29/297 4100/29/297 3701/29/297
f 3988/29/5 3989/29/5 4099/29/5
f 4101/29/210 3726/29/210 4102/29/210 4016/29/210
f 3726/29/5 4101/29/5 4103/29/5
f 4104/29/4 3737/29/4 4106/29/4 4105/29/4
f 3725/29/211 4103/29/211 3723/29/211
f 3724/29/4 3723/29/4 4102/29/4
f 4105/29/212 4106/29/212 4107/29/212 4161/29/212
f 4113/29/5 4161/29/5 4107/29/5 4108/29/5
f 4113/29/178 4108/29/178 3737/29/178 4104/29/178
f 3780/29/4 4104/29/4 4111/29/4 3687/29/4
f 3687/29/285 4111/29/285 4112/29/285 4109/29/285
f 4110/29/5 4109/29/5 4112/29/5 4113/29/5
f 4110/29/214 4113/29/214 4104/29/214 3780/29/214
f 3743/29/4 4116/29/4 4117/29/4 4174/29/4
f 4174/29/215 4117/29/215 4185/29/215 4114/29/215
f 4115/29/5 4114/29/5 4185/29/5 4118/29/5
f 4115/29/216 4118/29/216 4116/29/216 3743/29/216
f 4121/29/217 3707/29/217 4120/29/217 3711/29/217
f 3707/29/5 4121/29/5 4119/29/5
f 4122/29/218 4067/29/218 4119/29/218 4123/29/218
f 3711/29/4 4067/29/4 4122/29/4
f 4124/29/4 4075/29/4 4125/29/4 3713/29/4
f 4124/29/219 3713/29/219 3714/29/219 3712/29/219
f 3712/29/5 3714/29/5 3715/29/5 4078/29/5
f 4078/29/220 3715/29/220 4125/29/220 4075/29/220
f 4126/29/298 4086/29/298 4087/29/298 4127/29/298
f 4128/29/4 4086/29/4 4126/29/4
f 4129/29/219 3716/29/219 4128/29/219 4130/29/219
f 3716/29/5 4129/29/5 4127/29/5
f 3719/29/5 4131/29/5 4127/29/5 4129/29/5
f 4127/29/222 4131/29/222 4126/29/222
f 3719/29/59 4129/29/59 4130/29/59 3718/29/59
f 4137/29/4 4134/29/4 4132/29/4 3771/29/4
f 3718/29/4 4126/29/4 4094/29/4
f 3771/29/223 4132/29/223 4133/29/223 4135/29/223
f 4136/29/5 4135/29/5 4133/29/5 4189/29/5
f 4136/29/84 4189/29/84 4134/29/84 4137/29/84
f 4155/29/4 4141/29/4 4142/29/4 4138/29/4
f 4138/29/224 4142/29/224 4144/29/224 4139/29/224
f 4140/29/5 4139/29/5 4144/29/5 4176/29/5
f 4140/29/225 4176/29/225 4141/29/225 4155/29/225
f 4145/29/226 4172/29/226 4143/29/226 4146/29/226
f 4142/29/4 4172/29/4 4145/29/4
f 4147/29/227 4144/29/227 4142/29/227 4186/29/227
f 4144/29/5 4147/29/5 4146/29/5
f 4190/29/4 4180/29/4 4151/29/4 4148/29/4
f 4148/29/228 4151/29/228 4152/29/228 4149/29/228
f 4149/29/5 4152/29/5 4153/29/5 4150/29/5
f 4150/29/229 4153/29/229 4180/29/229 4190/29/229
f 4154/29/226 4140/29/226 4155/29/226 4168/29/226
f 4140/29/5 4154/29/5 4152/29/5
f 4151/29/287 4138/29/287 4139/29/287 4152/29/287
f 4155/29/4 4138/29/4 4151/29/4
f 4158/29/4 4191/29/4 4187/29/4 3686/29/4
f 4158/29/230 3686/29/230 4156/29/230 4159/29/230
f 4159/29/5 4156/29/5 4157/29/5 4160/29/5
f 4160/29/231 4157/29/231 4187/29/231 4191/29/231
f 4184/29/4 4162/29/4 4105/29/4 4163/29/4
f 4164/29/232 4192/29/232 4162/29/232 4184/29/232
f 4192/29/5 4164/29/5 4161/29/5
f 4170/29/5 4169/29/5 4167/29/5 4154/29/5
f 4161/29/233 4165/29/233 4163/29/233
f 4167/29/234 4169/29/234 4166/29/234
f 4170/29/116 4154/29/116 4168/29/116 4171/29/116
f 4177/29/4 4173/29/4 4174/29/4 4172/29/4
f 4166/29/4 3768/29/4 4171/29/4
f 4172/29/116 4174/29/116 4114/29/116 4143/29/116
f 4178/29/5 4143/29/5 4114/29/5 3759/29/5
f 4178/29/235 3759/29/235 4173/29/235 4177/29/235
f 4176/29/200 4170/29/200 4171/29/200 4141/29/200
f 4170/29/5 4176/29/5 4175/29/5
f 4177/29/86 3752/29/86 4175/29/86 4178/29/86
f 4141/29/4 3752/29/4 4177/29/4
f 4166/29/4 4180/29/4 4137/29/4 3764/29/4
f 4166/29/236 3764/29/236 4179/29/236 4167/29/236
f 4167/29/5 4179/29/5 4136/29/5 4153/29/5
f 4153/29/250 4136/29/250 4137/29/250 4180/29/250
f 4182/29/5 4165/29/5 4164/29/5 4183/29/5
f 3689/29/4 4163/29/4 4181/29/4
f 4165/29/273 4182/29/273 4163/29/273
f 4183/29/239 4164/29/239 4184/29/239 3689/29/239
f 4117/29/240 4145/29/240 4146/29/240 4185/29/240
f 4145/29/4 4117/29/4 4186/29/4
f 4157/29/224 4147/29/224 4186/29/224 4187/29/224
f 4185/29/5 4147/29/5 4157/29/5
f 4189/29/241 4150/29/241 4190/29/241 4134/29/241
f 4149/29/288 4188/29/288 4148/29/288
f 4149/29/5 4150/29/5 4189/29/5
f 4159/29/243 4112/29/243 4158/29/243
f 4191/29/244 4162/29/244 4160/29/244
f 4162/29/4 4158/29/4 4111/29/4
f 4112/29/5 4160/29/5 4192/29/5
f 4262/29/5 4264/29/5 4261/29/5
f 4214/29/4 4260/29/4 4215/29/4
f 4257/29/4 4466/29/4 4330/29/4
f 4256/29/5 4255/29/5 4383/29/5
f 4253/29/4 4547/29/4 4410/29/4
f 4464/29/5 4252/29/5 4251/29/5
f 4249/29/4 4624/29/4 4491/29/4
f 4545/29/5 4248/29/5 4247/29/5
f 4571/29/4 4245/29/4 4244/29/4
f 4244/29/6 4625/29/6 4206/29/6
f 4340/29/5 4341/29/5 4378/29/5
f 4399/29/4 4386/29/4 4354/29/4
f 4341/29/5 4343/29/5 4378/29/5
f 4353/29/4 4399/29/4 4354/29/4
f 4377/29/4 4342/29/4 4391/29/4
f 4379/29/4 4342/29/4 4377/29/4
f 4355/29/5 4400/29/5 4356/29/5
f 4400/29/5 4401/29/5 4356/29/5
f 4363/29/5 4362/29/5 4393/29/5
f 4362/29/5 4364/29/5 4393/29/5
f 4371/29/5 4370/29/5 4403/29/5
f 4392/29/4 4361/29/4 4409/29/4
f 4394/29/4 4361/29/4 4392/29/4
f 4370/29/5 4372/29/5 4403/29/5
f 4402/29/4 4369/29/4 4417/29/4
f 4404/29/4 4369/29/4 4402/29/4
f 4464/29/5 4374/29/5 4412/29/5
f 4411/29/4 4253/29/4 4410/29/4
f 4231/29/4 4646/29/4 4233/29/4
f 4645/29/5 4643/29/5 4232/29/5
f 4591/29/4 4642/29/4 4586/29/4
f 4586/29/7 4228/29/7 4230/29/7
f 4221/29/4 4508/29/4 4220/29/4
f 4429/29/5 4430/29/5 4543/29/5
f 4348/29/5 4426/29/5 4219/29/5
f 4347/29/4 4427/29/4 4218/29/4
f 4264/29/5 4216/29/5 4381/29/5
f 4263/29/4 4217/29/4 4215/29/4
f 4200/29/5 4213/29/5 4300/29/5
f 4199/29/4 4214/29/4 4212/29/4
f 4631/29/8 4208/29/8 4209/29/8
f 4208/29/4 4638/29/4 4207/29/4
f 4500/29/4 4469/29/4 4468/29/4
f 4310/29/5 4308/29/5 4306/29/5
f 4656/29/4 4670/29/4 4654/29/4
f 4508/29/4 4221/29/4 4506/29/4
f 4222/29/5 4507/29/5 4544/29/5
f 4625/29/5 4537/29/5 4572/29/5
f 4241/29/5 4242/29/5 4653/29/5
f 4330/29/4 4292/29/4 4257/29/4
f 4491/29/4 4456/29/4 4249/29/4
f 4411/29/4 4375/29/4 4253/29/4
f 4711/29/5 4655/29/5 4710/29/5
f 4330/29/4 4331/29/4 4292/29/4
f 4491/29/4 4492/29/4 4456/29/4
f 4543/29/5 4222/29/5 4544/29/5
f 4623/29/5 4537/29/5 4625/29/5
f 4242/29/5 4617/29/5 4653/29/5
f 4221/29/4 4585/29/4 4506/29/4
f 4267/29/4 4307/29/4 4268/29/4
f 4270/29/5 4269/29/5 4271/29/5
f 4268/29/9 4270/29/9 4272/29/9
f 4277/29/4 4312/29/4 4279/29/4
f 4281/29/5 4282/29/5 4280/29/5
f 4286/29/10 4285/29/10 4701/29/10
f 4283/29/4 4288/29/4 4286/29/4
f 4284/29/5 4285/29/5 4287/29/5
f 4273/29/4 4288/29/4 4322/29/4
f 4275/29/5 4285/29/5 4691/29/5
f 4710/29/11 4294/29/11 4670/29/11
f 4654/29/12 4295/29/12 4655/29/12
f 4294/29/4 4385/29/4 4654/29/4
f 4344/29/4 4298/29/4 4296/29/4
f 4300/29/5 4301/29/5 4258/29/5
f 4304/29/5 4272/29/5 4632/29/5
f 4303/29/4 4268/29/4 4311/29/4
f 4307/29/258 4306/29/258 4270/29/258
f 4318/29/5 4306/29/5 4308/29/5
f 4309/29/4 4339/29/4 4311/29/4
f 4310/29/5 4305/29/5 4297/29/5
f 4316/29/5 4314/29/5 4318/29/5
f 4266/29/259 4319/29/259 4314/29/259
f 4321/29/5 4289/29/5 4323/29/5
f 4322/29/4 4373/29/4 4325/29/4
f 4332/29/5 4291/29/5 4334/29/5
f 4376/29/15 4332/29/15 4335/29/15
f 4367/29/4 4337/29/4 4333/29/4
f 4336/29/5 4287/29/5 4321/29/5
f 4338/29/4 4342/29/4 4339/29/4
f 4310/29/5 4341/29/5 4340/29/5
f 4340/29/16 4391/29/16 4338/29/16
f 4379/29/4 4344/29/4 4342/29/4
f 4343/29/5 4301/29/5 4261/29/5
f 4386/29/4 4357/29/4 4354/29/4
f 4308/29/5 4310/29/5 4355/29/5
f 4350/29/4 4361/29/4 4394/29/4
f 4352/29/5 4362/29/5 4313/29/5
f 4370/29/5 4368/29/5 4336/29/5
f 4370/29/17 4367/29/17 4369/29/17
f 4369/29/4 4366/29/4 4417/29/4
f 4404/29/18 4372/29/18 4360/29/18
f 4358/29/4 4369/29/4 4404/29/4
f 4323/29/5 4360/29/5 4370/29/5
f 4425/29/4 4379/29/4 4377/29/4
f 4382/29/5 4343/29/5 4381/29/5
f 4386/29/4 4399/29/4 4436/29/4
f 4389/29/5 4355/29/5 4388/29/5
f 4340/29/5 4390/29/5 4388/29/5
f 4391/29/4 4421/29/4 4377/29/4
f 4396/29/19 4401/29/19 4398/29/19
f 4399/29/4 4353/29/4 4396/29/4
f 4372/29/5 4405/29/5 4403/29/5
f 4454/29/4 4407/29/4 4404/29/4
f 4412/29/5 4374/29/5 4414/29/5
f 4457/29/20 4412/29/20 4415/29/20
f 4416/29/21 4402/29/21 4449/29/21
f 4414/29/5 4403/29/5 4416/29/5
f 4413/29/4 4402/29/4 4417/29/4
f 4419/29/5 4390/29/5 4420/29/5
f 4421/29/4 4418/29/4 4423/29/4
f 4420/29/289 4472/29/289 4418/29/289
f 4461/29/4 4425/29/4 4423/29/4
f 4382/29/5 4346/29/5 4424/29/5
f 4439/29/4 4440/29/4 4437/29/4
f 4490/29/5 4408/29/5 4443/29/5
f 4449/29/4 4447/29/4 4498/29/4
f 4451/29/5 4452/29/5 4416/29/5
f 4437/29/4 4450/29/4 4483/29/4
f 4437/29/23 4453/29/23 4438/29/23
f 4438/29/5 4451/29/5 4405/29/5
f 4455/29/5 4546/29/5 4448/29/5
f 4447/29/4 4457/29/4 4456/29/4
f 4461/29/4 4458/29/4 4460/29/4
f 4219/29/245 4461/29/245 4462/29/245
f 4480/29/5 4434/29/5 4471/29/5
f 4469/29/4 4478/29/4 4468/29/4
f 4458/29/4 4469/29/4 4500/29/4
f 4471/29/25 4469/29/25 4472/29/25
f 4420/29/5 4459/29/5 4471/29/5
f 4489/29/5 4442/29/5 4476/29/5
f 4475/29/4 4488/29/4 4474/29/4
f 4481/29/4 4486/29/4 4483/29/4
f 4453/29/5 4484/29/5 4482/29/5
f 4486/29/26 4485/29/26 4453/29/26
f 4485/29/5 4489/29/5 4487/29/5
f 4488/29/4 4439/29/4 4486/29/4
f 4530/29/4 4498/29/4 4494/29/4
f 4497/29/5 4452/29/5 4482/29/5
f 4470/29/5 4499/29/5 4517/29/5
f 4500/29/4 4553/29/4 4502/29/4
f 4501/29/5 4505/29/5 4503/29/5
f 4504/29/4 4460/29/4 4502/29/4
f 4508/29/4 4506/29/4 4622/29/4
f 4507/29/5 4222/29/5 4510/29/5
f 4622/29/27 4511/29/27 4222/29/27
f 4519/29/4 4524/29/4 4521/29/4
f 4522/29/5 4523/29/5 4520/29/5
f 4522/29/5 4527/29/5 4525/29/5
f 4524/29/4 4526/29/4 4474/29/4
f 4497/29/28 4530/29/28 4532/29/28
f 4532/29/4 4529/29/4 4578/29/4
f 4534/29/5 4497/29/5 4533/29/5
f 4565/29/4 4536/29/4 4532/29/4
f 4536/29/29 4484/29/29 4533/29/29
f 4537/29/5 4623/29/5 4531/29/5
f 4538/29/30 4496/29/30 4623/29/30
f 4529/29/4 4539/29/4 4538/29/4
f 4540/29/31 4541/29/31 4544/29/31
f 4543/29/290 4542/29/290 4221/29/290
f 4546/29/5 4545/29/5 4251/29/5
f 4547/29/4 4250/29/4 4456/29/4
f 4551/29/5 4563/29/5 4515/29/5
f 4551/29/24 4548/29/24 4549/29/24
f 4559/29/5 4556/29/5 4525/29/5
f 4558/29/4 4554/29/4 4557/29/4
f 4577/29/260 4564/29/260 4607/29/260
f 4564/29/4 4578/29/4 4576/29/4
f 4534/29/5 4566/29/5 4577/29/5
f 4580/29/4 4593/29/4 4579/29/4
f 4582/29/5 4552/29/5 4584/29/5
f 4579/29/34 4582/29/34 4228/29/34
f 4586/29/4 4587/29/4 4579/29/4
f 4227/29/5 4228/29/5 4225/29/5
f 4550/29/5 4230/29/5 4592/29/5
f 4594/29/4 4591/29/4 4593/29/4
f 4597/29/4 4598/29/4 4596/29/4
f 4597/29/35 4615/29/35 4600/29/35
f 4231/29/4 4557/29/4 4599/29/4
f 4232/29/5 4602/29/5 4604/29/5
f 4606/29/36 4608/29/36 4605/29/36
f 4606/29/5 4612/29/5 4609/29/5
f 4614/29/5 4239/29/5 4612/29/5
f 4613/29/4 4611/29/4 4596/29/4
f 4616/29/4 4618/29/4 4202/29/4
f 4606/29/37 4605/29/37 4616/29/37
f 4621/29/5 4619/29/5 4510/29/5
f 4510/29/251 4620/29/251 4509/29/251
f 4624/29/4 4245/29/4 4538/29/4
f 4248/29/5 4625/29/5 4247/29/5
f 4247/29/39 4245/29/39 4246/29/39
f 4642/29/4 4589/29/4 4233/29/4
f 4643/29/5 4645/29/5 4641/29/5
f 4238/29/5 4649/29/5 4609/29/5
f 4650/29/4 4648/29/4 4652/29/4
f 4648/29/4 4240/29/4 4652/29/4
f 4653/29/40 4616/29/40 4648/29/40
f 4666/29/5 4668/29/5 4665/29/5
f 4664/29/4 4667/29/4 4708/29/4
f 4677/29/4 4673/29/4 4690/29/4
f 4662/29/5 4674/29/5 4661/29/5
f 4683/29/41 4685/29/41 4627/29/41
f 4686/29/5 4687/29/5 4683/29/5
f 4688/29/4 4693/29/4 4690/29/4
f 4691/29/42 4290/29/42 4688/29/42
f 4693/29/4 4274/29/4 4663/29/4
f 4698/29/5 4700/29/5 4697/29/5
f 4704/29/43 4703/29/43 4685/29/43
f 4706/29/4 4685/29/4 4211/29/4
f 4668/29/5 4669/29/5 4707/29/5
f 4639/29/4 4709/29/4 4708/29/4
f 4671/29/5 4711/29/5 4710/29/5
f 4670/29/4 4656/29/4 4712/29/4
f 4681/29/5 4682/29/5 4634/29/5
f 4680/29/4 4684/29/4 4713/29/4
f 4634/29/44 4633/29/44 4680/29/44
f 4684/29/45 4714/29/45 4682/29/45
f 4262/29/46 4213/29/46 4214/29/46 4215/29/46
f 4215/29/4 4260/29/4 4263/29/4
f 4630/29/47 4304/29/47 4303/29/47 4259/29/47
f 4213/29/5 4262/29/5 4261/29/5
f 4197/29/5 4258/29/5 4304/29/5 4630/29/5
f 4196/29/48 4298/29/48 4258/29/48 4197/29/48
f 4259/29/4 4303/29/4 4298/29/4 4196/29/4
f 4256/29/49 4332/29/49 4330/29/49 4466/29/49
f 4254/29/50 4257/29/50 4383/29/50 4255/29/50
f 4383/29/5 4332/29/5 4256/29/5
f 4252/29/49 4412/29/49 4410/29/49 4547/29/49
f 4257/29/4 4254/29/4 4466/29/4
f 4250/29/51 4253/29/51 4464/29/51 4251/29/51
f 4464/29/5 4412/29/5 4252/29/5
f 4248/29/52 4493/29/52 4491/29/52 4624/29/52
f 4253/29/4 4250/29/4 4547/29/4
f 4246/29/53 4249/29/53 4545/29/53 4247/29/53
f 4493/29/5 4248/29/5 4545/29/5
f 4572/29/5 4205/29/5 4206/29/5 4625/29/5
f 4249/29/4 4246/29/4 4624/29/4
f 4244/29/54 4245/29/54 4625/29/54
f 4571/29/55 4204/29/55 4205/29/55 4572/29/55
f 4242/29/56 4195/29/56 4243/29/56 4203/29/56
f 4204/29/4 4571/29/4 4244/29/4
f 4241/29/5 4194/29/5 4195/29/5 4242/29/5
f 4240/29/57 4193/29/57 4194/29/57 4241/29/57
f 4203/29/4 4243/29/4 4193/29/4 4240/29/4
f 4237/29/58 4239/29/58 4611/29/58 4647/29/58
f 4237/29/5 4236/29/5 4238/29/5 4239/29/5
f 4235/29/59 4650/29/59 4238/29/59 4236/29/59
f 4647/29/4 4611/29/4 4650/29/4 4235/29/4
f 4234/29/59 4643/29/59 4233/29/59 4646/29/59
f 4231/29/60 4644/29/60 4645/29/60 4232/29/60
f 4232/29/5 4643/29/5 4234/29/5
f 4228/29/5 4227/29/5 4229/29/5 4230/29/5
f 4644/29/4 4231/29/4 4233/29/4
f 4591/29/61 4586/29/61 4230/29/61
f 4226/29/62 4642/29/62 4229/29/62 4227/29/62
f 4225/29/63 4621/29/63 4223/29/63 4587/29/63
f 4642/29/4 4226/29/4 4586/29/4
f 4224/29/5 4619/29/5 4621/29/5 4225/29/5
f 4583/29/64 4620/29/64 4619/29/64 4224/29/64
f 4583/29/4 4587/29/4 4223/29/4 4620/29/4
f 4222/29/65 4430/29/65 4220/29/65 4508/29/65
f 4221/29/246 4428/29/246 4429/29/246 4543/29/246
f 4543/29/5 4430/29/5 4222/29/5
f 4462/29/67 4347/29/67 4348/29/67 4219/29/67
f 4428/29/4 4221/29/4 4220/29/4
f 4426/29/68 4349/29/68 4218/29/68 4427/29/68
f 4347/29/4 4462/29/4 4427/29/4
f 4380/29/69 4263/29/69 4264/29/69 4381/29/69
f 4348/29/5 4349/29/5 4426/29/5
f 4216/29/68 4262/29/68 4215/29/68 4217/29/68
f 4263/29/4 4380/29/4 4217/29/4
f 4299/29/69 4199/29/69 4200/29/69 4300/29/69
f 4264/29/5 4262/29/5 4216/29/5
f 4213/29/68 4201/29/68 4212/29/68 4214/29/68
f 4199/29/4 4299/29/4 4214/29/4
f 4210/29/265 4705/29/265 4211/29/265 4198/29/265
f 4200/29/5 4201/29/5 4213/29/5
f 4629/29/5 4704/29/5 4705/29/5 4210/29/5
f 4628/29/275 4703/29/275 4704/29/275 4629/29/275
f 4198/29/4 4211/29/4 4703/29/4 4628/29/4
f 4640/29/73 4271/29/73 4207/29/73 4638/29/73
f 4209/29/4 4208/29/4 4207/29/4
f 4640/29/5 4678/29/5 4631/29/5 4271/29/5
f 4206/29/74 4242/29/74 4203/29/74 4244/29/74
f 4631/29/276 4678/29/276 4208/29/276
f 4206/29/5 4205/29/5 4617/29/5 4242/29/5
f 4204/29/76 4202/29/76 4617/29/76 4205/29/76
f 4244/29/4 4203/29/4 4202/29/4 4204/29/4
f 4201/29/277 4210/29/277 4198/29/277 4212/29/277
f 4200/29/5 4197/29/5 4210/29/5 4201/29/5
f 4199/29/78 4196/29/78 4197/29/78 4200/29/78
f 4199/29/4 4212/29/4 4198/29/4 4196/29/4
f 4472/29/4 4458/29/4 4461/29/4 4423/29/4
f 4568/29/4 4613/29/4 4596/29/4 4598/29/4
f 4631/29/5 4632/29/5 4272/29/5 4271/29/5
f 4514/29/4 4513/29/4 4561/29/4 4548/29/4
f 4209/29/4 4207/29/4 4268/29/4 4302/29/4
f 4549/29/4 4594/29/4 4593/29/4 4580/29/4
f 4420/29/5 4422/29/5 4424/29/5 4459/29/5
f 4551/29/5 4552/29/5 4595/29/5 4550/29/5
f 4243/29/79 4195/29/79 4194/29/79 4193/29/79
f 4516/29/5 4515/29/5 4563/29/5 4562/29/5
f 4567/29/5 4569/29/5 4615/29/5 4614/29/5
f 4554/29/4 4555/29/4 4524/29/4 4570/29/4
f 4558/29/4 4557/29/4 4603/29/4 4588/29/4
f 4398/29/5 4397/29/5 4445/29/5 4446/29/5
f 4556/29/5 4523/29/5 4522/29/5 4525/29/5
f 4559/29/5 4560/29/5 4604/29/5 4602/29/5
f 4320/29/4 4322/29/4 4288/29/4 4337/29/4
f 4405/29/5 4406/29/5 4408/29/5 4438/29/5
f 4323/29/5 4324/29/5 4326/29/5 4360/29/5
f 4564/29/4 4565/29/4 4532/29/4 4578/29/4
f 4679/29/5 4678/29/5 4640/29/5 4707/29/5
f 4396/29/4 4395/29/4 4444/29/4 4431/29/4
f 4365/29/4 4350/29/4 4351/29/4 4315/29/4
f 4437/29/4 4440/29/4 4407/29/4 4454/29/4
f 4313/29/5 4314/29/5 4316/29/5 4352/29/5
f 4373/29/4 4358/29/4 4359/29/4 4325/29/4
f 4335/29/5 4334/29/5 4336/29/5 4368/29/5
f 4499/29/5 4501/29/5 4503/29/5 4541/29/5
f 4539/29/4 4529/29/4 4530/29/4 4494/29/4
f 4277/29/4 4276/29/4 4327/29/4 4312/29/4
f 4566/29/5 4534/29/5 4533/29/5 4535/29/5
f 4280/29/5 4278/29/5 4328/29/5 4329/29/5
f 4275/29/5 4691/29/5 4692/29/5 4697/29/5
f 4415/29/5 4414/29/5 4416/29/5 4448/29/5
f 4273/29/4 4274/29/4 4693/29/4 4290/29/4
f 4688/29/4 4690/29/4 4673/29/4 4702/29/4
f 4657/29/5 4658/29/5 4701/29/5 4284/29/5
f 4357/29/4 4338/29/4 4339/29/4 4309/29/4
f 4305/29/5 4304/29/5 4258/29/5 4297/29/5
f 4476/29/5 4477/29/5 4527/29/5 4528/29/5
f 4520/29/5 4484/29/5 4485/29/5 4487/29/5
f 4519/29/4 4521/29/4 4486/29/4 4536/29/4
f 4496/29/5 4495/29/5 4497/29/5 4531/29/5
f 4197/29/5 4630/29/5 4629/29/5 4210/29/5
f 4389/29/5 4388/29/5 4390/29/5 4419/29/5
f 4436/29/4 4418/29/4 4421/29/4 4387/29/4
f 4321/29/5 4287/29/5 4285/29/5 4289/29/5
f 4636/29/5 4637/29/5 4282/29/5 4281/29/5
f 4689/29/5 4675/29/5 4674/29/5 4676/29/5
f 4471/29/5 4470/29/5 4517/29/5 4518/29/5
f 4475/29/4 4474/29/4 4526/29/4 4512/29/4
f 4696/29/4 4695/29/4 4279/29/4 4265/29/4
f 4664/29/4 4663/29/4 4699/29/4 4694/29/4
f 4441/29/4 4439/29/4 4488/29/4 4473/29/4
f 4443/29/5 4442/29/5 4489/29/5 4490/29/5
f 4666/29/5 4665/29/5 4700/29/5 4698/29/5
f 4376/29/4 4366/29/4 4367/29/4 4333/29/4
f 4267/29/4 4266/29/4 4317/29/4 4307/29/4
f 4553/29/4 4540/29/4 4542/29/4 4502/29/4
f 4709/29/4 4639/29/4 4638/29/4 4208/29/4
f 4457/29/4 4447/29/4 4449/29/4 4413/29/4
f 4433/29/4 4432/29/4 4478/29/4 4467/29/4
f 4293/29/4 4283/29/4 4286/29/4 4659/29/4
f 4296/29/4 4298/29/4 4303/29/4 4311/29/4
f 4269/29/5 4270/29/5 4318/29/5 4319/29/5
f 4435/29/5 4434/29/5 4480/29/5 4479/29/5
f 4606/29/5 4574/29/5 4575/29/5 4577/29/5
f 4196/29/4 4198/29/4 4628/29/4 4259/29/4
f 4605/29/4 4607/29/4 4576/29/4 4618/29/4
f 4481/29/4 4483/29/4 4450/29/4 4498/29/4
f 4714/29/5 4683/29/5 4635/29/5 4634/29/5
f 4482/29/5 4452/29/5 4451/29/5 4453/29/5
f 4684/29/4 4633/29/4 4626/29/4 4627/29/4
f 4616/29/4 4202/29/4 4203/29/4 4240/29/4
f 4590/29/4 4589/29/4 4642/29/4 4591/29/4
f 4592/29/5 4230/29/5 4229/29/5 4641/29/5
f 4245/29/4 4571/29/4 4573/29/4 4538/29/4
f 4599/29/4 4597/29/4 4646/29/4 4231/29/4
f 4601/29/5 4232/29/5 4234/29/5 4600/29/5
f 4581/29/4 4579/29/4 4587/29/4 4583/29/4
f 4584/29/5 4224/29/5 4225/29/5 4582/29/5
f 4610/29/4 4608/29/4 4650/29/4 4611/29/4
f 4216/29/5 4346/29/5 4382/29/5 4381/29/5
f 4425/29/4 4345/29/4 4217/29/4 4380/29/4
f 4213/29/5 4261/29/5 4301/29/5 4300/29/5
f 4344/29/4 4260/29/4 4214/29/4 4299/29/4
f 4504/29/4 4427/29/4 4462/29/4 4460/29/4
f 4612/29/5 4239/29/5 4238/29/5 4609/29/5
f 4383/29/5 4384/29/5 4291/29/5 4332/29/5
f 4545/29/5 4546/29/5 4455/29/5 4493/29/5
f 4219/29/5 4426/29/5 4505/29/5 4463/29/5
f 4265/29/4 4279/29/4 4266/29/4 4267/29/4
f 4464/29/5 4465/29/5 4374/29/5
f 4265/29/80 4267/29/80 4269/29/80 4637/29/80
f 4637/29/5 4269/29/5 4319/29/5 4282/29/5
f 4282/29/81 4319/29/81 4266/29/81 4279/29/81
f 4267/29/82 4207/29/82 4271/29/82 4269/29/82
f 4268/29/83 4307/29/83 4270/29/83
f 4207/29/4 4267/29/4 4268/29/4
f 4273/29/4 4276/29/4 4277/29/4 4274/29/4
f 4271/29/5 4272/29/5 4270/29/5
f 4274/29/84 4277/29/84 4280/29/84 4697/29/84
f 4275/29/5 4697/29/5 4280/29/5 4329/29/5
f 4275/29/85 4329/29/85 4276/29/85 4273/29/85
f 4278/29/86 4282/29/86 4279/29/86 4312/29/86
f 4280/29/5 4282/29/5 4278/29/5
f 4277/29/87 4695/29/87 4281/29/87 4280/29/87
f 4695/29/4 4277/29/4 4279/29/4
f 4337/29/88 4283/29/88 4284/29/88 4287/29/88
f 4701/29/5 4285/29/5 4284/29/5
f 4286/29/89 4288/29/89 4285/29/89
f 4283/29/4 4337/29/4 4288/29/4
f 4289/29/90 4275/29/90 4273/29/90 4322/29/90
f 4275/29/5 4289/29/5 4285/29/5
f 4288/29/91 4290/29/91 4691/29/91 4285/29/91
f 4273/29/4 4290/29/4 4288/29/4
f 4293/29/4 4292/29/4 4331/29/4 4283/29/4
f 4283/29/92 4331/29/92 4291/29/92 4284/29/92
f 4657/29/5 4284/29/5 4291/29/5 4384/29/5
f 4657/29/278 4384/29/278 4292/29/278 4293/29/278
f 4297/29/94 4301/29/94 4344/29/94 4296/29/94
f 4654/29/4 4670/29/4 4294/29/4
f 4655/29/5 4295/29/5 4710/29/5
f 4654/29/95 4385/29/95 4295/29/95
f 4301/29/5 4297/29/5 4258/29/5
f 4298/29/84 4299/29/84 4300/29/84 4258/29/84
f 4299/29/4 4298/29/4 4344/29/4
f 4302/29/96 4303/29/96 4304/29/96 4632/29/96
f 4303/29/4 4302/29/4 4268/29/4
f 4272/29/97 4305/29/97 4311/29/97 4268/29/97
f 4304/29/5 4305/29/5 4272/29/5
f 4309/29/4 4307/29/4 4317/29/4 4357/29/4
f 4318/29/5 4270/29/5 4306/29/5
f 4357/29/98 4317/29/98 4318/29/98 4308/29/98
f 4305/29/99 4306/29/99 4309/29/99 4311/29/99
f 4307/29/100 4309/29/100 4306/29/100
f 4306/29/5 4305/29/5 4310/29/5
f 4296/29/101 4339/29/101 4310/29/101 4297/29/101
f 4339/29/4 4296/29/4 4311/29/4
f 4315/29/4 4312/29/4 4327/29/4 4365/29/4
f 4365/29/102 4327/29/102 4328/29/102 4313/29/102
f 4314/29/5 4313/29/5 4328/29/5 4278/29/5
f 4314/29/103 4278/29/103 4312/29/103 4315/29/103
f 4266/29/4 4315/29/4 4351/29/4 4317/29/4
f 4317/29/104 4351/29/104 4316/29/104 4318/29/104
f 4373/29/105 4320/29/105 4321/29/105 4323/29/105
f 4315/29/106 4266/29/106 4314/29/106
f 4318/29/5 4314/29/5 4319/29/5
f 4320/29/4 4373/29/4 4322/29/4
f 4324/29/107 4289/29/107 4322/29/107 4325/29/107
f 4289/29/5 4324/29/5 4323/29/5
f 4276/29/4 4325/29/4 4359/29/4 4327/29/4
f 4327/29/104 4359/29/104 4326/29/104 4328/29/104
f 4329/29/5 4328/29/5 4326/29/5 4324/29/5
f 4329/29/108 4324/29/108 4325/29/108 4276/29/108
f 4331/29/4 4330/29/4 4376/29/4 4333/29/4
f 4331/29/109 4333/29/109 4334/29/109 4291/29/109
f 4287/29/110 4334/29/110 4333/29/110 4337/29/110
f 4376/29/111 4330/29/111 4332/29/111
f 4335/29/5 4332/29/5 4334/29/5
f 4334/29/5 4287/29/5 4336/29/5
f 4320/29/112 4367/29/112 4336/29/112 4321/29/112
f 4367/29/4 4320/29/4 4337/29/4
f 4341/29/113 4310/29/113 4339/29/113 4342/29/113
f 4310/29/114 4340/29/114 4338/29/114
f 4301/29/47 4341/29/47 4342/29/47 4344/29/47
f 4338/29/4 4391/29/4 4342/29/4
f 4343/29/5 4341/29/5 4301/29/5
f 4260/29/104 4379/29/104 4343/29/104 4261/29/104
f 4379/29/4 4260/29/4 4344/29/4
f 4218/29/4 4217/29/4 4345/29/4 4347/29/4
f 4347/29/247 4345/29/247 4346/29/247 4348/29/247
f 4349/29/5 4348/29/5 4346/29/5 4216/29/5
f 4349/29/46 4216/29/46 4217/29/46 4218/29/46
f 4351/29/4 4350/29/4 4353/29/4 4354/29/4
f 4351/29/116 4354/29/116 4356/29/116 4316/29/116
f 4316/29/5 4356/29/5 4401/29/5 4352/29/5
f 4352/29/117 4401/29/117 4353/29/117 4350/29/117
f 4308/29/118 4356/29/118 4354/29/118 4357/29/118
f 4356/29/5 4308/29/5 4355/29/5
f 4338/29/119 4386/29/119 4355/29/119 4310/29/119
f 4357/29/4 4386/29/4 4338/29/4
f 4359/29/4 4358/29/4 4409/29/4 4361/29/4
f 4359/29/84 4361/29/84 4362/29/84 4326/29/84
f 4326/29/5 4362/29/5 4363/29/5 4360/29/5
f 4360/29/120 4363/29/120 4409/29/120 4358/29/120
f 4364/29/104 4352/29/104 4350/29/104 4394/29/104
f 4352/29/5 4364/29/5 4362/29/5
f 4361/29/87 4365/29/87 4313/29/87 4362/29/87
f 4365/29/4 4361/29/4 4350/29/4
f 4368/29/85 4371/29/85 4417/29/85 4366/29/85
f 4370/29/292 4336/29/292 4367/29/292
f 4369/29/4 4367/29/4 4366/29/4
f 4370/29/5 4371/29/5 4368/29/5
f 4369/29/122 4373/29/122 4323/29/122 4370/29/122
f 4360/29/5 4372/29/5 4370/29/5
f 4358/29/248 4404/29/248 4360/29/248
f 4373/29/4 4369/29/4 4358/29/4
f 4376/29/4 4375/29/4 4411/29/4 4366/29/4
f 4366/29/92 4411/29/92 4374/29/92 4368/29/92
f 4335/29/5 4368/29/5 4374/29/5 4465/29/5
f 4335/29/124 4465/29/124 4375/29/124 4376/29/124
f 4378/29/94 4382/29/94 4425/29/94 4377/29/94
f 4382/29/5 4378/29/5 4343/29/5
f 4379/29/125 4380/29/125 4381/29/125 4343/29/125
f 4425/29/4 4380/29/4 4379/29/4
f 4257/29/4 4292/29/4 4385/29/4 4294/29/4
f 4257/29/126 4294/29/126 4710/29/126 4383/29/126
f 4383/29/5 4710/29/5 4295/29/5 4384/29/5
f 4384/29/127 4295/29/127 4385/29/127 4292/29/127
f 4400/29/98 4389/29/98 4436/29/98 4399/29/98
f 4355/29/5 4389/29/5 4400/29/5
f 4386/29/128 4387/29/128 4388/29/128 4355/29/128
f 4387/29/4 4386/29/4 4436/29/4
f 4387/29/129 4391/29/129 4340/29/129 4388/29/129
f 4391/29/4 4387/29/4 4421/29/4
f 4390/29/274 4378/29/274 4377/29/274 4421/29/274
f 4340/29/5 4378/29/5 4390/29/5
f 4395/29/4 4396/29/4 4394/29/4 4392/29/4
f 4395/29/98 4392/29/98 4393/29/98 4446/29/98
f 4446/29/5 4393/29/5 4364/29/5 4398/29/5
f 4398/29/131 4364/29/131 4394/29/131 4396/29/131
f 4399/29/132 4431/29/132 4397/29/132 4400/29/132
f 4431/29/4 4399/29/4 4396/29/4
f 4401/29/5 4400/29/5 4397/29/5 4398/29/5
f 4454/29/133 4402/29/133 4403/29/133 4405/29/133
f 4396/29/134 4353/29/134 4401/29/134
f 4402/29/4 4454/29/4 4404/29/4
f 4406/29/135 4372/29/135 4404/29/135 4407/29/135
f 4405/29/5 4372/29/5 4406/29/5
f 4409/29/4 4407/29/4 4440/29/4 4392/29/4
f 4392/29/104 4440/29/104 4408/29/104 4393/29/104
f 4363/29/5 4393/29/5 4408/29/5 4406/29/5
f 4363/29/108 4406/29/108 4407/29/108 4409/29/108
f 4411/29/4 4410/29/4 4457/29/4 4413/29/4
f 4411/29/136 4413/29/136 4414/29/136 4374/29/136
f 4371/29/108 4414/29/108 4413/29/108 4417/29/108
f 4457/29/137 4410/29/137 4412/29/137
f 4415/29/5 4412/29/5 4414/29/5
f 4413/29/4 4449/29/4 4402/29/4
f 4416/29/138 4403/29/138 4402/29/138
f 4414/29/5 4371/29/5 4403/29/5
f 4422/29/139 4390/29/139 4421/29/139 4423/29/139
f 4419/29/140 4420/29/140 4418/29/140
f 4390/29/5 4422/29/5 4420/29/5
f 4382/29/294 4422/29/294 4423/29/294 4425/29/294
f 4418/29/4 4472/29/4 4423/29/4
f 4424/29/5 4422/29/5 4382/29/5
f 4345/29/142 4461/29/142 4424/29/142 4346/29/142
f 4425/29/4 4461/29/4 4345/29/4
f 4220/29/4 4427/29/4 4504/29/4 4428/29/4
f 4428/29/78 4504/29/78 4505/29/78 4429/29/78
f 4429/29/5 4505/29/5 4426/29/5 4430/29/5
f 4430/29/46 4426/29/46 4427/29/46 4220/29/46
f 4433/29/4 4431/29/4 4444/29/4 4432/29/4
f 4432/29/143 4444/29/143 4445/29/143 4479/29/143
f 4435/29/5 4479/29/5 4445/29/5 4397/29/5
f 4435/29/144 4397/29/144 4431/29/144 4433/29/144
f 4418/29/4 4436/29/4 4433/29/4 4467/29/4
f 4418/29/145 4467/29/145 4434/29/145 4419/29/145
f 4419/29/5 4434/29/5 4435/29/5 4389/29/5
f 4389/29/108 4435/29/108 4433/29/108 4436/29/108
f 4438/29/146 4490/29/146 4439/29/146 4437/29/146
f 4490/29/5 4438/29/5 4408/29/5
f 4440/29/116 4441/29/116 4443/29/116 4408/29/116
f 4441/29/4 4440/29/4 4439/29/4
f 4444/29/4 4395/29/4 4441/29/4 4473/29/4
f 4444/29/147 4473/29/147 4442/29/147 4445/29/147
f 4445/29/5 4442/29/5 4443/29/5 4446/29/5
f 4446/29/118 4443/29/118 4441/29/118 4395/29/118
f 4448/29/85 4452/29/85 4498/29/85 4447/29/85
f 4452/29/5 4448/29/5 4416/29/5
f 4449/29/148 4450/29/148 4451/29/148 4416/29/148
f 4450/29/4 4449/29/4 4498/29/4
f 4450/29/149 4454/29/149 4405/29/149 4451/29/149
f 4437/29/150 4483/29/150 4453/29/150
f 4451/29/5 4438/29/5 4453/29/5
f 4437/29/4 4454/29/4 4450/29/4
f 4447/29/92 4492/29/92 4455/29/92 4448/29/92
f 4492/29/4 4447/29/4 4456/29/4
f 4415/29/151 4546/29/151 4456/29/151 4457/29/151
f 4448/29/5 4546/29/5 4415/29/5
f 4424/29/5 4219/29/5 4463/29/5 4459/29/5
f 4219/29/152 4424/29/152 4461/29/152
f 4459/29/153 4463/29/153 4460/29/153 4458/29/153
f 4253/29/4 4375/29/4 4466/29/4 4254/29/4
f 4462/29/4 4461/29/4 4460/29/4
f 4253/29/154 4254/29/154 4255/29/154 4464/29/154
f 4464/29/5 4255/29/5 4256/29/5 4465/29/5
f 4465/29/155 4256/29/155 4466/29/155 4375/29/155
f 4467/29/156 4469/29/156 4471/29/156 4434/29/156
f 4469/29/4 4467/29/4 4478/29/4
f 4480/29/98 4518/29/98 4468/29/98 4478/29/98
f 4518/29/5 4480/29/5 4471/29/5
f 4470/29/280 4459/29/280 4458/29/280 4500/29/280
f 4459/29/5 4470/29/5 4471/29/5
f 4473/29/158 4475/29/158 4476/29/158 4442/29/158
f 4458/29/4 4472/29/4 4469/29/4
f 4420/29/159 4471/29/159 4472/29/159
f 4488/29/4 4475/29/4 4473/29/4
f 4489/29/102 4528/29/102 4474/29/102 4488/29/102
f 4476/29/5 4528/29/5 4489/29/5
f 4512/29/4 4478/29/4 4432/29/4 4475/29/4
f 4475/29/160 4432/29/160 4479/29/160 4476/29/160
f 4477/29/5 4476/29/5 4479/29/5 4480/29/5
f 4477/29/132 4480/29/132 4478/29/132 4512/29/132
f 4536/29/161 4481/29/161 4482/29/161 4484/29/161
f 4483/29/162 4486/29/162 4453/29/162
f 4481/29/4 4536/29/4 4486/29/4
f 4488/29/163 4521/29/163 4487/29/163 4489/29/163
f 4453/29/5 4485/29/5 4484/29/5
f 4486/29/4 4521/29/4 4488/29/4
f 4490/29/164 4485/29/164 4486/29/164 4439/29/164
f 4489/29/5 4485/29/5 4490/29/5
f 4492/29/4 4491/29/4 4539/29/4 4494/29/4
f 4492/29/136 4494/29/136 4495/29/136 4455/29/136
f 4455/29/5 4495/29/5 4496/29/5 4493/29/5
f 4493/29/165 4496/29/165 4539/29/165 4491/29/165
f 4452/29/108 4495/29/108 4494/29/108 4498/29/108
f 4495/29/5 4452/29/5 4497/29/5
f 4481/29/281 4530/29/281 4497/29/281 4482/29/281
f 4530/29/4 4481/29/4 4498/29/4
f 4553/29/167 4500/29/167 4517/29/167 4499/29/167
f 4263/29/168 4260/29/168 4261/29/168 4264/29/168
f 4501/29/169 4470/29/169 4500/29/169 4502/29/169
f 4470/29/5 4501/29/5 4499/29/5
f 4504/29/170 4542/29/170 4503/29/170 4505/29/170
f 4502/29/4 4542/29/4 4504/29/4
f 4463/29/118 4501/29/118 4502/29/118 4460/29/118
f 4501/29/5 4463/29/5 4505/29/5
f 4509/29/171 4506/29/171 4507/29/171 4510/29/171
f 4508/29/172 4622/29/172 4222/29/172
f 4506/29/4 4509/29/4 4622/29/4
f 4514/29/4 4512/29/4 4526/29/4 4513/29/4
f 4510/29/5 4222/29/5 4511/29/5
f 4513/29/173 4526/29/173 4527/29/173 4562/29/173
f 4516/29/5 4562/29/5 4527/29/5 4477/29/5
f 4516/29/144 4477/29/144 4512/29/144 4514/29/144
f 4500/29/4 4468/29/4 4514/29/4 4548/29/4
f 4500/29/174 4548/29/174 4515/29/174 4517/29/174
f 4517/29/5 4515/29/5 4516/29/5 4518/29/5
f 4518/29/108 4516/29/108 4514/29/108 4468/29/108
f 4522/29/282 4487/29/282 4521/29/282 4524/29/282
f 4520/29/5 4487/29/5 4522/29/5
f 4570/29/98 4519/29/98 4520/29/98 4523/29/98
f 4524/29/4 4519/29/4 4570/29/4
f 4526/29/176 4555/29/176 4525/29/176 4527/29/176
f 4524/29/4 4555/29/4 4526/29/4
f 4528/29/177 4522/29/177 4524/29/177 4474/29/177
f 4522/29/5 4528/29/5 4527/29/5
f 4531/29/178 4534/29/178 4578/29/178 4529/29/178
f 4532/29/4 4530/29/4 4529/29/4
f 4497/29/5 4534/29/5 4531/29/5
f 4519/29/132 4565/29/132 4535/29/132 4520/29/132
f 4533/29/179 4497/29/179 4532/29/179
f 4532/29/180 4536/29/180 4533/29/180
f 4565/29/4 4519/29/4 4536/29/4
f 4484/29/5 4520/29/5 4535/29/5 4533/29/5
f 4529/29/181 4573/29/181 4537/29/181 4531/29/181
f 4573/29/4 4529/29/4 4538/29/4
f 4503/29/5 4543/29/5 4544/29/5 4541/29/5
f 4531/29/5 4623/29/5 4496/29/5
f 4538/29/182 4539/29/182 4496/29/182
f 4543/29/183 4503/29/183 4542/29/183
f 4540/29/4 4585/29/4 4221/29/4 4542/29/4
f 4249/29/184 4250/29/184 4251/29/184 4545/29/184
f 4585/29/283 4540/29/283 4544/29/283
f 4456/29/4 4250/29/4 4249/29/4
f 4546/29/256 4252/29/256 4547/29/256 4456/29/256
f 4252/29/5 4546/29/5 4251/29/5
f 4561/29/4 4594/29/4 4549/29/4 4548/29/4
f 4551/29/284 4515/29/284 4548/29/284
f 4563/29/270 4550/29/270 4594/29/270 4561/29/270
f 4550/29/5 4563/29/5 4551/29/5
f 4549/29/4 4580/29/4 4540/29/4 4553/29/4
f 4549/29/188 4553/29/188 4499/29/188 4551/29/188
f 4551/29/5 4499/29/5 4541/29/5 4552/29/5
f 4552/29/189 4541/29/189 4540/29/189 4580/29/189
f 4555/29/190 4558/29/190 4559/29/190 4525/29/190
f 4558/29/4 4555/29/4 4554/29/4
f 4556/29/270 4602/29/270 4557/29/270 4554/29/270
f 4559/29/5 4602/29/5 4556/29/5
f 4588/29/4 4561/29/4 4513/29/4 4558/29/4
f 4558/29/118 4513/29/118 4562/29/118 4559/29/118
f 4560/29/5 4559/29/5 4562/29/5 4563/29/5
f 4560/29/104 4563/29/104 4561/29/104 4588/29/104
f 4564/29/4 4613/29/4 4568/29/4 4565/29/4
f 4565/29/144 4568/29/144 4567/29/144 4535/29/144
f 4566/29/5 4535/29/5 4567/29/5 4614/29/5
f 4566/29/191 4614/29/191 4613/29/191 4564/29/191
f 4568/29/4 4598/29/4 4554/29/4 4570/29/4
f 4568/29/108 4570/29/108 4523/29/108 4567/29/108
f 4567/29/5 4523/29/5 4556/29/5 4569/29/5
f 4569/29/104 4556/29/104 4554/29/104 4598/29/104
f 4618/29/4 4576/29/4 4573/29/4 4571/29/4
f 4618/29/73 4571/29/73 4572/29/73 4574/29/73
f 4574/29/5 4572/29/5 4537/29/5 4575/29/5
f 4575/29/192 4537/29/192 4573/29/192 4576/29/192
f 4534/29/93 4575/29/93 4576/29/93 4578/29/93
f 4576/29/4 4607/29/4 4564/29/4
f 4577/29/5 4575/29/5 4534/29/5
f 4595/29/296 4582/29/296 4579/29/296 4593/29/296
f 4577/29/194 4566/29/194 4564/29/194
f 4552/29/5 4582/29/5 4595/29/5
f 4580/29/139 4581/29/139 4584/29/139 4552/29/139
f 4579/29/4 4581/29/4 4580/29/4
f 4585/29/4 4581/29/4 4583/29/4 4506/29/4
f 4506/29/90 4583/29/90 4224/29/90 4507/29/90
f 4544/29/5 4507/29/5 4224/29/5 4584/29/5
f 4544/29/195 4584/29/195 4581/29/195 4585/29/195
f 4587/29/196 4226/29/196 4227/29/196 4225/29/196
f 4225/29/5 4228/29/5 4582/29/5
f 4586/29/197 4579/29/197 4228/29/197
f 4226/29/4 4587/29/4 4586/29/4
f 4590/29/4 4588/29/4 4603/29/4 4589/29/4
f 4589/29/198 4603/29/198 4604/29/198 4641/29/198
f 4641/29/5 4604/29/5 4560/29/5 4592/29/5
f 4592/29/199 4560/29/199 4588/29/199 4590/29/199
f 4590/29/200 4594/29/200 4550/29/200 4592/29/200
f 4594/29/4 4590/29/4 4591/29/4
f 4230/29/201 4595/29/201 4593/29/201 4591/29/201
f 4550/29/5 4595/29/5 4230/29/5
f 4598/29/199 4599/29/199 4601/29/199 4569/29/199
f 4597/29/202 4596/29/202 4615/29/202
f 4599/29/4 4598/29/4 4597/29/4
f 4569/29/5 4601/29/5 4600/29/5 4615/29/5
f 4602/29/200 4601/29/200 4599/29/200 4557/29/200
f 4232/29/5 4601/29/5 4602/29/5
f 4603/29/203 4231/29/203 4232/29/203 4604/29/203
f 4231/29/4 4603/29/4 4557/29/4
f 4608/29/4 4610/29/4 4607/29/4 4605/29/4
f 4612/29/204 4577/29/204 4607/29/204 4610/29/204
f 4577/29/5 4612/29/5 4606/29/5
f 4610/29/200 4613/29/200 4614/29/200 4612/29/200
f 4606/29/205 4609/29/205 4608/29/205
f 4613/29/4 4610/29/4 4611/29/4
f 4239/29/206 4615/29/206 4596/29/206 4611/29/206
f 4614/29/5 4615/29/5 4239/29/5
f 4606/29/5 4653/29/5 4617/29/5 4574/29/5
f 4653/29/207 4606/29/207 4616/29/207
f 4574/29/160 4617/29/160 4202/29/160 4618/29/160
f 4223/29/4 4622/29/4 4509/29/4 4620/29/4
f 4616/29/4 4605/29/4 4618/29/4
f 4510/29/208 4619/29/208 4620/29/208
f 4621/29/297 4511/29/297 4622/29/297 4223/29/297
f 4510/29/5 4511/29/5 4621/29/5
f 4623/29/210 4248/29/210 4624/29/210 4538/29/210
f 4248/29/5 4623/29/5 4625/29/5
f 4626/29/4 4259/29/4 4628/29/4 4627/29/4
f 4247/29/211 4625/29/211 4245/29/211
f 4246/29/4 4245/29/4 4624/29/4
f 4627/29/212 4628/29/212 4629/29/212 4683/29/212
f 4635/29/5 4683/29/5 4629/29/5 4630/29/5
f 4635/29/178 4630/29/178 4259/29/178 4626/29/178
f 4302/29/4 4626/29/4 4633/29/4 4209/29/4
f 4209/29/285 4633/29/285 4634/29/285 4631/29/285
f 4632/29/5 4631/29/5 4634/29/5 4635/29/5
f 4632/29/214 4635/29/214 4626/29/214 4302/29/214
f 4265/29/4 4638/29/4 4639/29/4 4696/29/4
f 4696/29/215 4639/29/215 4707/29/215 4636/29/215
f 4637/29/5 4636/29/5 4707/29/5 4640/29/5
f 4637/29/216 4640/29/216 4638/29/216 4265/29/216
f 4643/29/217 4229/29/217 4642/29/217 4233/29/217
f 4229/29/5 4643/29/5 4641/29/5
f 4644/29/301 4589/29/301 4641/29/301 4645/29/301
f 4233/29/4 4589/29/4 4644/29/4
f 4646/29/4 4597/29/4 4647/29/4 4235/29/4
f 4646/29/219 4235/29/219 4236/29/219 4234/29/219
f 4234/29/5 4236/29/5 4237/29/5 4600/29/5
f 4600/29/220 4237/29/220 4647/29/220 4597/29/220
f 4648/29/298 4608/29/298 4609/29/298 4649/29/298
f 4650/29/4 4608/29/4 4648/29/4
f 4651/29/219 4238/29/219 4650/29/219 4652/29/219
f 4238/29/5 4651/29/5 4649/29/5
f 4241/29/5 4653/29/5 4649/29/5 4651/29/5
f 4649/29/222 4653/29/222 4648/29/222
f 4241/29/59 4651/29/59 4652/29/59 4240/29/59
f 4659/29/4 4656/29/4 4654/29/4 4293/29/4
f 4240/29/4 4648/29/4 4616/29/4
f 4293/29/223 4654/29/223 4655/29/223 4657/29/223
f 4658/29/5 4657/29/5 4655/29/5 4711/29/5
f 4658/29/84 4711/29/84 4656/29/84 4659/29/84
f 4677/29/4 4663/29/4 4664/29/4 4660/29/4
f 4660/29/224 4664/29/224 4666/29/224 4661/29/224
f 4662/29/5 4661/29/5 4666/29/5 4698/29/5
f 4662/29/225 4698/29/225 4663/29/225 4677/29/225
f 4667/29/226 4694/29/226 4665/29/226 4668/29/226
f 4664/29/4 4694/29/4 4667/29/4
f 4669/29/227 4666/29/227 4664/29/227 4708/29/227
f 4666/29/5 4669/29/5 4668/29/5
f 4712/29/4 4702/29/4 4673/29/4 4670/29/4
f 4670/29/228 4673/29/228 4674/29/228 4671/29/228
f 4671/29/5 4674/29/5 4675/29/5 4672/29/5
f 4672/29/229 4675/29/229 4702/29/229 4712/29/229
f 4676/29/226 4662/29/226 4677/29/226 4690/29/226
f 4662/29/5 4676/29/5 4674/29/5
f 4673/29/287 4660/29/287 4661/29/287 4674/29/287
f 4677/29/4 4660/29/4 4673/29/4
f 4680/29/4 4713/29/4 4709/29/4 4208/29/4
f 4680/29/230 4208/29/230 4678/29/230 4681/29/230
f 4681/29/5 4678/29/5 4679/29/5 4682/29/5
f 4682/29/231 4679/29/231 4709/29/231 4713/29/231
f 4706/29/4 4684/29/4 4627/29/4 4685/29/4
f 4686/29/232 4714/29/232 4684/29/232 4706/29/232
f 4714/29/5 4686/29/5 4683/29/5
f 4692/29/5 4691/29/5 4689/29/5 4676/29/5
f 4683/29/233 4687/29/233 4685/29/233
f 4689/29/234 4691/29/234 4688/29/234
f 4692/29/116 4676/29/116 4690/29/116 4693/29/116
f 4699/29/4 4695/29/4 4696/29/4 4694/29/4
f 4688/29/4 4290/29/4 4693/29/4
f 4694/29/116 4696/29/116 4636/29/116 4665/29/116
f 4700/29/5 4665/29/5 4636/29/5 4281/29/5
f 4700/29/235 4281/29/235 4695/29/235 4699/29/235
f 4698/29/200 4692/29/200 4693/29/200 4663/29/200
f 4692/29/5 4698/29/5 4697/29/5
f 4699/29/86 4274/29/86 4697/29/86 4700/29/86
f 4663/29/4 4274/29/4 4699/29/4
f 4688/29/4 4702/29/4 4659/29/4 4286/29/4
f 4688/29/236 4286/29/236 4701/29/236 4689/29/236
f 4689/29/5 4701/29/5 4658/29/5 4675/29/5
f 4675/29/250 4658/29/250 4659/29/250 4702/29/250
f 4704/29/5 4687/29/5 4686/29/5 4705/29/5
f 4211/29/4 4685/29/4 4703/29/4
f 4687/29/273 4704/29/273 4685/29/273
f 4705/29/239 4686/29/239 4706/29/239 4211/29/239
f 4639/29/240 4667/29/240 4668/29/240 4707/29/240
f 4667/29/4 4639/29/4 4708/29/4
f 4679/29/224 4669/29/224 4708/29/224 4709/29/224
f 4707/29/5 4669/29/5 4679/29/5
f 4711/29/241 4672/29/241 4712/29/241 4656/29/241
f 4671/29/302 4710/29/302 4670/29/302
f 4671/29/5 4672/29/5 4711/29/5
f 4681/29/243 4634/29/243 4680/29/243
f 4713/29/244 4684/29/244 4682/29/244
f 4684/29/4 4680/29/4 4633/29/4
f 4634/29/5 4682/29/5 4714/29/5
f 4784/29/5 4786/29/5 4783/29/5
f 4736/29/4 4782/29/4 4737/29/4
f 4779/29/4 4988/29/4 4852/29/4
f 4778/29/5 4777/29/5 4905/29/5
f 4775/29/4 5069/29/4 4932/29/4
f 4986/29/5 4774/29/5 4773/29/5
f 4771/29/4 5146/29/4 5013/29/4
f 5067/29/5 4770/29/5 4769/29/5
f 5093/29/4 4767/29/4 4766/29/4
f 4766/29/6 5147/29/6 4728/29/6
f 4862/29/5 4863/29/5 4900/29/5
f 4921/29/4 4908/29/4 4876/29/4
f 4863/29/5 4865/29/5 4900/29/5
f 4875/29/4 4921/29/4 4876/29/4
f 4899/29/4 4864/29/4 4913/29/4
f 4901/29/4 4864/29/4 4899/29/4
f 4877/29/5 4922/29/5 4878/29/5
f 4922/29/5 4923/29/5 4878/29/5
f 4885/29/5 4884/29/5 4915/29/5
f 4884/29/5 4886/29/5 4915/29/5
f 4893/29/5 4892/29/5 4925/29/5
f 4914/29/4 4883/29/4 4931/29/4
f 4916/29/4 4883/29/4 4914/29/4
f 4892/29/5 4894/29/5 4925/29/5
f 4924/29/4 4891/29/4 4939/29/4
f 4926/29/4 4891/29/4 4924/29/4
f 4986/29/5 4896/29/5 4934/29/5
f 4933/29/4 4775/29/4 4932/29/4
f 4753/29/4 5168/29/4 4755/29/4
f 5167/29/5 5165/29/5 4754/29/5
f 5113/29/4 5164/29/4 5108/29/4
f 5108/29/7 4750/29/7 4752/29/7
f 4743/29/4 5030/29/4 4742/29/4
f 4951/29/5 4952/29/5 5065/29/5
f 4870/29/5 4948/29/5 4741/29/5
f 4869/29/4 4949/29/4 4740/29/4
f 4786/29/5 4738/29/5 4903/29/5
f 4785/29/4 4739/29/4 4737/29/4
f 4722/29/5 4735/29/5 4822/29/5
f 4721/29/4 4736/29/4 4734/29/4
f 5153/29/8 4730/29/8 4731/29/8
f 4730/29/4 5160/29/4 4729/29/4
f 5022/29/4 4991/29/4 4990/29/4
f 4832/29/5 4830/29/5 4828/29/5
f 5178/29/4 5192/29/4 5176/29/4
f 5030/29/4 4743/29/4 5028/29/4
f 4744/29/5 5029/29/5 5066/29/5
f 5147/29/5 5059/29/5 5094/29/5
f 4763/29/5 4764/29/5 5175/29/5
f 4852/29/4 4814/29/4 4779/29/4
f 5013/29/4 4978/29/4 4771/29/4
f 4933/29/4 4897/29/4 4775/29/4
f 5233/29/5 5177/29/5 5232/29/5
f 4852/29/4 4853/29/4 4814/29/4
f 5013/29/4 5014/29/4 4978/29/4
f 5065/29/5 4744/29/5 5066/29/5
f 5145/29/5 5059/29/5 5147/29/5
f 4764/29/5 5139/29/5 5175/29/5
f 4743/29/4 5107/29/4 5028/29/4
f 4789/29/4 4829/29/4 4790/29/4
f 4792/29/5 4791/29/5 4793/29/5
f 4790/29/9 4792/29/9 4794/29/9
f 4799/29/4 4834/29/4 4801/29/4
f 4803/29/5 4804/29/5 4802/29/5
f 4808/29/10 4807/29/10 5223/29/10
f 4805/29/4 4810/29/4 4808/29/4
f 4806/29/5 4807/29/5 4809/29/5
f 4795/29/4 4810/29/4 4844/29/4
f 4797/29/5 4807/29/5 5213/29/5
f 5232/29/11 4816/29/11 5192/29/11
f 5176/29/303 4817/29/303 5177/29/303
f 4816/29/4 4907/29/4 5176/29/4
f 4866/29/4 4820/29/4 4818/29/4
f 4822/29/5 4823/29/5 4780/29/5
f 4826/29/5 4794/29/5 5154/29/5
f 4825/29/4 4790/29/4 4833/29/4
f 4829/29/13 4828/29/13 4792/29/13
f 4840/29/5 4828/29/5 4830/29/5
f 4831/29/4 4861/29/4 4833/29/4
f 4832/29/5 4827/29/5 4819/29/5
f 4838/29/5 4836/29/5 4840/29/5
f 4788/29/259 4841/29/259 4836/29/259
f 4843/29/5 4811/29/5 4845/29/5
f 4844/29/4 4895/29/4 4847/29/4
f 4854/29/5 4813/29/5 4856/29/5
f 4898/29/15 4854/29/15 4857/29/15
f 4889/29/4 4859/29/4 4855/29/4
f 4858/29/5 4809/29/5 4843/29/5
f 4860/29/4 4864/29/4 4861/29/4
f 4832/29/5 4863/29/5 4862/29/5
f 4862/29/16 4913/29/16 4860/29/16
f 4901/29/4 4866/29/4 4864/29/4
f 4865/29/5 4823/29/5 4783/29/5
f 4908/29/4 4879/29/4 4876/29/4
f 4830/29/5 4832/29/5 4877/29/5
f 4872/29/4 4883/29/4 4916/29/4
f 4874/29/5 4884/29/5 4835/29/5
f 4892/29/5 4890/29/5 4858/29/5
f 4892/29/17 4889/29/17 4891/29/17
f 4891/29/4 4888/29/4 4939/29/4
f 4926/29/18 4894/29/18 4882/29/18
f 4880/29/4 4891/29/4 4926/29/4
f 4845/29/5 4882/29/5 4892/29/5
f 4947/29/4 4901/29/4 4899/29/4
f 4904/29/5 4865/29/5 4903/29/5
f 4908/29/4 4921/29/4 4958/29/4
f 4911/29/5 4877/29/5 4910/29/5
f 4862/29/5 4912/29/5 4910/29/5
f 4913/29/4 4943/29/4 4899/29/4
f 4918/29/19 4923/29/19 4920/29/19
f 4921/29/4 4875/29/4 4918/29/4
f 4894/29/5 4927/29/5 4925/29/5
f 4976/29/4 4929/29/4 4926/29/4
f 4934/29/5 4896/29/5 4936/29/5
f 4979/29/20 4934/29/20 4937/29/20
f 4938/29/21 4924/29/21 4971/29/21
f 4936/29/5 4925/29/5 4938/29/5
f 4935/29/4 4924/29/4 4939/29/4
f 4941/29/5 4912/29/5 4942/29/5
f 4943/29/4 4940/29/4 4945/29/4
f 4942/29/22 4994/29/22 4940/29/22
f 4983/29/4 4947/29/4 4945/29/4
f 4904/29/5 4868/29/5 4946/29/5
f 4961/29/4 4962/29/4 4959/29/4
f 5012/29/5 4930/29/5 4965/29/5
f 4971/29/4 4969/29/4 5020/29/4
f 4973/29/5 4974/29/5 4938/29/5
f 4959/29/4 4972/29/4 5005/29/4
f 4959/29/23 4975/29/23 4960/29/23
f 4960/29/5 4973/29/5 4927/29/5
f 4977/29/5 5068/29/5 4970/29/5
f 4969/29/4 4979/29/4 4978/29/4
f 4983/29/4 4980/29/4 4982/29/4
f 4741/29/245 4983/29/245 4984/29/245
f 5002/29/5 4956/29/5 4993/29/5
f 4991/29/4 5000/29/4 4990/29/4
f 4980/29/4 4991/29/4 5022/29/4
f 4993/29/25 4991/29/25 4994/29/25
f 4942/29/5 4981/29/5 4993/29/5
f 5011/29/5 4964/29/5 4998/29/5
f 4997/29/4 5010/29/4 4996/29/4
f 5003/29/4 5008/29/4 5005/29/4
f 4975/29/5 5006/29/5 5004/29/5
f 5008/29/26 5007/29/26 4975/29/26
f 5007/29/5 5011/29/5 5009/29/5
f 5010/29/4 4961/29/4 5008/29/4
f 5052/29/4 5020/29/4 5016/29/4
f 5019/29/5 4974/29/5 5004/29/5
f 4992/29/5 5021/29/5 5039/29/5
f 5022/29/4 5075/29/4 5024/29/4
f 5023/29/5 5027/29/5 5025/29/5
f 5026/29/4 4982/29/4 5024/29/4
f 5030/29/4 5028/29/4 5144/29/4
f 5029/29/5 4744/29/5 5032/29/5
f 5144/29/27 5033/29/27 4744/29/27
f 5041/29/4 5046/29/4 5043/29/4
f 5044/29/5 5045/29/5 5042/29/5
f 5044/29/5 5049/29/5 5047/29/5
f 5046/29/4 5048/29/4 4996/29/4
f 5019/29/28 5052/29/28 5054/29/28
f 5054/29/4 5051/29/4 5100/29/4
f 5056/29/5 5019/29/5 5055/29/5
f 5087/29/4 5058/29/4 5054/29/4
f 5058/29/29 5006/29/29 5055/29/29
f 5059/29/5 5145/29/5 5053/29/5
f 5060/29/30 5018/29/30 5145/29/30
f 5051/29/4 5061/29/4 5060/29/4
f 5062/29/31 5063/29/31 5066/29/31
f 5065/29/32 5064/29/32 4743/29/32
f 5068/29/5 5067/29/5 4773/29/5
f 5069/29/4 4772/29/4 4978/29/4
f 5073/29/5 5085/29/5 5037/29/5
f 5073/29/24 5070/29/24 5071/29/24
f 5081/29/5 5078/29/5 5047/29/5
f 5080/29/4 5076/29/4 5079/29/4
f 5099/29/260 5086/29/260 5129/29/260
f 5086/29/4 5100/29/4 5098/29/4
f 5056/29/5 5088/29/5 5099/29/5
f 5102/29/4 5115/29/4 5101/29/4
f 5104/29/5 5074/29/5 5106/29/5
f 5101/29/34 5104/29/34 4750/29/34
f 5108/29/4 5109/29/4 5101/29/4
f 4749/29/5 4750/29/5 4747/29/5
f 5072/29/5 4752/29/5 5114/29/5
f 5116/29/4 5113/29/4 5115/29/4
f 5119/29/4 5120/29/4 5118/29/4
f 5119/29/35 5137/29/35 5122/29/35
f 4753/29/4 5079/29/4 5121/29/4
f 4754/29/5 5124/29/5 5126/29/5
f 5128/29/36 5130/29/36 5127/29/36
f 5128/29/5 5134/29/5 5131/29/5
f 5136/29/5 4761/29/5 5134/29/5
f 5135/29/4 5133/29/4 5118/29/4
f 5138/29/4 5140/29/4 4724/29/4
f 5128/29/37 5127/29/37 5138/29/37
f 5143/29/5 5141/29/5 5032/29/5
f 5032/29/251 5142/29/251 5031/29/251
f 5146/29/4 4767/29/4 5060/29/4
f 4770/29/5 5147/29/5 4769/29/5
f 4769/29/39 4767/29/39 4768/29/39
f 5164/29/4 5111/29/4 4755/29/4
f 5165/29/5 5167/29/5 5163/29/5
f 4760/29/5 5171/29/5 5131/29/5
f 5172/29/4 5170/29/4 5174/29/4
f 5170/29/4 4762/29/4 5174/29/4
f 5175/29/262 5138/29/262 5170/29/262
f 5188/29/5 5190/29/5 5187/29/5
f 5186/29/4 5189/29/4 5230/29/4
f 5199/29/4 5195/29/4 5212/29/4
f 5184/29/5 5196/29/5 5183/29/5
f 5205/29/263 5207/29/263 5149/29/263
f 5208/29/5 5209/29/5 5205/29/5
f 5210/29/4 5215/29/4 5212/29/4
f 5213/29/42 4812/29/42 5210/29/42
f 5215/29/4 4796/29/4 5185/29/4
f 5220/29/5 5222/29/5 5219/29/5
f 5226/29/43 5225/29/43 5207/29/43
f 5228/29/4 5207/29/4 4733/29/4
f 5190/29/5 5191/29/5 5229/29/5
f 5161/29/4 5231/29/4 5230/29/4
f 5193/29/5 5233/29/5 5232/29/5
f 5192/29/4 5178/29/4 5234/29/4
f 5203/29/5 5204/29/5 5156/29/5
f 5202/29/4 5206/29/4 5235/29/4
f 5156/29/44 5155/29/44 5202/29/44
f 5206/29/45 5236/29/45 5204/29/45
f 4784/29/46 4735/29/46 4736/29/46 4737/29/46
f 4737/29/4 4782/29/4 4785/29/4
f 5152/29/47 4826/29/47 4825/29/47 4781/29/47
f 4735/29/5 4784/29/5 4783/29/5
f 4719/29/5 4780/29/5 4826/29/5 5152/29/5
f 4718/29/48 4820/29/48 4780/29/48 4719/29/48
f 4781/29/4 4825/29/4 4820/29/4 4718/29/4
f 4778/29/49 4854/29/49 4852/29/49 4988/29/49
f 4776/29/50 4779/29/50 4905/29/50 4777/29/50
f 4905/29/5 4854/29/5 4778/29/5
f 4774/29/49 4934/29/49 4932/29/49 5069/29/49
f 4779/29/4 4776/29/4 4988/29/4
f 4772/29/51 4775/29/51 4986/29/51 4773/29/51
f 4986/29/5 4934/29/5 4774/29/5
f 4770/29/52 5015/29/52 5013/29/52 5146/29/52
f 4775/29/4 4772/29/4 5069/29/4
f 4768/29/53 4771/29/53 5067/29/53 4769/29/53
f 5015/29/5 4770/29/5 5067/29/5
f 5094/29/5 4727/29/5 4728/29/5 5147/29/5
f 4771/29/4 4768/29/4 5146/29/4
f 4766/29/54 4767/29/54 5147/29/54
f 5093/29/55 4726/29/55 4727/29/55 5094/29/55
f 4764/29/56 4717/29/56 4765/29/56 4725/29/56
f 4726/29/4 5093/29/4 4766/29/4
f 4763/29/5 4716/29/5 4717/29/5 4764/29/5
f 4762/29/57 4715/29/57 4716/29/57 4763/29/57
f 4725/29/4 4765/29/4 4715/29/4 4762/29/4
f 4759/29/58 4761/29/58 5133/29/58 5169/29/58
f 4759/29/5 4758/29/5 4760/29/5 4761/29/5
f 4757/29/59 5172/29/59 4760/29/59 4758/29/59
f 5169/29/4 5133/29/4 5172/29/4 4757/29/4
f 4756/29/59 5165/29/59 4755/29/59 5168/29/59
f 4753/29/60 5166/29/60 5167/29/60 4754/29/60
f 4754/29/5 5165/29/5 4756/29/5
f 4750/29/5 4749/29/5 4751/29/5 4752/29/5
f 5166/29/4 4753/29/4 4755/29/4
f 5113/29/61 5108/29/61 4752/29/61
f 4748/29/62 5164/29/62 4751/29/62 4749/29/62
f 4747/29/63 5143/29/63 4745/29/63 5109/29/63
f 5164/29/4 4748/29/4 5108/29/4
f 4746/29/5 5141/29/5 5143/29/5 4747/29/5
f 5105/29/64 5142/29/64 5141/29/64 4746/29/64
f 5105/29/4 5109/29/4 4745/29/4 5142/29/4
f 4744/29/65 4952/29/65 4742/29/65 5030/29/65
f 4743/29/246 4950/29/246 4951/29/246 5065/29/246
f 5065/29/5 4952/29/5 4744/29/5
f 4984/29/67 4869/29/67 4870/29/67 4741/29/67
f 4950/29/4 4743/29/4 4742/29/4
f 4948/29/68 4871/29/68 4740/29/68 4949/29/68
f 4869/29/4 4984/29/4 4949/29/4
f 4902/29/69 4785/29/69 4786/29/69 4903/29/69
f 4870/29/5 4871/29/5 4948/29/5
f 4738/29/68 4784/29/68 4737/29/68 4739/29/68
f 4785/29/4 4902/29/4 4739/29/4
f 4821/29/304 4721/29/304 4722/29/304 4822/29/304
f 4786/29/5 4784/29/5 4738/29/5
f 4735/29/70 4723/29/70 4734/29/70 4736/29/70
f 4721/29/4 4821/29/4 4736/29/4
f 4732/29/71 5227/29/71 4733/29/71 4720/29/71
f 4722/29/5 4723/29/5 4735/29/5
f 5151/29/5 5226/29/5 5227/29/5 4732/29/5
f 5150/29/72 5225/29/72 5226/29/72 5151/29/72
f 4720/29/4 4733/29/4 5225/29/4 5150/29/4
f 5162/29/73 4793/29/73 4729/29/73 5160/29/73
f 4731/29/4 4730/29/4 4729/29/4
f 5162/29/5 5200/29/5 5153/29/5 4793/29/5
f 4728/29/74 4764/29/74 4725/29/74 4766/29/74
f 5153/29/305 5200/29/305 4730/29/305
f 4728/29/5 4727/29/5 5139/29/5 4764/29/5
f 4726/29/76 4724/29/76 5139/29/76 4727/29/76
f 4766/29/4 4725/29/4 4724/29/4 4726/29/4
f 4723/29/306 4732/29/306 4720/29/306 4734/29/306
f 4722/29/5 4719/29/5 4732/29/5 4723/29/5
f 4721/29/78 4718/29/78 4719/29/78 4722/29/78
f 4721/29/4 4734/29/4 4720/29/4 4718/29/4
f 4994/29/4 4980/29/4 4983/29/4 4945/29/4
f 5090/29/4 5135/29/4 5118/29/4 5120/29/4
f 5153/29/5 5154/29/5 4794/29/5 4793/29/5
f 5036/29/4 5035/29/4 5083/29/4 5070/29/4
f 4731/29/4 4729/29/4 4790/29/4 4824/29/4
f 5071/29/4 5116/29/4 5115/29/4 5102/29/4
f 4942/29/5 4944/29/5 4946/29/5 4981/29/5
f 5073/29/5 5074/29/5 5117/29/5 5072/29/5
f 4765/29/79 4717/29/79 4716/29/79 4715/29/79
f 5038/29/5 5037/29/5 5085/29/5 5084/29/5
f 5089/29/5 5091/29/5 5137/29/5 5136/29/5
f 5076/29/4 5077/29/4 5046/29/4 5092/29/4
f 5080/29/4 5079/29/4 5125/29/4 5110/29/4
f 4920/29/5 4919/29/5 4967/29/5 4968/29/5
f 5078/29/5 5045/29/5 5044/29/5 5047/29/5
f 5081/29/5 5082/29/5 5126/29/5 5124/29/5
f 4842/29/4 4844/29/4 4810/29/4 4859/29/4
f 4927/29/5 4928/29/5 4930/29/5 4960/29/5
f 4845/29/5 4846/29/5 4848/29/5 4882/29/5
f 5086/29/4 5087/29/4 5054/29/4 5100/29/4
f 5201/29/5 5200/29/5 5162/29/5 5229/29/5
f 4918/29/4 4917/29/4 4966/29/4 4953/29/4
f 4887/29/4 4872/29/4 4873/29/4 4837/29/4
f 4959/29/4 4962/29/4 4929/29/4 4976/29/4
f 4835/29/5 4836/29/5 4838/29/5 4874/29/5
f 4895/29/4 4880/29/4 4881/29/4 4847/29/4
f 4857/29/5 4856/29/5 4858/29/5 4890/29/5
f 5021/29/5 5023/29/5 5025/29/5 5063/29/5
f 5061/29/4 5051/29/4 5052/29/4 5016/29/4
f 4799/29/4 4798/29/4 4849/29/4 4834/29/4
f 5088/29/5 5056/29/5 5055/29/5 5057/29/5
f 4802/29/5 4800/29/5 4850/29/5 4851/29/5
f 4797/29/5 5213/29/5 5214/29/5 5219/29/5
f 4937/29/5 4936/29/5 4938/29/5 4970/29/5
f 4795/29/4 4796/29/4 5215/29/4 4812/29/4
f 5210/29/4 5212/29/4 5195/29/4 5224/29/4
f 5179/29/5 5180/29/5 5223/29/5 4806/29/5
f 4879/29/4 4860/29/4 4861/29/4 4831/29/4
f 4827/29/5 4826/29/5 4780/29/5 4819/29/5
f 4998/29/5 4999/29/5 5049/29/5 5050/29/5
f 5042/29/5 5006/29/5 5007/29/5 5009/29/5
f 5041/29/4 5043/29/4 5008/29/4 5058/29/4
f 5018/29/5 5017/29/5 5019/29/5 5053/29/5
f 4719/29/5 5152/29/5 5151/29/5 4732/29/5
f 4911/29/5 4910/29/5 4912/29/5 4941/29/5
f 4958/29/4 4940/29/4 4943/29/4 4909/29/4
f 4843/29/5 4809/29/5 4807/29/5 4811/29/5
f 5158/29/5 5159/29/5 4804/29/5 4803/29/5
f 5211/29/5 5197/29/5 5196/29/5 5198/29/5
f 4993/29/5 4992/29/5 5039/29/5 5040/29/5
f 4997/29/4 4996/29/4 5048/29/4 5034/29/4
f 5218/29/4 5217/29/4 4801/29/4 4787/29/4
f 5186/29/4 5185/29/4 5221/29/4 5216/29/4
f 4963/29/4 4961/29/4 5010/29/4 4995/29/4
f 4965/29/5 4964/29/5 5011/29/5 5012/29/5
f 5188/29/5 5187/29/5 5222/29/5 5220/29/5
f 4898/29/4 4888/29/4 4889/29/4 4855/29/4
f 4789/29/4 4788/29/4 4839/29/4 4829/29/4
f 5075/29/4 5062/29/4 5064/29/4 5024/29/4
f 5231/29/4 5161/29/4 5160/29/4 4730/29/4
f 4979/29/4 4969/29/4 4971/29/4 4935/29/4
f 4955/29/4 4954/29/4 5000/29/4 4989/29/4
f 4815/29/4 4805/29/4 4808/29/4 5181/29/4
f 4818/29/4 4820/29/4 4825/29/4 4833/29/4
f 4791/29/5 4792/29/5 4840/29/5 4841/29/5
f 4957/29/5 4956/29/5 5002/29/5 5001/29/5
f 5128/29/5 5096/29/5 5097/29/5 5099/29/5
f 4718/29/4 4720/29/4 5150/29/4 4781/29/4
f 5127/29/4 5129/29/4 5098/29/4 5140/29/4
f 5003/29/4 5005/29/4 4972/29/4 5020/29/4
f 5236/29/5 5205/29/5 5157/29/5 5156/29/5
f 5004/29/5 4974/29/5 4973/29/5 4975/29/5
f 5206/29/4 5155/29/4 5148/29/4 5149/29/4
f 5138/29/4 4724/29/4 4725/29/4 4762/29/4
f 5112/29/4 5111/29/4 5164/29/4 5113/29/4
f 5114/29/5 4752/29/5 4751/29/5 5163/29/5
f 4767/29/4 5093/29/4 5095/29/4 5060/29/4
f 5121/29/4 5119/29/4 5168/29/4 4753/29/4
f 5123/29/5 4754/29/5 4756/29/5 5122/29/5
f 5103/29/4 5101/29/4 5109/29/4 5105/29/4
f 5106/29/5 4746/29/5 4747/29/5 5104/29/5
f 5132/29/4 5130/29/4 5172/29/4 5133/29/4
f 4738/29/5 4868/29/5 4904/29/5 4903/29/5
f 4947/29/4 4867/29/4 4739/29/4 4902/29/4
f 4735/29/5 4783/29/5 4823/29/5 4822/29/5
f 4866/29/4 4782/29/4 4736/29/4 4821/29/4
f 5026/29/4 4949/29/4 4984/29/4 4982/29/4
f 5134/29/5 4761/29/5 4760/29/5 5131/29/5
f 4905/29/5 4906/29/5 4813/29/5 4854/29/5
f 5067/29/5 5068/29/5 4977/29/5 5015/29/5
f 4741/29/5 4948/29/5 5027/29/5 4985/29/5
f 4787/29/4 4801/29/4 4788/29/4 4789/29/4
f 4986/29/5 4987/29/5 4896/29/5
f 4787/29/80 4789/29/80 4791/29/80 5159/29/80
f 5159/29/5 4791/29/5 4841/29/5 4804/29/5
f 4804/29/81 4841/29/81 4788/29/81 4801/29/81
f 4789/29/82 4729/29/82 4793/29/82 4791/29/82
f 4790/29/83 4829/29/83 4792/29/83
f 4729/29/4 4789/29/4 4790/29/4
f 4795/29/4 4798/29/4 4799/29/4 4796/29/4
f 4793/29/5 4794/29/5 4792/29/5
f 4796/29/84 4799/29/84 4802/29/84 5219/29/84
f 4797/29/5 5219/29/5 4802/29/5 4851/29/5
f 4797/29/85 4851/29/85 4798/29/85 4795/29/85
f 4800/29/86 4804/29/86 4801/29/86 4834/29/86
f 4802/29/5 4804/29/5 4800/29/5
f 4799/29/87 5217/29/87 4803/29/87 4802/29/87
f 5217/29/4 4799/29/4 4801/29/4
f 4859/29/88 4805/29/88 4806/29/88 4809/29/88
f 5223/29/5 4807/29/5 4806/29/5
f 4808/29/89 4810/29/89 4807/29/89
f 4805/29/4 4859/29/4 4810/29/4
f 4811/29/90 4797/29/90 4795/29/90 4844/29/90
f 4797/29/5 4811/29/5 4807/29/5
f 4810/29/91 4812/29/91 5213/29/91 4807/29/91
f 4795/29/4 4812/29/4 4810/29/4
f 4815/29/4 4814/29/4 4853/29/4 4805/29/4
f 4805/29/307 4853/29/307 4813/29/307 4806/29/307
f 5179/29/5 4806/29/5 4813/29/5 4906/29/5
f 5179/29/278 4906/29/278 4814/29/278 4815/29/278
f 4819/29/94 4823/29/94 4866/29/94 4818/29/94
f 5176/29/4 5192/29/4 4816/29/4
f 5177/29/5 4817/29/5 5232/29/5
f 5176/29/95 4907/29/95 4817/29/95
f 4823/29/5 4819/29/5 4780/29/5
f 4820/29/84 4821/29/84 4822/29/84 4780/29/84
f 4821/29/4 4820/29/4 4866/29/4
f 4824/29/96 4825/29/96 4826/29/96 5154/29/96
f 4825/29/4 4824/29/4 4790/29/4
f 4794/29/97 4827/29/97 4833/29/97 4790/29/97
f 4826/29/5 4827/29/5 4794/29/5
f 4831/29/4 4829/29/4 4839/29/4 4879/29/4
f 4840/29/5 4792/29/5 4828/29/5
f 4879/29/98 4839/29/98 4840/29/98 4830/29/98
f 4827/29/99 4828/29/99 4831/29/99 4833/29/99
f 4829/29/100 4831/29/100 4828/29/100
f 4828/29/5 4827/29/5 4832/29/5
f 4818/29/101 4861/29/101 4832/29/101 4819/29/101
f 4861/29/4 4818/29/4 4833/29/4
f 4837/29/4 4834/29/4 4849/29/4 4887/29/4
f 4887/29/102 4849/29/102 4850/29/102 4835/29/102
f 4836/29/5 4835/29/5 4850/29/5 4800/29/5
f 4836/29/103 4800/29/103 4834/29/103 4837/29/103
f 4788/29/4 4837/29/4 4873/29/4 4839/29/4
f 4839/29/104 4873/29/104 4838/29/104 4840/29/104
f 4895/29/308 4842/29/308 4843/29/308 4845/29/308
f 4837/29/106 4788/29/106 4836/29/106
f 4840/29/5 4836/29/5 4841/29/5
f 4842/29/4 4895/29/4 4844/29/4
f 4846/29/107 4811/29/107 4844/29/107 4847/29/107
f 4811/29/5 4846/29/5 4845/29/5
f 4798/29/4 4847/29/4 4881/29/4 4849/29/4
f 4849/29/104 4881/29/104 4848/29/104 4850/29/104
f 4851/29/5 4850/29/5 4848/29/5 4846/29/5
f 4851/29/108 4846/29/108 4847/29/108 4798/29/108
f 4853/29/4 4852/29/4 4898/29/4 4855/29/4
f 4853/29/109 4855/29/109 4856/29/109 4813/29/109
f 4809/29/47 4856/29/47 4855/29/47 4859/29/47
f 4898/29/111 4852/29/111 4854/29/111
f 4857/29/5 4854/29/5 4856/29/5
f 4856/29/5 4809/29/5 4858/29/5
f 4842/29/112 4889/29/112 4858/29/112 4843/29/112
f 4889/29/4 4842/29/4 4859/29/4
f 4863/29/113 4832/29/113 4861/29/113 4864/29/113
f 4832/29/114 4862/29/114 4860/29/114
f 4823/29/47 4863/29/47 4864/29/47 4866/29/47
f 4860/29/4 4913/29/4 4864/29/4
f 4865/29/5 4863/29/5 4823/29/5
f 4782/29/104 4901/29/104 4865/29/104 4783/29/104
f 4901/29/4 4782/29/4 4866/29/4
f 4740/29/4 4739/29/4 4867/29/4 4869/29/4
f 4869/29/247 4867/29/247 4868/29/247 4870/29/247
f 4871/29/5 4870/29/5 4868/29/5 4738/29/5
f 4871/29/46 4738/29/46 4739/29/46 4740/29/46
f 4873/29/4 4872/29/4 4875/29/4 4876/29/4
f 4873/29/116 4876/29/116 4878/29/116 4838/29/116
f 4838/29/5 4878/29/5 4923/29/5 4874/29/5
f 4874/29/117 4923/29/117 4875/29/117 4872/29/117
f 4830/29/118 4878/29/118 4876/29/118 4879/29/118
f 4878/29/5 4830/29/5 4877/29/5
f 4860/29/119 4908/29/119 4877/29/119 4832/29/119
f 4879/29/4 4908/29/4 4860/29/4
f 4881/29/4 4880/29/4 4931/29/4 4883/29/4
f 4881/29/84 4883/29/84 4884/29/84 4848/29/84
f 4848/29/5 4884/29/5 4885/29/5 4882/29/5
f 4882/29/120 4885/29/120 4931/29/120 4880/29/120
f 4886/29/104 4874/29/104 4872/29/104 4916/29/104
f 4874/29/5 4886/29/5 4884/29/5
f 4883/29/87 4887/29/87 4835/29/87 4884/29/87
f 4887/29/4 4883/29/4 4872/29/4
f 4890/29/85 4893/29/85 4939/29/85 4888/29/85
f 4892/29/121 4858/29/121 4889/29/121
f 4891/29/4 4889/29/4 4888/29/4
f 4892/29/5 4893/29/5 4890/29/5
f 4891/29/122 4895/29/122 4845/29/122 4892/29/122
f 4882/29/5 4894/29/5 4892/29/5
f 4880/29/248 4926/29/248 4882/29/248
f 4895/29/4 4891/29/4 4880/29/4
f 4898/29/4 4897/29/4 4933/29/4 4888/29/4
f 4888/29/92 4933/29/92 4896/29/92 4890/29/92
f 4857/29/5 4890/29/5 4896/29/5 4987/29/5
f 4857/29/124 4987/29/124 4897/29/124 4898/29/124
f 4900/29/94 4904/29/94 4947/29/94 4899/29/94
f 4904/29/5 4900/29/5 4865/29/5
f 4901/29/125 4902/29/125 4903/29/125 4865/29/125
f 4947/29/4 4902/29/4 4901/29/4
f 4779/29/4 4814/29/4 4907/29/4 4816/29/4
f 4779/29/126 4816/29/126 5232/29/126 4905/29/126
f 4905/29/5 5232/29/5 4817/29/5 4906/29/5
f 4906/29/127 4817/29/127 4907/29/127 4814/29/127
f 4922/29/98 4911/29/98 4958/29/98 4921/29/98
f 4877/29/5 4911/29/5 4922/29/5
f 4908/29/128 4909/29/128 4910/29/128 4877/29/128
f 4909/29/4 4908/29/4 4958/29/4
f 4909/29/129 4913/29/129 4862/29/129 4910/29/129
f 4913/29/4 4909/29/4 4943/29/4
f 4912/29/274 4900/29/274 4899/29/274 4943/29/274
f 4862/29/5 4900/29/5 4912/29/5
f 4917/29/4 4918/29/4 4916/29/4 4914/29/4
f 4917/29/98 4914/29/98 4915/29/98 4968/29/98
f 4968/29/5 4915/29/5 4886/29/5 4920/29/5
f 4920/29/131 4886/29/131 4916/29/131 4918/29/131
f 4921/29/132 4953/29/132 4919/29/132 4922/29/132
f 4953/29/4 4921/29/4 4918/29/4
f 4923/29/5 4922/29/5 4919/29/5 4920/29/5
f 4976/29/133 4924/29/133 4925/29/133 4927/29/133
f 4918/29/134 4875/29/134 4923/29/134
f 4924/29/4 4976/29/4 4926/29/4
f 4928/29/135 4894/29/135 4926/29/135 4929/29/135
f 4927/29/5 4894/29/5 4928/29/5
f 4931/29/4 4929/29/4 4962/29/4 4914/29/4
f 4914/29/104 4962/29/104 4930/29/104 4915/29/104
f 4885/29/5 4915/29/5 4930/29/5 4928/29/5
f 4885/29/108 4928/29/108 4929/29/108 4931/29/108
f 4933/29/4 4932/29/4 4979/29/4 4935/29/4
f 4933/29/136 4935/29/136 4936/29/136 4896/29/136
f 4893/29/108 4936/29/108 4935/29/108 4939/29/108
f 4979/29/137 4932/29/137 4934/29/137
f 4937/29/5 4934/29/5 4936/29/5
f 4935/29/4 4971/29/4 4924/29/4
f 4938/29/138 4925/29/138 4924/29/138
f 4936/29/5 4893/29/5 4925/29/5
f 4944/29/279 4912/29/279 4943/29/279 4945/29/279
f 4941/29/140 4942/29/140 4940/29/140
f 4912/29/5 4944/29/5 4942/29/5
f 4904/29/141 4944/29/141 4945/29/141 4947/29/141
f 4940/29/4 4994/29/4 4945/29/4
f 4946/29/5 4944/29/5 4904/29/5
f 4867/29/142 4983/29/142 4946/29/142 4868/29/142
f 4947/29/4 4983/29/4 4867/29/4
f 4742/29/4 4949/29/4 5026/29/4 4950/29/4
f 4950/29/78 5026/29/78 5027/29/78 4951/29/78
f 4951/29/5 5027/29/5 4948/29/5 4952/29/5
f 4952/29/46 4948/29/46 4949/29/46 4742/29/46
f 4955/29/4 4953/29/4 4966/29/4 4954/29/4
f 4954/29/143 4966/29/143 4967/29/143 5001/29/143
f 4957/29/5 5001/29/5 4967/29/5 4919/29/5
f 4957/29/144 4919/29/144 4953/29/144 4955/29/144
f 4940/29/4 4958/29/4 4955/29/4 4989/29/4
f 4940/29/145 4989/29/145 4956/29/145 4941/29/145
f 4941/29/5 4956/29/5 4957/29/5 4911/29/5
f 4911/29/108 4957/29/108 4955/29/108 4958/29/108
f 4960/29/146 5012/29/146 4961/29/146 4959/29/146
f 5012/29/5 4960/29/5 4930/29/5
f 4962/29/116 4963/29/116 4965/29/116 4930/29/116
f 4963/29/4 4962/29/4 4961/29/4
f 4966/29/4 4917/29/4 4963/29/4 4995/29/4
f 4966/29/147 4995/29/147 4964/29/147 4967/29/147
f 4967/29/5 4964/29/5 4965/29/5 4968/29/5
f 4968/29/118 4965/29/118 4963/29/118 4917/29/118
f 4970/29/85 4974/29/85 5020/29/85 4969/29/85
f 4974/29/5 4970/29/5 4938/29/5
f 4971/29/148 4972/29/148 4973/29/148 4938/29/148
f 4972/29/4 4971/29/4 5020/29/4
f 4972/29/149 4976/29/149 4927/29/149 4973/29/149
f 4959/29/150 5005/29/150 4975/29/150
f 4973/29/5 4960/29/5 4975/29/5
f 4959/29/4 4976/29/4 4972/29/4
f 4969/29/92 5014/29/92 4977/29/92 4970/29/92
f 5014/29/4 4969/29/4 4978/29/4
f 4937/29/151 5068/29/151 4978/29/151 4979/29/151
f 4970/29/5 5068/29/5 4937/29/5
f 4946/29/5 4741/29/5 4985/29/5 4981/29/5
f 4741/29/152 4946/29/152 4983/29/152
f 4981/29/153 4985/29/153 4982/29/153 4980/29/153
f 4775/29/4 4897/29/4 4988/29/4 4776/29/4
f 4984/29/4 4983/29/4 4982/29/4
f 4775/29/154 4776/29/154 4777/29/154 4986/29/154
f 4986/29/5 4777/29/5 4778/29/5 4987/29/5
f 4987/29/269 4778/29/269 4988/29/269 4897/29/269
f 4989/29/156 4991/29/156 4993/29/156 4956/29/156
f 4991/29/4 4989/29/4 5000/29/4
f 5002/29/98 5040/29/98 4990/29/98 5000/29/98
f 5040/29/5 5002/29/5 4993/29/5
f 4992/29/280 4981/29/280 4980/29/280 5022/29/280
f 4981/29/5 4992/29/5 4993/29/5
f 4995/29/158 4997/29/158 4998/29/158 4964/29/158
f 4980/29/4 4994/29/4 4991/29/4
f 4942/29/159 4993/29/159 4994/29/159
f 5010/29/4 4997/29/4 4995/29/4
f 5011/29/102 5050/29/102 4996/29/102 5010/29/102
f 4998/29/5 5050/29/5 5011/29/5
f 5034/29/4 5000/29/4 4954/29/4 4997/29/4
f 4997/29/160 4954/29/160 5001/29/160 4998/29/160
f 4999/29/5 4998/29/5 5001/29/5 5002/29/5
f 4999/29/132 5002/29/132 5000/29/132 5034/29/132
f 5058/29/161 5003/29/161 5004/29/161 5006/29/161
f 5005/29/162 5008/29/162 4975/29/162
f 5003/29/4 5058/29/4 5008/29/4
f 5010/29/163 5043/29/163 5009/29/163 5011/29/163
f 4975/29/5 5007/29/5 5006/29/5
f 5008/29/4 5043/29/4 5010/29/4
f 5012/29/164 5007/29/164 5008/29/164 4961/29/164
f 5011/29/5 5007/29/5 5012/29/5
f 5014/29/4 5013/29/4 5061/29/4 5016/29/4
f 5014/29/136 5016/29/136 5017/29/136 4977/29/136
f 4977/29/5 5017/29/5 5018/29/5 5015/29/5
f 5015/29/165 5018/29/165 5061/29/165 5013/29/165
f 4974/29/108 5017/29/108 5016/29/108 5020/29/108
f 5017/29/5 4974/29/5 5019/29/5
f 5003/29/166 5052/29/166 5019/29/166 5004/29/166
f 5052/29/4 5003/29/4 5020/29/4
f 5075/29/167 5022/29/167 5039/29/167 5021/29/167
f 4785/29/168 4782/29/168 4783/29/168 4786/29/168
f 5023/29/169 4992/29/169 5022/29/169 5024/29/169
f 4992/29/5 5023/29/5 5021/29/5
f 5026/29/170 5064/29/170 5025/29/170 5027/29/170
f 5024/29/4 5064/29/4 5026/29/4
f 4985/29/118 5023/29/118 5024/29/118 4982/29/118
f 5023/29/5 4985/29/5 5027/29/5
f 5031/29/171 5028/29/171 5029/29/171 5032/29/171
f 5030/29/295 5144/29/295 4744/29/295
f 5028/29/4 5031/29/4 5144/29/4
f 5036/29/4 5034/29/4 5048/29/4 5035/29/4
f 5032/29/5 4744/29/5 5033/29/5
f 5035/29/173 5048/29/173 5049/29/173 5084/29/173
f 5038/29/5 5084/29/5 5049/29/5 4999/29/5
f 5038/29/144 4999/29/144 5034/29/144 5036/29/144
f 5022/29/4 4990/29/4 5036/29/4 5070/29/4
f 5022/29/174 5070/29/174 5037/29/174 5039/29/174
f 5039/29/5 5037/29/5 5038/29/5 5040/29/5
f 5040/29/108 5038/29/108 5036/29/108 4990/29/108
f 5044/29/282 5009/29/282 5043/29/282 5046/29/282
f 5042/29/5 5009/29/5 5044/29/5
f 5092/29/98 5041/29/98 5042/29/98 5045/29/98
f 5046/29/4 5041/29/4 5092/29/4
f 5048/29/300 5077/29/300 5047/29/300 5049/29/300
f 5046/29/4 5077/29/4 5048/29/4
f 5050/29/177 5044/29/177 5046/29/177 4996/29/177
f 5044/29/5 5050/29/5 5049/29/5
f 5053/29/178 5056/29/178 5100/29/178 5051/29/178
f 5054/29/4 5052/29/4 5051/29/4
f 5019/29/5 5056/29/5 5053/29/5
f 5041/29/132 5087/29/132 5057/29/132 5042/29/132
f 5055/29/179 5019/29/179 5054/29/179
f 5054/29/180 5058/29/180 5055/29/180
f 5087/29/4 5041/29/4 5058/29/4
f 5006/29/5 5042/29/5 5057/29/5 5055/29/5
f 5051/29/181 5095/29/181 5059/29/181 5053/29/181
f 5095/29/4 5051/29/4 5060/29/4
f 5025/29/5 5065/29/5 5066/29/5 5063/29/5
f 5053/29/5 5145/29/5 5018/29/5
f 5060/29/182 5061/29/182 5018/29/182
f 5065/29/183 5025/29/183 5064/29/183
f 5062/29/4 5107/29/4 4743/29/4 5064/29/4
f 4771/29/184 4772/29/184 4773/29/184 5067/29/184
f 5107/29/283 5062/29/283 5066/29/283
f 4978/29/4 4772/29/4 4771/29/4
f 5068/29/256 4774/29/256 5069/29/256 4978/29/256
f 4774/29/5 5068/29/5 4773/29/5
f 5083/29/4 5116/29/4 5071/29/4 5070/29/4
f 5073/29/284 5037/29/284 5070/29/284
f 5085/29/270 5072/29/270 5116/29/270 5083/29/270
f 5072/29/5 5085/29/5 5073/29/5
f 5071/29/4 5102/29/4 5062/29/4 5075/29/4
f 5071/29/188 5075/29/188 5021/29/188 5073/29/188
f 5073/29/5 5021/29/5 5063/29/5 5074/29/5
f 5074/29/189 5063/29/189 5062/29/189 5102/29/189
f 5077/29/190 5080/29/190 5081/29/190 5047/29/190
f 5080/29/4 5077/29/4 5076/29/4
f 5078/29/270 5124/29/270 5079/29/270 5076/29/270
f 5081/29/5 5124/29/5 5078/29/5
f 5110/29/4 5083/29/4 5035/29/4 5080/29/4
f 5080/29/118 5035/29/118 5084/29/118 5081/29/118
f 5082/29/5 5081/29/5 5084/29/5 5085/29/5
f 5082/29/104 5085/29/104 5083/29/104 5110/29/104
f 5086/29/4 5135/29/4 5090/29/4 5087/29/4
f 5087/29/144 5090/29/144 5089/29/144 5057/29/144
f 5088/29/5 5057/29/5 5089/29/5 5136/29/5
f 5088/29/191 5136/29/191 5135/29/191 5086/29/191
f 5090/29/4 5120/29/4 5076/29/4 5092/29/4
f 5090/29/108 5092/29/108 5045/29/108 5089/29/108
f 5089/29/5 5045/29/5 5078/29/5 5091/29/5
f 5091/29/104 5078/29/104 5076/29/104 5120/29/104
f 5140/29/4 5098/29/4 5095/29/4 5093/29/4
f 5140/29/73 5093/29/73 5094/29/73 5096/29/73
f 5096/29/5 5094/29/5 5059/29/5 5097/29/5
f 5097/29/192 5059/29/192 5095/29/192 5098/29/192
f 5056/29/93 5097/29/93 5098/29/93 5100/29/93
f 5098/29/4 5129/29/4 5086/29/4
f 5099/29/5 5097/29/5 5056/29/5
f 5117/29/296 5104/29/296 5101/29/296 5115/29/296
f 5099/29/194 5088/29/194 5086/29/194
f 5074/29/5 5104/29/5 5117/29/5
f 5102/29/139 5103/29/139 5106/29/139 5074/29/139
f 5101/29/4 5103/29/4 5102/29/4
f 5107/29/4 5103/29/4 5105/29/4 5028/29/4
f 5028/29/90 5105/29/90 4746/29/90 5029/29/90
f 5066/29/5 5029/29/5 4746/29/5 5106/29/5
f 5066/29/195 5106/29/195 5103/29/195 5107/29/195
f 5109/29/196 4748/29/196 4749/29/196 4747/29/196
f 4747/29/5 4750/29/5 5104/29/5
f 5108/29/197 5101/29/197 4750/29/197
f 4748/29/4 5109/29/4 5108/29/4
f 5112/29/4 5110/29/4 5125/29/4 5111/29/4
f 5111/29/198 5125/29/198 5126/29/198 5163/29/198
f 5163/29/5 5126/29/5 5082/29/5 5114/29/5
f 5114/29/199 5082/29/199 5110/29/199 5112/29/199
f 5112/29/200 5116/29/200 5072/29/200 5114/29/200
f 5116/29/4 5112/29/4 5113/29/4
f 4752/29/201 5117/29/201 5115/29/201 5113/29/201
f 5072/29/5 5117/29/5 4752/29/5
f 5120/29/199 5121/29/199 5123/29/199 5091/29/199
f 5119/29/202 5118/29/202 5137/29/202
f 5121/29/4 5120/29/4 5119/29/4
f 5091/29/5 5123/29/5 5122/29/5 5137/29/5
f 5124/29/200 5123/29/200 5121/29/200 5079/29/200
f 4754/29/5 5123/29/5 5124/29/5
f 5125/29/203 4753/29/203 4754/29/203 5126/29/203
f 4753/29/4 5125/29/4 5079/29/4
f 5130/29/4 5132/29/4 5129/29/4 5127/29/4
f 5134/29/204 5099/29/204 5129/29/204 5132/29/204
f 5099/29/5 5134/29/5 5128/29/5
f 5132/29/200 5135/29/200 5136/29/200 5134/29/200
f 5128/29/205 5131/29/205 5130/29/205
f 5135/29/4 5132/29/4 5133/29/4
f 4761/29/206 5137/29/206 5118/29/206 5133/29/206
f 5136/29/5 5137/29/5 4761/29/5
f 5128/29/5 5175/29/5 5139/29/5 5096/29/5
f 5175/29/207 5128/29/207 5138/29/207
f 5096/29/160 5139/29/160 4724/29/160 5140/29/160
f 4745/29/4 5144/29/4 5031/29/4 5142/29/4
f 5138/29/4 5127/29/4 5140/29/4
f 5032/29/208 5141/29/208 5142/29/208
f 5143/29/297 5033/29/297 5144/29/297 4745/29/297
f 5032/29/5 5033/29/5 5143/29/5
f 5145/29/210 4770/29/210 5146/29/210 5060/29/210
f 4770/29/5 5145/29/5 5147/29/5
f 5148/29/4 4781/29/4 5150/29/4 5149/29/4
f 4769/29/211 5147/29/211 4767/29/211
f 4768/29/4 4767/29/4 5146/29/4
f 5149/29/212 5150/29/212 5151/29/212 5205/29/212
f 5157/29/5 5205/29/5 5151/29/5 5152/29/5
f 5157/29/178 5152/29/178 4781/29/178 5148/29/178
f 4824/29/4 5148/29/4 5155/29/4 4731/29/4
f 4731/29/213 5155/29/213 5156/29/213 5153/29/213
f 5154/29/5 5153/29/5 5156/29/5 5157/29/5
f 5154/29/214 5157/29/214 5148/29/214 4824/29/214
f 4787/29/4 5160/29/4 5161/29/4 5218/29/4
f 5218/29/215 5161/29/215 5229/29/215 5158/29/215
f 5159/29/5 5158/29/5 5229/29/5 5162/29/5
f 5159/29/216 5162/29/216 5160/29/216 4787/29/216
f 5165/29/217 4751/29/217 5164/29/217 4755/29/217
f 4751/29/5 5165/29/5 5163/29/5
f 5166/29/301 5111/29/301 5163/29/301 5167/29/301
f 4755/29/4 5111/29/4 5166/29/4
f 5168/29/4 5119/29/4 5169/29/4 4757/29/4
f 5168/29/219 4757/29/219 4758/29/219 4756/29/219
f 4756/29/5 4758/29/5 4759/29/5 5122/29/5
f 5122/29/220 4759/29/220 5169/29/220 5119/29/220
f 5170/29/298 5130/29/298 5131/29/298 5171/29/298
f 5172/29/4 5130/29/4 5170/29/4
f 5173/29/219 4760/29/219 5172/29/219 5174/29/219
f 4760/29/5 5173/29/5 5171/29/5
f 4763/29/5 5175/29/5 5171/29/5 5173/29/5
f 5171/29/222 5175/29/222 5170/29/222
f 4763/29/59 5173/29/59 5174/29/59 4762/29/59
f 5181/29/4 5178/29/4 5176/29/4 4815/29/4
f 4762/29/4 5170/29/4 5138/29/4
f 4815/29/223 5176/29/223 5177/29/223 5179/29/223
f 5180/29/5 5179/29/5 5177/29/5 5233/29/5
f 5180/29/252 5233/29/252 5178/29/252 5181/29/252
f 5199/29/4 5185/29/4 5186/29/4 5182/29/4
f 5182/29/224 5186/29/224 5188/29/224 5183/29/224
f 5184/29/5 5183/29/5 5188/29/5 5220/29/5
f 5184/29/225 5220/29/225 5185/29/225 5199/29/225
f 5189/29/226 5216/29/226 5187/29/226 5190/29/226
f 5186/29/4 5216/29/4 5189/29/4
f 5191/29/227 5188/29/227 5186/29/227 5230/29/227
f 5188/29/5 5191/29/5 5190/29/5
f 5234/29/4 5224/29/4 5195/29/4 5192/29/4
f 5192/29/228 5195/29/228 5196/29/228 5193/29/228
f 5193/29/5 5196/29/5 5197/29/5 5194/29/5
f 5194/29/229 5197/29/229 5224/29/229 5234/29/229
f 5198/29/226 5184/29/226 5199/29/226 5212/29/226
f 5184/29/5 5198/29/5 5196/29/5
f 5195/29/227 5182/29/227 5183/29/227 5196/29/227
f 5199/29/4 5182/29/4 5195/29/4
f 5202/29/4 5235/29/4 5231/29/4 4730/29/4
f 5202/29/230 4730/29/230 5200/29/230 5203/29/230
f 5203/29/5 5200/29/5 5201/29/5 5204/29/5
f 5204/29/231 5201/29/231 5231/29/231 5235/29/231
f 5228/29/4 5206/29/4 5149/29/4 5207/29/4
f 5208/29/232 5236/29/232 5206/29/232 5228/29/232
f 5236/29/5 5208/29/5 5205/29/5
f 5214/29/5 5213/29/5 5211/29/5 5198/29/5
f 5205/29/309 5209/29/309 5207/29/309
f 5211/29/234 5213/29/234 5210/29/234
f 5214/29/116 5198/29/116 5212/29/116 5215/29/116
f 5221/29/4 5217/29/4 5218/29/4 5216/29/4
f 5210/29/4 4812/29/4 5215/29/4
f 5216/29/116 5218/29/116 5158/29/116 5187/29/116
f 5222/29/5 5187/29/5 5158/29/5 4803/29/5
f 5222/29/235 4803/29/235 5217/29/235 5221/29/235
f 5220/29/200 5214/29/200 5215/29/200 5185/29/200
f 5214/29/5 5220/29/5 5219/29/5
f 5221/29/86 4796/29/86 5219/29/86 5222/29/86
f 5185/29/4 4796/29/4 5221/29/4
f 5210/29/4 5224/29/4 5181/29/4 4808/29/4
f 5210/29/236 4808/29/236 5223/29/236 5211/29/236
f 5211/29/5 5223/29/5 5180/29/5 5197/29/5
f 5197/29/237 5180/29/237 5181/29/237 5224/29/237
f 5226/29/5 5209/29/5 5208/29/5 5227/29/5
f 4733/29/4 5207/29/4 5225/29/4
f 5209/29/310 5226/29/310 5207/29/310
f 5227/29/239 5208/29/239 5228/29/239 4733/29/239
f 5161/29/240 5189/29/240 5190/29/240 5229/29/240
f 5189/29/4 5161/29/4 5230/29/4
f 5201/29/224 5191/29/224 5230/29/224 5231/29/224
f 5229/29/5 5191/29/5 5201/29/5
f 5233/29/311 5194/29/311 5234/29/311 5178/29/311
f 5193/29/242 5232/29/242 5192/29/242
f 5193/29/5 5194/29/5 5233/29/5
f 5203/29/243 5156/29/243 5202/29/243
f 5235/29/244 5206/29/244 5204/29/244
f 5206/29/4 5202/29/4 5155/29/4
f 5156/29/5 5204/29/5 5236/29/5
f 5306/29/5 5308/29/5 5305/29/5
f 5258/29/4 5304/29/4 5259/29/4
f 5301/29/4 5510/29/4 5374/29/4
f 5300/29/5 5299/29/5 5427/29/5
f 5297/29/4 5591/29/4 5454/29/4
f 5508/29/5 5296/29/5 5295/29/5
f 5293/29/4 5668/29/4 5535/29/4
f 5589/29/5 5292/29/5 5291/29/5
f 5615/29/4 5289/29/4 5288/29/4
f 5288/29/6 5669/29/6 5250/29/6
f 5384/29/5 5385/29/5 5422/29/5
f 5443/29/4 5430/29/4 5398/29/4
f 5385/29/5 5387/29/5 5422/29/5
f 5397/29/4 5443/29/4 5398/29/4
f 5421/29/4 5386/29/4 5435/29/4
f 5423/29/4 5386/29/4 5421/29/4
f 5399/29/5 5444/29/5 5400/29/5
f 5444/29/5 5445/29/5 5400/29/5
f 5407/29/5 5406/29/5 5437/29/5
f 5406/29/5 5408/29/5 5437/29/5
f 5415/29/5 5414/29/5 5447/29/5
f 5436/29/4 5405/29/4 5453/29/4
f 5438/29/4 5405/29/4 5436/29/4
f 5414/29/5 5416/29/5 5447/29/5
f 5446/29/4 5413/29/4 5461/29/4
f 5448/29/4 5413/29/4 5446/29/4
f 5508/29/5 5418/29/5 5456/29/5
f 5455/29/4 5297/29/4 5454/29/4
f 5275/29/4 5690/29/4 5277/29/4
f 5689/29/5 5687/29/5 5276/29/5
f 5635/29/4 5686/29/4 5630/29/4
f 5630/29/7 5272/29/7 5274/29/7
f 5265/29/4 5552/29/4 5264/29/4
f 5473/29/5 5474/29/5 5587/29/5
f 5392/29/5 5470/29/5 5263/29/5
f 5391/29/4 5471/29/4 5262/29/4
f 5308/29/5 5260/29/5 5425/29/5
f 5307/29/4 5261/29/4 5259/29/4
f 5244/29/5 5257/29/5 5344/29/5
f 5243/29/4 5258/29/4 5256/29/4
f 5675/29/8 5252/29/8 5253/29/8
f 5252/29/4 5682/29/4 5251/29/4
f 5544/29/4 5513/29/4 5512/29/4
f 5354/29/5 5352/29/5 5350/29/5
f 5700/29/4 5714/29/4 5698/29/4
f 5552/29/4 5265/29/4 5550/29/4
f 5266/29/5 5551/29/5 5588/29/5
f 5669/29/5 5581/29/5 5616/29/5
f 5285/29/5 5286/29/5 5697/29/5
f 5374/29/4 5336/29/4 5301/29/4
f 5535/29/4 5500/29/4 5293/29/4
f 5455/29/4 5419/29/4 5297/29/4
f 5755/29/5 5699/29/5 5754/29/5
f 5374/29/4 5375/29/4 5336/29/4
f 5535/29/4 5536/29/4 5500/29/4
f 5587/29/5 5266/29/5 5588/29/5
f 5667/29/5 5581/29/5 5669/29/5
f 5286/29/5 5661/29/5 5697/29/5
f 5265/29/4 5629/29/4 5550/29/4
f 5311/29/4 5351/29/4 5312/29/4
f 5314/29/5 5313/29/5 5315/29/5
f 5312/29/312 5314/29/312 5316/29/312
f 5321/29/4 5356/29/4 5323/29/4
f 5325/29/5 5326/29/5 5324/29/5
f 5330/29/10 5329/29/10 5745/29/10
f 5327/29/4 5332/29/4 5330/29/4
f 5328/29/5 5329/29/5 5331/29/5
f 5317/29/4 5332/29/4 5366/29/4
f 5319/29/5 5329/29/5 5735/29/5
f 5754/29/313 5338/29/313 5714/29/313
f 5698/29/12 5339/29/12 5699/29/12
f 5338/29/4 5429/29/4 5698/29/4
f 5388/29/4 5342/29/4 5340/29/4
f 5344/29/5 5345/29/5 5302/29/5
f 5348/29/5 5316/29/5 5676/29/5
f 5347/29/4 5312/29/4 5355/29/4
f 5351/29/13 5350/29/13 5314/29/13
f 5362/29/5 5350/29/5 5352/29/5
f 5353/29/4 5383/29/4 5355/29/4
f 5354/29/5 5349/29/5 5341/29/5
f 5360/29/5 5358/29/5 5362/29/5
f 5310/29/314 5363/29/314 5358/29/314
f 5365/29/5 5333/29/5 5367/29/5
f 5366/29/4 5417/29/4 5369/29/4
f 5376/29/5 5335/29/5 5378/29/5
f 5420/29/315 5376/29/315 5379/29/315
f 5411/29/4 5381/29/4 5377/29/4
f 5380/29/5 5331/29/5 5365/29/5
f 5382/29/4 5386/29/4 5383/29/4
f 5354/29/5 5385/29/5 5384/29/5
f 5384/29/16 5435/29/16 5382/29/16
f 5423/29/4 5388/29/4 5386/29/4
f 5387/29/5 5345/29/5 5305/29/5
f 5430/29/4 5401/29/4 5398/29/4
f 5352/29/5 5354/29/5 5399/29/5
f 5394/29/4 5405/29/4 5438/29/4
f 5396/29/5 5406/29/5 5357/29/5
f 5414/29/5 5412/29/5 5380/29/5
f 5414/29/17 5411/29/17 5413/29/17
f 5413/29/4 5410/29/4 5461/29/4
f 5448/29/18 5416/29/18 5404/29/18
f 5402/29/4 5413/29/4 5448/29/4
f 5367/29/5 5404/29/5 5414/29/5
f 5469/29/4 5423/29/4 5421/29/4
f 5426/29/5 5387/29/5 5425/29/5
f 5430/29/4 5443/29/4 5480/29/4
f 5433/29/5 5399/29/5 5432/29/5
f 5384/29/5 5434/29/5 5432/29/5
f 5435/29/4 5465/29/4 5421/29/4
f 5440/29/19 5445/29/19 5442/29/19
f 5443/29/4 5397/29/4 5440/29/4
f 5416/29/5 5449/29/5 5447/29/5
f 5498/29/4 5451/29/4 5448/29/4
f 5456/29/5 5418/29/5 5458/29/5
f 5501/29/20 5456/29/20 5459/29/20
f 5460/29/21 5446/29/21 5493/29/21
f 5458/29/5 5447/29/5 5460/29/5
f 5457/29/4 5446/29/4 5461/29/4
f 5463/29/5 5434/29/5 5464/29/5
f 5465/29/4 5462/29/4 5467/29/4
f 5464/29/289 5516/29/289 5462/29/289
f 5505/29/4 5469/29/4 5467/29/4
f 5426/29/5 5390/29/5 5468/29/5
f 5483/29/4 5484/29/4 5481/29/4
f 5534/29/5 5452/29/5 5487/29/5
f 5493/29/4 5491/29/4 5542/29/4
f 5495/29/5 5496/29/5 5460/29/5
f 5481/29/4 5494/29/4 5527/29/4
f 5481/29/316 5497/29/316 5482/29/316
f 5482/29/5 5495/29/5 5449/29/5
f 5499/29/5 5590/29/5 5492/29/5
f 5491/29/4 5501/29/4 5500/29/4
f 5505/29/4 5502/29/4 5504/29/4
f 5263/29/245 5505/29/245 5506/29/245
f 5524/29/5 5478/29/5 5515/29/5
f 5513/29/4 5522/29/4 5512/29/4
f 5502/29/4 5513/29/4 5544/29/4
f 5515/29/25 5513/29/25 5516/29/25
f 5464/29/5 5503/29/5 5515/29/5
f 5533/29/5 5486/29/5 5520/29/5
f 5519/29/4 5532/29/4 5518/29/4
f 5525/29/4 5530/29/4 5527/29/4
f 5497/29/5 5528/29/5 5526/29/5
f 5530/29/26 5529/29/26 5497/29/26
f 5529/29/5 5533/29/5 5531/29/5
f 5532/29/4 5483/29/4 5530/29/4
f 5574/29/4 5542/29/4 5538/29/4
f 5541/29/5 5496/29/5 5526/29/5
f 5514/29/5 5543/29/5 5561/29/5
f 5544/29/4 5597/29/4 5546/29/4
f 5545/29/5 5549/29/5 5547/29/5
f 5548/29/4 5504/29/4 5546/29/4
f 5552/29/4 5550/29/4 5666/29/4
f 5551/29/5 5266/29/5 5554/29/5
f 5666/29/27 5555/29/27 5266/29/27
f 5563/29/4 5568/29/4 5565/29/4
f 5566/29/5 5567/29/5 5564/29/5
f 5566/29/5 5571/29/5 5569/29/5
f 5568/29/4 5570/29/4 5518/29/4
f 5541/29/28 5574/29/28 5576/29/28
f 5576/29/4 5573/29/4 5622/29/4
f 5578/29/5 5541/29/5 5577/29/5
f 5609/29/4 5580/29/4 5576/29/4
f 5580/29/29 5528/29/29 5577/29/29
f 5581/29/5 5667/29/5 5575/29/5
f 5582/29/30 5540/29/30 5667/29/30
f 5573/29/4 5583/29/4 5582/29/4
f 5584/29/31 5585/29/31 5588/29/31
f 5587/29/32 5586/29/32 5265/29/32
f 5590/29/5 5589/29/5 5295/29/5
f 5591/29/4 5294/29/4 5500/29/4
f 5595/29/5 5607/29/5 5559/29/5
f 5595/29/245 5592/29/245 5593/29/245
f 5603/29/5 5600/29/5 5569/29/5
f 5602/29/4 5598/29/4 5601/29/4
f 5621/29/33 5608/29/33 5651/29/33
f 5608/29/4 5622/29/4 5620/29/4
f 5578/29/5 5610/29/5 5621/29/5
f 5624/29/4 5637/29/4 5623/29/4
f 5626/29/5 5596/29/5 5628/29/5
f 5623/29/317 5626/29/317 5272/29/317
f 5630/29/4 5631/29/4 5623/29/4
f 5271/29/5 5272/29/5 5269/29/5
f 5594/29/5 5274/29/5 5636/29/5
f 5638/29/4 5635/29/4 5637/29/4
f 5641/29/4 5642/29/4 5640/29/4
f 5641/29/35 5659/29/35 5644/29/35
f 5275/29/4 5601/29/4 5643/29/4
f 5276/29/5 5646/29/5 5648/29/5
f 5650/29/36 5652/29/36 5649/29/36
f 5650/29/5 5656/29/5 5653/29/5
f 5658/29/5 5283/29/5 5656/29/5
f 5657/29/4 5655/29/4 5640/29/4
f 5660/29/4 5662/29/4 5246/29/4
f 5650/29/37 5649/29/37 5660/29/37
f 5665/29/5 5663/29/5 5554/29/5
f 5554/29/251 5664/29/251 5553/29/251
f 5668/29/4 5289/29/4 5582/29/4
f 5292/29/5 5669/29/5 5291/29/5
f 5291/29/39 5289/29/39 5290/29/39
f 5686/29/4 5633/29/4 5277/29/4
f 5687/29/5 5689/29/5 5685/29/5
f 5282/29/5 5693/29/5 5653/29/5
f 5694/29/4 5692/29/4 5696/29/4
f 5692/29/4 5284/29/4 5696/29/4
f 5697/29/262 5660/29/262 5692/29/262
f 5710/29/5 5712/29/5 5709/29/5
f 5708/29/4 5711/29/4 5752/29/4
f 5721/29/4 5717/29/4 5734/29/4
f 5706/29/5 5718/29/5 5705/29/5
f 5727/29/41 5729/29/41 5671/29/41
f 5730/29/5 5731/29/5 5727/29/5
f 5732/29/4 5737/29/4 5734/29/4
f 5735/29/42 5334/29/42 5732/29/42
f 5737/29/4 5318/29/4 5707/29/4
f 5742/29/5 5744/29/5 5741/29/5
f 5748/29/43 5747/29/43 5729/29/43
f 5750/29/4 5729/29/4 5255/29/4
f 5712/29/5 5713/29/5 5751/29/5
f 5683/29/4 5753/29/4 5752/29/4
f 5715/29/5 5755/29/5 5754/29/5
f 5714/29/4 5700/29/4 5756/29/4
f 5725/29/5 5726/29/5 5678/29/5
f 5724/29/4 5728/29/4 5757/29/4
f 5678/29/44 5677/29/44 5724/29/44
f 5728/29/318 5758/29/318 5726/29/318
f 5306/29/46 5257/29/46 5258/29/46 5259/29/46
f 5259/29/4 5304/29/4 5307/29/4
f 5674/29/47 5348/29/47 5347/29/47 5303/29/47
f 5257/29/5 5306/29/5 5305/29/5
f 5241/29/5 5302/29/5 5348/29/5 5674/29/5
f 5240/29/319 5342/29/319 5302/29/319 5241/29/319
f 5303/29/4 5347/29/4 5342/29/4 5240/29/4
f 5300/29/49 5376/29/49 5374/29/49 5510/29/49
f 5298/29/320 5301/29/320 5427/29/320 5299/29/320
f 5427/29/5 5376/29/5 5300/29/5
f 5296/29/49 5456/29/49 5454/29/49 5591/29/49
f 5301/29/4 5298/29/4 5510/29/4
f 5294/29/321 5297/29/321 5508/29/321 5295/29/321
f 5508/29/5 5456/29/5 5296/29/5
f 5292/29/52 5537/29/52 5535/29/52 5668/29/52
f 5297/29/4 5294/29/4 5591/29/4
f 5290/29/53 5293/29/53 5589/29/53 5291/29/53
f 5537/29/5 5292/29/5 5589/29/5
f 5616/29/5 5249/29/5 5250/29/5 5669/29/5
f 5293/29/4 5290/29/4 5668/29/4
f 5288/29/54 5289/29/54 5669/29/54
f 5615/29/55 5248/29/55 5249/29/55 5616/29/55
f 5286/29/56 5239/29/56 5287/29/56 5247/29/56
f 5248/29/4 5615/29/4 5288/29/4
f 5285/29/5 5238/29/5 5239/29/5 5286/29/5
f 5284/29/57 5237/29/57 5238/29/57 5285/29/57
f 5247/29/4 5287/29/4 5237/29/4 5284/29/4
f 5281/29/58 5283/29/58 5655/29/58 5691/29/58
f 5281/29/5 5280/29/5 5282/29/5 5283/29/5
f 5279/29/59 5694/29/59 5282/29/59 5280/29/59
f 5691/29/4 5655/29/4 5694/29/4 5279/29/4
f 5278/29/59 5687/29/59 5277/29/59 5690/29/59
f 5275/29/60 5688/29/60 5689/29/60 5276/29/60
f 5276/29/5 5687/29/5 5278/29/5
f 5272/29/5 5271/29/5 5273/29/5 5274/29/5
f 5688/29/4 5275/29/4 5277/29/4
f 5635/29/61 5630/29/61 5274/29/61
f 5270/29/62 5686/29/62 5273/29/62 5271/29/62
f 5269/29/63 5665/29/63 5267/29/63 5631/29/63
f 5686/29/4 5270/29/4 5630/29/4
f 5268/29/5 5663/29/5 5665/29/5 5269/29/5
f 5627/29/64 5664/29/64 5663/29/64 5268/29/64
f 5627/29/4 5631/29/4 5267/29/4 5664/29/4
f 5266/29/322 5474/29/322 5264/29/322 5552/29/322
f 5265/29/246 5472/29/246 5473/29/246 5587/29/246
f 5587/29/5 5474/29/5 5266/29/5
f 5506/29/67 5391/29/67 5392/29/67 5263/29/67
f 5472/29/4 5265/29/4 5264/29/4
f 5470/29/68 5393/29/68 5262/29/68 5471/29/68
f 5391/29/4 5506/29/4 5471/29/4
f 5424/29/69 5307/29/69 5308/29/69 5425/29/69
f 5392/29/5 5393/29/5 5470/29/5
f 5260/29/68 5306/29/68 5259/29/68 5261/29/68
f 5307/29/4 5424/29/4 5261/29/4
f 5343/29/69 5243/29/69 5244/29/69 5344/29/69
f 5308/29/5 5306/29/5 5260/29/5
f 5257/29/68 5245/29/68 5256/29/68 5258/29/68
f 5243/29/4 5343/29/4 5258/29/4
f 5254/29/265 5749/29/265 5255/29/265 5242/29/265
f 5244/29/5 5245/29/5 5257/29/5
f 5673/29/5 5748/29/5 5749/29/5 5254/29/5
f 5672/29/72 5747/29/72 5748/29/72 5673/29/72
f 5242/29/4 5255/29/4 5747/29/4 5672/29/4
f 5684/29/73 5315/29/73 5251/29/73 5682/29/73
f 5253/29/4 5252/29/4 5251/29/4
f 5684/29/5 5722/29/5 5675/29/5 5315/29/5
f 5250/29/74 5286/29/74 5247/29/74 5288/29/74
f 5675/29/75 5722/29/75 5252/29/75
f 5250/29/5 5249/29/5 5661/29/5 5286/29/5
f 5248/29/76 5246/29/76 5661/29/76 5249/29/76
f 5288/29/4 5247/29/4 5246/29/4 5248/29/4
f 5245/29/323 5254/29/323 5242/29/323 5256/29/323
f 5244/29/5 5241/29/5 5254/29/5 5245/29/5
f 5243/29/78 5240/29/78 5241/29/78 5244/29/78
f 5243/29/4 5256/29/4 5242/29/4 5240/29/4
f 5516/29/4 5502/29/4 5505/29/4 5467/29/4
f 5612/29/4 5657/29/4 5640/29/4 5642/29/4
f 5675/29/5 5676/29/5 5316/29/5 5315/29/5
f 5558/29/4 5557/29/4 5605/29/4 5592/29/4
f 5253/29/4 5251/29/4 5312/29/4 5346/29/4
f 5593/29/4 5638/29/4 5637/29/4 5624/29/4
f 5464/29/5 5466/29/5 5468/29/5 5503/29/5
f 5595/29/5 5596/29/5 5639/29/5 5594/29/5
f 5287/29/324 5239/29/324 5238/29/324 5237/29/324
f 5560/29/5 5559/29/5 5607/29/5 5606/29/5
f 5611/29/5 5613/29/5 5659/29/5 5658/29/5
f 5598/29/4 5599/29/4 5568/29/4 5614/29/4
f 5602/29/4 5601/29/4 5647/29/4 5632/29/4
f 5442/29/5 5441/29/5 5489/29/5 5490/29/5
f 5600/29/5 5567/29/5 5566/29/5 5569/29/5
f 5603/29/5 5604/29/5 5648/29/5 5646/29/5
f 5364/29/4 5366/29/4 5332/29/4 5381/29/4
f 5449/29/5 5450/29/5 5452/29/5 5482/29/5
f 5367/29/5 5368/29/5 5370/29/5 5404/29/5
f 5608/29/4 5609/29/4 5576/29/4 5622/29/4
f 5723/29/5 5722/29/5 5684/29/5 5751/29/5
f 5440/29/4 5439/29/4 5488/29/4 5475/29/4
f 5409/29/4 5394/29/4 5395/29/4 5359/29/4
f 5481/29/4 5484/29/4 5451/29/4 5498/29/4
f 5357/29/5 5358/29/5 5360/29/5 5396/29/5
f 5417/29/4 5402/29/4 5403/29/4 5369/29/4
f 5379/29/5 5378/29/5 5380/29/5 5412/29/5
f 5543/29/5 5545/29/5 5547/29/5 5585/29/5
f 5583/29/4 5573/29/4 5574/29/4 5538/29/4
f 5321/29/4 5320/29/4 5371/29/4 5356/29/4
f 5610/29/5 5578/29/5 5577/29/5 5579/29/5
f 5324/29/5 5322/29/5 5372/29/5 5373/29/5
f 5319/29/5 5735/29/5 5736/29/5 5741/29/5
f 5459/29/5 5458/29/5 5460/29/5 5492/29/5
f 5317/29/4 5318/29/4 5737/29/4 5334/29/4
f 5732/29/4 5734/29/4 5717/29/4 5746/29/4
f 5701/29/5 5702/29/5 5745/29/5 5328/29/5
f 5401/29/4 5382/29/4 5383/29/4 5353/29/4
f 5349/29/5 5348/29/5 5302/29/5 5341/29/5
f 5520/29/5 5521/29/5 5571/29/5 5572/29/5
f 5564/29/5 5528/29/5 5529/29/5 5531/29/5
f 5563/29/4 5565/29/4 5530/29/4 5580/29/4
f 5540/29/5 5539/29/5 5541/29/5 5575/29/5
f 5241/29/5 5674/29/5 5673/29/5 5254/29/5
f 5433/29/5 5432/29/5 5434/29/5 5463/29/5
f 5480/29/4 5462/29/4 5465/29/4 5431/29/4
f 5365/29/5 5331/29/5 5329/29/5 5333/29/5
f 5680/29/5 5681/29/5 5326/29/5 5325/29/5
f 5733/29/5 5719/29/5 5718/29/5 5720/29/5
f 5515/29/5 5514/29/5 5561/29/5 5562/29/5
f 5519/29/4 5518/29/4 5570/29/4 5556/29/4
f 5740/29/4 5739/29/4 5323/29/4 5309/29/4
f 5708/29/4 5707/29/4 5743/29/4 5738/29/4
f 5485/29/4 5483/29/4 5532/29/4 5517/29/4
f 5487/29/5 5486/29/5 5533/29/5 5534/29/5
f 5710/29/5 5709/29/5 5744/29/5 5742/29/5
f 5420/29/4 5410/29/4 5411/29/4 5377/29/4
f 5311/29/4 5310/29/4 5361/29/4 5351/29/4
f 5597/29/4 5584/29/4 5586/29/4 5546/29/4
f 5753/29/4 5683/29/4 5682/29/4 5252/29/4
f 5501/29/4 5491/29/4 5493/29/4 5457/29/4
f 5477/29/4 5476/29/4 5522/29/4 5511/29/4
f 5337/29/4 5327/29/4 5330/29/4 5703/29/4
f 5340/29/4 5342/29/4 5347/29/4 5355/29/4
f 5313/29/5 5314/29/5 5362/29/5 5363/29/5
f 5479/29/5 5478/29/5 5524/29/5 5523/29/5
f 5650/29/5 5618/29/5 5619/29/5 5621/29/5
f 5240/29/4 5242/29/4 5672/29/4 5303/29/4
f 5649/29/4 5651/29/4 5620/29/4 5662/29/4
f 5525/29/4 5527/29/4 5494/29/4 5542/29/4
f 5758/29/5 5727/29/5 5679/29/5 5678/29/5
f 5526/29/5 5496/29/5 5495/29/5 5497/29/5
f 5728/29/4 5677/29/4 5670/29/4 5671/29/4
f 5660/29/4 5246/29/4 5247/29/4 5284/29/4
f 5634/29/4 5633/29/4 5686/29/4 5635/29/4
f 5636/29/5 5274/29/5 5273/29/5 5685/29/5
f 5289/29/4 5615/29/4 5617/29/4 5582/29/4
f 5643/29/4 5641/29/4 5690/29/4 5275/29/4
f 5645/29/5 5276/29/5 5278/29/5 5644/29/5
f 5625/29/4 5623/29/4 5631/29/4 5627/29/4
f 5628/29/5 5268/29/5 5269/29/5 5626/29/5
f 5654/29/4 5652/29/4 5694/29/4 5655/29/4
f 5260/29/5 5390/29/5 5426/29/5 5425/29/5
f 5469/29/4 5389/29/4 5261/29/4 5424/29/4
f 5257/29/5 5305/29/5 5345/29/5 5344/29/5
f 5388/29/4 5304/29/4 5258/29/4 5343/29/4
f 5548/29/4 5471/29/4 5506/29/4 5504/29/4
f 5656/29/5 5283/29/5 5282/29/5 5653/29/5
f 5427/29/5 5428/29/5 5335/29/5 5376/29/5
f 5589/29/5 5590/29/5 5499/29/5 5537/29/5
f 5263/29/5 5470/29/5 5549/29/5 5507/29/5
f 5309/29/4 5323/29/4 5310/29/4 5311/29/4
f 5508/29/5 5509/29/5 5418/29/5
f 5309/29/252 5311/29/252 5313/29/252 5681/29/252
f 5681/29/5 5313/29/5 5363/29/5 5326/29/5
f 5326/29/81 5363/29/81 5310/29/81 5323/29/81
f 5311/29/82 5251/29/82 5315/29/82 5313/29/82
f 5312/29/83 5351/29/83 5314/29/83
f 5251/29/4 5311/29/4 5312/29/4
f 5317/29/4 5320/29/4 5321/29/4 5318/29/4
f 5315/29/5 5316/29/5 5314/29/5
f 5318/29/84 5321/29/84 5324/29/84 5741/29/84
f 5319/29/5 5741/29/5 5324/29/5 5373/29/5
f 5319/29/85 5373/29/85 5320/29/85 5317/29/85
f 5322/29/86 5326/29/86 5323/29/86 5356/29/86
f 5324/29/5 5326/29/5 5322/29/5
f 5321/29/87 5739/29/87 5325/29/87 5324/29/87
f 5739/29/4 5321/29/4 5323/29/4
f 5381/29/88 5327/29/88 5328/29/88 5331/29/88
f 5745/29/5 5329/29/5 5328/29/5
f 5330/29/89 5332/29/89 5329/29/89
f 5327/29/4 5381/29/4 5332/29/4
f 5333/29/90 5319/29/90 5317/29/90 5366/29/90
f 5319/29/5 5333/29/5 5329/29/5
f 5332/29/91 5334/29/91 5735/29/91 5329/29/91
f 5317/29/4 5334/29/4 5332/29/4
f 5337/29/4 5336/29/4 5375/29/4 5327/29/4
f 5327/29/92 5375/29/92 5335/29/92 5328/29/92
f 5701/29/5 5328/29/5 5335/29/5 5428/29/5
f 5701/29/93 5428/29/93 5336/29/93 5337/29/93
f 5341/29/325 5345/29/325 5388/29/325 5340/29/325
f 5698/29/4 5714/29/4 5338/29/4
f 5699/29/5 5339/29/5 5754/29/5
f 5698/29/95 5429/29/95 5339/29/95
f 5345/29/5 5341/29/5 5302/29/5
f 5342/29/252 5343/29/252 5344/29/252 5302/29/252
f 5343/29/4 5342/29/4 5388/29/4
f 5346/29/96 5347/29/96 5348/29/96 5676/29/96
f 5347/29/4 5346/29/4 5312/29/4
f 5316/29/97 5349/29/97 5355/29/97 5312/29/97
f 5348/29/5 5349/29/5 5316/29/5
f 5353/29/4 5351/29/4 5361/29/4 5401/29/4
f 5362/29/5 5314/29/5 5350/29/5
f 5401/29/98 5361/29/98 5362/29/98 5352/29/98
f 5349/29/253 5350/29/253 5353/29/253 5355/29/253
f 5351/29/100 5353/29/100 5350/29/100
f 5350/29/5 5349/29/5 5354/29/5
f 5340/29/101 5383/29/101 5354/29/101 5341/29/101
f 5383/29/4 5340/29/4 5355/29/4
f 5359/29/4 5356/29/4 5371/29/4 5409/29/4
f 5409/29/235 5371/29/235 5372/29/235 5357/29/235
f 5358/29/5 5357/29/5 5372/29/5 5322/29/5
f 5358/29/103 5322/29/103 5356/29/103 5359/29/103
f 5310/29/4 5359/29/4 5395/29/4 5361/29/4
f 5361/29/104 5395/29/104 5360/29/104 5362/29/104
f 5417/29/105 5364/29/105 5365/29/105 5367/29/105
f 5359/29/326 5310/29/326 5358/29/326
f 5362/29/5 5358/29/5 5363/29/5
f 5364/29/4 5417/29/4 5366/29/4
f 5368/29/327 5333/29/327 5366/29/327 5369/29/327
f 5333/29/5 5368/29/5 5367/29/5
f 5320/29/4 5369/29/4 5403/29/4 5371/29/4
f 5371/29/104 5403/29/104 5370/29/104 5372/29/104
f 5373/29/5 5372/29/5 5370/29/5 5368/29/5
f 5373/29/108 5368/29/108 5369/29/108 5320/29/108
f 5375/29/4 5374/29/4 5420/29/4 5377/29/4
f 5375/29/109 5377/29/109 5378/29/109 5335/29/109
f 5331/29/110 5378/29/110 5377/29/110 5381/29/110
f 5420/29/111 5374/29/111 5376/29/111
f 5379/29/5 5376/29/5 5378/29/5
f 5378/29/5 5331/29/5 5380/29/5
f 5364/29/328 5411/29/328 5380/29/328 5365/29/328
f 5411/29/4 5364/29/4 5381/29/4
f 5385/29/113 5354/29/113 5383/29/113 5386/29/113
f 5354/29/329 5384/29/329 5382/29/329
f 5345/29/47 5385/29/47 5386/29/47 5388/29/47
f 5382/29/4 5435/29/4 5386/29/4
f 5387/29/5 5385/29/5 5345/29/5
f 5304/29/104 5423/29/104 5387/29/104 5305/29/104
f 5423/29/4 5304/29/4 5388/29/4
f 5262/29/4 5261/29/4 5389/29/4 5391/29/4
f 5391/29/247 5389/29/247 5390/29/247 5392/29/247
f 5393/29/5 5392/29/5 5390/29/5 5260/29/5
f 5393/29/330 5260/29/330 5261/29/330 5262/29/330
f 5395/29/4 5394/29/4 5397/29/4 5398/29/4
f 5395/29/116 5398/29/116 5400/29/116 5360/29/116
f 5360/29/5 5400/29/5 5445/29/5 5396/29/5
f 5396/29/117 5445/29/117 5397/29/117 5394/29/117
f 5352/29/118 5400/29/118 5398/29/118 5401/29/118
f 5400/29/5 5352/29/5 5399/29/5
f 5382/29/119 5430/29/119 5399/29/119 5354/29/119
f 5401/29/4 5430/29/4 5382/29/4
f 5403/29/4 5402/29/4 5453/29/4 5405/29/4
f 5403/29/84 5405/29/84 5406/29/84 5370/29/84
f 5370/29/5 5406/29/5 5407/29/5 5404/29/5
f 5404/29/120 5407/29/120 5453/29/120 5402/29/120
f 5408/29/104 5396/29/104 5394/29/104 5438/29/104
f 5396/29/5 5408/29/5 5406/29/5
f 5405/29/87 5409/29/87 5357/29/87 5406/29/87
f 5409/29/4 5405/29/4 5394/29/4
f 5412/29/331 5415/29/331 5461/29/331 5410/29/331
f 5414/29/121 5380/29/121 5411/29/121
f 5413/29/4 5411/29/4 5410/29/4
f 5414/29/5 5415/29/5 5412/29/5
f 5413/29/122 5417/29/122 5367/29/122 5414/29/122
f 5404/29/5 5416/29/5 5414/29/5
f 5402/29/123 5448/29/123 5404/29/123
f 5417/29/4 5413/29/4 5402/29/4
f 5420/29/4 5419/29/4 5455/29/4 5410/29/4
f 5410/29/92 5455/29/92 5418/29/92 5412/29/92
f 5379/29/5 5412/29/5 5418/29/5 5509/29/5
f 5379/29/332 5509/29/332 5419/29/332 5420/29/332
f 5422/29/94 5426/29/94 5469/29/94 5421/29/94
f 5426/29/5 5422/29/5 5387/29/5
f 5423/29/125 5424/29/125 5425/29/125 5387/29/125
f 5469/29/4 5424/29/4 5423/29/4
f 5301/29/4 5336/29/4 5429/29/4 5338/29/4
f 5301/29/333 5338/29/333 5754/29/333 5427/29/333
f 5427/29/5 5754/29/5 5339/29/5 5428/29/5
f 5428/29/334 5339/29/334 5429/29/334 5336/29/334
f 5444/29/98 5433/29/98 5480/29/98 5443/29/98
f 5399/29/5 5433/29/5 5444/29/5
f 5430/29/128 5431/29/128 5432/29/128 5399/29/128
f 5431/29/4 5430/29/4 5480/29/4
f 5431/29/129 5435/29/129 5384/29/129 5432/29/129
f 5435/29/4 5431/29/4 5465/29/4
f 5434/29/274 5422/29/274 5421/29/274 5465/29/274
f 5384/29/5 5422/29/5 5434/29/5
f 5439/29/4 5440/29/4 5438/29/4 5436/29/4
f 5439/29/98 5436/29/98 5437/29/98 5490/29/98
f 5490/29/5 5437/29/5 5408/29/5 5442/29/5
f 5442/29/335 5408/29/335 5438/29/335 5440/29/335
f 5443/29/336 5475/29/336 5441/29/336 5444/29/336
f 5475/29/4 5443/29/4 5440/29/4
f 5445/29/5 5444/29/5 5441/29/5 5442/29/5
f 5498/29/133 5446/29/133 5447/29/133 5449/29/133
f 5440/29/134 5397/29/134 5445/29/134
f 5446/29/4 5498/29/4 5448/29/4
f 5450/29/135 5416/29/135 5448/29/135 5451/29/135
f 5449/29/5 5416/29/5 5450/29/5
f 5453/29/4 5451/29/4 5484/29/4 5436/29/4
f 5436/29/104 5484/29/104 5452/29/104 5437/29/104
f 5407/29/5 5437/29/5 5452/29/5 5450/29/5
f 5407/29/108 5450/29/108 5451/29/108 5453/29/108
f 5455/29/4 5454/29/4 5501/29/4 5457/29/4
f 5455/29/136 5457/29/136 5458/29/136 5418/29/136
f 5415/29/177 5458/29/177 5457/29/177 5461/29/177
f 5501/29/137 5454/29/137 5456/29/137
f 5459/29/5 5456/29/5 5458/29/5
f 5457/29/4 5493/29/4 5446/29/4
f 5460/29/337 5447/29/337 5446/29/337
f 5458/29/5 5415/29/5 5447/29/5
f 5466/29/139 5434/29/139 5465/29/139 5467/29/139
f 5463/29/140 5464/29/140 5462/29/140
f 5434/29/5 5466/29/5 5464/29/5
f 5426/29/338 5466/29/338 5467/29/338 5469/29/338
f 5462/29/4 5516/29/4 5467/29/4
f 5468/29/5 5466/29/5 5426/29/5
f 5389/29/142 5505/29/142 5468/29/142 5390/29/142
f 5469/29/4 5505/29/4 5389/29/4
f 5264/29/4 5471/29/4 5548/29/4 5472/29/4
f 5472/29/78 5548/29/78 5549/29/78 5473/29/78
f 5473/29/5 5549/29/5 5470/29/5 5474/29/5
f 5474/29/46 5470/29/46 5471/29/46 5264/29/46
f 5477/29/4 5475/29/4 5488/29/4 5476/29/4
f 5476/29/143 5488/29/143 5489/29/143 5523/29/143
f 5479/29/5 5523/29/5 5489/29/5 5441/29/5
f 5479/29/144 5441/29/144 5475/29/144 5477/29/144
f 5462/29/4 5480/29/4 5477/29/4 5511/29/4
f 5462/29/254 5511/29/254 5478/29/254 5463/29/254
f 5463/29/5 5478/29/5 5479/29/5 5433/29/5
f 5433/29/339 5479/29/339 5477/29/339 5480/29/339
f 5482/29/340 5534/29/340 5483/29/340 5481/29/340
f 5534/29/5 5482/29/5 5452/29/5
f 5484/29/116 5485/29/116 5487/29/116 5452/29/116
f 5485/29/4 5484/29/4 5483/29/4
f 5488/29/4 5439/29/4 5485/29/4 5517/29/4
f 5488/29/147 5517/29/147 5486/29/147 5489/29/147
f 5489/29/5 5486/29/5 5487/29/5 5490/29/5
f 5490/29/118 5487/29/118 5485/29/118 5439/29/118
f 5492/29/331 5496/29/331 5542/29/331 5491/29/331
f 5496/29/5 5492/29/5 5460/29/5
f 5493/29/148 5494/29/148 5495/29/148 5460/29/148
f 5494/29/4 5493/29/4 5542/29/4
f 5494/29/149 5498/29/149 5449/29/149 5495/29/149
f 5481/29/150 5527/29/150 5497/29/150
f 5495/29/5 5482/29/5 5497/29/5
f 5481/29/4 5498/29/4 5494/29/4
f 5491/29/92 5536/29/92 5499/29/92 5492/29/92
f 5536/29/4 5491/29/4 5500/29/4
f 5459/29/341 5590/29/341 5500/29/341 5501/29/341
f 5492/29/5 5590/29/5 5459/29/5
f 5468/29/5 5263/29/5 5507/29/5 5503/29/5
f 5263/29/152 5468/29/152 5505/29/152
f 5503/29/153 5507/29/153 5504/29/153 5502/29/153
f 5297/29/4 5419/29/4 5510/29/4 5298/29/4
f 5506/29/4 5505/29/4 5504/29/4
f 5297/29/342 5298/29/342 5299/29/342 5508/29/342
f 5508/29/5 5299/29/5 5300/29/5 5509/29/5
f 5509/29/269 5300/29/269 5510/29/269 5419/29/269
f 5511/29/156 5513/29/156 5515/29/156 5478/29/156
f 5513/29/4 5511/29/4 5522/29/4
f 5524/29/343 5562/29/343 5512/29/343 5522/29/343
f 5562/29/5 5524/29/5 5515/29/5
f 5514/29/157 5503/29/157 5502/29/157 5544/29/157
f 5503/29/5 5514/29/5 5515/29/5
f 5517/29/158 5519/29/158 5520/29/158 5486/29/158
f 5502/29/4 5516/29/4 5513/29/4
f 5464/29/159 5515/29/159 5516/29/159
f 5532/29/4 5519/29/4 5517/29/4
f 5533/29/102 5572/29/102 5518/29/102 5532/29/102
f 5520/29/5 5572/29/5 5533/29/5
f 5556/29/4 5522/29/4 5476/29/4 5519/29/4
f 5519/29/160 5476/29/160 5523/29/160 5520/29/160
f 5521/29/5 5520/29/5 5523/29/5 5524/29/5
f 5521/29/344 5524/29/344 5522/29/344 5556/29/344
f 5580/29/161 5525/29/161 5526/29/161 5528/29/161
f 5527/29/162 5530/29/162 5497/29/162
f 5525/29/4 5580/29/4 5530/29/4
f 5532/29/163 5565/29/163 5531/29/163 5533/29/163
f 5497/29/5 5529/29/5 5528/29/5
f 5530/29/4 5565/29/4 5532/29/4
f 5534/29/164 5529/29/164 5530/29/164 5483/29/164
f 5533/29/5 5529/29/5 5534/29/5
f 5536/29/4 5535/29/4 5583/29/4 5538/29/4
f 5536/29/136 5538/29/136 5539/29/136 5499/29/136
f 5499/29/5 5539/29/5 5540/29/5 5537/29/5
f 5537/29/165 5540/29/165 5583/29/165 5535/29/165
f 5496/29/177 5539/29/177 5538/29/177 5542/29/177
f 5539/29/5 5496/29/5 5541/29/5
f 5525/29/249 5574/29/249 5541/29/249 5526/29/249
f 5574/29/4 5525/29/4 5542/29/4
f 5597/29/167 5544/29/167 5561/29/167 5543/29/167
f 5307/29/168 5304/29/168 5305/29/168 5308/29/168
f 5545/29/169 5514/29/169 5544/29/169 5546/29/169
f 5514/29/5 5545/29/5 5543/29/5
f 5548/29/170 5586/29/170 5547/29/170 5549/29/170
f 5546/29/4 5586/29/4 5548/29/4
f 5507/29/118 5545/29/118 5546/29/118 5504/29/118
f 5545/29/5 5507/29/5 5549/29/5
f 5553/29/171 5550/29/171 5551/29/171 5554/29/171
f 5552/29/345 5666/29/345 5266/29/345
f 5550/29/4 5553/29/4 5666/29/4
f 5558/29/4 5556/29/4 5570/29/4 5557/29/4
f 5554/29/5 5266/29/5 5555/29/5
f 5557/29/173 5570/29/173 5571/29/173 5606/29/173
f 5560/29/5 5606/29/5 5571/29/5 5521/29/5
f 5560/29/144 5521/29/144 5556/29/144 5558/29/144
f 5544/29/4 5512/29/4 5558/29/4 5592/29/4
f 5544/29/174 5592/29/174 5559/29/174 5561/29/174
f 5561/29/5 5559/29/5 5560/29/5 5562/29/5
f 5562/29/108 5560/29/108 5558/29/108 5512/29/108
f 5566/29/175 5531/29/175 5565/29/175 5568/29/175
f 5564/29/5 5531/29/5 5566/29/5
f 5614/29/98 5563/29/98 5564/29/98 5567/29/98
f 5568/29/4 5563/29/4 5614/29/4
f 5570/29/346 5599/29/346 5569/29/346 5571/29/346
f 5568/29/4 5599/29/4 5570/29/4
f 5572/29/108 5566/29/108 5568/29/108 5518/29/108
f 5566/29/5 5572/29/5 5571/29/5
f 5575/29/347 5578/29/347 5622/29/347 5573/29/347
f 5576/29/4 5574/29/4 5573/29/4
f 5541/29/5 5578/29/5 5575/29/5
f 5563/29/132 5609/29/132 5579/29/132 5564/29/132
f 5577/29/179 5541/29/179 5576/29/179
f 5576/29/180 5580/29/180 5577/29/180
f 5609/29/4 5563/29/4 5580/29/4
f 5528/29/5 5564/29/5 5579/29/5 5577/29/5
f 5573/29/181 5617/29/181 5581/29/181 5575/29/181
f 5617/29/4 5573/29/4 5582/29/4
f 5547/29/5 5587/29/5 5588/29/5 5585/29/5
f 5575/29/5 5667/29/5 5540/29/5
f 5582/29/182 5583/29/182 5540/29/182
f 5587/29/348 5547/29/348 5586/29/348
f 5584/29/4 5629/29/4 5265/29/4 5586/29/4
f 5293/29/184 5294/29/184 5295/29/184 5589/29/184
f 5629/29/185 5584/29/185 5588/29/185
f 5500/29/4 5294/29/4 5293/29/4
f 5590/29/186 5296/29/186 5591/29/186 5500/29/186
f 5296/29/5 5590/29/5 5295/29/5
f 5605/29/4 5638/29/4 5593/29/4 5592/29/4
f 5595/29/152 5559/29/152 5592/29/152
f 5607/29/187 5594/29/187 5638/29/187 5605/29/187
f 5594/29/5 5607/29/5 5595/29/5
f 5593/29/4 5624/29/4 5584/29/4 5597/29/4
f 5593/29/188 5597/29/188 5543/29/188 5595/29/188
f 5595/29/5 5543/29/5 5585/29/5 5596/29/5
f 5596/29/189 5585/29/189 5584/29/189 5624/29/189
f 5599/29/190 5602/29/190 5603/29/190 5569/29/190
f 5602/29/4 5599/29/4 5598/29/4
f 5600/29/187 5646/29/187 5601/29/187 5598/29/187
f 5603/29/5 5646/29/5 5600/29/5
f 5632/29/4 5605/29/4 5557/29/4 5602/29/4
f 5602/29/118 5557/29/118 5606/29/118 5603/29/118
f 5604/29/5 5603/29/5 5606/29/5 5607/29/5
f 5604/29/104 5607/29/104 5605/29/104 5632/29/104
f 5608/29/4 5657/29/4 5612/29/4 5609/29/4
f 5609/29/144 5612/29/144 5611/29/144 5579/29/144
f 5610/29/5 5579/29/5 5611/29/5 5658/29/5
f 5610/29/191 5658/29/191 5657/29/191 5608/29/191
f 5612/29/4 5642/29/4 5598/29/4 5614/29/4
f 5612/29/108 5614/29/108 5567/29/108 5611/29/108
f 5611/29/5 5567/29/5 5600/29/5 5613/29/5
f 5613/29/104 5600/29/104 5598/29/104 5642/29/104
f 5662/29/4 5620/29/4 5617/29/4 5615/29/4
f 5662/29/349 5615/29/349 5616/29/349 5618/29/349
f 5618/29/5 5616/29/5 5581/29/5 5619/29/5
f 5619/29/192 5581/29/192 5617/29/192 5620/29/192
f 5578/29/278 5619/29/278 5620/29/278 5622/29/278
f 5620/29/4 5651/29/4 5608/29/4
f 5621/29/5 5619/29/5 5578/29/5
f 5639/29/193 5626/29/193 5623/29/193 5637/29/193
f 5621/29/350 5610/29/350 5608/29/350
f 5596/29/5 5626/29/5 5639/29/5
f 5624/29/351 5625/29/351 5628/29/351 5596/29/351
f 5623/29/4 5625/29/4 5624/29/4
f 5629/29/4 5625/29/4 5627/29/4 5550/29/4
f 5550/29/90 5627/29/90 5268/29/90 5551/29/90
f 5588/29/5 5551/29/5 5268/29/5 5628/29/5
f 5588/29/352 5628/29/352 5625/29/352 5629/29/352
f 5631/29/353 5270/29/353 5271/29/353 5269/29/353
f 5269/29/5 5272/29/5 5626/29/5
f 5630/29/197 5623/29/197 5272/29/197
f 5270/29/4 5631/29/4 5630/29/4
f 5634/29/4 5632/29/4 5647/29/4 5633/29/4
f 5633/29/198 5647/29/198 5648/29/198 5685/29/198
f 5685/29/5 5648/29/5 5604/29/5 5636/29/5
f 5636/29/199 5604/29/199 5632/29/199 5634/29/199
f 5634/29/200 5638/29/200 5594/29/200 5636/29/200
f 5638/29/4 5634/29/4 5635/29/4
f 5274/29/201 5639/29/201 5637/29/201 5635/29/201
f 5594/29/5 5639/29/5 5274/29/5
f 5642/29/199 5643/29/199 5645/29/199 5613/29/199
f 5641/29/202 5640/29/202 5659/29/202
f 5643/29/4 5642/29/4 5641/29/4
f 5613/29/5 5645/29/5 5644/29/5 5659/29/5
f 5646/29/200 5645/29/200 5643/29/200 5601/29/200
f 5276/29/5 5645/29/5 5646/29/5
f 5647/29/203 5275/29/203 5276/29/203 5648/29/203
f 5275/29/4 5647/29/4 5601/29/4
f 5652/29/4 5654/29/4 5651/29/4 5649/29/4
f 5656/29/204 5621/29/204 5651/29/204 5654/29/204
f 5621/29/5 5656/29/5 5650/29/5
f 5654/29/200 5657/29/200 5658/29/200 5656/29/200
f 5650/29/205 5653/29/205 5652/29/205
f 5657/29/4 5654/29/4 5655/29/4
f 5283/29/206 5659/29/206 5640/29/206 5655/29/206
f 5658/29/5 5659/29/5 5283/29/5
f 5650/29/5 5697/29/5 5661/29/5 5618/29/5
f 5697/29/207 5650/29/207 5660/29/207
f 5618/29/160 5661/29/160 5246/29/160 5662/29/160
f 5267/29/4 5666/29/4 5553/29/4 5664/29/4
f 5660/29/4 5649/29/4 5662/29/4
f 5554/29/208 5663/29/208 5664/29/208
f 5665/29/354 5555/29/354 5666/29/354 5267/29/354
f 5554/29/5 5555/29/5 5665/29/5
f 5667/29/355 5292/29/355 5668/29/355 5582/29/355
f 5292/29/5 5667/29/5 5669/29/5
f 5670/29/4 5303/29/4 5672/29/4 5671/29/4
f 5291/29/211 5669/29/211 5289/29/211
f 5290/29/4 5289/29/4 5668/29/4
f 5671/29/212 5672/29/212 5673/29/212 5727/29/212
f 5679/29/5 5727/29/5 5673/29/5 5674/29/5
f 5679/29/178 5674/29/178 5303/29/178 5670/29/178
f 5346/29/4 5670/29/4 5677/29/4 5253/29/4
f 5253/29/285 5677/29/285 5678/29/285 5675/29/285
f 5676/29/5 5675/29/5 5678/29/5 5679/29/5
f 5676/29/214 5679/29/214 5670/29/214 5346/29/214
f 5309/29/4 5682/29/4 5683/29/4 5740/29/4
f 5740/29/215 5683/29/215 5751/29/215 5680/29/215
f 5681/29/5 5680/29/5 5751/29/5 5684/29/5
f 5681/29/356 5684/29/356 5682/29/356 5309/29/356
f 5687/29/217 5273/29/217 5686/29/217 5277/29/217
f 5273/29/5 5687/29/5 5685/29/5
f 5688/29/218 5633/29/218 5685/29/218 5689/29/218
f 5277/29/4 5633/29/4 5688/29/4
f 5690/29/4 5641/29/4 5691/29/4 5279/29/4
f 5690/29/219 5279/29/219 5280/29/219 5278/29/219
f 5278/29/5 5280/29/5 5281/29/5 5644/29/5
f 5644/29/272 5281/29/272 5691/29/272 5641/29/272
f 5692/29/221 5652/29/221 5653/29/221 5693/29/221
f 5694/29/4 5652/29/4 5692/29/4
f 5695/29/219 5282/29/219 5694/29/219 5696/29/219
f 5282/29/5 5695/29/5 5693/29/5
f 5285/29/5 5697/29/5 5693/29/5 5695/29/5
f 5693/29/222 5697/29/222 5692/29/222
f 5285/29/59 5695/29/59 5696/29/59 5284/29/59
f 5703/29/4 5700/29/4 5698/29/4 5337/29/4
f 5284/29/4 5692/29/4 5660/29/4
f 5337/29/357 5698/29/357 5699/29/357 5701/29/357
f 5702/29/5 5701/29/5 5699/29/5 5755/29/5
f 5702/29/252 5755/29/252 5700/29/252 5703/29/252
f 5721/29/4 5707/29/4 5708/29/4 5704/29/4
f 5704/29/224 5708/29/224 5710/29/224 5705/29/224
f 5706/29/5 5705/29/5 5710/29/5 5742/29/5
f 5706/29/225 5742/29/225 5707/29/225 5721/29/225
f 5711/29/226 5738/29/226 5709/29/226 5712/29/226
f 5708/29/4 5738/29/4 5711/29/4
f 5713/29/227 5710/29/227 5708/29/227 5752/29/227
f 5710/29/5 5713/29/5 5712/29/5
f 5756/29/4 5746/29/4 5717/29/4 5714/29/4
f 5714/29/228 5717/29/228 5718/29/228 5715/29/228
f 5715/29/5 5718/29/5 5719/29/5 5716/29/5
f 5716/29/229 5719/29/229 5746/29/229 5756/29/229
f 5720/29/226 5706/29/226 5721/29/226 5734/29/226
f 5706/29/5 5720/29/5 5718/29/5
f 5717/29/227 5704/29/227 5705/29/227 5718/29/227
f 5721/29/4 5704/29/4 5717/29/4
f 5724/29/4 5757/29/4 5753/29/4 5252/29/4
f 5724/29/230 5252/29/230 5722/29/230 5725/29/230
f 5725/29/5 5722/29/5 5723/29/5 5726/29/5
f 5726/29/231 5723/29/231 5753/29/231 5757/29/231
f 5750/29/4 5728/29/4 5671/29/4 5729/29/4
f 5730/29/232 5758/29/232 5728/29/232 5750/29/232
f 5758/29/5 5730/29/5 5727/29/5
f 5736/29/5 5735/29/5 5733/29/5 5720/29/5
f 5727/29/309 5731/29/309 5729/29/309
f 5733/29/234 5735/29/234 5732/29/234
f 5736/29/116 5720/29/116 5734/29/116 5737/29/116
f 5743/29/4 5739/29/4 5740/29/4 5738/29/4
f 5732/29/4 5334/29/4 5737/29/4
f 5738/29/116 5740/29/116 5680/29/116 5709/29/116
f 5744/29/5 5709/29/5 5680/29/5 5325/29/5
f 5744/29/235 5325/29/235 5739/29/235 5743/29/235
f 5742/29/200 5736/29/200 5737/29/200 5707/29/200
f 5736/29/5 5742/29/5 5741/29/5
f 5743/29/86 5318/29/86 5741/29/86 5744/29/86
f 5707/29/4 5318/29/4 5743/29/4
f 5732/29/4 5746/29/4 5703/29/4 5330/29/4
f 5732/29/236 5330/29/236 5745/29/236 5733/29/236
f 5733/29/5 5745/29/5 5702/29/5 5719/29/5
f 5719/29/237 5702/29/237 5703/29/237 5746/29/237
f 5748/29/5 5731/29/5 5730/29/5 5749/29/5
f 5255/29/4 5729/29/4 5747/29/4
f 5731/29/257 5748/29/257 5729/29/257
f 5749/29/239 5730/29/239 5750/29/239 5255/29/239
f 5683/29/240 5711/29/240 5712/29/240 5751/29/240
f 5711/29/4 5683/29/4 5752/29/4
f 5723/29/228 5713/29/228 5752/29/228 5753/29/228
f 5751/29/5 5713/29/5 5723/29/5
f 5755/29/241 5716/29/241 5756/29/241 5700/29/241
f 5715/29/242 5754/29/242 5714/29/242
f 5715/29/5 5716/29/5 5755/29/5
f 5725/29/243 5678/29/243 5724/29/243
f 5757/29/244 5728/29/244 5726/29/244
f 5728/29/4 5724/29/4 5677/29/4
f 5678/29/5 5726/29/5 5758/29/5
f 5828/29/5 5830/29/5 5827/29/5
f 5780/29/4 5826/29/4 5781/29/4
f 5823/29/4 6032/29/4 5896/29/4
f 5822/29/5 5821/29/5 5949/29/5
f 5819/29/4 6113/29/4 5976/29/4
f 6030/29/5 5818/29/5 5817/29/5
f 5815/29/4 6190/29/4 6057/29/4
f 6111/29/5 5814/29/5 5813/29/5
f 6137/29/4 5811/29/4 5810/29/4
f 5810/29/6 6191/29/6 5772/29/6
f 5906/29/5 5907/29/5 5944/29/5
f 5965/29/4 5952/29/4 5920/29/4
f 5907/29/5 5909/29/5 5944/29/5
f 5919/29/4 5965/29/4 5920/29/4
f 5943/29/4 5908/29/4 5957/29/4
f 5945/29/4 5908/29/4 5943/29/4
f 5921/29/5 5966/29/5 5922/29/5
f 5966/29/5 5967/29/5 5922/29/5
f 5929/29/5 5928/29/5 5959/29/5
f 5928/29/5 5930/29/5 5959/29/5
f 5937/29/5 5936/29/5 5969/29/5
f 5958/29/4 5927/29/4 5975/29/4
f 5960/29/4 5927/29/4 5958/29/4
f 5936/29/5 5938/29/5 5969/29/5
f 5968/29/4 5935/29/4 5983/29/4
f 5970/29/4 5935/29/4 5968/29/4
f 6030/29/5 5940/29/5 5978/29/5
f 5977/29/4 5819/29/4 5976/29/4
f 5797/29/4 6212/29/4 5799/29/4
f 6211/29/5 6209/29/5 5798/29/5
f 6157/29/4 6208/29/4 6152/29/4
f 6152/29/7 5794/29/7 5796/29/7
f 5787/29/4 6074/29/4 5786/29/4
f 5995/29/5 5996/29/5 6109/29/5
f 5914/29/5 5992/29/5 5785/29/5
f 5913/29/4 5993/29/4 5784/29/4
f 5830/29/5 5782/29/5 5947/29/5
f 5829/29/4 5783/29/4 5781/29/4
f 5766/29/5 5779/29/5 5866/29/5
f 5765/29/4 5780/29/4 5778/29/4
f 6197/29/8 5774/29/8 5775/29/8
f 5774/29/4 6204/29/4 5773/29/4
f 6066/29/4 6035/29/4 6034/29/4
f 5876/29/5 5874/29/5 5872/29/5
f 6222/29/4 6236/29/4 6220/29/4
f 6074/29/4 5787/29/4 6072/29/4
f 5788/29/5 6073/29/5 6110/29/5
f 6191/29/5 6103/29/5 6138/29/5
f 5807/29/5 5808/29/5 6219/29/5
f 5896/29/4 5858/29/4 5823/29/4
f 6057/29/4 6022/29/4 5815/29/4
f 5977/29/4 5941/29/4 5819/29/4
f 6277/29/5 6221/29/5 6276/29/5
f 5896/29/4 5897/29/4 5858/29/4
f 6057/29/4 6058/29/4 6022/29/4
f 6109/29/5 5788/29/5 6110/29/5
f 6189/29/5 6103/29/5 6191/29/5
f 5808/29/5 6183/29/5 6219/29/5
f 5787/29/4 6151/29/4 6072/29/4
f 5833/29/4 5873/29/4 5834/29/4
f 5836/29/5 5835/29/5 5837/29/5
f 5834/29/312 5836/29/312 5838/29/312
f 5843/29/4 5878/29/4 5845/29/4
f 5847/29/5 5848/29/5 5846/29/5
f 5852/29/10 5851/29/10 6267/29/10
f 5849/29/4 5854/29/4 5852/29/4
f 5850/29/5 5851/29/5 5853/29/5
f 5839/29/4 5854/29/4 5888/29/4
f 5841/29/5 5851/29/5 6257/29/5
f 6276/29/313 5860/29/313 6236/29/313
f 6220/29/12 5861/29/12 6221/29/12
f 5860/29/4 5951/29/4 6220/29/4
f 5910/29/4 5864/29/4 5862/29/4
f 5866/29/5 5867/29/5 5824/29/5
f 5870/29/5 5838/29/5 6198/29/5
f 5869/29/4 5834/29/4 5877/29/4
f 5873/29/13 5872/29/13 5836/29/13
f 5884/29/5 5872/29/5 5874/29/5
f 5875/29/4 5905/29/4 5877/29/4
f 5876/29/5 5871/29/5 5863/29/5
f 5882/29/5 5880/29/5 5884/29/5
f 5832/29/314 5885/29/314 5880/29/314
f 5887/29/5 5855/29/5 5889/29/5
f 5888/29/4 5939/29/4 5891/29/4
f 5898/29/5 5857/29/5 5900/29/5
f 5942/29/315 5898/29/315 5901/29/315
f 5933/29/4 5903/29/4 5899/29/4
f 5902/29/5 5853/29/5 5887/29/5
f 5904/29/4 5908/29/4 5905/29/4
f 5876/29/5 5907/29/5 5906/29/5
f 5906/29/16 5957/29/16 5904/29/16
f 5945/29/4 5910/29/4 5908/29/4
f 5909/29/5 5867/29/5 5827/29/5
f 5952/29/4 5923/29/4 5920/29/4
f 5874/29/5 5876/29/5 5921/29/5
f 5916/29/4 5927/29/4 5960/29/4
f 5918/29/5 5928/29/5 5879/29/5
f 5936/29/5 5934/29/5 5902/29/5
f 5936/29/17 5933/29/17 5935/29/17
f 5935/29/4 5932/29/4 5983/29/4
f 5970/29/18 5938/29/18 5926/29/18
f 5924/29/4 5935/29/4 5970/29/4
f 5889/29/5 5926/29/5 5936/29/5
f 5991/29/4 5945/29/4 5943/29/4
f 5948/29/5 5909/29/5 5947/29/5
f 5952/29/4 5965/29/4 6002/29/4
f 5955/29/5 5921/29/5 5954/29/5
f 5906/29/5 5956/29/5 5954/29/5
f 5957/29/4 5987/29/4 5943/29/4
f 5962/29/19 5967/29/19 5964/29/19
f 5965/29/4 5919/29/4 5962/29/4
f 5938/29/5 5971/29/5 5969/29/5
f 6020/29/4 5973/29/4 5970/29/4
f 5978/29/5 5940/29/5 5980/29/5
f 6023/29/20 5978/29/20 5981/29/20
f 5982/29/21 5968/29/21 6015/29/21
f 5980/29/5 5969/29/5 5982/29/5
f 5979/29/4 5968/29/4 5983/29/4
f 5985/29/5 5956/29/5 5986/29/5
f 5987/29/4 5984/29/4 5989/29/4
f 5986/29/22 6038/29/22 5984/29/22
f 6027/29/4 5991/29/4 5989/29/4
f 5948/29/5 5912/29/5 5990/29/5
f 6005/29/4 6006/29/4 6003/29/4
f 6056/29/5 5974/29/5 6009/29/5
f 6015/29/4 6013/29/4 6064/29/4
f 6017/29/5 6018/29/5 5982/29/5
f 6003/29/4 6016/29/4 6049/29/4
f 6003/29/316 6019/29/316 6004/29/316
f 6004/29/5 6017/29/5 5971/29/5
f 6021/29/5 6112/29/5 6014/29/5
f 6013/29/4 6023/29/4 6022/29/4
f 6027/29/4 6024/29/4 6026/29/4
f 5785/29/358 6027/29/358 6028/29/358
f 6046/29/5 6000/29/5 6037/29/5
f 6035/29/4 6044/29/4 6034/29/4
f 6024/29/4 6035/29/4 6066/29/4
f 6037/29/25 6035/29/25 6038/29/25
f 5986/29/5 6025/29/5 6037/29/5
f 6055/29/5 6008/29/5 6042/29/5
f 6041/29/4 6054/29/4 6040/29/4
f 6047/29/4 6052/29/4 6049/29/4
f 6019/29/5 6050/29/5 6048/29/5
f 6052/29/359 6051/29/359 6019/29/359
f 6051/29/5 6055/29/5 6053/29/5
f 6054/29/4 6005/29/4 6052/29/4
f 6096/29/4 6064/29/4 6060/29/4
f 6063/29/5 6018/29/5 6048/29/5
f 6036/29/5 6065/29/5 6083/29/5
f 6066/29/4 6119/29/4 6068/29/4
f 6067/29/5 6071/29/5 6069/29/5
f 6070/29/4 6026/29/4 6068/29/4
f 6074/29/4 6072/29/4 6188/29/4
f 6073/29/5 5788/29/5 6076/29/5
f 6188/29/299 6077/29/299 5788/29/299
f 6085/29/4 6090/29/4 6087/29/4
f 6088/29/5 6089/29/5 6086/29/5
f 6088/29/5 6093/29/5 6091/29/5
f 6090/29/4 6092/29/4 6040/29/4
f 6063/29/28 6096/29/28 6098/29/28
f 6098/29/4 6095/29/4 6144/29/4
f 6100/29/5 6063/29/5 6099/29/5
f 6131/29/4 6102/29/4 6098/29/4
f 6102/29/29 6050/29/29 6099/29/29
f 6103/29/5 6189/29/5 6097/29/5
f 6104/29/30 6062/29/30 6189/29/30
f 6095/29/4 6105/29/4 6104/29/4
f 6106/29/31 6107/29/31 6110/29/31
f 6109/29/32 6108/29/32 5787/29/32
f 6112/29/5 6111/29/5 5817/29/5
f 6113/29/4 5816/29/4 6022/29/4
f 6117/29/5 6129/29/5 6081/29/5
f 6117/29/245 6114/29/245 6115/29/245
f 6125/29/5 6122/29/5 6091/29/5
f 6124/29/4 6120/29/4 6123/29/4
f 6143/29/260 6130/29/260 6173/29/260
f 6130/29/4 6144/29/4 6142/29/4
f 6100/29/5 6132/29/5 6143/29/5
f 6146/29/4 6159/29/4 6145/29/4
f 6148/29/5 6118/29/5 6150/29/5
f 6145/29/360 6148/29/360 5794/29/360
f 6152/29/4 6153/29/4 6145/29/4
f 5793/29/5 5794/29/5 5791/29/5
f 6116/29/5 5796/29/5 6158/29/5
f 6160/29/4 6157/29/4 6159/29/4
f 6163/29/4 6164/29/4 6162/29/4
f 6163/29/35 6181/29/35 6166/29/35
f 5797/29/4 6123/29/4 6165/29/4
f 5798/29/5 6168/29/5 6170/29/5
f 6172/29/36 6174/29/36 6171/29/36
f 6172/29/5 6178/29/5 6175/29/5
f 6180/29/5 5805/29/5 6178/29/5
f 6179/29/4 6177/29/4 6162/29/4
f 6182/29/4 6184/29/4 5768/29/4
f 6172/29/37 6171/29/37 6182/29/37
f 6187/29/5 6185/29/5 6076/29/5
f 6076/29/361 6186/29/361 6075/29/361
f 6190/29/4 5811/29/4 6104/29/4
f 5814/29/5 6191/29/5 5813/29/5
f 5813/29/39 5811/29/39 5812/29/39
f 6208/29/4 6155/29/4 5799/29/4
f 6209/29/5 6211/29/5 6207/29/5
f 5804/29/5 6215/29/5 6175/29/5
f 6216/29/4 6214/29/4 6218/29/4
f 6214/29/4 5806/29/4 6218/29/4
f 6219/29/262 6182/29/262 6214/29/262
f 6232/29/5 6234/29/5 6231/29/5
f 6230/29/4 6233/29/4 6274/29/4
f 6243/29/4 6239/29/4 6256/29/4
f 6228/29/5 6240/29/5 6227/29/5
f 6249/29/41 6251/29/41 6193/29/41
f 6252/29/5 6253/29/5 6249/29/5
f 6254/29/4 6259/29/4 6256/29/4
f 6257/29/362 5856/29/362 6254/29/362
f 6259/29/4 5840/29/4 6229/29/4
f 6264/29/5 6266/29/5 6263/29/5
f 6270/29/43 6269/29/43 6251/29/43
f 6272/29/4 6251/29/4 5777/29/4
f 6234/29/5 6235/29/5 6273/29/5
f 6205/29/4 6275/29/4 6274/29/4
f 6237/29/5 6277/29/5 6276/29/5
f 6236/29/4 6222/29/4 6278/29/4
f 6247/29/5 6248/29/5 6200/29/5
f 6246/29/4 6250/29/4 6279/29/4
f 6200/29/44 6199/29/44 6246/29/44
f 6250/29/264 6280/29/264 6248/29/264
f 5828/29/330 5779/29/330 5780/29/330 5781/29/330
f 5781/29/4 5826/29/4 5829/29/4
f 6196/29/47 5870/29/47 5869/29/47 5825/29/47
f 5779/29/5 5828/29/5 5827/29/5
f 5763/29/5 5824/29/5 5870/29/5 6196/29/5
f 5762/29/319 5864/29/319 5824/29/319 5763/29/319
f 5825/29/4 5869/29/4 5864/29/4 5762/29/4
f 5822/29/49 5898/29/49 5896/29/49 6032/29/49
f 5820/29/320 5823/29/320 5949/29/320 5821/29/320
f 5949/29/5 5898/29/5 5822/29/5
f 5818/29/49 5978/29/49 5976/29/49 6113/29/49
f 5823/29/4 5820/29/4 6032/29/4
f 5816/29/321 5819/29/321 6030/29/321 5817/29/321
f 6030/29/5 5978/29/5 5818/29/5
f 5814/29/52 6059/29/52 6057/29/52 6190/29/52
f 5819/29/4 5816/29/4 6113/29/4
f 5812/29/53 5815/29/53 6111/29/53 5813/29/53
f 6059/29/5 5814/29/5 6111/29/5
f 6138/29/5 5771/29/5 5772/29/5 6191/29/5
f 5815/29/4 5812/29/4 6190/29/4
f 5810/29/54 5811/29/54 6191/29/54
f 6137/29/55 5770/29/55 5771/29/55 6138/29/55
f 5808/29/56 5761/29/56 5809/29/56 5769/29/56
f 5770/29/4 6137/29/4 5810/29/4
f 5807/29/5 5760/29/5 5761/29/5 5808/29/5
f 5806/29/57 5759/29/57 5760/29/57 5807/29/57
f 5769/29/4 5809/29/4 5759/29/4 5806/29/4
f 5803/29/58 5805/29/58 6177/29/58 6213/29/58
f 5803/29/5 5802/29/5 5804/29/5 5805/29/5
f 5801/29/59 6216/29/59 5804/29/59 5802/29/59
f 6213/29/4 6177/29/4 6216/29/4 5801/29/4
f 5800/29/59 6209/29/59 5799/29/59 6212/29/59
f 5797/29/60 6210/29/60 6211/29/60 5798/29/60
f 5798/29/5 6209/29/5 5800/29/5
f 5794/29/5 5793/29/5 5795/29/5 5796/29/5
f 6210/29/4 5797/29/4 5799/29/4
f 6157/29/61 6152/29/61 5796/29/61
f 5792/29/62 6208/29/62 5795/29/62 5793/29/62
f 5791/29/63 6187/29/63 5789/29/63 6153/29/63
f 6208/29/4 5792/29/4 6152/29/4
f 5790/29/5 6185/29/5 6187/29/5 5791/29/5
f 6149/29/64 6186/29/64 6185/29/64 5790/29/64
f 6149/29/4 6153/29/4 5789/29/4 6186/29/4
f 5788/29/322 5996/29/322 5786/29/322 6074/29/322
f 5787/29/246 5994/29/246 5995/29/246 6109/29/246
f 6109/29/5 5996/29/5 5788/29/5
f 6028/29/363 5913/29/363 5914/29/363 5785/29/363
f 5994/29/4 5787/29/4 5786/29/4
f 5992/29/364 5915/29/364 5784/29/364 5993/29/364
f 5913/29/4 6028/29/4 5993/29/4
f 5946/29/69 5829/29/69 5830/29/69 5947/29/69
f 5914/29/5 5915/29/5 5992/29/5
f 5782/29/68 5828/29/68 5781/29/68 5783/29/68
f 5829/29/4 5946/29/4 5783/29/4
f 5865/29/69 5765/29/69 5766/29/69 5866/29/69
f 5830/29/5 5828/29/5 5782/29/5
f 5779/29/68 5767/29/68 5778/29/68 5780/29/68
f 5765/29/4 5865/29/4 5780/29/4
f 5776/29/265 6271/29/265 5777/29/265 5764/29/265
f 5766/29/5 5767/29/5 5779/29/5
f 6195/29/5 6270/29/5 6271/29/5 5776/29/5
f 6194/29/72 6269/29/72 6270/29/72 6195/29/72
f 5764/29/4 5777/29/4 6269/29/4 6194/29/4
f 6206/29/73 5837/29/73 5773/29/73 6204/29/73
f 5775/29/4 5774/29/4 5773/29/4
f 6206/29/5 6244/29/5 6197/29/5 5837/29/5
f 5772/29/74 5808/29/74 5769/29/74 5810/29/74
f 6197/29/75 6244/29/75 5774/29/75
f 5772/29/5 5771/29/5 6183/29/5 5808/29/5
f 5770/29/76 5768/29/76 6183/29/76 5771/29/76
f 5810/29/4 5769/29/4 5768/29/4 5770/29/4
f 5767/29/77 5776/29/77 5764/29/77 5778/29/77
f 5766/29/5 5763/29/5 5776/29/5 5767/29/5
f 5765/29/78 5762/29/78 5763/29/78 5766/29/78
f 5765/29/4 5778/29/4 5764/29/4 5762/29/4
f 6038/29/4 6024/29/4 6027/29/4 5989/29/4
f 6134/29/4 6179/29/4 6162/29/4 6164/29/4
f 6197/29/5 6198/29/5 5838/29/5 5837/29/5
f 6080/29/4 6079/29/4 6127/29/4 6114/29/4
f 5775/29/4 5773/29/4 5834/29/4 5868/29/4
f 6115/29/4 6160/29/4 6159/29/4 6146/29/4
f 5986/29/5 5988/29/5 5990/29/5 6025/29/5
f 6117/29/5 6118/29/5 6161/29/5 6116/29/5
f 5809/29/79 5761/29/79 5760/29/79 5759/29/79
f 6082/29/5 6081/29/5 6129/29/5 6128/29/5
f 6133/29/5 6135/29/5 6181/29/5 6180/29/5
f 6120/29/4 6121/29/4 6090/29/4 6136/29/4
f 6124/29/4 6123/29/4 6169/29/4 6154/29/4
f 5964/29/5 5963/29/5 6011/29/5 6012/29/5
f 6122/29/5 6089/29/5 6088/29/5 6091/29/5
f 6125/29/5 6126/29/5 6170/29/5 6168/29/5
f 5886/29/4 5888/29/4 5854/29/4 5903/29/4
f 5971/29/5 5972/29/5 5974/29/5 6004/29/5
f 5889/29/5 5890/29/5 5892/29/5 5926/29/5
f 6130/29/4 6131/29/4 6098/29/4 6144/29/4
f 6245/29/5 6244/29/5 6206/29/5 6273/29/5
f 5962/29/4 5961/29/4 6010/29/4 5997/29/4
f 5931/29/4 5916/29/4 5917/29/4 5881/29/4
f 6003/29/4 6006/29/4 5973/29/4 6020/29/4
f 5879/29/5 5880/29/5 5882/29/5 5918/29/5
f 5939/29/4 5924/29/4 5925/29/4 5891/29/4
f 5901/29/5 5900/29/5 5902/29/5 5934/29/5
f 6065/29/5 6067/29/5 6069/29/5 6107/29/5
f 6105/29/4 6095/29/4 6096/29/4 6060/29/4
f 5843/29/4 5842/29/4 5893/29/4 5878/29/4
f 6132/29/5 6100/29/5 6099/29/5 6101/29/5
f 5846/29/5 5844/29/5 5894/29/5 5895/29/5
f 5841/29/5 6257/29/5 6258/29/5 6263/29/5
f 5981/29/5 5980/29/5 5982/29/5 6014/29/5
f 5839/29/4 5840/29/4 6259/29/4 5856/29/4
f 6254/29/4 6256/29/4 6239/29/4 6268/29/4
f 6223/29/5 6224/29/5 6267/29/5 5850/29/5
f 5923/29/4 5904/29/4 5905/29/4 5875/29/4
f 5871/29/5 5870/29/5 5824/29/5 5863/29/5
f 6042/29/5 6043/29/5 6093/29/5 6094/29/5
f 6086/29/5 6050/29/5 6051/29/5 6053/29/5
f 6085/29/4 6087/29/4 6052/29/4 6102/29/4
f 6062/29/5 6061/29/5 6063/29/5 6097/29/5
f 5763/29/5 6196/29/5 6195/29/5 5776/29/5
f 5955/29/5 5954/29/5 5956/29/5 5985/29/5
f 6002/29/4 5984/29/4 5987/29/4 5953/29/4
f 5887/29/5 5853/29/5 5851/29/5 5855/29/5
f 6202/29/5 6203/29/5 5848/29/5 5847/29/5
f 6255/29/5 6241/29/5 6240/29/5 6242/29/5
f 6037/29/5 6036/29/5 6083/29/5 6084/29/5
f 6041/29/4 6040/29/4 6092/29/4 6078/29/4
f 6262/29/4 6261/29/4 5845/29/4 5831/29/4
f 6230/29/4 6229/29/4 6265/29/4 6260/29/4
f 6007/29/4 6005/29/4 6054/29/4 6039/29/4
f 6009/29/5 6008/29/5 6055/29/5 6056/29/5
f 6232/29/5 6231/29/5 6266/29/5 6264/29/5
f 5942/29/4 5932/29/4 5933/29/4 5899/29/4
f 5833/29/4 5832/29/4 5883/29/4 5873/29/4
f 6119/29/4 6106/29/4 6108/29/4 6068/29/4
f 6275/29/4 6205/29/4 6204/29/4 5774/29/4
f 6023/29/4 6013/29/4 6015/29/4 5979/29/4
f 5999/29/4 5998/29/4 6044/29/4 6033/29/4
f 5859/29/4 5849/29/4 5852/29/4 6225/29/4
f 5862/29/4 5864/29/4 5869/29/4 5877/29/4
f 5835/29/5 5836/29/5 5884/29/5 5885/29/5
f 6001/29/5 6000/29/5 6046/29/5 6045/29/5
f 6172/29/5 6140/29/5 6141/29/5 6143/29/5
f 5762/29/4 5764/29/4 6194/29/4 5825/29/4
f 6171/29/4 6173/29/4 6142/29/4 6184/29/4
f 6047/29/4 6049/29/4 6016/29/4 6064/29/4
f 6280/29/5 6249/29/5 6201/29/5 6200/29/5
f 6048/29/5 6018/29/5 6017/29/5 6019/29/5
f 6250/29/4 6199/29/4 6192/29/4 6193/29/4
f 6182/29/4 5768/29/4 5769/29/4 5806/29/4
f 6156/29/4 6155/29/4 6208/29/4 6157/29/4
f 6158/29/5 5796/29/5 5795/29/5 6207/29/5
f 5811/29/4 6137/29/4 6139/29/4 6104/29/4
f 6165/29/4 6163/29/4 6212/29/4 5797/29/4
f 6167/29/5 5798/29/5 5800/29/5 6166/29/5
f 6147/29/4 6145/29/4 6153/29/4 6149/29/4
f 6150/29/5 5790/29/5 5791/29/5 6148/29/5
f 6176/29/4 6174/29/4 6216/29/4 6177/29/4
f 5782/29/5 5912/29/5 5948/29/5 5947/29/5
f 5991/29/4 5911/29/4 5783/29/4 5946/29/4
f 5779/29/5 5827/29/5 5867/29/5 5866/29/5
f 5910/29/4 5826/29/4 5780/29/4 5865/29/4
f 6070/29/4 5993/29/4 6028/29/4 6026/29/4
f 6178/29/5 5805/29/5 5804/29/5 6175/29/5
f 5949/29/5 5950/29/5 5857/29/5 5898/29/5
f 6111/29/5 6112/29/5 6021/29/5 6059/29/5
f 5785/29/5 5992/29/5 6071/29/5 6029/29/5
f 5831/29/4 5845/29/4 5832/29/4 5833/29/4
f 6030/29/5 6031/29/5 5940/29/5
f 5831/29/266 5833/29/266 5835/29/266 6203/29/266
f 6203/29/5 5835/29/5 5885/29/5 5848/29/5
f 5848/29/81 5885/29/81 5832/29/81 5845/29/81
f 5833/29/82 5773/29/82 5837/29/82 5835/29/82
f 5834/29/83 5873/29/83 5836/29/83
f 5773/29/4 5833/29/4 5834/29/4
f 5839/29/4 5842/29/4 5843/29/4 5840/29/4
f 5837/29/5 5838/29/5 5836/29/5
f 5840/29/84 5843/29/84 5846/29/84 6263/29/84
f 5841/29/5 6263/29/5 5846/29/5 5895/29/5
f 5841/29/85 5895/29/85 5842/29/85 5839/29/85
f 5844/29/86 5848/29/86 5845/29/86 5878/29/86
f 5846/29/5 5848/29/5 5844/29/5
f 5843/29/87 6261/29/87 5847/29/87 5846/29/87
f 6261/29/4 5843/29/4 5845/29/4
f 5903/29/88 5849/29/88 5850/29/88 5853/29/88
f 6267/29/5 5851/29/5 5850/29/5
f 5852/29/89 5854/29/89 5851/29/89
f 5849/29/4 5903/29/4 5854/29/4
f 5855/29/90 5841/29/90 5839/29/90 5888/29/90
f 5841/29/5 5855/29/5 5851/29/5
f 5854/29/91 5856/29/91 6257/29/91 5851/29/91
f 5839/29/4 5856/29/4 5854/29/4
f 5859/29/4 5858/29/4 5897/29/4 5849/29/4
f 5849/29/92 5897/29/92 5857/29/92 5850/29/92
f 6223/29/5 5850/29/5 5857/29/5 5950/29/5
f 6223/29/365 5950/29/365 5858/29/365 5859/29/365
f 5863/29/325 5867/29/325 5910/29/325 5862/29/325
f 6220/29/4 6236/29/4 5860/29/4
f 6221/29/5 5861/29/5 6276/29/5
f 6220/29/95 5951/29/95 5861/29/95
f 5867/29/5 5863/29/5 5824/29/5
f 5864/29/252 5865/29/252 5866/29/252 5824/29/252
f 5865/29/4 5864/29/4 5910/29/4
f 5868/29/96 5869/29/96 5870/29/96 6198/29/96
f 5869/29/4 5868/29/4 5834/29/4
f 5838/29/97 5871/29/97 5877/29/97 5834/29/97
f 5870/29/5 5871/29/5 5838/29/5
f 5875/29/4 5873/29/4 5883/29/4 5923/29/4
f 5884/29/5 5836/29/5 5872/29/5
f 5923/29/98 5883/29/98 5884/29/98 5874/29/98
f 5871/29/253 5872/29/253 5875/29/253 5877/29/253
f 5873/29/100 5875/29/100 5872/29/100
f 5872/29/5 5871/29/5 5876/29/5
f 5862/29/101 5905/29/101 5876/29/101 5863/29/101
f 5905/29/4 5862/29/4 5877/29/4
f 5881/29/4 5878/29/4 5893/29/4 5931/29/4
f 5931/29/235 5893/29/235 5894/29/235 5879/29/235
f 5880/29/5 5879/29/5 5894/29/5 5844/29/5
f 5880/29/103 5844/29/103 5878/29/103 5881/29/103
f 5832/29/4 5881/29/4 5917/29/4 5883/29/4
f 5883/29/104 5917/29/104 5882/29/104 5884/29/104
f 5939/29/105 5886/29/105 5887/29/105 5889/29/105
f 5881/29/326 5832/29/326 5880/29/326
f 5884/29/5 5880/29/5 5885/29/5
f 5886/29/4 5939/29/4 5888/29/4
f 5890/29/107 5855/29/107 5888/29/107 5891/29/107
f 5855/29/5 5890/29/5 5889/29/5
f 5842/29/4 5891/29/4 5925/29/4 5893/29/4
f 5893/29/104 5925/29/104 5892/29/104 5894/29/104
f 5895/29/5 5894/29/5 5892/29/5 5890/29/5
f 5895/29/108 5890/29/108 5891/29/108 5842/29/108
f 5897/29/4 5896/29/4 5942/29/4 5899/29/4
f 5897/29/109 5899/29/109 5900/29/109 5857/29/109
f 5853/29/110 5900/29/110 5899/29/110 5903/29/110
f 5942/29/111 5896/29/111 5898/29/111
f 5901/29/5 5898/29/5 5900/29/5
f 5900/29/5 5853/29/5 5902/29/5
f 5886/29/328 5933/29/328 5902/29/328 5887/29/328
f 5933/29/4 5886/29/4 5903/29/4
f 5907/29/113 5876/29/113 5905/29/113 5908/29/113
f 5876/29/114 5906/29/114 5904/29/114
f 5867/29/47 5907/29/47 5908/29/47 5910/29/47
f 5904/29/4 5957/29/4 5908/29/4
f 5909/29/5 5907/29/5 5867/29/5
f 5826/29/104 5945/29/104 5909/29/104 5827/29/104
f 5945/29/4 5826/29/4 5910/29/4
f 5784/29/4 5783/29/4 5911/29/4 5913/29/4
f 5913/29/247 5911/29/247 5912/29/247 5914/29/247
f 5915/29/5 5914/29/5 5912/29/5 5782/29/5
f 5915/29/46 5782/29/46 5783/29/46 5784/29/46
f 5917/29/4 5916/29/4 5919/29/4 5920/29/4
f 5917/29/116 5920/29/116 5922/29/116 5882/29/116
f 5882/29/5 5922/29/5 5967/29/5 5918/29/5
f 5918/29/117 5967/29/117 5919/29/117 5916/29/117
f 5874/29/118 5922/29/118 5920/29/118 5923/29/118
f 5922/29/5 5874/29/5 5921/29/5
f 5904/29/366 5952/29/366 5921/29/366 5876/29/366
f 5923/29/4 5952/29/4 5904/29/4
f 5925/29/4 5924/29/4 5975/29/4 5927/29/4
f 5925/29/84 5927/29/84 5928/29/84 5892/29/84
f 5892/29/5 5928/29/5 5929/29/5 5926/29/5
f 5926/29/120 5929/29/120 5975/29/120 5924/29/120
f 5930/29/104 5918/29/104 5916/29/104 5960/29/104
f 5918/29/5 5930/29/5 5928/29/5
f 5927/29/87 5931/29/87 5879/29/87 5928/29/87
f 5931/29/4 5927/29/4 5916/29/4
f 5934/29/331 5937/29/331 5983/29/331 5932/29/331
f 5936/29/121 5902/29/121 5933/29/121
f 5935/29/4 5933/29/4 5932/29/4
f 5936/29/5 5937/29/5 5934/29/5
f 5935/29/122 5939/29/122 5889/29/122 5936/29/122
f 5926/29/5 5938/29/5 5936/29/5
f 5924/29/123 5970/29/123 5926/29/123
f 5939/29/4 5935/29/4 5924/29/4
f 5942/29/4 5941/29/4 5977/29/4 5932/29/4
f 5932/29/92 5977/29/92 5940/29/92 5934/29/92
f 5901/29/5 5934/29/5 5940/29/5 6031/29/5
f 5901/29/332 6031/29/332 5941/29/332 5942/29/332
f 5944/29/325 5948/29/325 5991/29/325 5943/29/325
f 5948/29/5 5944/29/5 5909/29/5
f 5945/29/293 5946/29/293 5947/29/293 5909/29/293
f 5991/29/4 5946/29/4 5945/29/4
f 5823/29/4 5858/29/4 5951/29/4 5860/29/4
f 5823/29/333 5860/29/333 6276/29/333 5949/29/333
f 5949/29/5 6276/29/5 5861/29/5 5950/29/5
f 5950/29/334 5861/29/334 5951/29/334 5858/29/334
f 5966/29/98 5955/29/98 6002/29/98 5965/29/98
f 5921/29/5 5955/29/5 5966/29/5
f 5952/29/128 5953/29/128 5954/29/128 5921/29/128
f 5953/29/4 5952/29/4 6002/29/4
f 5953/29/129 5957/29/129 5906/29/129 5954/29/129
f 5957/29/4 5953/29/4 5987/29/4
f 5956/29/130 5944/29/130 5943/29/130 5987/29/130
f 5906/29/5 5944/29/5 5956/29/5
f 5961/29/4 5962/29/4 5960/29/4 5958/29/4
f 5961/29/343 5958/29/343 5959/29/343 6012/29/343
f 6012/29/5 5959/29/5 5930/29/5 5964/29/5
f 5964/29/335 5930/29/335 5960/29/335 5962/29/335
f 5965/29/344 5997/29/344 5963/29/344 5966/29/344
f 5997/29/4 5965/29/4 5962/29/4
f 5967/29/5 5966/29/5 5963/29/5 5964/29/5
f 6020/29/133 5968/29/133 5969/29/133 5971/29/133
f 5962/29/134 5919/29/134 5967/29/134
f 5968/29/4 6020/29/4 5970/29/4
f 5972/29/135 5938/29/135 5970/29/135 5973/29/135
f 5971/29/5 5938/29/5 5972/29/5
f 5975/29/4 5973/29/4 6006/29/4 5958/29/4
f 5958/29/104 6006/29/104 5974/29/104 5959/29/104
f 5929/29/5 5959/29/5 5974/29/5 5972/29/5
f 5929/29/108 5972/29/108 5973/29/108 5975/29/108
f 5977/29/4 5976/29/4 6023/29/4 5979/29/4
f 5977/29/136 5979/29/136 5980/29/136 5940/29/136
f 5937/29/177 5980/29/177 5979/29/177 5983/29/177
f 6023/29/367 5976/29/367 5978/29/367
f 5981/29/5 5978/29/5 5980/29/5
f 5979/29/4 6015/29/4 5968/29/4
f 5982/29/138 5969/29/138 5968/29/138
f 5980/29/5 5937/29/5 5969/29/5
f 5988/29/279 5956/29/279 5987/29/279 5989/29/279
f 5985/29/140 5986/29/140 5984/29/140
f 5956/29/5 5988/29/5 5986/29/5
f 5948/29/215 5988/29/215 5989/29/215 5991/29/215
f 5984/29/4 6038/29/4 5989/29/4
f 5990/29/5 5988/29/5 5948/29/5
f 5911/29/142 6027/29/142 5990/29/142 5912/29/142
f 5991/29/4 6027/29/4 5911/29/4
f 5786/29/4 5993/29/4 6070/29/4 5994/29/4
f 5994/29/78 6070/29/78 6071/29/78 5995/29/78
f 5995/29/5 6071/29/5 5992/29/5 5996/29/5
f 5996/29/46 5992/29/46 5993/29/46 5786/29/46
f 5999/29/4 5997/29/4 6010/29/4 5998/29/4
f 5998/29/143 6010/29/143 6011/29/143 6045/29/143
f 6001/29/5 6045/29/5 6011/29/5 5963/29/5
f 6001/29/144 5963/29/144 5997/29/144 5999/29/144
f 5984/29/4 6002/29/4 5999/29/4 6033/29/4
f 5984/29/254 6033/29/254 6000/29/254 5985/29/254
f 5985/29/5 6000/29/5 6001/29/5 5955/29/5
f 5955/29/108 6001/29/108 5999/29/108 6002/29/108
f 6004/29/340 6056/29/340 6005/29/340 6003/29/340
f 6056/29/5 6004/29/5 5974/29/5
f 6006/29/116 6007/29/116 6009/29/116 5974/29/116
f 6007/29/4 6006/29/4 6005/29/4
f 6010/29/4 5961/29/4 6007/29/4 6039/29/4
f 6010/29/147 6039/29/147 6008/29/147 6011/29/147
f 6011/29/5 6008/29/5 6009/29/5 6012/29/5
f 6012/29/118 6009/29/118 6007/29/118 5961/29/118
f 6014/29/331 6018/29/331 6064/29/331 6013/29/331
f 6018/29/5 6014/29/5 5982/29/5
f 6015/29/148 6016/29/148 6017/29/148 5982/29/148
f 6016/29/4 6015/29/4 6064/29/4
f 6016/29/368 6020/29/368 5971/29/368 6017/29/368
f 6003/29/150 6049/29/150 6019/29/150
f 6017/29/5 6004/29/5 6019/29/5
f 6003/29/4 6020/29/4 6016/29/4
f 6013/29/92 6058/29/92 6021/29/92 6014/29/92
f 6058/29/4 6013/29/4 6022/29/4
f 5981/29/151 6112/29/151 6022/29/151 6023/29/151
f 6014/29/5 6112/29/5 5981/29/5
f 5990/29/5 5785/29/5 6029/29/5 6025/29/5
f 5785/29/152 5990/29/152 6027/29/152
f 6025/29/153 6029/29/153 6026/29/153 6024/29/153
f 5819/29/4 5941/29/4 6032/29/4 5820/29/4
f 6028/29/4 6027/29/4 6026/29/4
f 5819/29/342 5820/29/342 5821/29/342 6030/29/342
f 6030/29/5 5821/29/5 5822/29/5 6031/29/5
f 6031/29/155 5822/29/155 6032/29/155 5941/29/155
f 6033/29/156 6035/29/156 6037/29/156 6000/29/156
f 6035/29/4 6033/29/4 6044/29/4
f 6046/29/98 6084/29/98 6034/29/98 6044/29/98
f 6084/29/5 6046/29/5 6037/29/5
f 6036/29/157 6025/29/157 6024/29/157 6066/29/157
f 6025/29/5 6036/29/5 6037/29/5
f 6039/29/158 6041/29/158 6042/29/158 6008/29/158
f 6024/29/4 6038/29/4 6035/29/4
f 5986/29/159 6037/29/159 6038/29/159
f 6054/29/4 6041/29/4 6039/29/4
f 6055/29/102 6094/29/102 6040/29/102 6054/29/102
f 6042/29/5 6094/29/5 6055/29/5
f 6078/29/4 6044/29/4 5998/29/4 6041/29/4
f 6041/29/160 5998/29/160 6045/29/160 6042/29/160
f 6043/29/5 6042/29/5 6045/29/5 6046/29/5
f 6043/29/336 6046/29/336 6044/29/336 6078/29/336
f 6102/29/161 6047/29/161 6048/29/161 6050/29/161
f 6049/29/162 6052/29/162 6019/29/162
f 6047/29/4 6102/29/4 6052/29/4
f 6054/29/163 6087/29/163 6053/29/163 6055/29/163
f 6019/29/5 6051/29/5 6050/29/5
f 6052/29/4 6087/29/4 6054/29/4
f 6056/29/369 6051/29/369 6052/29/369 6005/29/369
f 6055/29/5 6051/29/5 6056/29/5
f 6058/29/4 6057/29/4 6105/29/4 6060/29/4
f 6058/29/136 6060/29/136 6061/29/136 6021/29/136
f 6021/29/5 6061/29/5 6062/29/5 6059/29/5
f 6059/29/165 6062/29/165 6105/29/165 6057/29/165
f 6018/29/177 6061/29/177 6060/29/177 6064/29/177
f 6061/29/5 6018/29/5 6063/29/5
f 6047/29/370 6096/29/370 6063/29/370 6048/29/370
f 6096/29/4 6047/29/4 6064/29/4
f 6119/29/167 6066/29/167 6083/29/167 6065/29/167
f 5829/29/168 5826/29/168 5827/29/168 5830/29/168
f 6067/29/169 6036/29/169 6066/29/169 6068/29/169
f 6036/29/5 6067/29/5 6065/29/5
f 6070/29/170 6108/29/170 6069/29/170 6071/29/170
f 6068/29/4 6108/29/4 6070/29/4
f 6029/29/118 6067/29/118 6068/29/118 6026/29/118
f 6067/29/5 6029/29/5 6071/29/5
f 6075/29/171 6072/29/171 6073/29/171 6076/29/171
f 6074/29/371 6188/29/371 5788/29/371
f 6072/29/4 6075/29/4 6188/29/4
f 6080/29/4 6078/29/4 6092/29/4 6079/29/4
f 6076/29/5 5788/29/5 6077/29/5
f 6079/29/173 6092/29/173 6093/29/173 6128/29/173
f 6082/29/5 6128/29/5 6093/29/5 6043/29/5
f 6082/29/144 6043/29/144 6078/29/144 6080/29/144
f 6066/29/4 6034/29/4 6080/29/4 6114/29/4
f 6066/29/174 6114/29/174 6081/29/174 6083/29/174
f 6083/29/5 6081/29/5 6082/29/5 6084/29/5
f 6084/29/339 6082/29/339 6080/29/339 6034/29/339
f 6088/29/175 6053/29/175 6087/29/175 6090/29/175
f 6086/29/5 6053/29/5 6088/29/5
f 6136/29/98 6085/29/98 6086/29/98 6089/29/98
f 6090/29/4 6085/29/4 6136/29/4
f 6092/29/346 6121/29/346 6091/29/346 6093/29/346
f 6090/29/4 6121/29/4 6092/29/4
f 6094/29/177 6088/29/177 6090/29/177 6040/29/177
f 6088/29/5 6094/29/5 6093/29/5
f 6097/29/347 6100/29/347 6144/29/347 6095/29/347
f 6098/29/4 6096/29/4 6095/29/4
f 6063/29/5 6100/29/5 6097/29/5
f 6085/29/267 6131/29/267 6101/29/267 6086/29/267
f 6099/29/179 6063/29/179 6098/29/179
f 6098/29/180 6102/29/180 6099/29/180
f 6131/29/4 6085/29/4 6102/29/4
f 6050/29/5 6086/29/5 6101/29/5 6099/29/5
f 6095/29/181 6139/29/181 6103/29/181 6097/29/181
f 6139/29/4 6095/29/4 6104/29/4
f 6069/29/5 6109/29/5 6110/29/5 6107/29/5
f 6097/29/5 6189/29/5 6062/29/5
f 6104/29/372 6105/29/372 6062/29/372
f 6109/29/348 6069/29/348 6108/29/348
f 6106/29/4 6151/29/4 5787/29/4 6108/29/4
f 5815/29/184 5816/29/184 5817/29/184 6111/29/184
f 6151/29/185 6106/29/185 6110/29/185
f 6022/29/4 5816/29/4 5815/29/4
f 6112/29/186 5818/29/186 6113/29/186 6022/29/186
f 5818/29/5 6112/29/5 5817/29/5
f 6127/29/4 6160/29/4 6115/29/4 6114/29/4
f 6117/29/152 6081/29/152 6114/29/152
f 6129/29/270 6116/29/270 6160/29/270 6127/29/270
f 6116/29/5 6129/29/5 6117/29/5
f 6115/29/4 6146/29/4 6106/29/4 6119/29/4
f 6115/29/188 6119/29/188 6065/29/188 6117/29/188
f 6117/29/5 6065/29/5 6107/29/5 6118/29/5
f 6118/29/189 6107/29/189 6106/29/189 6146/29/189
f 6121/29/190 6124/29/190 6125/29/190 6091/29/190
f 6124/29/4 6121/29/4 6120/29/4
f 6122/29/270 6168/29/270 6123/29/270 6120/29/270
f 6125/29/5 6168/29/5 6122/29/5
f 6154/29/4 6127/29/4 6079/29/4 6124/29/4
f 6124/29/118 6079/29/118 6128/29/118 6125/29/118
f 6126/29/5 6125/29/5 6128/29/5 6129/29/5
f 6126/29/104 6129/29/104 6127/29/104 6154/29/104
f 6130/29/4 6179/29/4 6134/29/4 6131/29/4
f 6131/29/144 6134/29/144 6133/29/144 6101/29/144
f 6132/29/5 6101/29/5 6133/29/5 6180/29/5
f 6132/29/191 6180/29/191 6179/29/191 6130/29/191
f 6134/29/4 6164/29/4 6120/29/4 6136/29/4
f 6134/29/108 6136/29/108 6089/29/108 6133/29/108
f 6133/29/5 6089/29/5 6122/29/5 6135/29/5
f 6135/29/104 6122/29/104 6120/29/104 6164/29/104
f 6184/29/4 6142/29/4 6139/29/4 6137/29/4
f 6184/29/73 6137/29/73 6138/29/73 6140/29/73
f 6140/29/5 6138/29/5 6103/29/5 6141/29/5
f 6141/29/192 6103/29/192 6139/29/192 6142/29/192
f 6100/29/278 6141/29/278 6142/29/278 6144/29/278
f 6142/29/4 6173/29/4 6130/29/4
f 6143/29/5 6141/29/5 6100/29/5
f 6161/29/193 6148/29/193 6145/29/193 6159/29/193
f 6143/29/350 6132/29/350 6130/29/350
f 6118/29/5 6148/29/5 6161/29/5
f 6146/29/351 6147/29/351 6150/29/351 6118/29/351
f 6145/29/4 6147/29/4 6146/29/4
f 6151/29/4 6147/29/4 6149/29/4 6072/29/4
f 6072/29/90 6149/29/90 5790/29/90 6073/29/90
f 6110/29/5 6073/29/5 5790/29/5 6150/29/5
f 6110/29/352 6150/29/352 6147/29/352 6151/29/352
f 6153/29/353 5792/29/353 5793/29/353 5791/29/353
f 5791/29/5 5794/29/5 6148/29/5
f 6152/29/197 6145/29/197 5794/29/197
f 5792/29/4 6153/29/4 6152/29/4
f 6156/29/4 6154/29/4 6169/29/4 6155/29/4
f 6155/29/198 6169/29/198 6170/29/198 6207/29/198
f 6207/29/5 6170/29/5 6126/29/5 6158/29/5
f 6158/29/199 6126/29/199 6154/29/199 6156/29/199
f 6156/29/200 6160/29/200 6116/29/200 6158/29/200
f 6160/29/4 6156/29/4 6157/29/4
f 5796/29/201 6161/29/201 6159/29/201 6157/29/201
f 6116/29/5 6161/29/5 5796/29/5
f 6164/29/199 6165/29/199 6167/29/199 6135/29/199
f 6163/29/202 6162/29/202 6181/29/202
f 6165/29/4 6164/29/4 6163/29/4
f 6135/29/5 6167/29/5 6166/29/5 6181/29/5
f 6168/29/200 6167/29/200 6165/29/200 6123/29/200
f 5798/29/5 6167/29/5 6168/29/5
f 6169/29/203 5797/29/203 5798/29/203 6170/29/203
f 5797/29/4 6169/29/4 6123/29/4
f 6174/29/4 6176/29/4 6173/29/4 6171/29/4
f 6178/29/204 6143/29/204 6173/29/204 6176/29/204
f 6143/29/5 6178/29/5 6172/29/5
f 6176/29/200 6179/29/200 6180/29/200 6178/29/200
f 6172/29/205 6175/29/205 6174/29/205
f 6179/29/4 6176/29/4 6177/29/4
f 5805/29/206 6181/29/206 6162/29/206 6177/29/206
f 6180/29/5 6181/29/5 5805/29/5
f 6172/29/5 6219/29/5 6183/29/5 6140/29/5
f 6219/29/207 6172/29/207 6182/29/207
f 6140/29/160 6183/29/160 5768/29/160 6184/29/160
f 5789/29/4 6188/29/4 6075/29/4 6186/29/4
f 6182/29/4 6171/29/4 6184/29/4
f 6076/29/208 6185/29/208 6186/29/208
f 6187/29/373 6077/29/373 6188/29/373 5789/29/373
f 6076/29/5 6077/29/5 6187/29/5
f 6189/29/355 5814/29/355 6190/29/355 6104/29/355
f 5814/29/5 6189/29/5 6191/29/5
f 6192/29/4 5825/29/4 6194/29/4 6193/29/4
f 5813/29/211 6191/29/211 5811/29/211
f 5812/29/4 5811/29/4 6190/29/4
f 6193/29/212 6194/29/212 6195/29/212 6249/29/212
f 6201/29/5 6249/29/5 6195/29/5 6196/29/5
f 6201/29/178 6196/29/178 5825/29/178 6192/29/178
f 5868/29/4 6192/29/4 6199/29/4 5775/29/4
f 5775/29/285 6199/29/285 6200/29/285 6197/29/285
f 6198/29/5 6197/29/5 6200/29/5 6201/29/5
f 6198/29/214 6201/29/214 6192/29/214 5868/29/214
f 5831/29/4 6204/29/4 6205/29/4 6262/29/4
f 6262/29/215 6205/29/215 6273/29/215 6202/29/215
f 6203/29/5 6202/29/5 6273/29/5 6206/29/5
f 6203/29/356 6206/29/356 6204/29/356 5831/29/356
f 6209/29/217 5795/29/217 6208/29/217 5799/29/217
f 5795/29/5 6209/29/5 6207/29/5
f 6210/29/218 6155/29/218 6207/29/218 6211/29/218
f 5799/29/4 6155/29/4 6210/29/4
f 6212/29/4 6163/29/4 6213/29/4 5801/29/4
f 6212/29/219 5801/29/219 5802/29/219 5800/29/219
f 5800/29/5 5802/29/5 5803/29/5 6166/29/5
f 6166/29/272 5803/29/272 6213/29/272 6163/29/272
f 6214/29/221 6174/29/221 6175/29/221 6215/29/221
f 6216/29/4 6174/29/4 6214/29/4
f 6217/29/219 5804/29/219 6216/29/219 6218/29/219
f 5804/29/5 6217/29/5 6215/29/5
f 5807/29/5 6219/29/5 6215/29/5 6217/29/5
f 6215/29/222 6219/29/222 6214/29/222
f 5807/29/59 6217/29/59 6218/29/59 5806/29/59
f 6225/29/4 6222/29/4 6220/29/4 5859/29/4
f 5806/29/4 6214/29/4 6182/29/4
f 5859/29/357 6220/29/357 6221/29/357 6223/29/357
f 6224/29/5 6223/29/5 6221/29/5 6277/29/5
f 6224/29/252 6277/29/252 6222/29/252 6225/29/252
f 6243/29/4 6229/29/4 6230/29/4 6226/29/4
f 6226/29/224 6230/29/224 6232/29/224 6227/29/224
f 6228/29/5 6227/29/5 6232/29/5 6264/29/5
f 6228/29/225 6264/29/225 6229/29/225 6243/29/225
f 6233/29/226 6260/29/226 6231/29/226 6234/29/226
f 6230/29/4 6260/29/4 6233/29/4
f 6235/29/227 6232/29/227 6230/29/227 6274/29/227
f 6232/29/5 6235/29/5 6234/29/5
f 6278/29/4 6268/29/4 6239/29/4 6236/29/4
f 6236/29/228 6239/29/228 6240/29/228 6237/29/228
f 6237/29/5 6240/29/5 6241/29/5 6238/29/5
f 6238/29/229 6241/29/229 6268/29/229 6278/29/229
f 6242/29/226 6228/29/226 6243/29/226 6256/29/226
f 6228/29/5 6242/29/5 6240/29/5
f 6239/29/227 6226/29/227 6227/29/227 6240/29/227
f 6243/29/4 6226/29/4 6239/29/4
f 6246/29/4 6279/29/4 6275/29/4 5774/29/4
f 6246/29/230 5774/29/230 6244/29/230 6247/29/230
f 6247/29/5 6244/29/5 6245/29/5 6248/29/5
f 6248/29/231 6245/29/231 6275/29/231 6279/29/231
f 6272/29/4 6250/29/4 6193/29/4 6251/29/4
f 6252/29/232 6280/29/232 6250/29/232 6272/29/232
f 6280/29/5 6252/29/5 6249/29/5
f 6258/29/5 6257/29/5 6255/29/5 6242/29/5
f 6249/29/309 6253/29/309 6251/29/309
f 6255/29/234 6257/29/234 6254/29/234
f 6258/29/116 6242/29/116 6256/29/116 6259/29/116
f 6265/29/4 6261/29/4 6262/29/4 6260/29/4
f 6254/29/4 5856/29/4 6259/29/4
f 6260/29/116 6262/29/116 6202/29/116 6231/29/116
f 6266/29/5 6231/29/5 6202/29/5 5847/29/5
f 6266/29/235 5847/29/235 6261/29/235 6265/29/235
f 6264/29/200 6258/29/200 6259/29/200 6229/29/200
f 6258/29/5 6264/29/5 6263/29/5
f 6265/29/86 5840/29/86 6263/29/86 6266/29/86
f 6229/29/4 5840/29/4 6265/29/4
f 6254/29/4 6268/29/4 6225/29/4 5852/29/4
f 6254/29/236 5852/29/236 6267/29/236 6255/29/236
f 6255/29/5 6267/29/5 6224/29/5 6241/29/5
f 6241/29/250 6224/29/250 6225/29/250 6268/29/250
f 6270/29/5 6253/29/5 6252/29/5 6271/29/5
f 5777/29/4 6251/29/4 6269/29/4
f 6253/29/310 6270/29/310 6251/29/310
f 6271/29/239 6252/29/239 6272/29/239 5777/29/239
f 6205/29/240 6233/29/240 6234/29/240 6273/29/240
f 6233/29/4 6205/29/4 6274/29/4
f 6245/29/228 6235/29/228 6274/29/228 6275/29/228
f 6273/29/5 6235/29/5 6245/29/5
f 6277/29/241 6238/29/241 6278/29/241 6222/29/241
f 6237/29/242 6276/29/242 6236/29/242
f 6237/29/5 6238/29/5 6277/29/5
f 6247/29/243 6200/29/243 6246/29/243
f 6279/29/244 6250/29/244 6248/29/244
f 6250/29/4 6246/29/4 6199/29/4
f 6200/29/5 6248/29/5 6280/29/5
f 6348/29/5 6350/29/5 6347/29/5
f 6300/29/4 6346/29/4 6301/29/4
f 6343/29/4 6552/29/4 6416/29/4
f 6342/29/5 6341/29/5 6469/29/5
f 6339/29/4 6633/29/4 6496/29/4
f 6550/29/5 6338/29/5 6337/29/5
f 6335/29/4 6710/29/4 6577/29/4
f 6631/29/5 6334/29/5 6333/29/5
f 6657/29/4 6331/29/4 6330/29/4
f 6330/29/6 6711/29/6 6294/29/6
f 6426/29/5 6427/29/5 6464/29/5
f 6485/29/4 6472/29/4 6440/29/4
f 6427/29/5 6429/29/5 6464/29/5
f 6439/29/4 6485/29/4 6440/29/4
f 6463/29/4 6428/29/4 6477/29/4
f 6465/29/4 6428/29/4 6463/29/4
f 6441/29/5 6486/29/5 6442/29/5
f 6486/29/5 6487/29/5 6442/29/5
f 6449/29/5 6448/29/5 6479/29/5
f 6448/29/5 6450/29/5 6479/29/5
f 6457/29/5 6456/29/5 6489/29/5
f 6478/29/4 6447/29/4 6495/29/4
f 6480/29/4 6447/29/4 6478/29/4
f 6456/29/5 6458/29/5 6489/29/5
f 6488/29/4 6455/29/4 6503/29/4
f 6490/29/4 6455/29/4 6488/29/4
f 6550/29/5 6460/29/5 6498/29/5
f 6497/29/4 6339/29/4 6496/29/4
f 6317/29/4 6724/29/4 6319/29/4
f 6723/29/5 6721/29/5 6318/29/5
f 6677/29/4 6720/29/4 6672/29/4
f 6672/29/7 6314/29/7 6316/29/7
f 6307/29/4 6594/29/4 6306/29/4
f 6515/29/5 6516/29/5 6629/29/5
f 6434/29/5 6512/29/5 6305/29/5
f 6433/29/4 6513/29/4 6304/29/4
f 6350/29/5 6302/29/5 6467/29/5
f 6349/29/4 6303/29/4 6301/29/4
f 6288/29/5 6299/29/5 6386/29/5
f 6287/29/4 6300/29/4 6298/29/4
f 6586/29/4 6555/29/4 6554/29/4
f 6396/29/5 6394/29/5 6392/29/5
f 6594/29/4 6307/29/4 6592/29/4
f 6308/29/5 6593/29/5 6630/29/5
f 6711/29/5 6623/29/5 6658/29/5
f 6327/29/5 6328/29/5 6731/29/5
f 6416/29/4 6378/29/4 6343/29/4
f 6577/29/4 6542/29/4 6335/29/4
f 6497/29/4 6461/29/4 6339/29/4
f 6416/29/4 6417/29/4 6378/29/4
f 6577/29/4 6578/29/4 6542/29/4
f 6629/29/5 6308/29/5 6630/29/5
f 6709/29/5 6623/29/5 6711/29/5
f 6328/29/5 6703/29/5 6731/29/5
f 6307/29/4 6671/29/4 6592/29/4
f 6353/29/4 6393/29/4 6354/29/4
f 6356/29/5 6355/29/5 6357/29/5
f 6354/29/312 6356/29/312 6358/29/312
f 6363/29/4 6398/29/4 6365/29/4
f 6367/29/5 6368/29/5 6366/29/5
f 6372/29/10 6371/29/10 6741/29/10
f 6369/29/4 6374/29/4 6372/29/4
f 6370/29/5 6371/29/5 6373/29/5
f 6359/29/4 6374/29/4 6408/29/4
f 6361/29/5 6371/29/5 6735/29/5
f 6430/29/4 6384/29/4 6382/29/4
f 6386/29/5 6387/29/5 6344/29/5
f 6390/29/5 6358/29/5 6716/29/5
f 6389/29/4 6354/29/4 6397/29/4
f 6393/29/13 6392/29/13 6356/29/13
f 6404/29/5 6392/29/5 6394/29/5
f 6395/29/4 6425/29/4 6397/29/4
f 6396/29/5 6391/29/5 6383/29/5
f 6402/29/5 6400/29/5 6404/29/5
f 6352/29/314 6405/29/314 6400/29/314
f 6407/29/5 6375/29/5 6409/29/5
f 6408/29/4 6459/29/4 6411/29/4
f 6418/29/5 6377/29/5 6420/29/5
f 6462/29/315 6418/29/315 6421/29/315
f 6453/29/4 6423/29/4 6419/29/4
f 6422/29/5 6373/29/5 6407/29/5
f 6424/29/4 6428/29/4 6425/29/4
f 6396/29/5 6427/29/5 6426/29/5
f 6426/29/16 6477/29/16 6424/29/16
f 6465/29/4 6430/29/4 6428/29/4
f 6429/29/5 6387/29/5 6347/29/5
f 6472/29/4 6443/29/4 6440/29/4
f 6394/29/5 6396/29/5 6441/29/5
f 6436/29/4 6447/29/4 6480/29/4
f 6438/29/5 6448/29/5 6399/29/5
f 6456/29/5 6454/29/5 6422/29/5
f 6456/29/17 6453/29/17 6455/29/17
f 6455/29/4 6452/29/4 6503/29/4
f 6490/29/18 6458/29/18 6446/29/18
f 6444/29/4 6455/29/4 6490/29/4
f 6409/29/5 6446/29/5 6456/29/5
f 6511/29/4 6465/29/4 6463/29/4
f 6468/29/5 6429/29/5 6467/29/5
f 6472/29/4 6485/29/4 6522/29/4
f 6475/29/5 6441/29/5 6474/29/5
f 6426/29/5 6476/29/5 6474/29/5
f 6477/29/4 6507/29/4 6463/29/4
f 6482/29/19 6487/29/19 6484/29/19
f 6485/29/4 6439/29/4 6482/29/4
f 6458/29/5 6491/29/5 6489/29/5
f 6540/29/4 6493/29/4 6490/29/4
f 6498/29/5 6460/29/5 6500/29/5
f 6543/29/20 6498/29/20 6501/29/20
f 6502/29/21 6488/29/21 6535/29/21
f 6500/29/5 6489/29/5 6502/29/5
f 6499/29/4 6488/29/4 6503/29/4
f 6505/29/5 6476/29/5 6506/29/5
f 6507/29/4 6504/29/4 6509/29/4
f 6506/29/289 6558/29/289 6504/29/289
f 6547/29/4 6511/29/4 6509/29/4
f 6468/29/5 6432/29/5 6510/29/5
f 6525/29/4 6526/29/4 6523/29/4
f 6576/29/5 6494/29/5 6529/29/5
f 6535/29/4 6533/29/4 6584/29/4
f 6537/29/5 6538/29/5 6502/29/5
f 6523/29/4 6536/29/4 6569/29/4
f 6523/29/316 6539/29/316 6524/29/316
f 6524/29/5 6537/29/5 6491/29/5
f 6541/29/5 6632/29/5 6534/29/5
f 6533/29/4 6543/29/4 6542/29/4
f 6547/29/4 6544/29/4 6546/29/4
f 6305/29/358 6547/29/358 6548/29/358
f 6566/29/5 6520/29/5 6557/29/5
f 6555/29/4 6564/29/4 6554/29/4
f 6544/29/4 6555/29/4 6586/29/4
f 6557/29/25 6555/29/25 6558/29/25
f 6506/29/5 6545/29/5 6557/29/5
f 6575/29/5 6528/29/5 6562/29/5
f 6561/29/4 6574/29/4 6560/29/4
f 6567/29/4 6572/29/4 6569/29/4
f 6539/29/5 6570/29/5 6568/29/5
f 6572/29/26 6571/29/26 6539/29/26
f 6571/29/5 6575/29/5 6573/29/5
f 6574/29/4 6525/29/4 6572/29/4
f 6616/29/4 6584/29/4 6580/29/4
f 6583/29/5 6538/29/5 6568/29/5
f 6556/29/5 6585/29/5 6603/29/5
f 6586/29/4 6639/29/4 6588/29/4
f 6587/29/5 6591/29/5 6589/29/5
f 6590/29/4 6546/29/4 6588/29/4
f 6594/29/4 6592/29/4 6708/29/4
f 6593/29/5 6308/29/5 6596/29/5
f 6708/29/27 6597/29/27 6308/29/27
f 6605/29/4 6610/29/4 6607/29/4
f 6608/29/5 6609/29/5 6606/29/5
f 6608/29/5 6613/29/5 6611/29/5
f 6610/29/4 6612/29/4 6560/29/4
f 6583/29/28 6616/29/28 6618/29/28
f 6618/29/4 6615/29/4 6664/29/4
f 6620/29/5 6583/29/5 6619/29/5
f 6651/29/4 6622/29/4 6618/29/4
f 6622/29/29 6570/29/29 6619/29/29
f 6623/29/5 6709/29/5 6617/29/5
f 6624/29/30 6582/29/30 6709/29/30
f 6615/29/4 6625/29/4 6624/29/4
f 6626/29/31 6627/29/31 6630/29/31
f 6629/29/32 6628/29/32 6307/29/32
f 6632/29/5 6631/29/5 6337/29/5
f 6633/29/4 6336/29/4 6542/29/4
f 6637/29/5 6649/29/5 6601/29/5
f 6637/29/245 6634/29/245 6635/29/245
f 6645/29/5 6642/29/5 6611/29/5
f 6644/29/4 6640/29/4 6643/29/4
f 6663/29/33 6650/29/33 6693/29/33
f 6650/29/4 6664/29/4 6662/29/4
f 6620/29/5 6652/29/5 6663/29/5
f 6666/29/4 6679/29/4 6665/29/4
f 6668/29/5 6638/29/5 6670/29/5
f 6665/29/317 6668/29/317 6314/29/317
f 6672/29/4 6673/29/4 6665/29/4
f 6313/29/5 6314/29/5 6311/29/5
f 6636/29/5 6316/29/5 6678/29/5
f 6680/29/4 6677/29/4 6679/29/4
f 6683/29/4 6684/29/4 6682/29/4
f 6683/29/35 6701/29/35 6686/29/35
f 6317/29/4 6643/29/4 6685/29/4
f 6318/29/5 6688/29/5 6690/29/5
f 6692/29/36 6694/29/36 6691/29/36
f 6692/29/5 6698/29/5 6695/29/5
f 6700/29/5 6325/29/5 6698/29/5
f 6699/29/4 6697/29/4 6682/29/4
f 6702/29/4 6704/29/4 6290/29/4
f 6692/29/261 6691/29/261 6702/29/261
f 6707/29/5 6705/29/5 6596/29/5
f 6596/29/251 6706/29/251 6595/29/251
f 6710/29/4 6331/29/4 6624/29/4
f 6334/29/5 6711/29/5 6333/29/5
f 6333/29/39 6331/29/39 6332/29/39
f 6720/29/4 6675/29/4 6319/29/4
f 6721/29/5 6723/29/5 6719/29/5
f 6324/29/5 6727/29/5 6695/29/5
f 6728/29/4 6726/29/4 6730/29/4
f 6726/29/4 6326/29/4 6730/29/4
f 6731/29/262 6702/29/262 6726/29/262
f 6348/29/46 6299/29/46 6300/29/46 6301/29/46
f 6301/29/4 6346/29/4 6349/29/4
f 6714/29/47 6390/29/47 6389/29/47 6345/29/47
f 6299/29/5 6348/29/5 6347/29/5
f 6285/29/5 6344/29/5 6390/29/5 6714/29/5
f 6284/29/319 6384/29/319 6344/29/319 6285/29/319
f 6345/29/4 6389/29/4 6384/29/4 6284/29/4
f 6342/29/49 6418/29/49 6416/29/49 6552/29/49
f 6340/29/320 6343/29/320 6469/29/320 6341/29/320
f 6469/29/5 6418/29/5 6342/29/5
f 6338/29/49 6498/29/49 6496/29/49 6633/29/49
f 6343/29/4 6340/29/4 6552/29/4
f 6336/29/321 6339/29/321 6550/29/321 6337/29/321
f 6550/29/5 6498/29/5 6338/29/5
f 6334/29/52 6579/29/52 6577/29/52 6710/29/52
f 6339/29/4 6336/29/4 6633/29/4
f 6332/29/53 6335/29/53 6631/29/53 6333/29/53
f 6579/29/5 6334/29/5 6631/29/5
f 6658/29/5 6293/29/5 6294/29/5 6711/29/5
f 6335/29/4 6332/29/4 6710/29/4
f 6330/29/54 6331/29/54 6711/29/54
f 6657/29/55 6292/29/55 6293/29/55 6658/29/55
f 6328/29/56 6283/29/56 6329/29/56 6291/29/56
f 6292/29/4 6657/29/4 6330/29/4
f 6327/29/5 6282/29/5 6283/29/5 6328/29/5
f 6326/29/57 6281/29/57 6282/29/57 6327/29/57
f 6291/29/4 6329/29/4 6281/29/4 6326/29/4
f 6323/29/58 6325/29/58 6697/29/58 6725/29/58
f 6323/29/5 6322/29/5 6324/29/5 6325/29/5
f 6321/29/59 6728/29/59 6324/29/59 6322/29/59
f 6725/29/4 6697/29/4 6728/29/4 6321/29/4
f 6320/29/59 6721/29/59 6319/29/59 6724/29/59
f 6317/29/60 6722/29/60 6723/29/60 6318/29/60
f 6318/29/5 6721/29/5 6320/29/5
f 6314/29/5 6313/29/5 6315/29/5 6316/29/5
f 6722/29/4 6317/29/4 6319/29/4
f 6677/29/61 6672/29/61 6316/29/61
f 6312/29/62 6720/29/62 6315/29/62 6313/29/62
f 6311/29/63 6707/29/63 6309/29/63 6673/29/63
f 6720/29/4 6312/29/4 6672/29/4
f 6310/29/5 6705/29/5 6707/29/5 6311/29/5
f 6669/29/64 6706/29/64 6705/29/64 6310/29/64
f 6669/29/4 6673/29/4 6309/29/4 6706/29/4
f 6308/29/322 6516/29/322 6306/29/322 6594/29/322
f 6307/29/246 6514/29/246 6515/29/246 6629/29/246
f 6629/29/5 6516/29/5 6308/29/5
f 6548/29/363 6433/29/363 6434/29/363 6305/29/363
f 6514/29/4 6307/29/4 6306/29/4
f 6512/29/68 6435/29/68 6304/29/68 6513/29/68
f 6433/29/4 6548/29/4 6513/29/4
f 6466/29/69 6349/29/69 6350/29/69 6467/29/69
f 6434/29/5 6435/29/5 6512/29/5
f 6302/29/68 6348/29/68 6301/29/68 6303/29/68
f 6349/29/4 6466/29/4 6303/29/4
f 6385/29/69 6287/29/69 6288/29/69 6386/29/69
f 6350/29/5 6348/29/5 6302/29/5
f 6299/29/68 6289/29/68 6298/29/68 6300/29/68
f 6287/29/4 6385/29/4 6300/29/4
f 6288/29/5 6289/29/5 6299/29/5
f 6294/29/74 6328/29/74 6291/29/74 6330/29/74
f 6294/29/5 6293/29/5 6703/29/5 6328/29/5
f 6292/29/76 6290/29/76 6703/29/76 6293/29/76
f 6330/29/4 6291/29/4 6290/29/4 6292/29/4
f 6289/29/323 6297/29/323 6286/29/323 6298/29/323
f 6288/29/5 6285/29/5 6297/29/5 6289/29/5
f 6287/29/78 6284/29/78 6285/29/78 6288/29/78
f 6287/29/4 6298/29/4 6286/29/4 6284/29/4
f 6558/29/4 6544/29/4 6547/29/4 6509/29/4
f 6654/29/4 6699/29/4 6682/29/4 6684/29/4
f 6715/29/5 6716/29/5 6358/29/5 6357/29/5
f 6600/29/4 6599/29/4 6647/29/4 6634/29/4
f 6296/29/4 6295/29/4 6354/29/4 6388/29/4
f 6635/29/4 6680/29/4 6679/29/4 6666/29/4
f 6506/29/5 6508/29/5 6510/29/5 6545/29/5
f 6637/29/5 6638/29/5 6681/29/5 6636/29/5
f 6329/29/324 6283/29/324 6282/29/324 6281/29/324
f 6602/29/5 6601/29/5 6649/29/5 6648/29/5
f 6653/29/5 6655/29/5 6701/29/5 6700/29/5
f 6640/29/4 6641/29/4 6610/29/4 6656/29/4
f 6644/29/4 6643/29/4 6689/29/4 6674/29/4
f 6484/29/5 6483/29/5 6531/29/5 6532/29/5
f 6642/29/5 6609/29/5 6608/29/5 6611/29/5
f 6645/29/5 6646/29/5 6690/29/5 6688/29/5
f 6406/29/4 6408/29/4 6374/29/4 6423/29/4
f 6491/29/5 6492/29/5 6494/29/5 6524/29/5
f 6409/29/5 6410/29/5 6412/29/5 6446/29/5
f 6650/29/4 6651/29/4 6618/29/4 6664/29/4
f 6482/29/4 6481/29/4 6530/29/4 6517/29/4
f 6451/29/4 6436/29/4 6437/29/4 6401/29/4
f 6523/29/4 6526/29/4 6493/29/4 6540/29/4
f 6399/29/5 6400/29/5 6402/29/5 6438/29/5
f 6459/29/4 6444/29/4 6445/29/4 6411/29/4
f 6421/29/5 6420/29/5 6422/29/5 6454/29/5
f 6585/29/5 6587/29/5 6589/29/5 6627/29/5
f 6625/29/4 6615/29/4 6616/29/4 6580/29/4
f 6363/29/4 6362/29/4 6413/29/4 6398/29/4
f 6652/29/5 6620/29/5 6619/29/5 6621/29/5
f 6366/29/5 6364/29/5 6414/29/5 6415/29/5
f 6361/29/5 6735/29/5 6736/29/5 6740/29/5
f 6501/29/5 6500/29/5 6502/29/5 6534/29/5
f 6359/29/4 6360/29/4 6737/29/4 6376/29/4
f 6732/29/5 6733/29/5 6741/29/5 6370/29/5
f 6443/29/4 6424/29/4 6425/29/4 6395/29/4
f 6391/29/5 6390/29/5 6344/29/5 6383/29/5
f 6562/29/5 6563/29/5 6613/29/5 6614/29/5
f 6606/29/5 6570/29/5 6571/29/5 6573/29/5
f 6605/29/4 6607/29/4 6572/29/4 6622/29/4
f 6582/29/5 6581/29/5 6583/29/5 6617/29/5
f 6285/29/5 6714/29/5 6713/29/5 6297/29/5
f 6475/29/5 6474/29/5 6476/29/5 6505/29/5
f 6522/29/4 6504/29/4 6507/29/4 6473/29/4
f 6407/29/5 6373/29/5 6371/29/5 6375/29/5
f 6717/29/5 6718/29/5 6368/29/5 6367/29/5
f 6557/29/5 6556/29/5 6603/29/5 6604/29/5
f 6561/29/4 6560/29/4 6612/29/4 6598/29/4
f 6739/29/4 6738/29/4 6365/29/4 6351/29/4
f 6527/29/4 6525/29/4 6574/29/4 6559/29/4
f 6529/29/5 6528/29/5 6575/29/5 6576/29/5
f 6462/29/4 6452/29/4 6453/29/4 6419/29/4
f 6353/29/4 6352/29/4 6403/29/4 6393/29/4
f 6639/29/4 6626/29/4 6628/29/4 6588/29/4
f 6543/29/4 6533/29/4 6535/29/4 6499/29/4
f 6519/29/4 6518/29/4 6564/29/4 6553/29/4
f 6379/29/4 6369/29/4 6372/29/4 6734/29/4
f 6382/29/4 6384/29/4 6389/29/4 6397/29/4
f 6355/29/5 6356/29/5 6404/29/5 6405/29/5
f 6521/29/5 6520/29/5 6566/29/5 6565/29/5
f 6692/29/5 6660/29/5 6661/29/5 6663/29/5
f 6284/29/4 6286/29/4 6712/29/4 6345/29/4
f 6691/29/4 6693/29/4 6662/29/4 6704/29/4
f 6567/29/4 6569/29/4 6536/29/4 6584/29/4
f 6568/29/5 6538/29/5 6537/29/5 6539/29/5
f 6702/29/4 6290/29/4 6291/29/4 6326/29/4
f 6676/29/4 6675/29/4 6720/29/4 6677/29/4
f 6678/29/5 6316/29/5 6315/29/5 6719/29/5
f 6331/29/4 6657/29/4 6659/29/4 6624/29/4
f 6685/29/4 6683/29/4 6724/29/4 6317/29/4
f 6687/29/5 6318/29/5 6320/29/5 6686/29/5
f 6667/29/4 6665/29/4 6673/29/4 6669/29/4
f 6670/29/5 6310/29/5 6311/29/5 6668/29/5
f 6696/29/4 6694/29/4 6728/29/4 6697/29/4
f 6302/29/5 6432/29/5 6468/29/5 6467/29/5
f 6511/29/4 6431/29/4 6303/29/4 6466/29/4
f 6299/29/5 6347/29/5 6387/29/5 6386/29/5
f 6430/29/4 6346/29/4 6300/29/4 6385/29/4
f 6590/29/4 6513/29/4 6548/29/4 6546/29/4
f 6698/29/5 6325/29/5 6324/29/5 6695/29/5
f 6469/29/5 6470/29/5 6377/29/5 6418/29/5
f 6631/29/5 6632/29/5 6541/29/5 6579/29/5
f 6305/29/5 6512/29/5 6591/29/5 6549/29/5
f 6351/29/4 6365/29/4 6352/29/4 6353/29/4
f 6550/29/5 6551/29/5 6460/29/5
f 6351/29/80 6353/29/80 6355/29/80 6718/29/80
f 6718/29/5 6355/29/5 6405/29/5 6368/29/5
f 6368/29/81 6405/29/81 6352/29/81 6365/29/81
f 6353/29/82 6295/29/82 6357/29/82 6355/29/82
f 6354/29/83 6393/29/83 6356/29/83
f 6295/29/4 6353/29/4 6354/29/4
f 6359/29/4 6362/29/4 6363/29/4 6360/29/4
f 6357/29/5 6358/29/5 6356/29/5
f 6360/29/84 6363/29/84 6366/29/84 6740/29/84
f 6361/29/5 6740/29/5 6366/29/5 6415/29/5
f 6361/29/85 6415/29/85 6362/29/85 6359/29/85
f 6364/29/86 6368/29/86 6365/29/86 6398/29/86
f 6366/29/5 6368/29/5 6364/29/5
f 6363/29/87 6738/29/87 6367/29/87 6366/29/87
f 6738/29/4 6363/29/4 6365/29/4
f 6423/29/88 6369/29/88 6370/29/88 6373/29/88
f 6741/29/5 6371/29/5 6370/29/5
f 6372/29/89 6374/29/89 6371/29/89
f 6369/29/4 6423/29/4 6374/29/4
f 6375/29/90 6361/29/90 6359/29/90 6408/29/90
f 6361/29/5 6375/29/5 6371/29/5
f 6374/29/91 6376/29/91 6735/29/91 6371/29/91
f 6359/29/4 6376/29/4 6374/29/4
f 6379/29/4 6378/29/4 6417/29/4 6369/29/4
f 6369/29/92 6417/29/92 6377/29/92 6370/29/92
f 6732/29/5 6370/29/5 6377/29/5 6470/29/5
f 6732/29/93 6470/29/93 6378/29/93 6379/29/93
f 6383/29/325 6387/29/325 6430/29/325 6382/29/325
f 6387/29/5 6383/29/5 6344/29/5
f 6384/29/252 6385/29/252 6386/29/252 6344/29/252
f 6385/29/4 6384/29/4 6430/29/4
f 6388/29/96 6389/29/96 6390/29/96 6716/29/96
f 6389/29/4 6388/29/4 6354/29/4
f 6358/29/97 6391/29/97 6397/29/97 6354/29/97
f 6390/29/5 6391/29/5 6358/29/5
f 6395/29/4 6393/29/4 6403/29/4 6443/29/4
f 6404/29/5 6356/29/5 6392/29/5
f 6443/29/98 6403/29/98 6404/29/98 6394/29/98
f 6391/29/253 6392/29/253 6395/29/253 6397/29/253
f 6393/29/100 6395/29/100 6392/29/100
f 6392/29/5 6391/29/5 6396/29/5
f 6382/29/101 6425/29/101 6396/29/101 6383/29/101
f 6425/29/4 6382/29/4 6397/29/4
f 6401/29/4 6398/29/4 6413/29/4 6451/29/4
f 6451/29/235 6413/29/235 6414/29/235 6399/29/235
f 6400/29/5 6399/29/5 6414/29/5 6364/29/5
f 6400/29/103 6364/29/103 6398/29/103 6401/29/103
f 6352/29/4 6401/29/4 6437/29/4 6403/29/4
f 6403/29/104 6437/29/104 6402/29/104 6404/29/104
f 6459/29/105 6406/29/105 6407/29/105 6409/29/105
f 6401/29/326 6352/29/326 6400/29/326
f 6404/29/5 6400/29/5 6405/29/5
f 6406/29/4 6459/29/4 6408/29/4
f 6410/29/327 6375/29/327 6408/29/327 6411/29/327
f 6375/29/5 6410/29/5 6409/29/5
f 6362/29/4 6411/29/4 6445/29/4 6413/29/4
f 6413/29/104 6445/29/104 6412/29/104 6414/29/104
f 6415/29/5 6414/29/5 6412/29/5 6410/29/5
f 6415/29/108 6410/29/108 6411/29/108 6362/29/108
f 6417/29/4 6416/29/4 6462/29/4 6419/29/4
f 6417/29/109 6419/29/109 6420/29/109 6377/29/109
f 6373/29/110 6420/29/110 6419/29/110 6423/29/110
f 6462/29/111 6416/29/111 6418/29/111
f 6421/29/5 6418/29/5 6420/29/5
f 6420/29/5 6373/29/5 6422/29/5
f 6406/29/328 6453/29/328 6422/29/328 6407/29/328
f 6453/29/4 6406/29/4 6423/29/4
f 6427/29/113 6396/29/113 6425/29/113 6428/29/113
f 6396/29/329 6426/29/329 6424/29/329
f 6387/29/47 6427/29/47 6428/29/47 6430/29/47
f 6424/29/4 6477/29/4 6428/29/4
f 6429/29/5 6427/29/5 6387/29/5
f 6346/29/104 6465/29/104 6429/29/104 6347/29/104
f 6465/29/4 6346/29/4 6430/29/4
f 6304/29/4 6303/29/4 6431/29/4 6433/29/4
f 6433/29/247 6431/29/247 6432/29/247 6434/29/247
f 6435/29/5 6434/29/5 6432/29/5 6302/29/5
f 6435/29/330 6302/29/330 6303/29/330 6304/29/330
f 6437/29/4 6436/29/4 6439/29/4 6440/29/4
f 6437/29/116 6440/29/116 6442/29/116 6402/29/116
f 6402/29/5 6442/29/5 6487/29/5 6438/29/5
f 6438/29/117 6487/29/117 6439/29/117 6436/29/117
f 6394/29/118 6442/29/118 6440/29/118 6443/29/118
f 6442/29/5 6394/29/5 6441/29/5
f 6424/29/119 6472/29/119 6441/29/119 6396/29/119
f 6443/29/4 6472/29/4 6424/29/4
f 6445/29/4 6444/29/4 6495/29/4 6447/29/4
f 6445/29/84 6447/29/84 6448/29/84 6412/29/84
f 6412/29/5 6448/29/5 6449/29/5 6446/29/5
f 6446/29/120 6449/29/120 6495/29/120 6444/29/120
f 6450/29/104 6438/29/104 6436/29/104 6480/29/104
f 6438/29/5 6450/29/5 6448/29/5
f 6447/29/87 6451/29/87 6399/29/87 6448/29/87
f 6451/29/4 6447/29/4 6436/29/4
f 6454/29/331 6457/29/331 6503/29/331 6452/29/331
f 6456/29/121 6422/29/121 6453/29/121
f 6455/29/4 6453/29/4 6452/29/4
f 6456/29/5 6457/29/5 6454/29/5
f 6455/29/122 6459/29/122 6409/29/122 6456/29/122
f 6446/29/5 6458/29/5 6456/29/5
f 6444/29/123 6490/29/123 6446/29/123
f 6459/29/4 6455/29/4 6444/29/4
f 6462/29/4 6461/29/4 6497/29/4 6452/29/4
f 6452/29/92 6497/29/92 6460/29/92 6454/29/92
f 6421/29/5 6454/29/5 6460/29/5 6551/29/5
f 6421/29/332 6551/29/332 6461/29/332 6462/29/332
f 6464/29/325 6468/29/325 6511/29/325 6463/29/325
f 6468/29/5 6464/29/5 6429/29/5
f 6465/29/125 6466/29/125 6467/29/125 6429/29/125
f 6511/29/4 6466/29/4 6465/29/4
f 6343/29/4 6378/29/4 6471/29/4 6380/29/4
f 6343/29/333 6380/29/333 6742/29/333 6469/29/333
f 6469/29/5 6742/29/5 6381/29/5 6470/29/5
f 6470/29/334 6381/29/334 6471/29/334 6378/29/334
f 6486/29/98 6475/29/98 6522/29/98 6485/29/98
f 6441/29/5 6475/29/5 6486/29/5
f 6472/29/128 6473/29/128 6474/29/128 6441/29/128
f 6473/29/4 6472/29/4 6522/29/4
f 6473/29/129 6477/29/129 6426/29/129 6474/29/129
f 6477/29/4 6473/29/4 6507/29/4
f 6476/29/130 6464/29/130 6463/29/130 6507/29/130
f 6426/29/5 6464/29/5 6476/29/5
f 6481/29/4 6482/29/4 6480/29/4 6478/29/4
f 6481/29/98 6478/29/98 6479/29/98 6532/29/98
f 6532/29/5 6479/29/5 6450/29/5 6484/29/5
f 6484/29/335 6450/29/335 6480/29/335 6482/29/335
f 6485/29/336 6517/29/336 6483/29/336 6486/29/336
f 6517/29/4 6485/29/4 6482/29/4
f 6487/29/5 6486/29/5 6483/29/5 6484/29/5
f 6540/29/133 6488/29/133 6489/29/133 6491/29/133
f 6482/29/134 6439/29/134 6487/29/134
f 6488/29/4 6540/29/4 6490/29/4
f 6492/29/135 6458/29/135 6490/29/135 6493/29/135
f 6491/29/5 6458/29/5 6492/29/5
f 6495/29/4 6493/29/4 6526/29/4 6478/29/4
f 6478/29/104 6526/29/104 6494/29/104 6479/29/104
f 6449/29/5 6479/29/5 6494/29/5 6492/29/5
f 6449/29/108 6492/29/108 6493/29/108 6495/29/108
f 6497/29/4 6496/29/4 6543/29/4 6499/29/4
f 6497/29/136 6499/29/136 6500/29/136 6460/29/136
f 6457/29/177 6500/29/177 6499/29/177 6503/29/177
f 6543/29/137 6496/29/137 6498/29/137
f 6501/29/5 6498/29/5 6500/29/5
f 6499/29/4 6535/29/4 6488/29/4
f 6502/29/337 6489/29/337 6488/29/337
f 6500/29/5 6457/29/5 6489/29/5
f 6508/29/139 6476/29/139 6507/29/139 6509/29/139
f 6505/29/140 6506/29/140 6504/29/140
f 6476/29/5 6508/29/5 6506/29/5
f 6468/29/338 6508/29/338 6509/29/338 6511/29/338
f 6504/29/4 6558/29/4 6509/29/4
f 6510/29/5 6508/29/5 6468/29/5
f 6431/29/142 6547/29/142 6510/29/142 6432/29/142
f 6511/29/4 6547/29/4 6431/29/4
f 6306/29/4 6513/29/4 6590/29/4 6514/29/4
f 6514/29/78 6590/29/78 6591/29/78 6515/29/78
f 6515/29/5 6591/29/5 6512/29/5 6516/29/5
f 6516/29/46 6512/29/46 6513/29/46 6306/29/46
f 6519/29/4 6517/29/4 6530/29/4 6518/29/4
f 6518/29/143 6530/29/143 6531/29/143 6565/29/143
f 6521/29/5 6565/29/5 6531/29/5 6483/29/5
f 6521/29/144 6483/29/144 6517/29/144 6519/29/144
f 6504/29/4 6522/29/4 6519/29/4 6553/29/4
f 6504/29/254 6553/29/254 6520/29/254 6505/29/254
f 6505/29/5 6520/29/5 6521/29/5 6475/29/5
f 6475/29/339 6521/29/339 6519/29/339 6522/29/339
f 6524/29/340 6576/29/340 6525/29/340 6523/29/340
f 6576/29/5 6524/29/5 6494/29/5
f 6526/29/116 6527/29/116 6529/29/116 6494/29/116
f 6527/29/4 6526/29/4 6525/29/4
f 6530/29/4 6481/29/4 6527/29/4 6559/29/4
f 6530/29/147 6559/29/147 6528/29/147 6531/29/147
f 6531/29/5 6528/29/5 6529/29/5 6532/29/5
f 6532/29/118 6529/29/118 6527/29/118 6481/29/118
f 6534/29/331 6538/29/331 6584/29/331 6533/29/331
f 6538/29/5 6534/29/5 6502/29/5
f 6535/29/148 6536/29/148 6537/29/148 6502/29/148
f 6536/29/4 6535/29/4 6584/29/4
f 6536/29/149 6540/29/149 6491/29/149 6537/29/149
f 6523/29/150 6569/29/150 6539/29/150
f 6537/29/5 6524/29/5 6539/29/5
f 6523/29/4 6540/29/4 6536/29/4
f 6533/29/92 6578/29/92 6541/29/92 6534/29/92
f 6578/29/4 6533/29/4 6542/29/4
f 6501/29/255 6632/29/255 6542/29/255 6543/29/255
f 6534/29/5 6632/29/5 6501/29/5
f 6510/29/5 6305/29/5 6549/29/5 6545/29/5
f 6305/29/152 6510/29/152 6547/29/152
f 6545/29/153 6549/29/153 6546/29/153 6544/29/153
f 6339/29/4 6461/29/4 6552/29/4 6340/29/4
f 6548/29/4 6547/29/4 6546/29/4
f 6339/29/342 6340/29/342 6341/29/342 6550/29/342
f 6550/29/5 6341/29/5 6342/29/5 6551/29/5
f 6551/29/269 6342/29/269 6552/29/269 6461/29/269
f 6553/29/156 6555/29/156 6557/29/156 6520/29/156
f 6555/29/4 6553/29/4 6564/29/4
f 6566/29/343 6604/29/343 6554/29/343 6564/29/343
f 6604/29/5 6566/29/5 6557/29/5
f 6556/29/157 6545/29/157 6544/29/157 6586/29/157
f 6545/29/5 6556/29/5 6557/29/5
f 6559/29/158 6561/29/158 6562/29/158 6528/29/158
f 6544/29/4 6558/29/4 6555/29/4
f 6506/29/159 6557/29/159 6558/29/159
f 6574/29/4 6561/29/4 6559/29/4
f 6575/29/102 6614/29/102 6560/29/102 6574/29/102
f 6562/29/5 6614/29/5 6575/29/5
f 6598/29/4 6564/29/4 6518/29/4 6561/29/4
f 6561/29/160 6518/29/160 6565/29/160 6562/29/160
f 6563/29/5 6562/29/5 6565/29/5 6566/29/5
f 6563/29/344 6566/29/344 6564/29/344 6598/29/344
f 6622/29/161 6567/29/161 6568/29/161 6570/29/161
f 6569/29/162 6572/29/162 6539/29/162
f 6567/29/4 6622/29/4 6572/29/4
f 6574/29/163 6607/29/163 6573/29/163 6575/29/163
f 6539/29/5 6571/29/5 6570/29/5
f 6572/29/4 6607/29/4 6574/29/4
f 6576/29/164 6571/29/164 6572/29/164 6525/29/164
f 6575/29/5 6571/29/5 6576/29/5
f 6578/29/4 6577/29/4 6625/29/4 6580/29/4
f 6578/29/136 6580/29/136 6581/29/136 6541/29/136
f 6541/29/5 6581/29/5 6582/29/5 6579/29/5
f 6579/29/165 6582/29/165 6625/29/165 6577/29/165
f 6538/29/177 6581/29/177 6580/29/177 6584/29/177
f 6581/29/5 6538/29/5 6583/29/5
f 6567/29/249 6616/29/249 6583/29/249 6568/29/249
f 6616/29/4 6567/29/4 6584/29/4
f 6639/29/167 6586/29/167 6603/29/167 6585/29/167
f 6349/29/168 6346/29/168 6347/29/168 6350/29/168
f 6587/29/169 6556/29/169 6586/29/169 6588/29/169
f 6556/29/5 6587/29/5 6585/29/5
f 6590/29/170 6628/29/170 6589/29/170 6591/29/170
f 6588/29/4 6628/29/4 6590/29/4
f 6549/29/118 6587/29/118 6588/29/118 6546/29/118
f 6587/29/5 6549/29/5 6591/29/5
f 6595/29/171 6592/29/171 6593/29/171 6596/29/171
f 6594/29/371 6708/29/371 6308/29/371
f 6592/29/4 6595/29/4 6708/29/4
f 6600/29/4 6598/29/4 6612/29/4 6599/29/4
f 6596/29/5 6308/29/5 6597/29/5
f 6599/29/173 6612/29/173 6613/29/173 6648/29/173
f 6602/29/5 6648/29/5 6613/29/5 6563/29/5
f 6602/29/144 6563/29/144 6598/29/144 6600/29/144
f 6586/29/4 6554/29/4 6600/29/4 6634/29/4
f 6586/29/174 6634/29/174 6601/29/174 6603/29/174
f 6603/29/5 6601/29/5 6602/29/5 6604/29/5
f 6604/29/108 6602/29/108 6600/29/108 6554/29/108
f 6608/29/175 6573/29/175 6607/29/175 6610/29/175
f 6606/29/5 6573/29/5 6608/29/5
f 6656/29/98 6605/29/98 6606/29/98 6609/29/98
f 6610/29/4 6605/29/4 6656/29/4
f 6612/29/346 6641/29/346 6611/29/346 6613/29/346
f 6610/29/4 6641/29/4 6612/29/4
f 6614/29/108 6608/29/108 6610/29/108 6560/29/108
f 6608/29/5 6614/29/5 6613/29/5
f 6617/29/347 6620/29/347 6664/29/347 6615/29/347
f 6618/29/4 6616/29/4 6615/29/4
f 6583/29/5 6620/29/5 6617/29/5
f 6605/29/132 6651/29/132 6621/29/132 6606/29/132
f 6619/29/179 6583/29/179 6618/29/179
f 6618/29/180 6622/29/180 6619/29/180
f 6651/29/4 6605/29/4 6622/29/4
f 6570/29/5 6606/29/5 6621/29/5 6619/29/5
f 6615/29/181 6659/29/181 6623/29/181 6617/29/181
f 6659/29/4 6615/29/4 6624/29/4
f 6589/29/5 6629/29/5 6630/29/5 6627/29/5
f 6617/29/5 6709/29/5 6582/29/5
f 6624/29/182 6625/29/182 6582/29/182
f 6629/29/348 6589/29/348 6628/29/348
f 6626/29/4 6671/29/4 6307/29/4 6628/29/4
f 6335/29/184 6336/29/184 6337/29/184 6631/29/184
f 6671/29/185 6626/29/185 6630/29/185
f 6542/29/4 6336/29/4 6335/29/4
f 6632/29/186 6338/29/186 6633/29/186 6542/29/186
f 6338/29/5 6632/29/5 6337/29/5
f 6647/29/4 6680/29/4 6635/29/4 6634/29/4
f 6637/29/152 6601/29/152 6634/29/152
f 6649/29/187 6636/29/187 6680/29/187 6647/29/187
f 6636/29/5 6649/29/5 6637/29/5
f 6635/29/4 6666/29/4 6626/29/4 6639/29/4
f 6635/29/188 6639/29/188 6585/29/188 6637/29/188
f 6637/29/5 6585/29/5 6627/29/5 6638/29/5
f 6638/29/189 6627/29/189 6626/29/189 6666/29/189
f 6641/29/190 6644/29/190 6645/29/190 6611/29/190
f 6644/29/4 6641/29/4 6640/29/4
f 6642/29/187 6688/29/187 6643/29/187 6640/29/187
f 6645/29/5 6688/29/5 6642/29/5
f 6674/29/4 6647/29/4 6599/29/4 6644/29/4
f 6644/29/118 6599/29/118 6648/29/118 6645/29/118
f 6646/29/5 6645/29/5 6648/29/5 6649/29/5
f 6646/29/104 6649/29/104 6647/29/104 6674/29/104
f 6650/29/4 6699/29/4 6654/29/4 6651/29/4
f 6651/29/144 6654/29/144 6653/29/144 6621/29/144
f 6652/29/5 6621/29/5 6653/29/5 6700/29/5
f 6652/29/191 6700/29/191 6699/29/191 6650/29/191
f 6654/29/4 6684/29/4 6640/29/4 6656/29/4
f 6654/29/108 6656/29/108 6609/29/108 6653/29/108
f 6653/29/5 6609/29/5 6642/29/5 6655/29/5
f 6655/29/104 6642/29/104 6640/29/104 6684/29/104
f 6704/29/4 6662/29/4 6659/29/4 6657/29/4
f 6704/29/349 6657/29/349 6658/29/349 6660/29/349
f 6660/29/5 6658/29/5 6623/29/5 6661/29/5
f 6661/29/192 6623/29/192 6659/29/192 6662/29/192
f 6620/29/278 6661/29/278 6662/29/278 6664/29/278
f 6662/29/4 6693/29/4 6650/29/4
f 6663/29/5 6661/29/5 6620/29/5
f 6681/29/374 6668/29/374 6665/29/374 6679/29/374
f 6663/29/350 6652/29/350 6650/29/350
f 6638/29/5 6668/29/5 6681/29/5
f 6666/29/351 6667/29/351 6670/29/351 6638/29/351
f 6665/29/4 6667/29/4 6666/29/4
f 6671/29/4 6667/29/4 6669/29/4 6592/29/4
f 6592/29/90 6669/29/90 6310/29/90 6593/29/90
f 6630/29/5 6593/29/5 6310/29/5 6670/29/5
f 6630/29/352 6670/29/352 6667/29/352 6671/29/352
f 6673/29/353 6312/29/353 6313/29/353 6311/29/353
f 6311/29/5 6314/29/5 6668/29/5
f 6672/29/197 6665/29/197 6314/29/197
f 6312/29/4 6673/29/4 6672/29/4
f 6676/29/4 6674/29/4 6689/29/4 6675/29/4
f 6675/29/198 6689/29/198 6690/29/198 6719/29/198
f 6719/29/5 6690/29/5 6646/29/5 6678/29/5
f 6678/29/199 6646/29/199 6674/29/199 6676/29/199
f 6676/29/200 6680/29/200 6636/29/200 6678/29/200
f 6680/29/4 6676/29/4 6677/29/4
f 6316/29/201 6681/29/201 6679/29/201 6677/29/201
f 6636/29/5 6681/29/5 6316/29/5
f 6684/29/199 6685/29/199 6687/29/199 6655/29/199
f 6683/29/202 6682/29/202 6701/29/202
f 6685/29/4 6684/29/4 6683/29/4
f 6655/29/5 6687/29/5 6686/29/5 6701/29/5
f 6688/29/200 6687/29/200 6685/29/200 6643/29/200
f 6318/29/5 6687/29/5 6688/29/5
f 6689/29/203 6317/29/203 6318/29/203 6690/29/203
f 6317/29/4 6689/29/4 6643/29/4
f 6694/29/4 6696/29/4 6693/29/4 6691/29/4
f 6698/29/204 6663/29/204 6693/29/204 6696/29/204
f 6663/29/5 6698/29/5 6692/29/5
f 6696/29/200 6699/29/200 6700/29/200 6698/29/200
f 6692/29/205 6695/29/205 6694/29/205
f 6699/29/4 6696/29/4 6697/29/4
f 6325/29/206 6701/29/206 6682/29/206 6697/29/206
f 6700/29/5 6701/29/5 6325/29/5
f 6692/29/5 6731/29/5 6703/29/5 6660/29/5
f 6731/29/207 6692/29/207 6702/29/207
f 6660/29/160 6703/29/160 6290/29/160 6704/29/160
f 6309/29/4 6708/29/4 6595/29/4 6706/29/4
f 6702/29/4 6691/29/4 6704/29/4
f 6596/29/208 6705/29/208 6706/29/208
f 6707/29/373 6597/29/373 6708/29/373 6309/29/373
f 6596/29/5 6597/29/5 6707/29/5
f 6709/29/355 6334/29/355 6710/29/355 6624/29/355
f 6334/29/5 6709/29/5 6711/29/5
f 6333/29/211 6711/29/211 6331/29/211
f 6332/29/4 6331/29/4 6710/29/4
f 6721/29/217 6315/29/217 6720/29/217 6319/29/217
f 6315/29/5 6721/29/5 6719/29/5
f 6722/29/301 6675/29/301 6719/29/301 6723/29/301
f 6319/29/4 6675/29/4 6722/29/4
f 6724/29/4 6683/29/4 6725/29/4 6321/29/4
f 6724/29/219 6321/29/219 6322/29/219 6320/29/219
f 6320/29/5 6322/29/5 6323/29/5 6686/29/5
f 6686/29/272 6323/29/272 6725/29/272 6683/29/272
f 6726/29/221 6694/29/221 6695/29/221 6727/29/221
f 6728/29/4 6694/29/4 6726/29/4
f 6729/29/219 6324/29/219 6728/29/219 6730/29/219
f 6324/29/5 6729/29/5 6727/29/5
f 6327/29/5 6731/29/5 6727/29/5 6729/29/5
f 6727/29/222 6731/29/222 6726/29/222
f 6327/29/59 6729/29/59 6730/29/59 6326/29/59
f 6326/29/4 6726/29/4 6702/29/4
