# Blender 4.2.1 LTS
# www.blender.org
mtllib ProfilVecka1_FloatingObject_PuzzleChamber.mtl
o BézierCurve.004
v 1.174711 -22.593042 -4.313012
v 1.151571 -22.597975 -4.285567
v 1.117800 -22.603308 -4.273570
v 1.082445 -22.607615 -4.280234
v 1.054979 -22.609741 -4.303775
v 1.042765 -22.609116 -4.337882
v 1.049074 -22.605906 -4.373420
v 1.072214 -22.600975 -4.400863
v 1.105986 -22.595640 -4.412860
v 1.141340 -22.591333 -4.406196
v 1.168806 -22.589209 -4.382657
v 1.181021 -22.589832 -4.348548
v 1.194567 -22.798014 -4.330266
v 1.171366 -22.802370 -4.302775
v 1.137423 -22.806065 -4.290647
v 1.101828 -22.808107 -4.297128
v 1.074125 -22.807951 -4.320483
v 1.061735 -22.805635 -4.354453
v 1.067976 -22.801785 -4.389939
v 1.091177 -22.797428 -4.417428
v 1.125120 -22.793734 -4.429559
v 1.160711 -22.791691 -4.423078
v 1.188414 -22.791847 -4.399722
v 1.200804 -22.794161 -4.365750
v 1.207678 -23.045763 -4.356648
v 1.184462 -23.049864 -4.329131
v 1.150469 -23.052700 -4.316913
v 1.114805 -23.053514 -4.323266
v 1.087027 -23.052090 -4.346488
v 1.074579 -23.048803 -4.380359
v 1.080793 -23.044538 -4.415801
v 1.104010 -23.040438 -4.443317
v 1.138003 -23.037600 -4.455536
v 1.173666 -23.036785 -4.449183
v 1.201445 -23.038212 -4.425960
v 1.213892 -23.041498 -4.392089
v 1.216978 -23.327377 -4.390180
v 1.193762 -23.331453 -4.362660
v 1.159758 -23.333977 -4.350404
v 1.124075 -23.334276 -4.356696
v 1.096277 -23.332266 -4.379851
v 1.083807 -23.328489 -4.413663
v 1.090014 -23.323957 -4.449073
v 1.113230 -23.319880 -4.476593
v 1.147238 -23.317356 -4.488849
v 1.182921 -23.317057 -4.482556
v 1.210718 -23.319067 -4.459402
v 1.223185 -23.322844 -4.425591
v 1.225252 -23.633829 -4.428937
v 1.202040 -23.638037 -4.401433
v 1.168036 -23.640596 -4.389182
v 1.132349 -23.640821 -4.395465
v 1.104548 -23.638655 -4.418599
v 1.092074 -23.634672 -4.452386
v 1.098272 -23.629946 -4.487772
v 1.121485 -23.625738 -4.515275
v 1.155493 -23.623178 -4.527527
v 1.191176 -23.622952 -4.521243
v 1.218981 -23.625120 -4.498109
v 1.231451 -23.629101 -4.464322
v 1.235216 -23.955751 -4.470978
v 1.212011 -23.960230 -4.443510
v 1.178019 -23.963104 -4.431299
v 1.142340 -23.963606 -4.437618
v 1.114542 -23.961601 -4.460774
v 1.102072 -23.957626 -4.494561
v 1.108267 -23.952745 -4.529927
v 1.131472 -23.948269 -4.557396
v 1.165465 -23.945395 -4.569606
v 1.201140 -23.944893 -4.563287
v 1.228937 -23.946898 -4.540133
v 1.241411 -23.950872 -4.506344
v 1.249563 -24.283623 -4.514351
v 1.226378 -24.288515 -4.486938
v 1.192412 -24.291983 -4.474805
v 1.156763 -24.293095 -4.481205
v 1.128988 -24.291553 -4.504421
v 1.116526 -24.287771 -4.538235
v 1.122713 -24.282764 -4.573584
v 1.145899 -24.277872 -4.600997
v 1.179865 -24.274405 -4.613130
v 1.215513 -24.273293 -4.606730
v 1.243288 -24.274834 -4.583513
v 1.255755 -24.278614 -4.549700
v 1.270968 -24.607796 -4.557090
v 1.247824 -24.613285 -4.529755
v 1.213919 -24.617668 -4.517744
v 1.178339 -24.619770 -4.524273
v 1.150618 -24.619028 -4.547595
v 1.138182 -24.615641 -4.581460
v 1.144362 -24.610518 -4.616793
v 1.167505 -24.605028 -4.644128
v 1.201410 -24.600645 -4.656141
v 1.236990 -24.598543 -4.649611
v 1.264711 -24.599285 -4.626289
v 1.277147 -24.602673 -4.592425
v 1.302046 -24.918499 -4.597223
v 1.278990 -24.924829 -4.569995
v 1.245226 -24.930559 -4.558156
v 1.209803 -24.934149 -4.564877
v 1.182207 -24.934637 -4.588357
v 1.169840 -24.931896 -4.622304
v 1.176008 -24.926657 -4.657624
v 1.199064 -24.920326 -4.684851
v 1.232828 -24.914598 -4.696691
v 1.268252 -24.911007 -4.689970
v 1.295847 -24.910519 -4.666489
v 1.308214 -24.913260 -4.632542
v 1.345312 -25.205755 -4.632757
v 1.322447 -25.213299 -4.605679
v 1.288996 -25.221001 -4.594081
v 1.253916 -25.226801 -4.601074
v 1.226614 -25.229141 -4.624780
v 1.214403 -25.227398 -4.658850
v 1.220553 -25.222036 -4.694154
v 1.243418 -25.214495 -4.721233
v 1.276873 -25.206791 -4.732831
v 1.311949 -25.200993 -4.725838
v 1.339251 -25.198650 -4.702131
v 1.351465 -25.200396 -4.668061
v 1.402998 -25.459242 -4.661692
v 1.380564 -25.468584 -4.634817
v 1.347818 -25.479254 -4.623553
v 1.313540 -25.488398 -4.630921
v 1.286909 -25.493561 -4.654946
v 1.275068 -25.493364 -4.689189
v 1.281183 -25.487856 -4.724477
v 1.303618 -25.478518 -4.751354
v 1.336363 -25.467846 -4.762617
v 1.370642 -25.458704 -4.755249
v 1.397272 -25.453539 -4.731225
v 1.409117 -25.453735 -4.696980
v 1.476526 -25.668072 -4.682058
v 1.455122 -25.680172 -4.655442
v 1.424097 -25.695436 -4.644612
v 1.391760 -25.709772 -4.652469
v 1.366778 -25.719341 -4.676909
v 1.355845 -25.721579 -4.711382
v 1.361891 -25.715883 -4.746652
v 1.383295 -25.703783 -4.773268
v 1.414320 -25.688519 -4.784099
v 1.446657 -25.674183 -4.776241
v 1.471640 -25.664614 -4.751801
v 1.482573 -25.662378 -4.717328
v 1.571600 -25.830444 -4.692645
v 1.550840 -25.843796 -4.666116
v 1.521013 -25.861387 -4.655450
v 1.490107 -25.878504 -4.663503
v 1.466406 -25.890560 -4.688118
v 1.456263 -25.894327 -4.722699
v 1.462389 -25.888792 -4.757980
v 1.483149 -25.875441 -4.784508
v 1.512980 -25.857849 -4.795174
v 1.543882 -25.840733 -4.787121
v 1.567583 -25.828676 -4.762507
v 1.577730 -25.824911 -4.727926
v 1.660940 -25.992674 -4.700956
v 1.638689 -26.002882 -4.674243
v 1.606699 -26.015921 -4.663310
v 1.573542 -26.028297 -4.671084
v 1.548105 -26.036695 -4.695484
v 1.537203 -26.038866 -4.729970
v 1.543757 -26.034227 -4.765305
v 1.566008 -26.024021 -4.792017
v 1.597998 -26.010983 -4.802951
v 1.631155 -25.998606 -4.795177
v 1.656592 -25.990206 -4.770777
v 1.667494 -25.988035 -4.736290
v 1.707323 -26.187546 -4.714036
v 1.683748 -26.192608 -4.686987
v 1.649786 -26.197958 -4.675552
v 1.614531 -26.202164 -4.682795
v 1.587435 -26.204098 -4.706772
v 1.575754 -26.203241 -4.741063
v 1.582621 -26.199825 -4.776475
v 1.606196 -26.194763 -4.803524
v 1.640162 -26.189413 -4.814958
v 1.675413 -26.185207 -4.807718
v 1.702513 -26.183273 -4.783740
v 1.714190 -26.184130 -4.749449
v 1.714655 -26.399948 -4.729678
v 1.690889 -26.401165 -4.702352
v 1.656645 -26.400892 -4.690511
v 1.621100 -26.399200 -4.697329
v 1.593771 -26.396545 -4.720975
v 1.581991 -26.393637 -4.755118
v 1.588907 -26.391254 -4.790606
v 1.612673 -26.390038 -4.817931
v 1.646917 -26.390312 -4.829772
v 1.682467 -26.392004 -4.822956
v 1.709791 -26.394659 -4.799308
v 1.721575 -26.397568 -4.765166
v 1.691950 -26.625669 -4.746272
v 1.668425 -26.624195 -4.718752
v 1.634520 -26.620119 -4.706636
v 1.599321 -26.614532 -4.713171
v 1.572256 -26.608932 -4.736606
v 1.560583 -26.604818 -4.770661
v 1.567427 -26.603294 -4.806211
v 1.590952 -26.604767 -4.833731
v 1.624857 -26.608843 -4.845847
v 1.660055 -26.614429 -4.839311
v 1.687117 -26.620029 -4.815876
v 1.698794 -26.624144 -4.781822
v 1.647112 -26.860960 -4.762317
v 1.623922 -26.857626 -4.734673
v 1.590471 -26.851072 -4.722391
v 1.555712 -26.843052 -4.728763
v 1.528967 -26.835716 -4.752081
v 1.517397 -26.831030 -4.786096
v 1.524103 -26.830248 -4.821698
v 1.547289 -26.833582 -4.849342
v 1.580744 -26.840136 -4.861624
v 1.615500 -26.848156 -4.855252
v 1.642248 -26.855492 -4.831934
v 1.653818 -26.860178 -4.797918
v 1.587423 -27.101807 -4.776329
v 1.564547 -27.097191 -4.748611
v 1.531462 -27.089108 -4.736242
v 1.497034 -27.079723 -4.742535
v 1.470488 -27.071552 -4.765807
v 1.458937 -27.066784 -4.799819
v 1.465475 -27.066696 -4.835458
v 1.488356 -27.071312 -4.863176
v 1.521441 -27.079395 -4.875545
v 1.555868 -27.088779 -4.869251
v 1.582411 -27.096951 -4.845980
v 1.593962 -27.101719 -4.811968
v 1.519941 -27.343861 -4.786813
v 1.497301 -27.338383 -4.759058
v 1.464430 -27.329508 -4.746657
v 1.430143 -27.319614 -4.752929
v 1.403624 -27.311350 -4.776196
v 1.391977 -27.306934 -4.810222
v 1.398325 -27.307547 -4.845891
v 1.420965 -27.313025 -4.873645
v 1.453837 -27.321899 -4.886048
v 1.488123 -27.331793 -4.879775
v 1.514643 -27.340057 -4.856509
v 1.526289 -27.344473 -4.822482
v 1.451632 -27.582497 -4.792279
v 1.429136 -27.576496 -4.764513
v 1.396307 -27.567478 -4.752108
v 1.361941 -27.557863 -4.758388
v 1.335245 -27.550224 -4.781666
v 1.323374 -27.546610 -4.815710
v 1.329508 -27.547987 -4.851395
v 1.352003 -27.553988 -4.879160
v 1.384833 -27.563005 -4.891566
v 1.419199 -27.572620 -4.885287
v 1.445894 -27.580259 -4.862007
v 1.457766 -27.583874 -4.827963
v 1.389414 -27.812815 -4.791260
v 1.366976 -27.806604 -4.763495
v 1.334002 -27.798126 -4.751087
v 1.299334 -27.789656 -4.757359
v 1.272261 -27.783461 -4.780627
v 1.260031 -27.781199 -4.814661
v 1.265928 -27.783480 -4.850340
v 1.288366 -27.789690 -4.878104
v 1.321341 -27.798166 -4.890513
v 1.356009 -27.806639 -4.884242
v 1.383082 -27.812834 -4.860972
v 1.395311 -27.815094 -4.826939
v 1.340140 -28.029583 -4.782369
v 1.317671 -28.023512 -4.754600
v 1.284395 -28.016418 -4.742128
v 1.249235 -28.010204 -4.748298
v 1.221609 -28.006535 -4.771455
v 1.208922 -28.006392 -4.805394
v 1.214567 -28.009815 -4.841022
v 1.237036 -28.015886 -4.868793
v 1.270311 -28.022980 -4.881263
v 1.305472 -28.029194 -4.875093
v 1.333098 -28.032864 -4.851936
v 1.345789 -28.033007 -4.817997
v 1.310408 -28.227118 -4.764416
v 1.287859 -28.221640 -4.736589
v 1.254233 -28.217110 -4.723871
v 1.218542 -28.214741 -4.729670
v 1.190352 -28.215170 -4.752432
v 1.177214 -28.218281 -4.786057
v 1.182650 -28.223242 -4.821537
v 1.205202 -28.228720 -4.849363
v 1.238829 -28.233252 -4.862082
v 1.274519 -28.235619 -4.856283
v 1.302706 -28.235189 -4.833521
v 1.315844 -28.232079 -4.799896
v 1.306292 -28.404249 -4.735717
v 1.283724 -28.399233 -4.707818
v 1.250002 -28.397066 -4.694730
v 1.214171 -28.398331 -4.699961
v 1.185824 -28.402687 -4.722109
v 1.172564 -28.408968 -4.755239
v 1.177935 -28.415491 -4.790474
v 1.200506 -28.420507 -4.818374
v 1.234224 -28.422672 -4.831461
v 1.270060 -28.421408 -4.826230
v 1.298403 -28.417051 -4.804083
v 1.311667 -28.410770 -4.770952
v 1.313292 -28.576744 -4.699281
v 1.290716 -28.571259 -4.671474
v 1.256998 -28.569105 -4.658384
v 1.221171 -28.570862 -4.663518
v 1.192839 -28.576056 -4.685498
v 1.179587 -28.583296 -4.718437
v 1.184973 -28.590645 -4.753509
v 1.207548 -28.596128 -4.781314
v 1.241266 -28.598284 -4.794404
v 1.277094 -28.596527 -4.789271
v 1.305430 -28.591333 -4.767290
v 1.318678 -28.584093 -4.734351
v 1.312719 -28.755741 -4.661054
v 1.290144 -28.749378 -4.633434
v 1.256430 -28.745916 -4.620623
v 1.220606 -28.746284 -4.626050
v 1.192274 -28.750381 -4.648264
v 1.179022 -28.757113 -4.681311
v 1.184408 -28.764671 -4.716337
v 1.206984 -28.771034 -4.743957
v 1.240698 -28.774496 -4.756768
v 1.276526 -28.774130 -4.751341
v 1.304857 -28.770031 -4.729127
v 1.318106 -28.763302 -4.696080
v 1.305319 -28.937883 -4.622565
v 1.282766 -28.930899 -4.595078
v 1.249090 -28.926384 -4.582486
v 1.213316 -28.925554 -4.588165
v 1.185022 -28.928627 -4.610595
v 1.171797 -28.934782 -4.643762
v 1.177179 -28.942369 -4.678782
v 1.199732 -28.949356 -4.706271
v 1.233404 -28.953869 -4.718863
v 1.269182 -28.954699 -4.713182
v 1.297476 -28.951626 -4.690754
v 1.310701 -28.945471 -4.657586
v 1.291960 -29.123882 -4.584499
v 1.269434 -29.116518 -4.557088
v 1.235815 -29.111206 -4.544661
v 1.200110 -29.109369 -4.550545
v 1.171885 -29.111498 -4.573166
v 1.158701 -29.117022 -4.606462
v 1.164095 -29.124464 -4.641512
v 1.186621 -29.131826 -4.668923
v 1.220240 -29.137138 -4.681354
v 1.255945 -29.138977 -4.675467
v 1.284170 -29.136848 -4.652846
v 1.297354 -29.131323 -4.619550
v 1.273512 -29.314457 -4.547535
v 1.251001 -29.306948 -4.520151
v 1.217436 -29.301079 -4.507831
v 1.181807 -29.298420 -4.513873
v 1.153666 -29.299686 -4.536661
v 1.140547 -29.304537 -4.570088
v 1.145968 -29.311672 -4.605197
v 1.168478 -29.319180 -4.632581
v 1.202047 -29.325050 -4.644901
v 1.237673 -29.327707 -4.638859
v 1.265818 -29.326443 -4.616071
v 1.278937 -29.321592 -4.582644
v 1.250837 -29.510336 -4.512343
v 1.228319 -29.502897 -4.484947
v 1.194792 -29.496698 -4.472686
v 1.159239 -29.493399 -4.478844
v 1.131182 -29.493883 -4.501771
v 1.118147 -29.498024 -4.535325
v 1.123621 -29.504707 -4.570515
v 1.146139 -29.512146 -4.597910
v 1.179667 -29.518347 -4.610172
v 1.215223 -29.521645 -4.604014
v 1.243277 -29.521160 -4.581087
v 1.256312 -29.517019 -4.547533
v 1.224795 -29.712248 -4.479596
v 1.202242 -29.705076 -4.452157
v 1.168730 -29.698759 -4.439914
v 1.133234 -29.694988 -4.446148
v 1.105269 -29.694775 -4.469189
v 1.092325 -29.698175 -4.502862
v 1.097876 -29.704279 -4.538145
v 1.120428 -29.711451 -4.565584
v 1.153940 -29.717770 -4.577826
v 1.189436 -29.721540 -4.571593
v 1.217402 -29.721754 -4.548553
v 1.230341 -29.718353 -4.514879
v 1.196230 -29.920929 -4.449959
v 1.173617 -29.914202 -4.422457
v 1.140093 -29.907959 -4.410204
v 1.104639 -29.903875 -4.416483
v 1.076758 -29.903042 -4.439610
v 1.063921 -29.905684 -4.473390
v 1.069563 -29.911093 -4.508772
v 1.092177 -29.917820 -4.536274
v 1.125700 -29.924063 -4.548528
v 1.161150 -29.928146 -4.542250
v 1.189032 -29.928980 -4.519121
v 1.201872 -29.926338 -4.485341
v 1.165987 -30.137112 -4.424098
v 1.143293 -30.130987 -4.396524
v 1.109732 -30.124996 -4.384241
v 1.074305 -30.120743 -4.390539
v 1.046499 -30.119366 -4.413733
v 1.033766 -30.121237 -4.447605
v 1.039518 -30.125851 -4.483081
v 1.062216 -30.131975 -4.510654
v 1.095774 -30.137966 -4.522938
v 1.131205 -30.142220 -4.516640
v 1.159010 -30.143597 -4.493447
v 1.171740 -30.141726 -4.459575
v 1.134916 -30.361530 -4.402678
v 1.112116 -30.356150 -4.375034
v 1.078501 -30.350567 -4.362711
v 1.043078 -30.346277 -4.369013
v 1.015337 -30.344431 -4.392250
v 1.002710 -30.345524 -4.426197
v 1.008585 -30.349260 -4.461757
v 1.031386 -30.354641 -4.489402
v 1.065001 -30.360224 -4.501724
v 1.100424 -30.364513 -4.495422
v 1.128164 -30.366358 -4.472184
v 1.140787 -30.365267 -4.438238
v 1.103850 -30.594923 -4.386364
v 1.080935 -30.590405 -4.358660
v 1.047247 -30.585369 -4.346298
v 1.011812 -30.581165 -4.352594
v 0.984125 -30.578918 -4.375860
v 0.971602 -30.579231 -4.409861
v 0.977602 -30.582022 -4.445486
v 1.000513 -30.586538 -4.473191
v 1.034201 -30.591574 -4.485551
v 1.069636 -30.595779 -4.479256
v 1.097326 -30.598026 -4.455990
v 1.109846 -30.597712 -4.421989
v 1.073622 -30.838051 -4.375818
v 1.050593 -30.834480 -4.348072
v 1.016825 -30.830091 -4.335684
v 0.981367 -30.826063 -4.341972
v 0.953722 -30.823473 -4.365253
v 0.941294 -30.823013 -4.399286
v 0.947416 -30.824810 -4.434957
v 0.970446 -30.828382 -4.462701
v 1.004213 -30.832769 -4.475089
v 1.039671 -30.836800 -4.468801
v 1.067316 -30.839390 -4.445520
v 1.079744 -30.839848 -4.411486
v 1.404711 -22.720797 0.303378
v 1.381861 -22.726892 0.330831
v 1.348395 -22.733883 0.342839
v 1.313288 -22.739895 0.336192
v 1.285940 -22.743319 0.312667
v 1.273684 -22.743233 0.278567
v 1.279802 -22.739664 0.243032
v 1.302656 -22.733568 0.215581
v 1.336119 -22.726578 0.203570
v 1.371229 -22.720568 0.210218
v 1.398573 -22.717144 0.233745
v 1.410830 -22.717228 0.267842
v 1.427969 -22.891586 0.303228
v 1.404333 -22.891977 0.330690
v 1.370230 -22.894297 0.342712
v 1.334795 -22.897924 0.336068
v 1.307524 -22.901888 0.312543
v 1.295721 -22.905125 0.278436
v 1.302553 -22.906767 0.242889
v 1.326189 -22.906378 0.215427
v 1.360293 -22.904058 0.203406
v 1.395727 -22.900431 0.210050
v 1.422999 -22.896467 0.233575
v 1.434801 -22.893229 0.267682
v 1.435251 -23.054255 0.324056
v 1.411368 -23.049444 0.350877
v 1.377058 -23.047508 0.362373
v 1.341517 -23.048964 0.355462
v 1.314268 -23.053419 0.331996
v 1.302614 -23.059683 0.298265
v 1.309675 -23.066076 0.263303
v 1.333559 -23.070885 0.236482
v 1.367869 -23.072821 0.224988
v 1.403406 -23.071367 0.231898
v 1.430655 -23.066912 0.255365
v 1.442312 -23.060648 0.289096
v 1.429770 -23.210220 0.361608
v 1.406012 -23.201250 0.387454
v 1.371809 -23.195904 0.398152
v 1.336321 -23.195620 0.390832
v 1.309061 -23.200472 0.367459
v 1.297331 -23.209158 0.334294
v 1.304278 -23.219353 0.300225
v 1.328032 -23.228325 0.274379
v 1.362238 -23.233669 0.263681
v 1.397726 -23.233953 0.271001
v 1.424986 -23.229103 0.294374
v 1.436712 -23.220415 0.327539
v 1.414759 -23.361015 0.411613
v 1.391279 -23.349112 0.436509
v 1.357298 -23.341366 0.446428
v 1.321928 -23.339855 0.438714
v 1.294642 -23.344984 0.415429
v 1.282751 -23.355379 0.382817
v 1.289446 -23.368254 0.349614
v 1.312925 -23.380157 0.324720
v 1.346907 -23.387903 0.314799
v 1.382277 -23.389414 0.322515
v 1.409563 -23.384283 0.345798
v 1.421454 -23.373890 0.378410
v 1.393442 -23.508234 0.469831
v 1.370199 -23.494616 0.494066
v 1.336413 -23.485470 0.503442
v 1.301142 -23.483244 0.495450
v 1.273832 -23.488535 0.472230
v 1.261805 -23.499926 0.440004
v 1.268278 -23.514364 0.407407
v 1.291525 -23.527983 0.383172
v 1.325308 -23.537128 0.373796
v 1.360579 -23.539354 0.381787
v 1.387888 -23.534063 0.405007
v 1.399916 -23.522671 0.437234
v 1.369013 -23.653486 0.532066
v 1.345858 -23.639311 0.556064
v 1.312147 -23.629705 0.565248
v 1.276915 -23.627245 0.557157
v 1.249598 -23.632589 0.533960
v 1.237517 -23.644306 0.501870
v 1.243906 -23.659256 0.469489
v 1.267061 -23.673433 0.445491
v 1.300772 -23.683039 0.436305
v 1.336004 -23.685497 0.444396
v 1.363321 -23.680153 0.467595
v 1.375403 -23.668436 0.499685
v 1.344637 -23.798378 0.594148
v 1.321394 -23.784761 0.618383
v 1.287611 -23.775614 0.627759
v 1.252340 -23.773390 0.619767
v 1.225031 -23.778681 0.596547
v 1.213003 -23.790071 0.564321
v 1.219477 -23.804510 0.531724
v 1.242720 -23.818127 0.507489
v 1.276507 -23.827272 0.498113
v 1.311777 -23.829500 0.506105
v 1.339087 -23.824207 0.529325
v 1.351114 -23.812817 0.561551
v 1.323473 -23.944490 0.651939
v 1.299994 -23.932585 0.676835
v 1.266012 -23.924839 0.686755
v 1.230642 -23.923330 0.679040
v 1.203356 -23.928459 0.655757
v 1.191465 -23.938852 0.623145
v 1.198160 -23.951727 0.589942
v 1.221640 -23.963633 0.565046
v 1.255621 -23.971376 0.555127
v 1.290991 -23.972887 0.562841
v 1.318277 -23.967758 0.586126
v 1.330168 -23.957363 0.618737
v 1.308642 -24.093390 0.701329
v 1.284884 -24.084417 0.727176
v 1.250681 -24.079073 0.737874
v 1.215193 -24.078789 0.730554
v 1.187933 -24.083639 0.707181
v 1.176203 -24.092327 0.674016
v 1.183149 -24.102522 0.639947
v 1.206907 -24.111494 0.614101
v 1.241110 -24.116838 0.603402
v 1.276598 -24.117123 0.610721
v 1.303858 -24.112272 0.634095
v 1.315588 -24.103586 0.667260
v 1.303244 -24.246668 0.738252
v 1.279360 -24.241858 0.765073
v 1.245051 -24.239922 0.776567
v 1.209513 -24.241377 0.769656
v 1.182264 -24.245832 0.746190
v 1.170607 -24.252096 0.712459
v 1.177668 -24.258490 0.677497
v 1.201552 -24.263298 0.650678
v 1.235861 -24.265234 0.639182
v 1.271402 -24.263781 0.646093
v 1.298647 -24.259323 0.669559
v 1.310305 -24.253059 0.703290
v 1.310366 -24.405975 0.758666
v 1.286730 -24.406366 0.786128
v 1.252627 -24.408686 0.798148
v 1.217192 -24.412313 0.791505
v 1.189921 -24.416277 0.767980
v 1.178118 -24.419514 0.733873
v 1.184950 -24.421156 0.698327
v 1.208586 -24.420767 0.670863
v 1.242689 -24.418446 0.658843
v 1.278124 -24.414820 0.665487
v 1.305395 -24.410856 0.689012
v 1.317198 -24.407618 0.723119
v 1.333353 -24.574780 0.758518
v 1.310167 -24.579065 0.786033
v 1.276400 -24.584274 0.798091
v 1.241091 -24.589012 0.791463
v 1.213709 -24.592009 0.767925
v 1.201586 -24.592459 0.733781
v 1.207972 -24.590246 0.698183
v 1.231154 -24.585960 0.670667
v 1.264921 -24.580751 0.658607
v 1.300230 -24.576014 0.665235
v 1.327612 -24.573017 0.688776
v 1.339735 -24.572565 0.722919
v 1.360731 -24.762520 0.744850
v 1.337618 -24.767334 0.772335
v 1.303808 -24.772230 0.784410
v 1.268362 -24.775898 0.777845
v 1.240778 -24.777353 0.754392
v 1.228449 -24.776205 0.720338
v 1.234675 -24.772764 0.684810
v 1.257792 -24.767950 0.657323
v 1.291601 -24.763052 0.645246
v 1.327047 -24.759384 0.651815
v 1.354628 -24.757929 0.675266
v 1.366961 -24.759077 0.709320
v 1.379393 -24.971346 0.728250
v 1.356192 -24.975229 0.755809
v 1.322241 -24.978613 0.768005
v 1.286635 -24.980593 0.761571
v 1.258921 -24.980639 0.738231
v 1.246519 -24.978735 0.704237
v 1.252756 -24.975393 0.668701
v 1.275957 -24.971512 0.641141
v 1.309912 -24.968126 0.628944
v 1.345514 -24.966146 0.635377
v 1.373228 -24.966105 0.658720
v 1.385630 -24.968008 0.692712
v 1.390940 -25.195629 0.709457
v 1.367705 -25.198889 0.737068
v 1.333696 -25.201262 0.749349
v 1.298033 -25.202112 0.743009
v 1.270266 -25.201212 0.719747
v 1.257834 -25.198805 0.685796
v 1.264074 -25.195532 0.650253
v 1.287314 -25.192274 0.622640
v 1.321322 -25.189899 0.610361
v 1.356985 -25.189049 0.616701
v 1.384752 -25.189947 0.639963
v 1.397181 -25.192356 0.673913
v 1.397211 -25.431526 0.689022
v 1.373961 -25.434385 0.716667
v 1.339934 -25.436110 0.729003
v 1.304247 -25.436239 0.722726
v 1.276465 -25.434734 0.699516
v 1.264025 -25.432003 0.665594
v 1.270266 -25.428774 0.630046
v 1.293516 -25.425915 0.602401
v 1.327543 -25.424191 0.590065
v 1.363230 -25.424063 0.596342
v 1.391012 -25.425566 0.619550
v 1.403452 -25.428299 0.653474
v 1.399981 -25.675079 0.667503
v 1.376730 -25.677715 0.695169
v 1.342699 -25.679077 0.707536
v 1.307005 -25.678801 0.701295
v 1.279219 -25.676958 0.678113
v 1.266775 -25.674046 0.644208
v 1.273020 -25.670841 0.608659
v 1.296270 -25.668205 0.580993
v 1.330301 -25.666843 0.568624
v 1.365992 -25.667120 0.574867
v 1.393782 -25.668962 0.598047
v 1.406222 -25.671875 0.631954
v 1.401011 -25.922249 0.645462
v 1.377756 -25.924812 0.673133
v 1.343725 -25.926058 0.685512
v 1.308035 -25.925652 0.679283
v 1.280245 -25.923700 0.656112
v 1.267801 -25.920729 0.622209
v 1.274046 -25.917532 0.586660
v 1.297297 -25.914968 0.558988
v 1.331328 -25.913723 0.546609
v 1.367022 -25.914129 0.552839
v 1.394812 -25.916080 0.576009
v 1.407251 -25.919052 0.609912
v 1.402037 -26.168940 0.623462
v 1.378782 -26.171576 0.651128
v 1.344751 -26.172937 0.663497
v 1.309061 -26.172661 0.657255
v 1.281271 -26.170818 0.634075
v 1.268831 -26.167906 0.600168
v 1.275072 -26.164701 0.564619
v 1.298323 -26.162066 0.536954
v 1.332354 -26.160704 0.524583
v 1.368048 -26.160980 0.530826
v 1.395838 -26.162823 0.554006
v 1.408278 -26.165735 0.587913
v 1.404787 -26.411007 0.602075
v 1.381537 -26.413866 0.629720
v 1.347513 -26.415590 0.642057
v 1.311827 -26.415718 0.635780
v 1.284041 -26.414215 0.612569
v 1.271601 -26.411482 0.578645
v 1.277846 -26.408255 0.543100
v 1.301092 -26.405396 0.515455
v 1.335119 -26.403669 0.503118
v 1.370806 -26.403542 0.509395
v 1.398588 -26.405046 0.532606
v 1.411028 -26.407778 0.566528
v 1.410978 -26.644249 0.581869
v 1.387743 -26.647509 0.609479
v 1.353735 -26.649881 0.621761
v 1.318068 -26.650732 0.615421
v 1.290300 -26.649832 0.592159
v 1.277872 -26.647423 0.558208
v 1.284113 -26.644152 0.522665
v 1.307348 -26.640892 0.495054
v 1.341356 -26.638519 0.482772
v 1.377024 -26.637669 0.489112
v 1.404791 -26.638567 0.512374
v 1.417219 -26.640976 0.546327
v 1.422297 -26.864386 0.563421
v 1.399096 -26.868269 0.590980
v 1.365145 -26.871653 0.603178
v 1.329538 -26.873632 0.596742
v 1.301825 -26.873676 0.573402
v 1.289423 -26.871773 0.539409
v 1.295660 -26.868433 0.503871
v 1.318861 -26.864550 0.476312
v 1.352816 -26.861166 0.464117
v 1.388418 -26.859186 0.470550
v 1.416132 -26.859142 0.493890
v 1.428534 -26.861046 0.527885
v 1.440378 -27.067017 0.547311
v 1.417261 -27.071831 0.574798
v 1.383452 -27.076729 0.586874
v 1.348009 -27.080397 0.580308
v 1.320425 -27.081850 0.556856
v 1.308096 -27.080704 0.522802
v 1.314322 -27.077261 0.487274
v 1.337439 -27.072447 0.459787
v 1.371248 -27.067549 0.447710
v 1.406691 -27.063883 0.454278
v 1.434275 -27.062428 0.477729
v 1.446604 -27.063574 0.511783
v 1.466951 -27.248810 0.534021
v 1.443926 -27.254271 0.561460
v 1.410311 -27.260532 0.573446
v 1.375105 -27.265921 0.566759
v 1.347750 -27.268990 0.543195
v 1.335573 -27.268919 0.509069
v 1.341833 -27.265726 0.473524
v 1.364859 -27.260267 0.446083
v 1.398478 -27.254004 0.434099
v 1.433680 -27.248615 0.440784
v 1.461035 -27.245546 0.464347
v 1.473211 -27.245617 0.498474
v 1.494799 -27.400679 0.526632
v 1.471655 -27.405439 0.554101
v 1.438044 -27.411736 0.566083
v 1.402968 -27.417879 0.559366
v 1.375834 -27.422222 0.535751
v 1.363905 -27.423605 0.501564
v 1.370382 -27.421654 0.465967
v 1.393526 -27.416893 0.438495
v 1.427137 -27.410597 0.426513
v 1.462210 -27.404455 0.433231
v 1.489348 -27.400110 0.456846
v 1.501276 -27.398729 0.491033
v 1.515593 -27.519098 0.527118
v 1.492102 -27.521854 0.554571
v 1.458284 -27.526943 0.566541
v 1.423197 -27.533001 0.559824
v 1.396242 -27.538406 0.536218
v 1.384646 -27.541710 0.502050
v 1.391512 -27.542027 0.466472
v 1.414999 -27.539272 0.439020
v 1.448820 -27.534182 0.427049
v 1.483908 -27.528124 0.433767
v 1.510859 -27.522718 0.457372
v 1.522459 -27.519415 0.491542
v 1.529677 -27.610415 0.534170
v 1.505739 -27.610168 0.561374
v 1.471617 -27.613192 0.573175
v 1.436442 -27.618677 0.566408
v 1.409647 -27.625151 0.542890
v 1.398409 -27.630880 0.508924
v 1.405741 -27.634329 0.473606
v 1.429674 -27.634575 0.446401
v 1.463801 -27.631552 0.434602
v 1.498976 -27.626066 0.441368
v 1.525770 -27.619593 0.464885
v 1.537008 -27.613863 0.498853
v 1.537523 -27.682203 0.546600
v 1.513178 -27.677921 0.573095
v 1.478735 -27.677816 0.584344
v 1.443422 -27.681915 0.577337
v 1.416700 -27.689121 0.553947
v 1.405733 -27.697504 0.520444
v 1.413458 -27.704815 0.485807
v 1.437803 -27.709097 0.459312
v 1.472246 -27.709202 0.448063
v 1.507559 -27.705103 0.455072
v 1.534281 -27.697897 0.478460
v 1.545248 -27.689516 0.511961
v 1.539423 -27.742025 0.563436
v 1.514963 -27.733337 0.588716
v 1.480417 -27.729353 0.598900
v 1.445044 -27.731138 0.591255
v 1.418322 -27.738218 0.567831
v 1.407408 -27.748693 0.534904
v 1.415228 -27.759756 0.501299
v 1.439692 -27.768444 0.476019
v 1.474234 -27.772430 0.465835
v 1.509611 -27.770643 0.473480
v 1.536333 -27.763565 0.496904
v 1.547247 -27.753090 0.529831
v 1.535456 -27.796675 0.583519
v 1.511236 -27.784573 0.607601
v 1.476946 -27.776989 0.616518
v 1.441771 -27.775955 0.607881
v 1.415136 -27.781748 0.584005
v 1.404181 -27.792816 0.551286
v 1.411841 -27.806192 0.518493
v 1.436060 -27.818295 0.494413
v 1.470354 -27.825878 0.485496
v 1.505526 -27.826912 0.494133
v 1.532160 -27.821119 0.518009
v 1.543116 -27.810051 0.550726
v 1.525931 -27.851984 0.605005
v 1.501928 -27.838530 0.628584
v 1.468004 -27.828697 0.636663
v 1.433241 -27.825123 0.627083
v 1.406958 -27.828764 0.602407
v 1.396196 -27.838646 0.569248
v 1.403841 -27.852118 0.536491
v 1.427839 -27.865574 0.512914
v 1.461767 -27.875406 0.504833
v 1.496527 -27.878981 0.514414
v 1.522810 -27.875338 0.539089
v 1.533571 -27.865458 0.572248
v 1.511610 -27.913656 0.625808
v 1.487459 -27.900885 0.649610
v 1.453665 -27.890465 0.657499
v 1.419279 -27.885187 0.647360
v 1.393519 -27.886469 0.621908
v 1.383288 -27.893965 0.587967
v 1.391321 -27.905666 0.554628
v 1.415472 -27.918438 0.530826
v 1.449267 -27.928858 0.522938
v 1.483652 -27.934134 0.533077
v 1.509413 -27.932854 0.558527
v 1.519648 -27.925358 0.592470
v 1.493288 -27.987997 0.644335
v 1.468680 -27.977144 0.668613
v 1.434729 -27.967373 0.676662
v 1.400534 -27.961300 0.666324
v 1.375258 -27.960552 0.640371
v 1.365675 -27.965334 0.605755
v 1.374354 -27.974360 0.571752
v 1.398966 -27.985212 0.547474
v 1.432917 -27.994984 0.539425
v 1.467108 -28.001057 0.549761
v 1.492384 -28.001802 0.575716
v 1.501967 -27.997023 0.610332
v 1.471476 -28.081970 0.659408
v 1.446337 -28.073418 0.684063
v 1.412100 -28.064892 0.692316
v 1.377939 -28.058678 0.681955
v 1.353006 -28.056440 0.655758
v 1.343985 -28.058779 0.620743
v 1.353289 -28.065065 0.586292
v 1.378428 -28.073618 0.561636
v 1.412665 -28.082144 0.553385
v 1.446825 -28.088358 0.563745
v 1.471758 -28.090595 0.589943
v 1.480780 -28.088257 0.624958
v 1.446509 -28.202829 0.669893
v 1.420923 -28.196445 0.694746
v 1.386400 -28.189299 0.703123
v 1.352194 -28.183304 0.692781
v 1.327467 -28.180067 0.666494
v 1.318846 -28.180454 0.631302
v 1.328642 -28.184364 0.596636
v 1.354227 -28.190748 0.571785
v 1.388750 -28.197893 0.563406
v 1.422957 -28.203890 0.573747
v 1.447680 -28.207127 0.600034
v 1.456301 -28.206738 0.635227
v 1.418699 -28.357935 0.674555
v 1.392744 -28.353630 0.699468
v 1.357969 -28.347906 0.707887
v 1.323694 -28.342295 0.697559
v 1.299101 -28.338301 0.671247
v 1.290785 -28.336994 0.636005
v 1.300966 -28.338724 0.601274
v 1.326922 -28.343029 0.576360
v 1.361696 -28.348753 0.567940
v 1.395971 -28.354364 0.578270
v 1.420565 -28.358360 0.604580
v 1.428881 -28.359667 0.639822
v 1.392466 -28.533726 0.669889
v 1.366190 -28.531549 0.694746
v 1.331194 -28.527325 0.703127
v 1.296850 -28.522186 0.692785
v 1.272360 -28.517509 0.666492
v 1.264288 -28.514547 0.631292
v 1.274794 -28.514093 0.596618
v 1.301069 -28.516268 0.571760
v 1.336065 -28.520493 0.563379
v 1.370413 -28.525631 0.573721
v 1.394903 -28.530308 0.600013
v 1.402975 -28.533272 0.635214
v 1.371477 -28.711933 0.655536
v 1.344988 -28.711567 0.680258
v 1.309828 -28.708696 0.688537
v 1.275419 -28.704086 0.678156
v 1.250982 -28.698977 0.651895
v 1.243063 -28.694733 0.616792
v 1.253782 -28.692495 0.582254
v 1.280272 -28.692862 0.557531
v 1.315432 -28.695732 0.549251
v 1.349840 -28.700342 0.559633
v 1.374277 -28.705452 0.585893
v 1.382197 -28.709696 0.620996
v 1.354937 -28.892889 0.634901
v 1.328337 -28.893715 0.659492
v 1.293085 -28.891857 0.667661
v 1.258623 -28.887814 0.657217
v 1.234190 -28.882666 0.630960
v 1.226328 -28.877794 0.595926
v 1.237146 -28.874504 0.561502
v 1.263746 -28.873676 0.536911
v 1.298998 -28.875534 0.528742
v 1.333460 -28.879580 0.539184
v 1.357893 -28.884726 0.565441
v 1.365755 -28.889599 0.600475
v 1.342039 -29.077065 0.611349
v 1.315397 -29.078495 0.635866
v 1.280096 -29.077328 0.643949
v 1.245592 -29.073877 0.633434
v 1.221132 -29.069067 0.607136
v 1.213274 -29.064186 0.572101
v 1.224115 -29.060543 0.537721
v 1.250757 -29.059113 0.513202
v 1.286062 -29.060280 0.505119
v 1.320562 -29.063730 0.515634
v 1.345022 -29.068541 0.541933
v 1.352884 -29.073421 0.576967
v 1.331984 -29.264936 0.588228
v 1.305338 -29.266411 0.612739
v 1.270014 -29.265627 0.620777
v 1.235479 -29.262798 0.610187
v 1.210981 -29.258678 0.583807
v 1.203089 -29.254375 0.548706
v 1.213915 -29.251040 0.514288
v 1.240561 -29.249565 0.489776
v 1.275885 -29.250349 0.481737
v 1.310423 -29.253178 0.492326
v 1.334917 -29.257296 0.518707
v 1.342810 -29.261600 0.553810
v 1.323973 -29.456976 0.568865
v 1.297346 -29.457966 0.593422
v 1.262022 -29.457277 0.601452
v 1.227457 -29.455093 0.590799
v 1.202917 -29.452000 0.564321
v 1.194975 -29.448826 0.529108
v 1.205763 -29.446419 0.494600
v 1.232386 -29.445429 0.470041
v 1.267714 -29.446117 0.462013
v 1.302279 -29.448301 0.472666
v 1.326819 -29.451395 0.499145
v 1.334761 -29.454569 0.534355
v 1.317217 -29.653660 0.556570
v 1.290629 -29.653673 0.581186
v 1.255308 -29.652805 0.589226
v 1.220720 -29.651289 0.578535
v 1.196131 -29.649529 0.551977
v 1.188131 -29.647999 0.516668
v 1.198866 -29.647106 0.482073
v 1.225454 -29.647091 0.457456
v 1.260775 -29.647959 0.449417
v 1.295363 -29.649477 0.460108
v 1.319952 -29.651237 0.486665
v 1.327952 -29.652767 0.521974
v 1.310934 -29.855480 0.554651
v 1.284388 -29.854065 0.579275
v 1.249083 -29.852762 0.587316
v 1.214472 -29.851925 0.576622
v 1.189833 -29.851776 0.550054
v 1.181769 -29.852356 0.514734
v 1.192434 -29.853508 0.480123
v 1.218977 -29.854923 0.455499
v 1.254286 -29.856224 0.447456
v 1.288897 -29.857061 0.458153
v 1.313536 -29.857212 0.484720
v 1.321600 -29.856632 0.520040
v 1.304335 -30.062948 0.566404
v 1.277853 -30.059710 0.590921
v 1.242567 -30.057749 0.598924
v 1.207934 -30.057592 0.588270
v 1.183237 -30.059282 0.561811
v 1.175089 -30.062365 0.526640
v 1.185675 -30.066013 0.492178
v 1.212156 -30.069252 0.467661
v 1.247442 -30.071211 0.459657
v 1.282076 -30.071369 0.470314
v 1.306776 -30.069679 0.496771
v 1.314924 -30.066597 0.531944
v 1.296644 -30.276600 0.595148
v 1.270239 -30.271235 0.619373
v 1.234987 -30.268429 0.627260
v 1.200331 -30.268936 0.616697
v 1.175554 -30.272621 0.590511
v 1.167307 -30.278496 0.555721
v 1.177786 -30.284985 0.521648
v 1.204191 -30.290352 0.497423
v 1.239447 -30.293158 0.489534
v 1.274103 -30.292648 0.500099
v 1.298876 -30.288965 0.526285
v 1.307127 -30.283091 0.561075
v 1.287077 -30.496992 0.644214
v 1.260775 -30.489304 0.667921
v 1.225561 -30.485519 0.675588
v 1.190878 -30.486656 0.665165
v 1.166014 -30.492409 0.639442
v 1.157633 -30.501234 0.605312
v 1.167978 -30.510769 0.571920
v 1.194285 -30.518457 0.548216
v 1.229494 -30.522240 0.540548
v 1.264177 -30.521103 0.550970
v 1.289042 -30.515350 0.576692
v 1.297423 -30.506525 0.610822
v 1.274843 -30.724684 0.716974
v 1.248667 -30.714622 0.739919
v 1.213511 -30.709805 0.747259
v 1.178797 -30.711521 0.737020
v 1.153822 -30.719313 0.711950
v 1.145281 -30.731092 0.678764
v 1.155462 -30.743702 0.646356
v 1.181639 -30.753763 0.623409
v 1.216791 -30.758581 0.616071
v 1.251509 -30.756863 0.626308
v 1.276484 -30.749071 0.651380
v 1.285025 -30.737293 0.684564
v 1.361197 -23.021038 -0.805753
v 1.338347 -23.027132 -0.778302
v 1.304880 -23.034124 -0.766291
v 1.269774 -23.040136 -0.772941
v 1.242426 -23.043558 -0.796464
v 1.230169 -23.043474 -0.830563
v 1.236288 -23.039906 -0.866099
v 1.259142 -23.033808 -0.893550
v 1.292605 -23.026819 -0.905560
v 1.327715 -23.020807 -0.898913
v 1.355059 -23.017385 -0.875388
v 1.367315 -23.017469 -0.841288
v 1.387762 -23.211128 -0.807221
v 1.364245 -23.212679 -0.779696
v 1.330233 -23.215916 -0.767627
v 1.294840 -23.219973 -0.774243
v 1.267550 -23.223763 -0.797774
v 1.255671 -23.226269 -0.831914
v 1.262388 -23.226820 -0.867516
v 1.285902 -23.225271 -0.895039
v 1.319914 -23.222033 -0.907111
v 1.355311 -23.217976 -0.900494
v 1.382601 -23.214186 -0.876963
v 1.394480 -23.211679 -0.842822
v 1.404253 -23.427282 -0.790103
v 1.380480 -23.425697 -0.762803
v 1.346258 -23.426346 -0.750916
v 1.310755 -23.429054 -0.757628
v 1.283480 -23.433096 -0.781142
v 1.271750 -23.437391 -0.815156
v 1.278700 -23.440786 -0.850554
v 1.302473 -23.442371 -0.877854
v 1.336699 -23.441723 -0.889741
v 1.372202 -23.439014 -0.883027
v 1.399473 -23.434973 -0.859515
v 1.411207 -23.430677 -0.825501
v 1.412741 -23.664282 -0.758187
v 1.388891 -23.660707 -0.731145
v 1.354601 -23.659714 -0.719472
v 1.319063 -23.661566 -0.726294
v 1.291800 -23.665770 -0.749787
v 1.280111 -23.671198 -0.783652
v 1.287134 -23.676395 -0.818818
v 1.310988 -23.679970 -0.845860
v 1.345274 -23.680964 -0.857535
v 1.380812 -23.679110 -0.850711
v 1.408079 -23.674906 -0.827218
v 1.419764 -23.669479 -0.793353
v 1.415251 -23.916946 -0.715201
v 1.391382 -23.912148 -0.688363
v 1.357084 -23.910143 -0.676858
v 1.321539 -23.911470 -0.683768
v 1.294275 -23.915773 -0.707244
v 1.282595 -23.921898 -0.740994
v 1.289633 -23.928205 -0.775975
v 1.313501 -23.933004 -0.802813
v 1.347799 -23.935009 -0.814318
v 1.383345 -23.933681 -0.807406
v 1.410608 -23.929379 -0.783931
v 1.422289 -23.923254 -0.750182
v 1.413782 -24.180038 -0.664849
v 1.389917 -24.174574 -0.638137
v 1.355620 -24.172018 -0.626734
v 1.320074 -24.173058 -0.633700
v 1.292811 -24.177414 -0.657166
v 1.281130 -24.183920 -0.690844
v 1.288168 -24.190832 -0.725711
v 1.312029 -24.196299 -0.752423
v 1.346331 -24.198853 -0.763825
v 1.381872 -24.197813 -0.756860
v 1.409140 -24.193457 -0.733393
v 1.420817 -24.186951 -0.699715
v 1.410330 -24.448284 -0.610829
v 1.386465 -24.442606 -0.584159
v 1.352167 -24.439875 -0.572793
v 1.316626 -24.440825 -0.579776
v 1.289362 -24.445198 -0.603238
v 1.277681 -24.451824 -0.636893
v 1.284716 -24.458929 -0.671721
v 1.308577 -24.464607 -0.698392
v 1.342875 -24.467337 -0.709758
v 1.378416 -24.466389 -0.702775
v 1.405680 -24.462015 -0.679312
v 1.417360 -24.455389 -0.645659
v 1.406878 -24.716381 -0.556840
v 1.383013 -24.710915 -0.530127
v 1.348711 -24.708361 -0.518727
v 1.313170 -24.709398 -0.525693
v 1.285906 -24.713757 -0.549157
v 1.274225 -24.720263 -0.582835
v 1.281260 -24.727175 -0.617701
v 1.305124 -24.732641 -0.644416
v 1.339422 -24.735195 -0.655816
v 1.374968 -24.734156 -0.648850
v 1.402231 -24.729799 -0.625386
v 1.413912 -24.723293 -0.591708
v 1.405409 -24.979008 -0.506577
v 1.381544 -24.974209 -0.479737
v 1.347242 -24.972204 -0.468234
v 1.311697 -24.973532 -0.475144
v 1.284433 -24.977835 -0.498620
v 1.272753 -24.983959 -0.532370
v 1.279791 -24.990267 -0.567351
v 1.303660 -24.995066 -0.594189
v 1.337958 -24.997068 -0.605694
v 1.373503 -24.995743 -0.598782
v 1.400766 -24.991440 -0.575307
v 1.412447 -24.985315 -0.541556
v 1.407908 -25.230818 -0.463732
v 1.384054 -25.227243 -0.436690
v 1.349768 -25.226250 -0.425017
v 1.314230 -25.228104 -0.431840
v 1.286963 -25.232307 -0.455333
v 1.275278 -25.237734 -0.489199
v 1.282301 -25.242931 -0.524363
v 1.306151 -25.246506 -0.551406
v 1.340441 -25.247499 -0.563081
v 1.375979 -25.245646 -0.556256
v 1.403242 -25.241442 -0.532763
v 1.414930 -25.236015 -0.498898
v 1.416342 -25.466429 -0.431996
v 1.392569 -25.464842 -0.404696
v 1.358343 -25.465490 -0.392810
v 1.322840 -25.468199 -0.399523
v 1.295569 -25.472242 -0.423037
v 1.283838 -25.476536 -0.457049
v 1.290789 -25.479929 -0.492449
v 1.314562 -25.481516 -0.519749
v 1.348784 -25.480867 -0.531634
v 1.384291 -25.478159 -0.524922
v 1.411562 -25.474115 -0.501408
v 1.423292 -25.469822 -0.467396
v 1.432654 -25.680391 -0.415036
v 1.409140 -25.681942 -0.387511
v 1.375128 -25.685181 -0.375439
v 1.339735 -25.689238 -0.382056
v 1.312441 -25.693026 -0.405589
v 1.300562 -25.695534 -0.439728
v 1.307284 -25.696085 -0.475331
v 1.330797 -25.694534 -0.502854
v 1.364809 -25.691298 -0.514926
v 1.400202 -25.687241 -0.508309
v 1.427496 -25.683451 -0.484778
v 1.439371 -25.680944 -0.450637
v 1.458880 -25.868093 -0.416480
v 1.435724 -25.872417 -0.388947
v 1.402006 -25.877899 -0.376868
v 1.366758 -25.883070 -0.383481
v 1.339426 -25.886545 -0.407014
v 1.327330 -25.887394 -0.441159
v 1.333716 -25.885389 -0.476771
v 1.356871 -25.881065 -0.504304
v 1.390593 -25.875586 -0.516383
v 1.425840 -25.870413 -0.509770
v 1.453173 -25.866938 -0.486237
v 1.465269 -25.866089 -0.452092
v 1.488871 -26.050234 -0.425675
v 1.465731 -26.054646 -0.398144
v 1.432001 -26.060068 -0.386063
v 1.396723 -26.065048 -0.392668
v 1.369349 -26.068249 -0.416194
v 1.357214 -26.068815 -0.450329
v 1.363569 -26.066595 -0.485934
v 1.386709 -26.062183 -0.513465
v 1.420439 -26.056761 -0.525546
v 1.455717 -26.051781 -0.518939
v 1.483091 -26.048580 -0.495415
v 1.495226 -26.048014 -0.461280
v 1.514757 -26.247580 -0.429923
v 1.491430 -26.250605 -0.402358
v 1.457525 -26.254702 -0.390246
v 1.422129 -26.258768 -0.396832
v 1.394720 -26.261721 -0.420350
v 1.382647 -26.262762 -0.454497
v 1.389143 -26.261618 -0.490126
v 1.412470 -26.258593 -0.517689
v 1.446375 -26.254496 -0.529801
v 1.481772 -26.250427 -0.523217
v 1.509180 -26.247477 -0.499699
v 1.521254 -26.246433 -0.465552
v 1.536230 -26.456497 -0.429957
v 1.512789 -26.458399 -0.402392
v 1.478769 -26.461372 -0.390278
v 1.443289 -26.464624 -0.396863
v 1.415850 -26.467281 -0.420378
v 1.403807 -26.468632 -0.454527
v 1.410391 -26.468313 -0.490159
v 1.433832 -26.466413 -0.517724
v 1.467852 -26.463438 -0.529837
v 1.503336 -26.460186 -0.523253
v 1.530771 -26.457529 -0.499735
v 1.542814 -26.456179 -0.465586
v 1.553129 -26.674149 -0.426556
v 1.529616 -26.675112 -0.399005
v 1.495520 -26.677101 -0.386906
v 1.459974 -26.679588 -0.393502
v 1.432512 -26.681902 -0.417023
v 1.420485 -26.683426 -0.451169
v 1.427115 -26.683750 -0.486790
v 1.450628 -26.682787 -0.514342
v 1.484728 -26.680796 -0.526440
v 1.520270 -26.678308 -0.519847
v 1.547735 -26.675995 -0.496323
v 1.559763 -26.674471 -0.462178
v 1.565275 -26.897688 -0.420498
v 1.541716 -26.897846 -0.392968
v 1.507570 -26.898943 -0.380892
v 1.471987 -26.900682 -0.387507
v 1.444502 -26.902597 -0.411040
v 1.432478 -26.904177 -0.445185
v 1.439139 -26.904997 -0.480794
v 1.462694 -26.904837 -0.508322
v 1.496840 -26.903742 -0.520398
v 1.532423 -26.902002 -0.513783
v 1.559912 -26.900087 -0.490252
v 1.571936 -26.898508 -0.456107
v 1.572493 -27.124269 -0.412554
v 1.548910 -27.123722 -0.385048
v 1.514738 -27.123974 -0.373002
v 1.479132 -27.124954 -0.379643
v 1.451632 -27.126402 -0.403191
v 1.439604 -27.127932 -0.437338
v 1.446276 -27.129128 -0.472933
v 1.469854 -27.129675 -0.500439
v 1.504030 -27.129423 -0.512486
v 1.539637 -27.128443 -0.505845
v 1.567137 -27.126993 -0.482296
v 1.579165 -27.125465 -0.448149
v 1.574598 -27.351049 -0.403498
v 1.551008 -27.349865 -0.376017
v 1.516829 -27.349289 -0.364005
v 1.481215 -27.349474 -0.370677
v 1.453711 -27.350370 -0.394246
v 1.441683 -27.351738 -0.428399
v 1.448355 -27.353210 -0.463982
v 1.471941 -27.354395 -0.491463
v 1.506121 -27.354971 -0.503478
v 1.541739 -27.354788 -0.496806
v 1.569243 -27.353889 -0.473237
v 1.581270 -27.352522 -0.439084
v 1.571402 -27.575197 -0.394103
v 1.547823 -27.573423 -0.366644
v 1.513655 -27.572004 -0.354666
v 1.478056 -27.571321 -0.361372
v 1.450560 -27.571558 -0.384970
v 1.438536 -27.572651 -0.419135
v 1.445204 -27.574305 -0.454712
v 1.468783 -27.576080 -0.482169
v 1.502951 -27.577497 -0.494149
v 1.538553 -27.578180 -0.487441
v 1.566050 -27.577944 -0.463843
v 1.578074 -27.576853 -0.429678
v 1.562716 -27.793896 -0.385138
v 1.539160 -27.791555 -0.357703
v 1.505030 -27.789248 -0.345759
v 1.469465 -27.787588 -0.352507
v 1.442003 -27.787025 -0.376135
v 1.429995 -27.787706 -0.410317
v 1.436663 -27.789454 -0.445889
v 1.460219 -27.791792 -0.473324
v 1.494349 -27.794102 -0.485266
v 1.529913 -27.795759 -0.478520
v 1.557375 -27.796324 -0.454892
v 1.569384 -27.795641 -0.420710
v 1.548330 -28.004356 -0.377379
v 1.524817 -28.001455 -0.349967
v 1.490751 -27.998167 -0.338057
v 1.455267 -27.995373 -0.344845
v 1.427874 -27.993822 -0.368510
v 1.415907 -27.993929 -0.402710
v 1.422571 -27.995667 -0.438284
v 1.446089 -27.998569 -0.465699
v 1.480154 -28.001858 -0.477606
v 1.515635 -28.004652 -0.470820
v 1.543032 -28.006203 -0.447154
v 1.554999 -28.006094 -0.412953
v 1.528025 -28.203836 -0.371609
v 1.504568 -28.200354 -0.344210
v 1.470621 -28.195940 -0.332335
v 1.435278 -28.191778 -0.339159
v 1.408011 -28.188982 -0.362858
v 1.396124 -28.188303 -0.397082
v 1.402807 -28.189920 -0.432660
v 1.426264 -28.193403 -0.460057
v 1.460211 -28.197817 -0.471934
v 1.495550 -28.201979 -0.465109
v 1.522818 -28.204775 -0.441409
v 1.534704 -28.205454 -0.407185
v 1.501761 -28.388161 -0.368632
v 1.478357 -28.384277 -0.341240
v 1.444517 -28.379084 -0.329379
v 1.409304 -28.373972 -0.336222
v 1.382155 -28.370310 -0.359938
v 1.370340 -28.369080 -0.394171
v 1.377035 -28.370611 -0.429751
v 1.400435 -28.374495 -0.457140
v 1.434279 -28.379686 -0.469002
v 1.469492 -28.384800 -0.462159
v 1.496641 -28.388462 -0.438443
v 1.508452 -28.389692 -0.404210
v 1.475035 -28.561979 -0.366158
v 1.451628 -28.558126 -0.338768
v 1.417761 -28.553102 -0.326903
v 1.382509 -28.548256 -0.333741
v 1.355318 -28.544884 -0.357451
v 1.343470 -28.543890 -0.391680
v 1.350145 -28.545542 -0.427258
v 1.373552 -28.549397 -0.454647
v 1.407419 -28.554419 -0.466513
v 1.442671 -28.559267 -0.459675
v 1.469862 -28.562639 -0.435963
v 1.481707 -28.563631 -0.401734
v 1.452662 -28.735369 -0.361727
v 1.429220 -28.731800 -0.334328
v 1.395266 -28.727451 -0.322447
v 1.359900 -28.723490 -0.329264
v 1.332598 -28.720976 -0.352953
v 1.320673 -28.720583 -0.387167
v 1.327326 -28.722416 -0.422739
v 1.350767 -28.725985 -0.450137
v 1.384722 -28.730333 -0.462019
v 1.420088 -28.734297 -0.455202
v 1.447390 -28.736811 -0.431513
v 1.459314 -28.737204 -0.397299
v 1.433981 -28.910854 -0.355843
v 1.410505 -28.907610 -0.328434
v 1.376482 -28.903904 -0.316531
v 1.341032 -28.900728 -0.323323
v 1.313650 -28.898935 -0.346989
v 1.301680 -28.899006 -0.381188
v 1.308321 -28.900921 -0.416758
v 1.331801 -28.904165 -0.444165
v 1.365820 -28.907873 -0.456068
v 1.401274 -28.911047 -0.449278
v 1.428652 -28.912840 -0.425612
v 1.440626 -28.912769 -0.391411
v 1.418543 -29.089567 -0.349034
v 1.395033 -29.086678 -0.321612
v 1.360960 -29.083567 -0.309687
v 1.325449 -29.081068 -0.316452
v 1.298021 -29.079851 -0.340098
v 1.286020 -29.080244 -0.374285
v 1.292662 -29.082138 -0.409853
v 1.316172 -29.085028 -0.437275
v 1.350248 -29.088139 -0.449202
v 1.385756 -29.090635 -0.442435
v 1.413187 -29.091852 -0.418791
v 1.425188 -29.091461 -0.384604
v 1.405897 -29.272623 -0.341826
v 1.382364 -29.270111 -0.314389
v 1.348250 -29.267542 -0.302443
v 1.312704 -29.265602 -0.309187
v 1.285242 -29.264812 -0.332816
v 1.273230 -29.265385 -0.366995
v 1.279883 -29.267164 -0.402571
v 1.303415 -29.269674 -0.430006
v 1.337530 -29.272243 -0.441952
v 1.373076 -29.274183 -0.435208
v 1.400538 -29.274973 -0.411579
v 1.412550 -29.274401 -0.377400
v 1.395601 -29.461128 -0.334750
v 1.372042 -29.459011 -0.307299
v 1.337904 -29.456923 -0.295336
v 1.302332 -29.455421 -0.302063
v 1.274859 -29.454910 -0.325682
v 1.262842 -29.455526 -0.359860
v 1.269503 -29.457104 -0.395441
v 1.293062 -29.459221 -0.422892
v 1.327200 -29.461309 -0.434857
v 1.362772 -29.462811 -0.428130
v 1.390249 -29.463322 -0.404511
v 1.402266 -29.462706 -0.370333
v 1.387201 -29.656181 -0.328343
v 1.363627 -29.654465 -0.300879
v 1.329470 -29.652792 -0.288901
v 1.293882 -29.651613 -0.295620
v 1.266401 -29.651239 -0.319233
v 1.254389 -29.651775 -0.353415
v 1.261065 -29.653074 -0.389006
v 1.284639 -29.654791 -0.416468
v 1.318796 -29.656464 -0.428446
v 1.354384 -29.657642 -0.421728
v 1.381865 -29.658016 -0.398116
v 1.393877 -29.657480 -0.363934
v 1.380243 -29.858870 -0.323140
v 1.356657 -29.857555 -0.295666
v 1.322489 -29.856234 -0.283678
v 1.286894 -29.855263 -0.290392
v 1.259413 -29.854900 -0.314005
v 1.247404 -29.855244 -0.348191
v 1.254095 -29.856201 -0.383789
v 1.277681 -29.857515 -0.411263
v 1.311850 -29.858835 -0.423251
v 1.347445 -29.859808 -0.416537
v 1.374926 -29.860170 -0.392924
v 1.386934 -29.859827 -0.358738
v 1.374281 -30.070278 -0.319676
v 1.350680 -30.069359 -0.292197
v 1.316504 -30.068327 -0.280205
v 1.280905 -30.067461 -0.286917
v 1.253428 -30.066992 -0.310532
v 1.241430 -30.067047 -0.344721
v 1.248129 -30.067610 -0.380328
v 1.271731 -30.068531 -0.407809
v 1.305906 -30.069563 -0.419798
v 1.341505 -30.070429 -0.413088
v 1.368982 -30.070896 -0.389473
v 1.380980 -30.070843 -0.355282
v 1.368853 -30.291489 -0.318495
v 1.345244 -30.290951 -0.291012
v 1.311060 -30.290148 -0.279021
v 1.275461 -30.289295 -0.285731
v 1.247988 -30.288620 -0.309347
v 1.236002 -30.288305 -0.343540
v 1.242712 -30.288435 -0.379149
v 1.266321 -30.288973 -0.406630
v 1.300505 -30.289776 -0.418621
v 1.336100 -30.290630 -0.411911
v 1.363573 -30.291304 -0.388294
v 1.375563 -30.291618 -0.354101
v 1.363501 -30.523579 -0.320132
v 1.339884 -30.523407 -0.292652
v 1.305697 -30.522778 -0.280661
v 1.270098 -30.521856 -0.287373
v 1.242632 -30.520891 -0.310986
v 1.230654 -30.520144 -0.345175
v 1.237375 -30.519810 -0.380780
v 1.260992 -30.519981 -0.408259
v 1.295179 -30.520613 -0.420250
v 1.330778 -30.521532 -0.413538
v 1.358244 -30.522497 -0.389925
v 1.370222 -30.523247 -0.355736
v 1.357767 -30.767609 -0.325125
v 1.334143 -30.767786 -0.297653
v 1.299952 -30.767284 -0.285666
v 1.264357 -30.766237 -0.292374
v 1.236899 -30.764925 -0.315979
v 1.224932 -30.763699 -0.350159
v 1.231665 -30.762888 -0.385754
v 1.255293 -30.762711 -0.413225
v 1.289480 -30.763212 -0.425215
v 1.325075 -30.764259 -0.418507
v 1.352533 -30.765572 -0.394900
v 1.364500 -30.766798 -0.360720
v 1.218866 -23.134567 -1.388720
v 1.195273 -23.135977 -1.361255
v 1.161238 -23.139257 -1.349259
v 1.125883 -23.143528 -1.355948
v 1.098681 -23.147646 -1.379527
v 1.086916 -23.150503 -1.413680
v 1.093748 -23.151340 -1.449256
v 1.117342 -23.149931 -1.476720
v 1.151377 -23.146650 -1.488717
v 1.186731 -23.142378 -1.482028
v 1.213934 -23.138262 -1.458449
v 1.225695 -23.135403 -1.424296
v 1.238310 -23.328035 -1.386229
v 1.214819 -23.330427 -1.358745
v 1.180781 -23.333664 -1.346751
v 1.145315 -23.336878 -1.353457
v 1.117930 -23.339209 -1.377070
v 1.105959 -23.340029 -1.411261
v 1.112612 -23.339125 -1.446868
v 1.136107 -23.336731 -1.474351
v 1.170141 -23.333494 -1.486346
v 1.205607 -23.330282 -1.479638
v 1.232992 -23.327950 -1.456027
v 1.244963 -23.327127 -1.421836
v 1.256674 -23.546856 -1.392617
v 1.233229 -23.549791 -1.365146
v 1.199183 -23.552950 -1.353148
v 1.163664 -23.555483 -1.359841
v 1.136183 -23.556711 -1.383426
v 1.124106 -23.556309 -1.417588
v 1.130671 -23.554380 -1.453170
v 1.154120 -23.551443 -1.480639
v 1.188162 -23.548288 -1.492637
v 1.223684 -23.545753 -1.485946
v 1.251166 -23.544525 -1.462359
v 1.263239 -23.544928 -1.428199
v 1.274244 -23.785467 -1.404561
v 1.250815 -23.788582 -1.377099
v 1.216761 -23.791622 -1.365096
v 1.181208 -23.793774 -1.371770
v 1.153689 -23.794462 -1.395331
v 1.141573 -23.793499 -1.429465
v 1.148104 -23.791147 -1.465029
v 1.171538 -23.788033 -1.492491
v 1.205591 -23.784994 -1.504493
v 1.241140 -23.782841 -1.497821
v 1.268664 -23.782154 -1.474259
v 1.280779 -23.783115 -1.440123
v 1.291292 -24.038355 -1.418807
v 1.267851 -24.041368 -1.391339
v 1.233786 -24.044254 -1.379328
v 1.198225 -24.046234 -1.385993
v 1.170694 -24.046782 -1.409547
v 1.158575 -24.045748 -1.443677
v 1.165110 -24.043409 -1.479241
v 1.188547 -24.040396 -1.506709
v 1.222613 -24.037512 -1.518719
v 1.258173 -24.035532 -1.512055
v 1.285704 -24.034985 -1.488501
v 1.297827 -24.036018 -1.454371
v 1.308054 -24.299856 -1.432126
v 1.284594 -24.302526 -1.404641
v 1.250517 -24.305212 -1.392621
v 1.214956 -24.307192 -1.399285
v 1.187437 -24.307934 -1.422848
v 1.175337 -24.307243 -1.456996
v 1.181898 -24.305302 -1.492579
v 1.205359 -24.302631 -1.520062
v 1.239435 -24.299946 -1.532084
v 1.275000 -24.297968 -1.525418
v 1.302515 -24.297224 -1.501857
v 1.314615 -24.297915 -1.467707
v 1.324774 -24.564234 -1.441302
v 1.301275 -24.566309 -1.413800
v 1.267180 -24.568741 -1.401772
v 1.231630 -24.570875 -1.408440
v 1.204146 -24.572140 -1.432021
v 1.192095 -24.572199 -1.466191
v 1.198702 -24.571033 -1.501799
v 1.222204 -24.568956 -1.529301
v 1.256296 -24.566526 -1.541331
v 1.291849 -24.564392 -1.534661
v 1.319330 -24.563126 -1.511082
v 1.331385 -24.563068 -1.476910
v 1.341673 -24.825676 -1.443139
v 1.318117 -24.826868 -1.415633
v 1.284002 -24.828974 -1.403603
v 1.248472 -24.831430 -1.410273
v 1.221045 -24.833578 -1.433856
v 1.209074 -24.834843 -1.468032
v 1.215761 -24.834885 -1.503644
v 1.239317 -24.833693 -1.531150
v 1.273432 -24.831587 -1.543179
v 1.308962 -24.829130 -1.536509
v 1.336390 -24.826982 -1.512927
v 1.348364 -24.825718 -1.478751
v 1.358976 -25.078308 -1.434462
v 1.335329 -25.078251 -1.407006
v 1.301188 -25.079935 -1.394994
v 1.265692 -25.082912 -1.401643
v 1.238356 -25.086382 -1.425174
v 1.226507 -25.089418 -1.459281
v 1.233317 -25.091204 -1.494826
v 1.256960 -25.091263 -1.522282
v 1.291105 -25.089579 -1.534297
v 1.326597 -25.086601 -1.527646
v 1.353933 -25.083130 -1.504115
v 1.365786 -25.080095 -1.470008
v 1.376879 -25.316168 -1.412169
v 1.353102 -25.314367 -1.384887
v 1.318915 -25.315496 -1.372929
v 1.283480 -25.319250 -1.379502
v 1.256289 -25.324625 -1.402842
v 1.244631 -25.330179 -1.436698
v 1.251627 -25.334427 -1.471995
v 1.275404 -25.336227 -1.499278
v 1.309591 -25.335100 -1.511237
v 1.345026 -25.331347 -1.504664
v 1.372217 -25.325972 -1.481322
v 1.383875 -25.320415 -1.447469
v 1.395563 -25.533190 -1.373284
v 1.371576 -25.528967 -1.346457
v 1.337324 -25.529345 -1.334641
v 1.301989 -25.534225 -1.341002
v 1.275034 -25.542297 -1.363833
v 1.263685 -25.551399 -1.397021
v 1.270983 -25.559092 -1.431668
v 1.294973 -25.563314 -1.458495
v 1.329226 -25.562937 -1.470311
v 1.364561 -25.558056 -1.463950
v 1.391516 -25.549984 -1.441119
v 1.402865 -25.540882 -1.407933
v 1.415167 -25.723227 -1.315119
v 1.390825 -25.715672 -1.289363
v 1.356466 -25.715042 -1.277869
v 1.321299 -25.721508 -1.283721
v 1.294741 -25.733335 -1.305348
v 1.283911 -25.747358 -1.336955
v 1.291712 -25.759813 -1.370076
v 1.316050 -25.767370 -1.395833
v 1.350409 -25.767998 -1.407326
v 1.385580 -25.761530 -1.401475
v 1.412138 -25.749702 -1.379847
v 1.422968 -25.735682 -1.348239
v 1.436270 -25.883871 -1.233369
v 1.411650 -25.874079 -1.208649
v 1.377207 -25.872755 -1.197480
v 1.342165 -25.880249 -1.202853
v 1.315916 -25.894556 -1.223330
v 1.305494 -25.911840 -1.253422
v 1.313688 -25.927473 -1.285067
v 1.338308 -25.937265 -1.309785
v 1.372751 -25.938591 -1.320954
v 1.407793 -25.931097 -1.315581
v 1.434042 -25.916790 -1.295104
v 1.444464 -25.899504 -1.265013
v 1.457888 -26.044722 -1.145121
v 1.433390 -26.035887 -1.119925
v 1.398970 -26.034752 -1.108662
v 1.363852 -26.041622 -1.114346
v 1.337439 -26.054655 -1.135455
v 1.326819 -26.070360 -1.166335
v 1.334829 -26.084528 -1.198708
v 1.359327 -26.093363 -1.223902
v 1.393747 -26.094498 -1.235167
v 1.428869 -26.087627 -1.229481
v 1.455279 -26.074594 -1.208373
v 1.465899 -26.058889 -1.177495
v 1.477610 -26.230185 -1.072676
v 1.453367 -26.223742 -1.046527
v 1.419005 -26.223162 -1.035042
v 1.383734 -26.228600 -1.041299
v 1.356997 -26.238596 -1.063620
v 1.345965 -26.250475 -1.096026
v 1.353590 -26.261053 -1.129832
v 1.377833 -26.267494 -1.155982
v 1.412195 -26.268076 -1.167468
v 1.447470 -26.262640 -1.161212
v 1.474203 -26.252642 -1.138890
v 1.485235 -26.240763 -1.106484
v 1.494597 -26.433002 -1.015847
v 1.470511 -26.428391 -0.989173
v 1.436178 -26.428152 -0.977589
v 1.400801 -26.432348 -0.984200
v 1.373854 -26.439857 -1.007235
v 1.362562 -26.448666 -1.040520
v 1.369951 -26.456413 -1.075137
v 1.394041 -26.461023 -1.101811
v 1.428373 -26.461264 -1.113392
v 1.463751 -26.457067 -1.106782
v 1.490694 -26.449558 -1.083748
v 1.501986 -26.440750 -1.050463
v 1.508478 -26.649372 -0.972592
v 1.484480 -26.646120 -0.945641
v 1.450155 -26.646038 -0.934025
v 1.414709 -26.649145 -0.940859
v 1.387632 -26.654612 -0.964312
v 1.376185 -26.660971 -0.998097
v 1.383429 -26.666519 -1.033164
v 1.407431 -26.669771 -1.060114
v 1.441752 -26.669855 -1.071730
v 1.477202 -26.666746 -1.064896
v 1.504278 -26.661280 -1.041443
v 1.515726 -26.654921 -1.007658
v 1.518858 -26.875500 -0.940997
v 1.494902 -26.873220 -0.913907
v 1.460581 -26.873131 -0.902293
v 1.425085 -26.875254 -0.909268
v 1.397932 -26.879019 -0.932963
v 1.386393 -26.883421 -0.967028
v 1.393561 -26.887276 -1.002337
v 1.417517 -26.889555 -1.029427
v 1.451841 -26.889645 -1.041041
v 1.487333 -26.887522 -1.034066
v 1.514486 -26.883757 -1.010371
v 1.526026 -26.879356 -0.976306
v 1.525328 -27.107571 -0.919213
v 1.501391 -27.105942 -0.892060
v 1.467062 -27.105692 -0.880461
v 1.431543 -27.106888 -0.887526
v 1.404348 -27.109209 -0.911358
v 1.392767 -27.112034 -0.945576
v 1.399901 -27.114607 -0.981009
v 1.423838 -27.116236 -1.008162
v 1.458166 -27.116486 -1.019761
v 1.493685 -27.115290 -1.012698
v 1.520876 -27.112968 -0.988864
v 1.532461 -27.110142 -0.954646
v 1.527468 -27.341749 -0.905432
v 1.503534 -27.340485 -0.878258
v 1.469202 -27.339920 -0.866679
v 1.433676 -27.340208 -0.873797
v 1.406469 -27.341270 -0.897707
v 1.394877 -27.342825 -0.932003
v 1.402002 -27.344452 -0.967494
v 1.425936 -27.345716 -0.994669
v 1.460268 -27.346281 -1.006247
v 1.495794 -27.345995 -0.999129
v 1.523001 -27.344931 -0.975218
v 1.534594 -27.343378 -0.940922
v 1.524855 -27.574192 -0.897875
v 1.500921 -27.573019 -0.870697
v 1.466597 -27.571970 -0.859135
v 1.431078 -27.571325 -0.866286
v 1.403887 -27.571257 -0.890234
v 1.392309 -27.571787 -0.924565
v 1.399439 -27.572767 -0.960078
v 1.423376 -27.573942 -0.987256
v 1.457701 -27.574991 -0.998818
v 1.493216 -27.575636 -0.991667
v 1.520407 -27.575703 -0.967719
v 1.531988 -27.575174 -0.933388
v 1.517058 -27.801046 -0.894772
v 1.493128 -27.799686 -0.867596
v 1.458830 -27.797949 -0.856043
v 1.423349 -27.796299 -0.863211
v 1.396193 -27.795181 -0.887177
v 1.384642 -27.794893 -0.921519
v 1.391787 -27.795513 -0.957037
v 1.415716 -27.796873 -0.984211
v 1.450014 -27.798613 -0.995764
v 1.485495 -27.800261 -0.988596
v 1.512652 -27.801378 -0.964633
v 1.524202 -27.801666 -0.930289
v 1.503626 -28.018480 -0.894358
v 1.479731 -28.016611 -0.867184
v 1.445490 -28.013922 -0.855635
v 1.410082 -28.011135 -0.862807
v 1.382994 -28.008997 -0.886776
v 1.371481 -28.008080 -0.921120
v 1.378634 -28.008631 -0.956639
v 1.402529 -28.010500 -0.983813
v 1.436770 -28.013189 -0.995362
v 1.472178 -28.015976 -0.988190
v 1.499266 -28.018114 -0.964221
v 1.510779 -28.019032 -0.929875
v 1.484106 -28.222687 -0.894873
v 1.460299 -28.219902 -0.867699
v 1.426188 -28.215900 -0.856150
v 1.390913 -28.211756 -0.863320
v 1.363924 -28.208574 -0.887289
v 1.352457 -28.207212 -0.921635
v 1.359579 -28.208035 -0.957152
v 1.383387 -28.210819 -0.984328
v 1.417498 -28.214821 -0.995875
v 1.452772 -28.218966 -0.988705
v 1.479761 -28.222147 -0.964735
v 1.491228 -28.223509 -0.930392
v 1.458326 -28.407581 -0.894549
v 1.434790 -28.402765 -0.867423
v 1.400896 -28.397139 -0.855912
v 1.365725 -28.392214 -0.863100
v 1.338701 -28.389307 -0.887062
v 1.327067 -28.389198 -0.921378
v 1.333937 -28.391916 -0.956852
v 1.357470 -28.396734 -0.983979
v 1.391363 -28.402359 -0.995490
v 1.426535 -28.407286 -0.988301
v 1.453558 -28.410192 -0.964337
v 1.465197 -28.410299 -0.930022
v 1.430971 -28.578136 -0.878582
v 1.407930 -28.570074 -0.851807
v 1.374258 -28.562984 -0.840453
v 1.338976 -28.558769 -0.847565
v 1.311545 -28.558558 -0.871237
v 1.299311 -28.562405 -0.905127
v 1.305548 -28.569283 -0.940152
v 1.328592 -28.577347 -0.966927
v 1.362265 -28.584436 -0.978280
v 1.397543 -28.588652 -0.971167
v 1.424975 -28.588863 -0.947495
v 1.437212 -28.585014 -0.913607
v 1.406111 -28.747534 -0.836893
v 1.383513 -28.736450 -0.810830
v 1.349985 -28.728378 -0.799708
v 1.314512 -28.725483 -0.806509
v 1.286600 -28.728540 -0.829411
v 1.273726 -28.736729 -0.862278
v 1.279341 -28.747856 -0.896302
v 1.301939 -28.758940 -0.922366
v 1.335470 -28.767012 -0.933487
v 1.370943 -28.769907 -0.926686
v 1.398855 -28.766850 -0.903784
v 1.411726 -28.758661 -0.870917
v 1.383276 -28.919453 -0.774296
v 1.360941 -28.906380 -0.748934
v 1.327490 -28.897749 -0.738011
v 1.291880 -28.895872 -0.744452
v 1.263659 -28.901253 -0.766531
v 1.250383 -28.912451 -0.798334
v 1.255617 -28.926462 -0.831337
v 1.277952 -28.939535 -0.856699
v 1.311403 -28.948166 -0.867623
v 1.347014 -28.950043 -0.861182
v 1.375235 -28.944662 -0.839102
v 1.388510 -28.933464 -0.807299
v 1.362433 -29.094988 -0.695912
v 1.340227 -29.080820 -0.671028
v 1.306799 -29.071993 -0.660191
v 1.271101 -29.070871 -0.666302
v 1.242701 -29.077757 -0.687725
v 1.229208 -29.090801 -0.718720
v 1.234236 -29.106512 -0.750983
v 1.256441 -29.120680 -0.775866
v 1.289873 -29.129507 -0.786703
v 1.325571 -29.130630 -0.780592
v 1.353972 -29.123745 -0.759167
v 1.367464 -29.110701 -0.728173
v 1.343550 -29.275208 -0.607031
v 1.321379 -29.260696 -0.582314
v 1.287939 -29.251982 -0.571423
v 1.252184 -29.251398 -0.577273
v 1.223700 -29.259102 -0.598299
v 1.210112 -29.273027 -0.628868
v 1.215067 -29.289446 -0.660788
v 1.237238 -29.303957 -0.685505
v 1.270678 -29.312672 -0.696398
v 1.306433 -29.313255 -0.690546
v 1.334921 -29.305553 -0.669520
v 1.348505 -29.291626 -0.638951
v 1.326578 -29.461226 -0.513047
v 1.304381 -29.447027 -0.488175
v 1.270903 -29.438702 -0.477089
v 1.235117 -29.438477 -0.482762
v 1.206610 -29.446415 -0.503672
v 1.193018 -29.460388 -0.534216
v 1.197989 -29.476654 -0.566212
v 1.220186 -29.490850 -0.591084
v 1.253664 -29.499178 -0.602169
v 1.289450 -29.499401 -0.596497
v 1.317957 -29.491465 -0.575587
v 1.331549 -29.477489 -0.545042
v 1.311461 -29.654219 -0.419402
v 1.289190 -29.640947 -0.394085
v 1.255663 -29.633276 -0.382687
v 1.219862 -29.633259 -0.388260
v 1.191374 -29.640898 -0.409314
v 1.177843 -29.654150 -0.440203
v 1.182886 -29.669464 -0.472655
v 1.205156 -29.682734 -0.497969
v 1.238684 -29.690405 -0.509367
v 1.274489 -29.690424 -0.503794
v 1.302973 -29.682783 -0.482741
v 1.316507 -29.669531 -0.451851
v 1.298136 -29.855413 -0.331578
v 1.275763 -29.843683 -0.305600
v 1.242174 -29.836939 -0.293803
v 1.206366 -29.836983 -0.299351
v 1.177935 -29.843809 -0.320753
v 1.164499 -29.855583 -0.352278
v 1.169661 -29.869154 -0.385477
v 1.192034 -29.880884 -0.411456
v 1.225622 -29.887630 -0.423251
v 1.261431 -29.887585 -0.417704
v 1.289862 -29.880760 -0.396302
v 1.303297 -29.868984 -0.364777
v 1.286532 -30.066065 -0.255097
v 1.264040 -30.056501 -0.228346
v 1.230383 -30.050962 -0.216120
v 1.194578 -30.050932 -0.221693
v 1.166224 -30.056419 -0.243575
v 1.152910 -30.065952 -0.275898
v 1.158213 -30.076979 -0.310005
v 1.180704 -30.086542 -0.336756
v 1.214361 -30.092081 -0.348982
v 1.250162 -30.092112 -0.343409
v 1.278521 -30.086624 -0.321528
v 1.291830 -30.077091 -0.289204
v 1.276575 -30.287418 -0.195523
v 1.253958 -30.280638 -0.168038
v 1.220236 -30.276583 -0.155421
v 1.184443 -30.276339 -0.161049
v 1.156168 -30.279970 -0.183419
v 1.142992 -30.286507 -0.216534
v 1.148443 -30.294195 -0.251520
v 1.171061 -30.300976 -0.279007
v 1.204783 -30.305033 -0.291624
v 1.240580 -30.305275 -0.285994
v 1.268850 -30.301643 -0.263624
v 1.282026 -30.295107 -0.230509
v 1.268198 -30.520666 -0.158449
v 1.245463 -30.517216 -0.130450
v 1.211676 -30.514883 -0.117565
v 1.175894 -30.514296 -0.123247
v 1.147707 -30.515610 -0.145977
v 1.134661 -30.518473 -0.179661
v 1.140257 -30.522120 -0.215273
v 1.162996 -30.525570 -0.243275
v 1.196783 -30.527903 -0.256161
v 1.232565 -30.528490 -0.250477
v 1.260752 -30.527176 -0.227749
v 1.273798 -30.524311 -0.194063
v 1.261328 -30.766863 -0.149477
v 1.238489 -30.767078 -0.121350
v 1.204649 -30.766611 -0.108399
v 1.168882 -30.765587 -0.114098
v 1.140764 -30.764280 -0.136917
v 1.127836 -30.763041 -0.170744
v 1.133558 -30.762199 -0.206515
v 1.156401 -30.761984 -0.234642
v 1.190237 -30.762451 -0.247593
v 1.226008 -30.763475 -0.241894
v 1.254122 -30.764782 -0.219074
v 1.267054 -30.766022 -0.185248
v 1.197973 -23.040466 -3.552987
v 1.178290 -23.060837 -3.530393
v 1.146269 -23.074356 -3.520152
v 1.110491 -23.077402 -3.525012
v 1.080542 -23.069155 -3.543668
v 1.064448 -23.051830 -3.571122
v 1.066523 -23.030066 -3.600018
v 1.086207 -23.009695 -3.622613
v 1.118227 -22.996176 -3.632853
v 1.154005 -22.993132 -3.627993
v 1.183951 -23.001375 -3.609338
v 1.200045 -23.018702 -3.581883
v 1.222193 -23.168768 -3.632153
v 1.201681 -23.184753 -3.606921
v 1.169302 -23.196388 -3.595547
v 1.133738 -23.200560 -3.601084
v 1.104513 -23.196146 -3.622046
v 1.089460 -23.184332 -3.652816
v 1.092611 -23.168282 -3.685147
v 1.113123 -23.152298 -3.710381
v 1.145498 -23.140661 -3.721753
v 1.181063 -23.136492 -3.716218
v 1.210287 -23.140905 -3.695256
v 1.225344 -23.152719 -3.664487
v 1.244364 -23.282923 -3.672419
v 1.222696 -23.292957 -3.645163
v 1.189818 -23.302002 -3.632909
v 1.154535 -23.307631 -3.638942
v 1.126303 -23.308336 -3.661643
v 1.112684 -23.303930 -3.694930
v 1.117331 -23.295591 -3.729886
v 1.138994 -23.285555 -3.757142
v 1.171873 -23.276512 -3.769395
v 1.207159 -23.270884 -3.763362
v 1.235392 -23.270178 -3.740660
v 1.249010 -23.274584 -3.707373
v 1.264895 -23.386885 -3.680743
v 1.241888 -23.390100 -3.652934
v 1.208414 -23.396116 -3.640435
v 1.173441 -23.403316 -3.646596
v 1.146341 -23.409777 -3.669762
v 1.134371 -23.413765 -3.703730
v 1.140745 -23.414209 -3.739398
v 1.163752 -23.410994 -3.767207
v 1.197226 -23.404980 -3.779706
v 1.232199 -23.397778 -3.773547
v 1.259302 -23.391317 -3.750378
v 1.271269 -23.387331 -3.716410
v 1.284399 -23.485567 -3.663165
v 1.260203 -23.482725 -3.636344
v 1.226187 -23.485985 -3.624295
v 1.191465 -23.494467 -3.630246
v 1.165342 -23.505903 -3.652602
v 1.154818 -23.517229 -3.685372
v 1.162714 -23.525408 -3.719779
v 1.186911 -23.528248 -3.746600
v 1.220926 -23.524988 -3.758649
v 1.255648 -23.516506 -3.752698
v 1.281771 -23.505070 -3.730342
v 1.292296 -23.493746 -3.697570
v 1.303347 -23.583178 -3.624627
v 1.278338 -23.576128 -3.599374
v 1.243933 -23.577393 -3.588067
v 1.209360 -23.586634 -3.593735
v 1.183878 -23.601377 -3.614859
v 1.174315 -23.617668 -3.645779
v 1.183233 -23.631145 -3.678212
v 1.208243 -23.638197 -3.703463
v 1.242647 -23.636930 -3.714770
v 1.277220 -23.627689 -3.709101
v 1.302702 -23.612947 -3.687978
v 1.312266 -23.596655 -3.657058
v 1.321962 -23.682775 -3.570180
v 1.296515 -23.673397 -3.546149
v 1.261892 -23.673468 -3.535468
v 1.227366 -23.682968 -3.540999
v 1.202189 -23.699354 -3.561263
v 1.193106 -23.718231 -3.590829
v 1.202555 -23.734547 -3.621772
v 1.227999 -23.743925 -3.645804
v 1.262625 -23.743855 -3.656485
v 1.297148 -23.734354 -3.650952
v 1.322325 -23.717970 -3.630690
v 1.331408 -23.699091 -3.601125
v 1.340365 -23.787018 -3.505515
v 1.314776 -23.776825 -3.481972
v 1.280054 -23.776342 -3.471623
v 1.245504 -23.785704 -3.477238
v 1.220381 -23.802397 -3.497317
v 1.211420 -23.821951 -3.526477
v 1.221018 -23.839127 -3.556903
v 1.246607 -23.849319 -3.580447
v 1.281328 -23.849802 -3.590796
v 1.315878 -23.840441 -3.585179
v 1.341002 -23.823748 -3.565100
v 1.349966 -23.804193 -3.535943
v 1.358709 -23.898691 -3.436732
v 1.333189 -23.888906 -3.412944
v 1.298460 -23.888388 -3.402615
v 1.263830 -23.897274 -3.408517
v 1.238581 -23.913181 -3.429065
v 1.229471 -23.931850 -3.458754
v 1.238951 -23.948278 -3.489630
v 1.264471 -23.958059 -3.513419
v 1.299200 -23.958578 -3.523747
v 1.333826 -23.949694 -3.517846
v 1.359079 -23.933786 -3.497296
v 1.368185 -23.915117 -3.467606
v 1.377173 -24.020754 -3.370143
v 1.351881 -24.012476 -3.345553
v 1.317217 -24.012373 -3.335004
v 1.282469 -24.020472 -3.341325
v 1.256949 -24.034603 -3.362818
v 1.247492 -24.050980 -3.393727
v 1.256640 -24.065214 -3.425771
v 1.281931 -24.073490 -3.450360
v 1.316599 -24.073593 -3.460908
v 1.351343 -24.065493 -3.454589
v 1.376864 -24.051363 -3.433095
v 1.386320 -24.034986 -3.402186
v 1.395949 -24.156210 -3.312207
v 1.371004 -24.150461 -3.286561
v 1.336455 -24.151194 -3.275662
v 1.301558 -24.158215 -3.282433
v 1.275663 -24.169641 -3.305056
v 1.265711 -24.182413 -3.337472
v 1.274363 -24.193106 -3.370993
v 1.299307 -24.198856 -3.396640
v 1.333857 -24.198124 -3.407536
v 1.368754 -24.191103 -3.400767
v 1.394648 -24.179676 -3.378144
v 1.404604 -24.166904 -3.345729
v 1.415217 -24.307932 -3.269463
v 1.390700 -24.305561 -3.242884
v 1.356302 -24.307487 -3.231658
v 1.321238 -24.313196 -3.238789
v 1.294905 -24.321156 -3.262370
v 1.284353 -24.329233 -3.296080
v 1.292414 -24.335266 -3.330888
v 1.316931 -24.337635 -3.357466
v 1.351328 -24.335709 -3.368693
v 1.386389 -24.330000 -3.361562
v 1.412726 -24.322041 -3.337981
v 1.423277 -24.313963 -3.304271
v 1.435125 -24.478380 -3.248399
v 1.411062 -24.479841 -3.221347
v 1.376829 -24.483192 -3.209944
v 1.341604 -24.487534 -3.217244
v 1.314825 -24.491703 -3.241294
v 1.303663 -24.494583 -3.275645
v 1.311110 -24.495401 -3.311097
v 1.335173 -24.493938 -3.338147
v 1.369406 -24.490587 -3.349551
v 1.404631 -24.486246 -3.342250
v 1.431410 -24.482077 -3.318202
v 1.442572 -24.479197 -3.283849
v 1.453928 -24.648832 -3.253360
v 1.430296 -24.654184 -3.226416
v 1.396235 -24.659056 -3.215056
v 1.360872 -24.662138 -3.222323
v 1.333677 -24.662607 -3.246266
v 1.321947 -24.660339 -3.280474
v 1.328814 -24.655939 -3.315778
v 1.352446 -24.650587 -3.342721
v 1.386507 -24.645716 -3.354081
v 1.421873 -24.642633 -3.346816
v 1.449064 -24.642164 -3.322871
v 1.460798 -24.644434 -3.288665
v 1.470129 -24.800858 -3.280558
v 1.446882 -24.809813 -3.254246
v 1.412974 -24.816124 -3.243138
v 1.377493 -24.818102 -3.250211
v 1.349939 -24.815216 -3.273568
v 1.337706 -24.808239 -3.306954
v 1.344061 -24.799042 -3.341420
v 1.367308 -24.790087 -3.367732
v 1.401217 -24.783775 -3.378840
v 1.436701 -24.781797 -3.371768
v 1.464251 -24.784685 -3.348410
v 1.476484 -24.791660 -3.315026
v 1.484240 -24.937145 -3.323886
v 1.461294 -24.949003 -3.298472
v 1.427508 -24.956488 -3.287726
v 1.391935 -24.957596 -3.294530
v 1.364107 -24.952030 -3.317059
v 1.351481 -24.941280 -3.349276
v 1.357435 -24.928228 -3.382548
v 1.380381 -24.916372 -3.407964
v 1.414168 -24.908886 -3.418708
v 1.449740 -24.907778 -3.411904
v 1.477568 -24.913345 -3.389376
v 1.490198 -24.924093 -3.357159
v 1.496786 -25.060465 -3.377097
v 1.474039 -25.074257 -3.352494
v 1.440336 -25.082542 -3.342086
v 1.404707 -25.083099 -3.348656
v 1.376696 -25.075779 -3.370450
v 1.363817 -25.062544 -3.401623
v 1.369513 -25.046940 -3.433827
v 1.392260 -25.033148 -3.458428
v 1.425963 -25.024862 -3.468838
v 1.461592 -25.024305 -3.462266
v 1.489599 -25.031626 -3.440474
v 1.502482 -25.044859 -3.409299
v 1.508307 -25.173746 -3.433995
v 1.485644 -25.188366 -3.409796
v 1.451975 -25.197021 -3.399567
v 1.416327 -25.197393 -3.406049
v 1.388250 -25.189379 -3.427502
v 1.375261 -25.175127 -3.458182
v 1.380850 -25.158457 -3.489867
v 1.403513 -25.143835 -3.514066
v 1.437178 -25.135180 -3.524295
v 1.472826 -25.134809 -3.517813
v 1.500906 -25.142824 -3.496358
v 1.513891 -25.157076 -3.465678
v 1.519327 -25.279926 -3.488547
v 1.496622 -25.294144 -3.464148
v 1.462946 -25.302692 -3.453868
v 1.427321 -25.303282 -3.460456
v 1.399290 -25.295753 -3.482152
v 1.386370 -25.282125 -3.513140
v 1.392019 -25.266048 -3.545117
v 1.414724 -25.251831 -3.569516
v 1.448401 -25.243282 -3.579798
v 1.484026 -25.242693 -3.573209
v 1.512056 -25.250221 -3.551512
v 1.524977 -25.263849 -3.520526
v 1.530363 -25.381849 -3.534976
v 1.507456 -25.394228 -3.509776
v 1.473707 -25.402113 -3.499205
v 1.438158 -25.403397 -3.506096
v 1.410334 -25.397732 -3.528605
v 1.397688 -25.386637 -3.560698
v 1.403612 -25.373087 -3.593777
v 1.426516 -25.360708 -3.618977
v 1.460264 -25.352823 -3.629550
v 1.495817 -25.351538 -3.622656
v 1.523642 -25.357204 -3.600148
v 1.536287 -25.368298 -3.568055
v 1.541903 -25.482347 -3.567921
v 1.518595 -25.491232 -3.541640
v 1.484694 -25.497816 -3.530667
v 1.449286 -25.500336 -3.537941
v 1.421858 -25.498116 -3.561514
v 1.409762 -25.491751 -3.595072
v 1.416231 -25.482946 -3.629620
v 1.439539 -25.474062 -3.655901
v 1.473440 -25.467478 -3.666874
v 1.508844 -25.464956 -3.659600
v 1.536276 -25.467176 -3.636027
v 1.548372 -25.473541 -3.602469
v 1.554480 -25.584702 -3.582510
v 1.530554 -25.588572 -3.555575
v 1.496420 -25.593260 -3.544354
v 1.461226 -25.597509 -3.551856
v 1.434401 -25.600185 -3.576067
v 1.423136 -25.600569 -3.610503
v 1.430445 -25.598555 -3.645936
v 1.454371 -25.594687 -3.672871
v 1.488501 -25.589998 -3.684092
v 1.523695 -25.585747 -3.676592
v 1.550520 -25.583071 -3.652380
v 1.561789 -25.582689 -3.617943
v 1.568762 -25.693140 -3.573838
v 1.544085 -25.691320 -3.547366
v 1.509668 -25.693842 -3.536320
v 1.474730 -25.700026 -3.543664
v 1.448629 -25.708220 -3.567427
v 1.438364 -25.716223 -3.601243
v 1.446684 -25.721897 -3.636050
v 1.471357 -25.723717 -3.662524
v 1.505777 -25.721197 -3.673567
v 1.540716 -25.715012 -3.666224
v 1.566816 -25.706820 -3.642460
v 1.577082 -25.698814 -3.608645
v 1.585501 -25.812349 -3.536093
v 1.560103 -25.805384 -3.511202
v 1.525412 -25.805931 -3.500765
v 1.490713 -25.813845 -3.507576
v 1.465307 -25.827005 -3.529812
v 1.456007 -25.841885 -3.561514
v 1.465296 -25.854498 -3.594187
v 1.490694 -25.861464 -3.619078
v 1.525385 -25.860914 -3.629515
v 1.560084 -25.853001 -3.622704
v 1.585489 -25.839840 -3.600468
v 1.594790 -25.824961 -3.568766
v 1.605768 -25.948763 -3.461243
v 1.580031 -25.939394 -3.437521
v 1.545183 -25.938883 -3.427598
v 1.510565 -25.947365 -3.434134
v 1.485457 -25.962566 -3.455376
v 1.476576 -25.980415 -3.485634
v 1.486311 -25.996130 -3.516800
v 1.512049 -26.005497 -3.540522
v 1.546896 -26.006008 -3.550444
v 1.581511 -25.997526 -3.543910
v 1.606623 -25.982325 -3.522666
v 1.615500 -25.964476 -3.492409
v 1.627516 -26.110538 -3.372508
v 1.601919 -26.102264 -3.348231
v 1.567080 -26.101797 -3.338286
v 1.532332 -26.109261 -3.345337
v 1.506983 -26.122656 -3.367497
v 1.497828 -26.138395 -3.398825
v 1.507322 -26.152258 -3.430928
v 1.532915 -26.160534 -3.455204
v 1.567759 -26.161001 -3.465149
v 1.602507 -26.153538 -3.458098
v 1.627855 -26.140141 -3.435940
v 1.637007 -26.124403 -3.404612
v 1.647261 -26.296251 -3.299965
v 1.621908 -26.290239 -3.274785
v 1.587111 -26.290161 -3.264685
v 1.552191 -26.296041 -3.272368
v 1.526507 -26.306303 -3.295779
v 1.516943 -26.318197 -3.328642
v 1.526056 -26.328535 -3.362153
v 1.551413 -26.334547 -3.387331
v 1.586210 -26.334623 -3.397433
v 1.621126 -26.328743 -3.389750
v 1.646811 -26.318481 -3.366339
v 1.656378 -26.306589 -3.333476
v 1.664267 -26.499262 -3.243079
v 1.639059 -26.494974 -3.217406
v 1.604277 -26.495108 -3.207243
v 1.569246 -26.499630 -3.215317
v 1.543345 -26.507326 -3.239462
v 1.533522 -26.516138 -3.273207
v 1.542402 -26.523701 -3.307513
v 1.567610 -26.527988 -3.333186
v 1.602392 -26.527855 -3.343348
v 1.637423 -26.523333 -3.335274
v 1.663324 -26.515636 -3.311131
v 1.673147 -26.506824 -3.277384
v 1.678156 -26.715780 -3.199795
v 1.653032 -26.712763 -3.173863
v 1.618254 -26.712950 -3.163689
v 1.583143 -26.716291 -3.172003
v 1.557112 -26.721889 -3.196578
v 1.547129 -26.728247 -3.230824
v 1.555872 -26.733658 -3.265570
v 1.580996 -26.736675 -3.291502
v 1.615774 -26.736488 -3.301674
v 1.650885 -26.733149 -3.293360
v 1.676916 -26.727551 -3.268788
v 1.686899 -26.721193 -3.234540
v 1.688540 -26.942019 -3.168185
v 1.663458 -26.939901 -3.142123
v 1.628676 -26.939999 -3.131962
v 1.593516 -26.942282 -3.140429
v 1.567404 -26.946142 -3.165249
v 1.557329 -26.950542 -3.199778
v 1.565996 -26.954304 -3.234759
v 1.591082 -26.956421 -3.260821
v 1.625864 -26.956326 -3.270979
v 1.661020 -26.954041 -3.262515
v 1.687136 -26.950182 -3.237692
v 1.697210 -26.945782 -3.203166
v 1.695013 -27.174170 -3.146391
v 1.669943 -27.172640 -3.120274
v 1.635157 -27.172510 -3.110137
v 1.599970 -27.173813 -3.118697
v 1.573816 -27.176203 -3.143660
v 1.563700 -27.179035 -3.178338
v 1.572333 -27.181555 -3.213439
v 1.597403 -27.183084 -3.239558
v 1.632189 -27.183214 -3.249695
v 1.667376 -27.181910 -3.241135
v 1.693529 -27.179522 -3.216172
v 1.703646 -27.176687 -3.181492
v 1.697153 -27.408401 -3.132609
v 1.672087 -27.407183 -3.106471
v 1.637297 -27.406685 -3.096356
v 1.602102 -27.407042 -3.104973
v 1.575937 -27.408155 -3.130015
v 1.565809 -27.409733 -3.164771
v 1.574434 -27.411346 -3.199927
v 1.599501 -27.412565 -3.226063
v 1.634295 -27.413065 -3.236178
v 1.669485 -27.412708 -3.227561
v 1.695650 -27.411592 -3.202519
v 1.705778 -27.410015 -3.167765
v 1.694540 -27.640873 -3.125050
v 1.669474 -27.639698 -3.098912
v 1.634691 -27.638672 -3.088814
v 1.599508 -27.638069 -3.097466
v 1.573355 -27.638052 -3.122546
v 1.563242 -27.638624 -3.157336
v 1.571875 -27.639633 -3.192511
v 1.596941 -27.640808 -3.218651
v 1.631724 -27.641834 -3.228747
v 1.666906 -27.642437 -3.220097
v 1.693060 -27.642454 -3.195017
v 1.703173 -27.641882 -3.160227
v 1.686743 -27.867735 -3.121945
v 1.661684 -27.866327 -3.095810
v 1.626925 -27.864578 -3.085724
v 1.591780 -27.862957 -3.094391
v 1.565664 -27.861898 -3.119488
v 1.555578 -27.861683 -3.154290
v 1.564222 -27.862373 -3.189471
v 1.589277 -27.863781 -3.215607
v 1.624037 -27.865528 -3.225691
v 1.659186 -27.867149 -3.217026
v 1.685297 -27.868210 -3.191929
v 1.695387 -27.868423 -3.157128
v 1.673315 -28.085148 -3.121533
v 1.648291 -28.083187 -3.095398
v 1.613596 -28.080463 -3.085318
v 1.578520 -28.077702 -3.093987
v 1.552469 -28.075645 -3.119088
v 1.542418 -28.074842 -3.153891
v 1.551066 -28.075512 -3.189074
v 1.576086 -28.077471 -3.215207
v 1.610785 -28.080196 -3.225289
v 1.645857 -28.082956 -3.216618
v 1.671911 -28.085014 -3.191517
v 1.681959 -28.085815 -3.156714
v 1.653795 -28.289301 -3.122048
v 1.628866 -28.286385 -3.095913
v 1.594301 -28.282330 -3.085831
v 1.559359 -28.278221 -3.094502
v 1.533407 -28.275162 -3.119601
v 1.523394 -28.273972 -3.154404
v 1.532007 -28.274967 -3.189587
v 1.556936 -28.277884 -3.215720
v 1.591501 -28.281940 -3.225804
v 1.626444 -28.286047 -3.217133
v 1.652399 -28.289106 -3.192034
v 1.662409 -28.290298 -3.157229
v 1.627646 -28.476946 -3.121790
v 1.602720 -28.473982 -3.095656
v 1.568277 -28.469019 -3.085558
v 1.533541 -28.463388 -3.094203
v 1.507822 -28.458597 -3.119273
v 1.498011 -28.455929 -3.154051
v 1.506735 -28.456100 -3.189219
v 1.531660 -28.459064 -3.215353
v 1.566103 -28.464025 -3.225451
v 1.600836 -28.469658 -3.216807
v 1.626558 -28.474449 -3.191737
v 1.636370 -28.477116 -3.156958
v 1.597460 -28.656443 -3.134150
v 1.572195 -28.655603 -3.108189
v 1.537676 -28.651102 -3.098130
v 1.503157 -28.644144 -3.106665
v 1.477884 -28.636595 -3.131508
v 1.468626 -28.630478 -3.166003
v 1.477873 -28.627428 -3.200905
v 1.503138 -28.628267 -3.226864
v 1.537657 -28.632769 -3.236926
v 1.572176 -28.639727 -3.228390
v 1.597452 -28.647276 -3.203547
v 1.606707 -28.653395 -3.169053
v 1.566729 -28.837791 -3.169774
v 1.541010 -28.839630 -3.144314
v 1.506319 -28.836172 -3.134449
v 1.471945 -28.828346 -3.142823
v 1.447100 -28.818249 -3.167189
v 1.438444 -28.808584 -3.201022
v 1.448294 -28.801943 -3.235253
v 1.474009 -28.800104 -3.260712
v 1.508703 -28.803560 -3.270577
v 1.543078 -28.811386 -3.262204
v 1.567923 -28.821486 -3.237837
v 1.576578 -28.831150 -3.204005
v 1.536020 -29.020927 -3.222748
v 1.510000 -29.024567 -3.197793
v 1.475180 -29.021877 -3.188143
v 1.440882 -29.013580 -3.196385
v 1.416304 -29.001900 -3.220309
v 1.408026 -28.989965 -3.253506
v 1.418268 -28.980974 -3.287079
v 1.444288 -28.977337 -3.312035
v 1.479109 -28.980026 -3.321684
v 1.513407 -28.988321 -3.313443
v 1.537985 -29.000002 -3.289519
v 1.546263 -29.011936 -3.256323
v 1.505720 -29.206676 -3.287310
v 1.479532 -29.211359 -3.262709
v 1.444624 -29.209200 -3.253239
v 1.410349 -29.200779 -3.261439
v 1.385889 -29.188349 -3.285109
v 1.377802 -29.175245 -3.317908
v 1.388254 -29.164976 -3.351048
v 1.414442 -29.160294 -3.375649
v 1.449350 -29.162453 -3.385119
v 1.483626 -29.170874 -3.376921
v 1.508085 -29.183302 -3.353251
v 1.516173 -29.196407 -3.320450
v 1.476217 -29.395824 -3.357836
v 1.449968 -29.400902 -3.333380
v 1.415011 -29.399075 -3.324030
v 1.380705 -29.390829 -3.332293
v 1.356253 -29.378378 -3.355956
v 1.348200 -29.365055 -3.388674
v 1.358706 -29.354431 -3.421687
v 1.384955 -29.349352 -3.446143
v 1.419912 -29.351179 -3.455491
v 1.454218 -29.359425 -3.447228
v 1.478670 -29.371878 -3.423567
v 1.486723 -29.385201 -3.390847
v 1.447905 -29.589087 -3.428788
v 1.421682 -29.593975 -3.404263
v 1.386702 -29.592304 -3.394970
v 1.352331 -29.584520 -3.403399
v 1.327784 -29.572708 -3.427292
v 1.319636 -29.560036 -3.460246
v 1.330069 -29.549894 -3.493430
v 1.356291 -29.545006 -3.517954
v 1.391276 -29.546677 -3.527247
v 1.425646 -29.554461 -3.518818
v 1.450194 -29.566273 -3.494927
v 1.458342 -29.578945 -3.461974
v 1.421179 -29.787115 -3.494690
v 1.395060 -29.791252 -3.469922
v 1.360075 -29.789576 -3.460627
v 1.325606 -29.782536 -3.469298
v 1.300882 -29.772015 -3.493611
v 1.292536 -29.760834 -3.527052
v 1.302797 -29.751989 -3.560658
v 1.328917 -29.747850 -3.585428
v 1.363897 -29.749527 -3.594723
v 1.398371 -29.756569 -3.586050
v 1.423090 -29.767090 -3.561739
v 1.431440 -29.778271 -3.528298
v 1.396433 -29.990528 -3.550131
v 1.370474 -29.993351 -3.525013
v 1.335508 -29.991510 -3.515675
v 1.300917 -29.985500 -3.524621
v 1.275957 -29.976931 -3.549452
v 1.267325 -29.968098 -3.583517
v 1.277331 -29.961369 -3.617686
v 1.303290 -29.958544 -3.642805
v 1.338255 -29.960384 -3.652144
v 1.372847 -29.966394 -3.643198
v 1.397806 -29.974964 -3.618366
v 1.406439 -29.983797 -3.584301
v 1.374064 -30.199959 -3.589764
v 1.348299 -30.200905 -3.564301
v 1.313372 -30.198744 -3.554903
v 1.278639 -30.194056 -3.564093
v 1.253401 -30.188097 -3.589401
v 1.244429 -30.182465 -3.624054
v 1.254122 -30.178667 -3.658760
v 1.279883 -30.177723 -3.684223
v 1.314810 -30.179884 -3.693621
v 1.349547 -30.184570 -3.684433
v 1.374781 -30.190529 -3.659123
v 1.383757 -30.196161 -3.624472
v 1.354445 -30.416128 -3.608299
v 1.328898 -30.414673 -3.582642
v 1.294012 -30.412041 -3.573208
v 1.259134 -30.408939 -3.582524
v 1.233606 -30.406199 -3.608094
v 1.224276 -30.404554 -3.643067
v 1.233633 -30.404444 -3.678072
v 1.259176 -30.405899 -3.703730
v 1.294066 -30.408531 -3.713164
v 1.328943 -30.411633 -3.703848
v 1.354468 -30.414373 -3.678278
v 1.363802 -30.416018 -3.643305
v 1.337950 -30.639896 -3.600455
v 1.312613 -30.635635 -3.574906
v 1.277769 -30.632412 -3.565493
v 1.242758 -30.631088 -3.574740
v 1.216963 -30.632017 -3.600168
v 1.207293 -30.634953 -3.634966
v 1.216337 -30.639107 -3.669806
v 1.241675 -30.643366 -3.695357
v 1.276518 -30.646589 -3.704767
v 1.311529 -30.647915 -3.695521
v 1.337324 -30.646984 -3.670092
v 1.346995 -30.644049 -3.635294
v 1.324953 -30.872311 -3.560843
v 1.299780 -30.865076 -3.535803
v 1.264975 -30.861195 -3.526505
v 1.229860 -30.861708 -3.535437
v 1.203852 -30.866478 -3.560208
v 1.193911 -30.874226 -3.594179
v 1.202704 -30.882877 -3.628250
v 1.227877 -30.890112 -3.653290
v 1.262682 -30.893993 -3.662588
v 1.297793 -30.893480 -3.653656
v 1.323805 -30.888710 -3.628885
v 1.333746 -30.880962 -3.594913
v 1.275957 -22.628202 1.903571
v 1.252310 -22.626635 1.930982
v 1.218157 -22.624365 1.942870
v 1.182646 -22.621998 1.936052
v 1.155298 -22.620171 1.912355
v 1.143438 -22.619370 1.878125
v 1.150240 -22.619812 1.842538
v 1.173887 -22.621378 1.815128
v 1.208040 -22.623648 1.803239
v 1.243548 -22.626017 1.810056
v 1.270899 -22.627844 1.833757
v 1.282759 -22.628645 1.867984
v 1.264246 -22.827070 1.911592
v 1.240690 -22.824011 1.938955
v 1.206560 -22.821367 1.950832
v 1.171000 -22.819849 1.944041
v 1.143541 -22.819860 1.920402
v 1.131537 -22.821398 1.886247
v 1.138205 -22.824053 1.850732
v 1.161760 -22.827110 1.823369
v 1.195891 -22.829754 1.811492
v 1.231451 -22.831272 1.818282
v 1.258913 -22.831263 1.841922
v 1.270918 -22.829721 1.876077
v 1.251757 -23.071392 1.933255
v 1.228247 -23.067469 1.960546
v 1.194128 -23.064560 1.972402
v 1.158548 -23.063446 1.965644
v 1.131037 -23.064425 1.942083
v 1.118963 -23.067236 1.908035
v 1.125570 -23.071123 1.872619
v 1.149080 -23.075045 1.845329
v 1.183195 -23.077953 1.833472
v 1.218779 -23.079069 1.840230
v 1.246290 -23.078089 1.863790
v 1.258360 -23.075277 1.897840
v 1.237867 -23.351477 1.964668
v 1.214380 -23.347101 1.991910
v 1.180273 -23.343988 2.003743
v 1.144690 -23.342968 1.996995
v 1.117159 -23.344316 1.973476
v 1.105059 -23.347672 1.939485
v 1.111635 -23.352135 1.904132
v 1.135122 -23.356508 1.876889
v 1.169230 -23.359623 1.865058
v 1.204813 -23.360643 1.871804
v 1.232344 -23.359293 1.895326
v 1.244444 -23.355940 1.929315
v 1.221945 -23.657711 2.001851
v 1.198469 -23.653130 2.029069
v 1.164370 -23.649830 2.040881
v 1.128790 -23.648699 2.034120
v 1.101259 -23.650036 2.010598
v 1.089155 -23.653486 1.976619
v 1.095724 -23.658123 1.941289
v 1.119200 -23.662704 1.914071
v 1.153296 -23.666002 1.902259
v 1.188875 -23.667135 1.909021
v 1.216406 -23.665796 1.932542
v 1.228510 -23.662346 1.966520
v 1.203329 -23.980696 2.040820
v 1.179857 -23.976084 2.068034
v 1.145769 -23.972601 2.079824
v 1.110205 -23.971182 2.073028
v 1.082693 -23.972206 2.049470
v 1.070604 -23.975399 2.015462
v 1.077181 -23.979906 1.980115
v 1.100653 -23.984518 1.952899
v 1.134741 -23.988001 1.941110
v 1.170305 -23.989420 1.947906
v 1.197817 -23.988396 1.971463
v 1.209906 -23.985201 2.005473
v 1.181360 -24.311142 2.077583
v 1.157877 -24.306652 2.104810
v 1.123804 -24.302969 2.116578
v 1.088274 -24.301083 2.109731
v 1.060801 -24.301495 2.086107
v 1.048754 -24.304098 2.052034
v 1.055353 -24.308191 2.016641
v 1.078837 -24.312681 1.989413
v 1.112909 -24.316364 1.977647
v 1.148443 -24.318251 1.984493
v 1.175913 -24.317839 2.008117
v 1.187960 -24.315237 2.042190
v 1.155356 -24.639851 2.108144
v 1.131849 -24.635645 2.135396
v 1.097796 -24.631729 2.147142
v 1.062319 -24.629152 2.140234
v 1.034926 -24.628605 2.116521
v 1.022955 -24.630234 2.082361
v 1.029612 -24.633604 2.046903
v 1.053118 -24.637810 2.019651
v 1.087172 -24.641726 2.007904
v 1.122648 -24.644300 2.014812
v 1.150042 -24.644848 2.038524
v 1.162012 -24.643219 2.072685
v 1.124609 -24.957724 2.128486
v 1.101057 -24.954002 2.155769
v 1.067030 -24.949797 2.167497
v 1.031653 -24.946230 2.160530
v 1.004397 -24.944262 2.136732
v 0.992575 -24.944416 2.102481
v 0.999346 -24.946655 2.066955
v 1.022898 -24.950377 2.039672
v 1.056921 -24.954584 2.027944
v 1.092302 -24.958151 2.034914
v 1.119555 -24.960119 2.058710
v 1.131380 -24.959963 2.092960
v 1.088373 -25.255842 2.134542
v 1.064722 -25.252888 2.161836
v 1.030748 -25.248293 2.173559
v 0.995546 -25.243288 2.166570
v 0.968554 -25.239214 2.142742
v 0.957003 -25.237165 2.108459
v 0.963987 -25.237688 2.072908
v 0.987639 -25.240644 2.045614
v 1.021612 -25.245239 2.033891
v 1.056814 -25.250244 2.040880
v 1.083807 -25.254316 2.064708
v 1.095358 -25.256365 2.098991
v 1.045759 -25.525593 2.122076
v 1.021914 -25.523844 2.149303
v 0.988028 -25.518698 2.161056
v 0.953180 -25.511534 2.154188
v 0.926706 -25.504271 2.130535
v 0.915701 -25.498854 2.096439
v 0.923117 -25.496737 2.061035
v 0.946962 -25.498486 2.033807
v 0.980848 -25.503632 2.022054
v 1.015700 -25.510798 2.028924
v 1.042170 -25.518061 2.052576
v 1.053175 -25.523476 2.086671
v 0.995539 -25.758894 2.086326
v 0.971258 -25.759077 2.113224
v 0.937559 -25.753103 2.125118
v 0.903463 -25.742573 2.118822
v 0.878111 -25.730307 2.096023
v 0.868296 -25.719595 2.062829
v 0.876646 -25.713303 2.028135
v 0.900923 -25.713120 2.001237
v 0.934626 -25.719093 1.989343
v 0.968722 -25.729624 1.995639
v 0.994074 -25.741888 2.018438
v 1.003889 -25.752602 2.051633
v 0.938742 -25.939280 2.024648
v 0.914095 -25.940762 2.051168
v 0.880446 -25.934608 2.063116
v 0.846804 -25.922472 2.057285
v 0.822191 -25.907604 2.035242
v 0.813192 -25.893988 2.002889
v 0.822230 -25.885269 1.968900
v 0.846876 -25.883789 1.942379
v 0.880526 -25.889940 1.930433
v 0.914168 -25.902077 1.936262
v 0.938784 -25.916945 1.958307
v 0.947779 -25.930563 1.990657
v 0.894270 -26.091908 1.973642
v 0.869898 -26.092302 2.000453
v 0.835867 -26.087660 2.011997
v 0.801294 -26.079224 2.005178
v 0.775442 -26.069256 1.981826
v 0.765242 -26.060425 1.948198
v 0.773420 -26.055099 1.913303
v 0.797793 -26.054705 1.886491
v 0.831823 -26.059347 1.874948
v 0.866396 -26.067783 1.881767
v 0.892248 -26.077751 1.905118
v 0.902453 -26.086580 1.938747
v 0.873079 -26.261326 1.960300
v 0.848997 -26.259584 1.987318
v 0.814665 -26.257168 1.998645
v 0.779276 -26.254726 1.991247
v 0.752318 -26.252914 1.967102
v 0.741015 -26.252214 1.932683
v 0.748388 -26.252819 1.897213
v 0.772471 -26.254560 1.870193
v 0.806803 -26.256977 1.858867
v 0.842192 -26.259418 1.866266
v 0.869150 -26.261230 1.890411
v 0.880453 -26.261930 1.924829
v 0.870566 -26.452965 1.976667
v 0.846514 -26.449848 2.003589
v 0.812143 -26.449160 2.015039
v 0.776659 -26.451086 2.007947
v 0.749575 -26.455107 1.984214
v 0.738146 -26.460148 1.950202
v 0.745432 -26.464857 1.915021
v 0.769484 -26.467974 1.888099
v 0.803854 -26.468660 1.876649
v 0.839335 -26.466736 1.883741
v 0.866419 -26.462715 1.907474
v 0.877852 -26.457674 1.941486
v 0.884634 -26.662146 2.017517
v 0.860537 -26.658293 2.044302
v 0.826243 -26.658901 2.055992
v 0.790945 -26.663811 2.049449
v 0.764097 -26.671703 2.026433
v 0.752894 -26.680466 1.993106
v 0.760336 -26.687750 1.958400
v 0.784433 -26.691603 1.931615
v 0.818724 -26.690994 1.919927
v 0.854025 -26.686085 1.926467
v 0.880873 -26.678192 1.949485
v 0.892077 -26.669430 1.982810
v 0.912642 -26.883823 2.076717
v 0.888514 -26.879702 2.103433
v 0.854342 -26.881315 2.115381
v 0.819288 -26.888235 2.109361
v 0.792742 -26.898603 2.086986
v 0.781817 -26.909647 2.054250
v 0.789438 -26.918402 2.019924
v 0.813566 -26.922523 1.993209
v 0.847738 -26.920910 1.981260
v 0.882792 -26.913990 1.987279
v 0.909338 -26.903620 2.009656
v 0.920263 -26.892578 2.042392
v 0.951643 -27.113222 2.147695
v 0.927530 -27.109196 2.174440
v 0.893499 -27.111639 2.186639
v 0.858667 -27.119894 2.181024
v 0.832365 -27.131750 2.159097
v 0.821650 -27.144032 2.126737
v 0.829382 -27.153446 2.092611
v 0.853495 -27.157473 2.065866
v 0.887526 -27.155031 2.053667
v 0.922358 -27.146774 2.059282
v 0.948656 -27.134918 2.081209
v 0.959376 -27.122637 2.113569
v 0.998568 -27.345865 2.223714
v 0.974539 -27.342270 2.250597
v 0.940653 -27.345446 2.263032
v 0.905989 -27.354542 2.257686
v 0.879835 -27.367123 2.235992
v 0.869196 -27.379814 2.203763
v 0.876928 -27.389219 2.169635
v 0.900953 -27.392817 2.142751
v 0.934839 -27.389639 2.130317
v 0.969504 -27.380543 2.135664
v 0.995661 -27.367964 2.157358
v 1.006296 -27.355270 2.189584
v 1.050306 -27.577513 2.297998
v 1.026453 -27.574705 2.325128
v 0.992724 -27.578587 2.337785
v 0.958155 -27.588116 2.332574
v 0.932009 -27.600740 2.310895
v 0.921293 -27.613077 2.278554
v 0.928877 -27.621820 2.244218
v 0.952730 -27.624626 2.217086
v 0.986460 -27.620747 2.204431
v 1.021032 -27.611217 2.209640
v 1.047175 -27.598593 2.231321
v 1.057890 -27.586256 2.263662
v 1.103758 -27.804121 2.363744
v 1.080195 -27.802557 2.391227
v 1.046641 -27.807177 2.404093
v 1.012079 -27.816742 2.398893
v 0.985777 -27.828690 2.377022
v 0.974779 -27.839819 2.344339
v 0.982031 -27.847147 2.309602
v 1.005594 -27.848711 2.282121
v 1.039152 -27.844091 2.269254
v 1.073713 -27.834528 2.274456
v 1.100016 -27.822580 2.296327
v 1.111014 -27.811451 2.329008
v 1.155840 -28.021873 2.414112
v 1.132727 -28.022200 2.442012
v 1.099367 -28.027664 2.455066
v 1.064707 -28.036802 2.449771
v 1.038031 -28.047167 2.427549
v 1.026484 -28.055981 2.394354
v 1.033163 -28.060881 2.359079
v 1.056280 -28.060555 2.331177
v 1.089636 -28.055090 2.318125
v 1.124296 -28.045952 2.323419
v 1.150976 -28.035587 2.345640
v 1.162520 -28.026773 2.378837
v 1.203497 -28.227249 2.442091
v 1.181040 -28.230448 2.470346
v 1.147925 -28.236963 2.483526
v 1.113020 -28.245049 2.478103
v 1.085684 -28.252537 2.455528
v 1.073240 -28.257423 2.421850
v 1.079023 -28.258396 2.386093
v 1.101481 -28.255198 2.357837
v 1.134600 -28.248682 2.344656
v 1.169500 -28.240599 2.350080
v 1.196837 -28.233109 2.372656
v 1.209280 -28.228224 2.406334
v 1.243036 -28.413939 2.440406
v 1.221193 -28.419975 2.468681
v 1.188318 -28.427601 2.481870
v 1.153219 -28.434771 2.476440
v 1.125300 -28.439564 2.453847
v 1.112040 -28.440695 2.420145
v 1.116995 -28.437864 2.384363
v 1.138838 -28.431828 2.356088
v 1.171717 -28.424202 2.342899
v 1.206816 -28.417032 2.348329
v 1.234736 -28.412239 2.370922
v 1.247995 -28.411106 2.404625
v 1.279753 -28.586946 2.424762
v 1.258116 -28.593929 2.452978
v 1.225405 -28.602312 2.466119
v 1.190386 -28.609844 2.460668
v 1.162439 -28.614513 2.438081
v 1.149054 -28.615063 2.404415
v 1.153814 -28.611349 2.368688
v 1.175451 -28.604366 2.340473
v 1.208162 -28.595984 2.327329
v 1.243181 -28.588449 2.332783
v 1.271132 -28.583782 2.355367
v 1.284517 -28.583233 2.389034
v 1.321421 -28.759802 2.414905
v 1.299704 -28.766436 2.443140
v 1.267080 -28.775190 2.456260
v 1.232298 -28.783718 2.450752
v 1.204672 -28.789734 2.428089
v 1.191610 -28.791628 2.394344
v 1.196608 -28.788893 2.358560
v 1.218325 -28.782259 2.330324
v 1.250948 -28.773504 2.317203
v 1.285730 -28.764977 2.322714
v 1.313357 -28.758961 2.345377
v 1.326418 -28.757067 2.379122
v 1.367647 -28.935926 2.410406
v 1.345812 -28.942120 2.438652
v 1.313234 -28.951040 2.451768
v 1.278643 -28.960299 2.446241
v 1.251303 -28.967417 2.423548
v 1.238546 -28.970484 2.389772
v 1.243784 -28.968681 2.353966
v 1.265619 -28.962488 2.325718
v 1.298197 -28.953568 2.312601
v 1.332789 -28.944307 2.318130
v 1.360129 -28.937191 2.340822
v 1.372885 -28.934124 2.374597
v 1.417460 -29.116108 2.411073
v 1.395479 -29.121775 2.439319
v 1.362894 -29.130671 2.452436
v 1.328436 -29.140411 2.446908
v 1.301333 -29.148384 2.424219
v 1.288851 -29.152456 2.390447
v 1.294333 -29.151533 2.354643
v 1.316309 -29.145864 2.326397
v 1.348894 -29.136969 2.313280
v 1.383356 -29.127230 2.318807
v 1.410456 -29.119257 2.341497
v 1.422941 -29.115185 2.375269
v 1.469881 -29.301121 2.416719
v 1.447733 -29.306194 2.444948
v 1.415091 -29.314888 2.458057
v 1.380701 -29.324869 2.452539
v 1.353773 -29.333466 2.429869
v 1.341524 -29.338375 2.396120
v 1.347239 -29.338280 2.360340
v 1.369387 -29.333204 2.332113
v 1.402029 -29.324512 2.319002
v 1.436419 -29.314529 2.324522
v 1.463347 -29.305933 2.347193
v 1.475596 -29.301025 2.380939
v 1.523920 -29.491739 2.427143
v 1.501589 -29.496159 2.455336
v 1.468844 -29.504486 2.468426
v 1.434458 -29.514492 2.462908
v 1.407644 -29.523493 2.440258
v 1.395586 -29.529079 2.406549
v 1.401518 -29.529753 2.370809
v 1.423849 -29.525333 2.342617
v 1.456595 -29.517006 2.329527
v 1.490980 -29.507002 2.335045
v 1.517794 -29.497999 2.357694
v 1.529848 -29.492414 2.391405
v 1.578573 -29.688734 2.442141
v 1.556048 -29.692446 2.470278
v 1.523161 -29.700264 2.483332
v 1.488726 -29.710089 2.477798
v 1.461966 -29.719292 2.455164
v 1.450056 -29.725405 2.421495
v 1.456186 -29.726791 2.385809
v 1.478712 -29.723078 2.357670
v 1.511595 -29.715261 2.344618
v 1.546030 -29.705437 2.350149
v 1.572790 -29.696234 2.372782
v 1.584700 -29.690121 2.406454
v 1.632830 -29.892870 2.461498
v 1.610109 -29.895834 2.489567
v 1.577051 -29.903011 2.502558
v 1.542521 -29.912476 2.496992
v 1.515768 -29.921694 2.474360
v 1.503962 -29.928194 2.440725
v 1.510264 -29.930235 2.405102
v 1.532984 -29.927271 2.377033
v 1.566038 -29.920094 2.364042
v 1.600573 -29.910629 2.369608
v 1.627325 -29.901411 2.392240
v 1.639132 -29.894911 2.425875
v 1.685682 -30.104918 2.485004
v 1.662768 -30.107100 2.512987
v 1.629526 -30.113522 2.525896
v 1.594862 -30.122461 2.520271
v 1.568071 -30.131525 2.497622
v 1.556326 -30.138281 2.464016
v 1.562777 -30.140923 2.428457
v 1.585695 -30.138739 2.400476
v 1.618937 -30.132317 2.387565
v 1.653597 -30.123377 2.393190
v 1.680391 -30.114313 2.415840
v 1.692133 -30.107557 2.449446
v 1.736113 -30.325640 2.512438
v 1.713015 -30.327017 2.540319
v 1.679579 -30.332588 2.553123
v 1.644762 -30.340858 2.547419
v 1.617903 -30.349613 2.524731
v 1.606188 -30.356506 2.491140
v 1.612761 -30.359692 2.455650
v 1.635862 -30.358315 2.427767
v 1.669298 -30.352743 2.414964
v 1.704111 -30.344473 2.420671
v 1.730974 -30.335718 2.443357
v 1.742689 -30.328825 2.476948
v 1.783102 -30.555809 2.543577
v 1.759836 -30.556362 2.571348
v 1.726210 -30.560999 2.584026
v 1.691237 -30.568476 2.578211
v 1.664282 -30.576786 2.555466
v 1.652575 -30.583708 2.521879
v 1.659250 -30.587383 2.486456
v 1.682516 -30.586830 2.458683
v 1.716143 -30.582193 2.446007
v 1.751120 -30.574717 2.451820
v 1.778071 -30.566404 2.474567
v 1.789778 -30.559484 2.508152
v 1.825632 -30.796152 2.578190
v 1.802218 -30.795877 2.605843
v 1.768419 -30.799524 2.618378
v 1.733286 -30.806116 2.612436
v 1.706240 -30.813885 2.589611
v 1.694521 -30.820751 2.556017
v 1.701273 -30.824873 2.520658
v 1.724688 -30.825148 2.493006
v 1.758490 -30.821501 2.480471
v 1.793619 -30.814909 2.486410
v 1.820669 -30.807140 2.509235
v 1.832384 -30.800276 2.542830
v 1.142904 -22.715322 -4.121686
v 1.112570 -22.717138 -4.086375
v 1.068812 -22.721355 -4.070952
v 1.023356 -22.726847 -4.079551
v 0.988379 -22.732138 -4.109866
v 0.973257 -22.735815 -4.153777
v 0.982039 -22.736891 -4.199517
v 1.012373 -22.735077 -4.234830
v 1.056131 -22.730860 -4.250253
v 1.101587 -22.725368 -4.241654
v 1.136564 -22.720076 -4.211337
v 1.151686 -22.716398 -4.167426
v 1.168215 -22.916416 -4.120498
v 1.138231 -22.921059 -4.085145
v 1.094710 -22.927183 -4.069695
v 1.049311 -22.933146 -4.078288
v 1.014200 -22.937353 -4.108619
v 0.998785 -22.938675 -4.152564
v 1.007200 -22.936758 -4.198344
v 1.037184 -22.932116 -4.233697
v 1.080706 -22.925993 -4.249146
v 1.126104 -22.920031 -4.240554
v 1.161215 -22.915823 -4.210223
v 1.176626 -22.914501 -4.166278
v 1.203264 -23.160885 -4.130328
v 1.173506 -23.167103 -4.095029
v 1.130137 -23.174330 -4.079618
v 1.084787 -23.180632 -4.088222
v 1.049605 -23.184320 -4.118535
v 1.034018 -23.184402 -4.162436
v 1.042200 -23.180862 -4.208163
v 1.071959 -23.174643 -4.243461
v 1.115328 -23.167416 -4.258874
v 1.160677 -23.161114 -4.250270
v 1.195860 -23.157427 -4.219956
v 1.211447 -23.157343 -4.176055
v 1.246145 -23.439590 -4.147477
v 1.216494 -23.446545 -4.112222
v 1.173216 -23.454348 -4.096843
v 1.127909 -23.460913 -4.105462
v 1.092707 -23.464479 -4.135768
v 1.077044 -23.464090 -4.179643
v 1.085119 -23.459852 -4.225329
v 1.114771 -23.452898 -4.260585
v 1.158049 -23.445093 -4.275964
v 1.203360 -23.438530 -4.267344
v 1.238558 -23.434965 -4.237039
v 1.254221 -23.435352 -4.193164
v 1.294943 -23.743380 -4.168271
v 1.265329 -23.750555 -4.133029
v 1.222094 -23.758623 -4.117667
v 1.176825 -23.765425 -4.126302
v 1.141646 -23.769133 -4.156619
v 1.125986 -23.768759 -4.200494
v 1.134043 -23.764399 -4.246171
v 1.163656 -23.757223 -4.281413
v 1.206892 -23.749155 -4.296775
v 1.252165 -23.742353 -4.288140
v 1.287344 -23.738646 -4.257823
v 1.303000 -23.739021 -4.213948
v 1.347754 -24.063025 -4.189038
v 1.318110 -24.070034 -4.153787
v 1.274881 -24.078142 -4.138427
v 1.229647 -24.085178 -4.147077
v 1.194529 -24.089254 -4.177415
v 1.178938 -24.089279 -4.221316
v 1.187048 -24.085245 -4.267015
v 1.216688 -24.078238 -4.302266
v 1.259916 -24.070127 -4.317624
v 1.305151 -24.063093 -4.308976
v 1.340269 -24.059017 -4.278636
v 1.355864 -24.058992 -4.234736
v 1.402647 -24.389252 -4.206115
v 1.372915 -24.395737 -4.170836
v 1.329661 -24.403688 -4.155471
v 1.284472 -24.410980 -4.164132
v 1.249453 -24.415655 -4.194501
v 1.233992 -24.416460 -4.238441
v 1.242228 -24.413183 -4.284177
v 1.271959 -24.406698 -4.319455
v 1.315214 -24.398745 -4.334821
v 1.360403 -24.391455 -4.326159
v 1.395422 -24.386780 -4.295791
v 1.410883 -24.385973 -4.251851
v 1.457701 -24.712748 -4.215844
v 1.427813 -24.718307 -4.180541
v 1.384497 -24.725899 -4.165165
v 1.339357 -24.733488 -4.173834
v 1.304491 -24.739042 -4.204228
v 1.289236 -24.741074 -4.248200
v 1.297686 -24.739038 -4.293971
v 1.327570 -24.733479 -4.329272
v 1.370886 -24.725885 -4.344649
v 1.416029 -24.718298 -4.335980
v 1.450895 -24.712742 -4.305586
v 1.466150 -24.710711 -4.261614
v 1.510977 -25.024137 -4.214587
v 1.480845 -25.028254 -4.179297
v 1.437422 -25.035231 -4.163926
v 1.392347 -25.043194 -4.172593
v 1.357695 -25.050013 -4.202975
v 1.342753 -25.053858 -4.246933
v 1.351523 -25.053701 -4.292687
v 1.381655 -25.049583 -4.327979
v 1.425078 -25.042608 -4.343350
v 1.470152 -25.034643 -4.334683
v 1.504805 -25.027826 -4.304301
v 1.519747 -25.023979 -4.260342
v 1.560526 -25.313938 -4.198756
v 1.530020 -25.315870 -4.163599
v 1.486433 -25.321871 -4.148287
v 1.441439 -25.330332 -4.156924
v 1.407103 -25.338987 -4.187193
v 1.392614 -25.345514 -4.230988
v 1.401865 -25.348169 -4.276572
v 1.432371 -25.346237 -4.311730
v 1.475958 -25.340237 -4.327040
v 1.520949 -25.331774 -4.318404
v 1.555288 -25.323120 -4.288134
v 1.569773 -25.316591 -4.244339
v 1.604357 -25.572479 -4.164896
v 1.573286 -25.571051 -4.130217
v 1.529436 -25.575518 -4.115122
v 1.484564 -25.584684 -4.123658
v 1.450693 -25.596094 -4.153538
v 1.436895 -25.606688 -4.196755
v 1.446867 -25.613630 -4.241730
v 1.477942 -25.615059 -4.276412
v 1.521788 -25.610590 -4.291506
v 1.566660 -25.601425 -4.282969
v 1.600535 -25.590015 -4.253090
v 1.614332 -25.579420 -4.209872
v 1.640452 -25.789759 -4.109961
v 1.608503 -25.783022 -4.076731
v 1.564249 -25.785036 -4.062308
v 1.519552 -25.795263 -4.070555
v 1.486387 -25.810959 -4.099263
v 1.473642 -25.827921 -4.140738
v 1.484728 -25.841600 -4.183869
v 1.516680 -25.848337 -4.217097
v 1.560930 -25.846323 -4.231520
v 1.605631 -25.836096 -4.223275
v 1.638792 -25.820400 -4.194567
v 1.651541 -25.803438 -4.153092
v 1.667719 -25.961493 -4.028767
v 1.635286 -25.951675 -3.996796
v 1.590777 -25.952044 -3.983044
v 1.546114 -25.962500 -3.991198
v 1.513270 -25.980238 -4.019070
v 1.501040 -26.000509 -4.059195
v 1.512705 -26.017881 -4.100817
v 1.545138 -26.027699 -4.132788
v 1.589647 -26.027330 -4.146540
v 1.634310 -26.016876 -4.138386
v 1.667154 -25.999136 -4.110514
v 1.679384 -25.978863 -4.070391
v 1.691263 -26.127563 -3.955014
v 1.659441 -26.122059 -3.921439
v 1.615126 -26.123804 -3.907176
v 1.570192 -26.132334 -3.916045
v 1.536680 -26.145361 -3.945672
v 1.523573 -26.159395 -3.988118
v 1.534376 -26.170675 -4.032008
v 1.566202 -26.176180 -4.065583
v 1.610518 -26.174435 -4.079846
v 1.655451 -26.165907 -4.070977
v 1.688959 -26.152880 -4.041350
v 1.702070 -26.138845 -3.998906
v 1.715212 -26.320395 -3.926922
v 1.684324 -26.322453 -3.892104
v 1.640349 -26.326918 -3.877394
v 1.595060 -26.332594 -3.886733
v 1.560598 -26.337963 -3.917618
v 1.546194 -26.341581 -3.961775
v 1.555712 -26.342484 -4.007370
v 1.586596 -26.340427 -4.042189
v 1.630571 -26.335962 -4.056901
v 1.675860 -26.330284 -4.047562
v 1.710322 -26.324917 -4.016676
v 1.724726 -26.321297 -3.972519
v 1.737867 -26.529305 -3.938380
v 1.707552 -26.536615 -3.903767
v 1.663767 -26.542831 -3.889124
v 1.618239 -26.546289 -3.898377
v 1.583166 -26.546061 -3.929043
v 1.567953 -26.542206 -3.972907
v 1.576670 -26.535761 -4.018216
v 1.606985 -26.528450 -4.052828
v 1.650770 -26.522232 -4.067469
v 1.696299 -26.518776 -4.058218
v 1.731371 -26.519005 -4.027552
v 1.746584 -26.522858 -3.983689
v 1.758494 -26.750559 -3.980629
v 1.728491 -26.761171 -3.946610
v 1.684790 -26.768330 -3.932137
v 1.639105 -26.770117 -3.941088
v 1.603678 -26.766054 -3.971068
v 1.587999 -26.757229 -4.014040
v 1.596270 -26.746006 -4.058493
v 1.626276 -26.735395 -4.092515
v 1.669977 -26.728235 -4.106987
v 1.715662 -26.726446 -4.098034
v 1.751089 -26.730511 -4.068057
v 1.766768 -26.739336 -4.025082
v 1.776354 -26.980734 -4.045670
v 1.746493 -26.993237 -4.012166
v 1.702822 -27.000740 -3.997786
v 1.657038 -27.001232 -4.006384
v 1.621409 -26.994581 -4.035656
v 1.605482 -26.982569 -4.077757
v 1.613527 -26.968416 -4.121407
v 1.643389 -26.955914 -4.154910
v 1.687060 -26.948410 -4.169289
v 1.732844 -26.947918 -4.160693
v 1.768473 -26.954569 -4.131421
v 1.784399 -26.966579 -4.089320
v 1.790663 -27.216244 -4.125885
v 1.760855 -27.229595 -4.092665
v 1.717173 -27.236971 -4.078244
v 1.671324 -27.236395 -4.086485
v 1.635592 -27.228022 -4.115181
v 1.619551 -27.214094 -4.156645
v 1.627501 -27.198345 -4.199763
v 1.657309 -27.184994 -4.232983
v 1.700987 -27.177618 -4.247405
v 1.746836 -27.178194 -4.239163
v 1.782568 -27.186567 -4.210467
v 1.798609 -27.200495 -4.169005
v 1.800604 -27.453308 -4.213822
v 1.770796 -27.466644 -4.180596
v 1.727091 -27.473467 -4.165972
v 1.681204 -27.471943 -4.173869
v 1.645426 -27.462484 -4.202170
v 1.629347 -27.447624 -4.243290
v 1.637274 -27.431345 -4.286215
v 1.667082 -27.418009 -4.319441
v 1.710787 -27.411188 -4.334067
v 1.756674 -27.412710 -4.326170
v 1.792452 -27.422171 -4.297869
v 1.808531 -27.437029 -4.256747
v 1.805346 -27.688005 -4.302065
v 1.775522 -27.700489 -4.268523
v 1.731798 -27.706289 -4.253523
v 1.685892 -27.703857 -4.261082
v 1.650107 -27.693840 -4.289177
v 1.634024 -27.678925 -4.330279
v 1.641962 -27.663107 -4.373374
v 1.671785 -27.650625 -4.406916
v 1.715510 -27.644823 -4.421916
v 1.761416 -27.647257 -4.414357
v 1.797201 -27.657272 -4.386261
v 1.813284 -27.672188 -4.345160
v 1.804049 -27.916317 -4.383217
v 1.774237 -27.926970 -4.349039
v 1.730524 -27.931164 -4.333479
v 1.684626 -27.927776 -4.340708
v 1.648840 -27.917715 -4.368786
v 1.632753 -27.903677 -4.410192
v 1.640677 -27.889421 -4.453832
v 1.670488 -27.878769 -4.488010
v 1.714201 -27.874575 -4.503571
v 1.760100 -27.877960 -4.496343
v 1.795885 -27.888021 -4.468264
v 1.811972 -27.902061 -4.426857
v 1.795870 -28.134132 -4.449885
v 1.766184 -28.141642 -4.414774
v 1.722571 -28.143391 -4.398489
v 1.676714 -28.138912 -4.405394
v 1.640905 -28.129404 -4.433638
v 1.624735 -28.117418 -4.475653
v 1.632540 -28.106163 -4.520181
v 1.662226 -28.098656 -4.555292
v 1.705839 -28.096907 -4.571577
v 1.751692 -28.101385 -4.564672
v 1.787504 -28.110891 -4.536429
v 1.803671 -28.122877 -4.494414
v 1.779978 -28.337250 -4.494692
v 1.750712 -28.339670 -4.458528
v 1.707403 -28.337696 -4.441471
v 1.661661 -28.331861 -4.448094
v 1.625738 -28.323727 -4.476622
v 1.609263 -28.315472 -4.519410
v 1.616648 -28.309309 -4.564994
v 1.645918 -28.306889 -4.601158
v 1.689226 -28.308863 -4.618216
v 1.734968 -28.314697 -4.611591
v 1.770891 -28.322832 -4.583063
v 1.787367 -28.331087 -4.540275
v 1.755465 -28.522364 -4.510426
v 1.726835 -28.519842 -4.473762
v 1.684000 -28.514189 -4.456332
v 1.638445 -28.506916 -4.462810
v 1.602369 -28.499973 -4.491458
v 1.585440 -28.495222 -4.534601
v 1.592199 -28.493933 -4.580678
v 1.620829 -28.496454 -4.617342
v 1.663660 -28.502108 -4.634770
v 1.709219 -28.509380 -4.628293
v 1.745295 -28.516323 -4.599645
v 1.762224 -28.521074 -4.556502
v 1.724993 -28.699003 -4.513218
v 1.696550 -28.695335 -4.476503
v 1.653921 -28.688452 -4.459022
v 1.608523 -28.680197 -4.465456
v 1.572527 -28.672781 -4.494084
v 1.555571 -28.668194 -4.537233
v 1.562204 -28.667664 -4.583344
v 1.590647 -28.671331 -4.620058
v 1.633276 -28.678215 -4.637541
v 1.678675 -28.686470 -4.631105
v 1.714670 -28.693886 -4.602478
v 1.731627 -28.698473 -4.559328
v 1.692637 -28.878111 -4.523661
v 1.663965 -28.875713 -4.487018
v 1.621252 -28.869284 -4.469561
v 1.575945 -28.860542 -4.475969
v 1.540178 -28.851831 -4.504523
v 1.523539 -28.845488 -4.547573
v 1.530485 -28.843210 -4.593583
v 1.559157 -28.845608 -4.630226
v 1.601866 -28.852037 -4.647682
v 1.647177 -28.860779 -4.641274
v 1.682943 -28.869488 -4.612720
v 1.699579 -28.875832 -4.569672
v 1.659369 -29.059505 -4.541028
v 1.630480 -29.058323 -4.504499
v 1.587660 -29.052465 -4.487098
v 1.542391 -29.043505 -4.493484
v 1.506800 -29.033842 -4.521948
v 1.490423 -29.026064 -4.564863
v 1.497645 -29.022259 -4.610729
v 1.526537 -29.023441 -4.647257
v 1.569353 -29.029299 -4.664660
v 1.614622 -29.038260 -4.658273
v 1.650217 -29.047922 -4.629808
v 1.666594 -29.055700 -4.586894
v 1.625990 -29.243971 -4.564578
v 1.596892 -29.243935 -4.528194
v 1.553953 -29.238758 -4.510879
v 1.508677 -29.229830 -4.517269
v 1.473196 -29.219540 -4.545654
v 1.457022 -29.210648 -4.588428
v 1.464480 -29.205534 -4.634130
v 1.493578 -29.205570 -4.670512
v 1.536516 -29.210747 -4.687828
v 1.581789 -29.219675 -4.681438
v 1.617270 -29.229965 -4.653053
v 1.633448 -29.238857 -4.610279
v 1.593275 -29.432297 -4.593583
v 1.563994 -29.433336 -4.557364
v 1.520922 -29.428934 -4.540166
v 1.475599 -29.420269 -4.546597
v 1.440176 -29.409662 -4.574933
v 1.424139 -29.399958 -4.617583
v 1.431784 -29.393755 -4.663118
v 1.461069 -29.392714 -4.699337
v 1.504141 -29.397118 -4.716536
v 1.549460 -29.405783 -4.710104
v 1.584887 -29.416389 -4.681767
v 1.600924 -29.426094 -4.639118
v 1.562006 -29.625282 -4.627328
v 1.532560 -29.627323 -4.591283
v 1.489351 -29.623774 -4.574233
v 1.443956 -29.615582 -4.580746
v 1.408533 -29.604946 -4.609077
v 1.392584 -29.594713 -4.651636
v 1.400374 -29.587627 -4.697018
v 1.429815 -29.585587 -4.733063
v 1.473024 -29.589136 -4.750113
v 1.518423 -29.597326 -4.743600
v 1.553843 -29.607964 -4.715268
v 1.569796 -29.618196 -4.672710
v 1.532950 -29.823725 -4.665110
v 1.503370 -29.826693 -4.629240
v 1.460028 -29.824060 -4.612364
v 1.414534 -29.816534 -4.619002
v 1.379080 -29.806129 -4.647377
v 1.363165 -29.795633 -4.689886
v 1.371054 -29.787861 -4.735138
v 1.400633 -29.784893 -4.771008
v 1.443976 -29.787525 -4.787884
v 1.489470 -29.795052 -4.781245
v 1.524923 -29.805458 -4.752871
v 1.540838 -29.815952 -4.710361
v 1.506872 -30.028427 -4.706233
v 1.477183 -30.032246 -4.670533
v 1.433718 -30.030586 -4.653852
v 1.388117 -30.023891 -4.660656
v 1.352606 -30.013954 -4.689125
v 1.336695 -30.003441 -4.731629
v 1.344648 -29.995163 -4.776781
v 1.374334 -29.991344 -4.812480
v 1.417799 -29.993004 -4.829164
v 1.463400 -29.999699 -4.822358
v 1.498911 -30.009634 -4.793889
v 1.514826 -30.020149 -4.751385
v 1.484541 -30.240187 -4.750010
v 1.454771 -30.244783 -4.714471
v 1.411200 -30.244139 -4.697997
v 1.365496 -30.238422 -4.705004
v 1.329912 -30.229166 -4.733612
v 1.313982 -30.218851 -4.776158
v 1.321970 -30.210241 -4.821240
v 1.351736 -30.205643 -4.856780
v 1.395311 -30.206289 -4.873254
v 1.441012 -30.212006 -4.866248
v 1.476595 -30.221260 -4.837639
v 1.492529 -30.231575 -4.795094
v 1.466723 -30.459805 -4.795759
v 1.436899 -30.465109 -4.760366
v 1.393240 -30.465509 -4.744109
v 1.347452 -30.460896 -4.751345
v 1.311796 -30.452507 -4.780133
v 1.295832 -30.442591 -4.822760
v 1.303835 -30.433802 -4.867806
v 1.333658 -30.428497 -4.903200
v 1.377318 -30.428097 -4.919456
v 1.423109 -30.432711 -4.912222
v 1.458761 -30.441099 -4.883433
v 1.474726 -30.451015 -4.840805
v 1.454191 -30.688080 -4.842800
v 1.424330 -30.694021 -4.807537
v 1.380617 -30.695486 -4.791499
v 1.334761 -30.692083 -4.798982
v 1.299051 -30.684723 -4.827982
v 1.283053 -30.675379 -4.870728
v 1.291060 -30.666553 -4.915766
v 1.320917 -30.660612 -4.951028
v 1.364634 -30.659147 -4.967067
v 1.410490 -30.662550 -4.959583
v 1.446200 -30.669910 -4.930584
v 1.462198 -30.679255 -4.887838
v 1.447718 -30.925850 -4.890461
v 1.417841 -30.932369 -4.855314
v 1.374098 -30.934906 -4.839490
v 1.328207 -30.932781 -4.847229
v 1.292463 -30.926565 -4.876457
v 1.276449 -30.917921 -4.919343
v 1.284453 -30.909166 -4.964395
v 1.314329 -30.902647 -4.999542
v 1.358072 -30.900108 -5.015367
v 1.403963 -30.902233 -5.007627
v 1.439703 -30.908451 -4.978399
v 1.455717 -30.917095 -4.935513
v 0.070956 -24.206955 3.034837
v 0.070956 -3.828766 3.034835
v 0.070956 -24.206955 -5.873599
v 0.070956 -3.828766 -5.873600
v 2.908006 -24.206955 3.034837
v 2.908006 -3.828766 3.034835
v 2.908006 -24.206955 -5.873599
v 2.908006 -3.828766 -5.873600
v -0.204388 -14.017860 3.803258
v -0.204388 -14.017860 -6.642021
v 3.183348 -14.017860 -6.642021
v 3.183348 -14.017860 3.803258
v 2.978729 -21.589832 -4.069716
v 3.118700 -16.410160 -4.069717
v 3.118700 -16.410158 1.230954
v 2.978729 -21.589832 1.230955
v 0.000232 -21.589832 1.230955
v -0.139740 -16.410160 -4.069717
v -0.139740 -16.410158 1.230954
v 0.000232 -21.589832 -4.069716
v 1.174710 4.178837 -4.313014
v 1.151572 4.173908 -4.285570
v 1.117799 4.168571 -4.273572
v 1.082446 4.164265 -4.280236
v 1.054978 4.162140 -4.303778
v 1.042764 4.162766 -4.337884
v 1.049074 4.165977 -4.373423
v 1.072216 4.170906 -4.400866
v 1.105985 4.176243 -4.412862
v 1.141342 4.180550 -4.406198
v 1.168806 4.182674 -4.382659
v 1.181020 4.182049 -4.348551
v 1.194568 3.973869 -4.330268
v 1.171367 3.969513 -4.302777
v 1.137423 3.965816 -4.290649
v 1.101827 3.963776 -4.297130
v 1.074126 3.963932 -4.320485
v 1.061736 3.966248 -4.354455
v 1.067975 3.970097 -4.389941
v 1.091176 3.974457 -4.417430
v 1.125120 3.978146 -4.429561
v 1.160711 3.980190 -4.423079
v 1.188413 3.980034 -4.399724
v 1.200803 3.977718 -4.365752
v 1.207677 3.726120 -4.356651
v 1.184464 3.722019 -4.329133
v 1.150469 3.719181 -4.316916
v 1.114807 3.718365 -4.323269
v 1.087026 3.719791 -4.346489
v 1.074581 3.723080 -4.380361
v 1.080795 3.727341 -4.415803
v 1.104009 3.731445 -4.443319
v 1.138003 3.734283 -4.455539
v 1.173666 3.735100 -4.449183
v 1.201447 3.733669 -4.425961
v 1.213891 3.730385 -4.392092
v 1.216979 3.444504 -4.390181
v 1.193762 3.440430 -4.362663
v 1.159758 3.437904 -4.350405
v 1.124075 3.437607 -4.356698
v 1.096278 3.439613 -4.379853
v 1.083808 3.443394 -4.413665
v 1.090014 3.447926 -4.449075
v 1.113231 3.452003 -4.476594
v 1.147239 3.454525 -4.488851
v 1.182922 3.454826 -4.482558
v 1.210719 3.452816 -4.459404
v 1.223185 3.449039 -4.425592
v 1.225253 3.138054 -4.428939
v 1.202040 3.133846 -4.401436
v 1.168037 3.131287 -4.389184
v 1.132349 3.131058 -4.395467
v 1.104548 3.133228 -4.418601
v 1.092074 3.137207 -4.452388
v 1.098271 3.141937 -4.487773
v 1.121485 3.146145 -4.515277
v 1.155492 3.148705 -4.527529
v 1.191175 3.148933 -4.521246
v 1.218981 3.146763 -4.498111
v 1.231450 3.142780 -4.464323
v 1.235216 2.816128 -4.470980
v 1.212011 2.811653 -4.443511
v 1.178020 2.808777 -4.431302
v 1.142341 2.808277 -4.437620
v 1.114544 2.810280 -4.460776
v 1.102074 2.814255 -4.494563
v 1.108267 2.819138 -4.529929
v 1.131472 2.823612 -4.557398
v 1.165467 2.826488 -4.569608
v 1.201141 2.826988 -4.563288
v 1.228939 2.824986 -4.540134
v 1.241413 2.821011 -4.506347
v 1.249562 2.488258 -4.514352
v 1.226377 2.483368 -4.486940
v 1.192412 2.479897 -4.474807
v 1.156762 2.478786 -4.481207
v 1.128990 2.480331 -4.504423
v 1.116524 2.484112 -4.538237
v 1.122713 2.489117 -4.573586
v 1.145897 2.494011 -4.600999
v 1.179867 2.497478 -4.613131
v 1.215512 2.498589 -4.606731
v 1.243289 2.497047 -4.583515
v 1.255755 2.493267 -4.549701
v 1.270970 2.164085 -4.557093
v 1.247823 2.158596 -4.529758
v 1.213920 2.154217 -4.517745
v 1.178338 2.152111 -4.524277
v 1.150619 2.152855 -4.547597
v 1.138183 2.156242 -4.581462
v 1.144364 2.161366 -4.616796
v 1.167506 2.166855 -4.644130
v 1.201409 2.171234 -4.656143
v 1.236992 2.173340 -4.649613
v 1.264710 2.172596 -4.626291
v 1.277146 2.169209 -4.592428
v 1.302048 1.853382 -4.597225
v 1.278989 1.847052 -4.569997
v 1.245228 1.841324 -4.558159
v 1.209804 1.837734 -4.564879
v 1.182207 1.837244 -4.588360
v 1.169842 1.839987 -4.622307
v 1.176010 1.845224 -4.657627
v 1.199064 1.851555 -4.684853
v 1.232829 1.857285 -4.696692
v 1.268253 1.860874 -4.689972
v 1.295846 1.861362 -4.666492
v 1.308216 1.858624 -4.632545
v 1.345311 1.566126 -4.632760
v 1.322449 1.558582 -4.605681
v 1.288997 1.550880 -4.594084
v 1.253916 1.545080 -4.601076
v 1.226616 1.542740 -4.624783
v 1.214405 1.544483 -4.658853
v 1.220552 1.549843 -4.694157
v 1.243419 1.557388 -4.721236
v 1.276874 1.565090 -4.732834
v 1.311947 1.570890 -4.725841
v 1.339252 1.573231 -4.702132
v 1.351467 1.571487 -4.668062
v 1.403000 1.312639 -4.661695
v 1.380564 1.303299 -4.634820
v 1.347818 1.292629 -4.623555
v 1.313539 1.283485 -4.630923
v 1.286908 1.278320 -4.654949
v 1.275069 1.278519 -4.689192
v 1.281183 1.284025 -4.724480
v 1.303619 1.293365 -4.751357
v 1.336364 1.304035 -4.762619
v 1.370643 1.313179 -4.755251
v 1.397271 1.318344 -4.731228
v 1.409118 1.318146 -4.696983
v 1.476526 1.103809 -4.682061
v 1.455122 1.091709 -4.655444
v 1.424099 1.076447 -4.644614
v 1.391759 1.062111 -4.652472
v 1.366778 1.052540 -4.676911
v 1.355846 1.050304 -4.711385
v 1.361893 1.056000 -4.746655
v 1.383297 1.068100 -4.773272
v 1.414320 1.083363 -4.784101
v 1.446656 1.097698 -4.776243
v 1.471641 1.107265 -4.751804
v 1.482573 1.109505 -4.717330
v 1.571599 0.941437 -4.692647
v 1.550843 0.928085 -4.666119
v 1.521014 0.910494 -4.655454
v 1.490108 0.893377 -4.663506
v 1.466405 0.881321 -4.688119
v 1.456263 0.877556 -4.722701
v 1.462389 0.883091 -4.757982
v 1.483150 0.896442 -4.784510
v 1.512978 0.914032 -4.795177
v 1.543881 0.931150 -4.787124
v 1.567583 0.943207 -4.762509
v 1.577729 0.946972 -4.727927
v 1.660942 0.779207 -4.700958
v 1.638690 0.769001 -4.674246
v 1.606701 0.755962 -4.663312
v 1.573542 0.743584 -4.671087
v 1.548106 0.735184 -4.695486
v 1.537203 0.733015 -4.729973
v 1.543755 0.737654 -4.765307
v 1.566008 0.747860 -4.792021
v 1.597997 0.760899 -4.802953
v 1.631156 0.773277 -4.795179
v 1.656592 0.781677 -4.770779
v 1.667495 0.783848 -4.736292
v 1.707323 0.584335 -4.714038
v 1.683750 0.579273 -4.686989
v 1.649785 0.573923 -4.675553
v 1.614532 0.569717 -4.682796
v 1.587437 0.567783 -4.706774
v 1.575753 0.568640 -4.741065
v 1.582623 0.572056 -4.776478
v 1.606195 0.577120 -4.803527
v 1.640161 0.582470 -4.814960
v 1.675414 0.586674 -4.807719
v 1.702513 0.588608 -4.783742
v 1.714189 0.587751 -4.749451
v 1.714657 0.371933 -4.729679
v 1.690888 0.370716 -4.702353
v 1.656646 0.370989 -4.690514
v 1.621101 0.372681 -4.697332
v 1.593772 0.375336 -4.720978
v 1.581992 0.378246 -4.755120
v 1.588908 0.380627 -4.790608
v 1.612673 0.381844 -4.817932
v 1.646918 0.381569 -4.829773
v 1.682467 0.379879 -4.822958
v 1.709793 0.377224 -4.799310
v 1.721577 0.374315 -4.765167
v 1.691949 0.146214 -4.746274
v 1.668427 0.147686 -4.718755
v 1.634520 0.151762 -4.706637
v 1.599321 0.157349 -4.713174
v 1.572255 0.162949 -4.736608
v 1.560584 0.167063 -4.770663
v 1.567428 0.168587 -4.806213
v 1.590951 0.167114 -4.833734
v 1.624858 0.163040 -4.845849
v 1.660056 0.157452 -4.839314
v 1.687119 0.151852 -4.815879
v 1.698794 0.147739 -4.781824
v 1.647110 -0.089077 -4.762320
v 1.623922 -0.085745 -4.734675
v 1.590471 -0.079189 -4.722393
v 1.555711 -0.071171 -4.728765
v 1.528967 -0.063835 -4.752084
v 1.517395 -0.059147 -4.786098
v 1.524102 -0.058367 -4.821700
v 1.547291 -0.061699 -4.849343
v 1.580742 -0.068256 -4.861627
v 1.615502 -0.076275 -4.855254
v 1.642250 -0.083611 -4.831937
v 1.653817 -0.088297 -4.797920
v 1.587424 -0.329924 -4.776331
v 1.564545 -0.325310 -4.748612
v 1.531461 -0.317226 -4.736244
v 1.497036 -0.307842 -4.742538
v 1.470488 -0.299671 -4.765809
v 1.458938 -0.294903 -4.799821
v 1.465473 -0.294815 -4.835460
v 1.488357 -0.299431 -4.863178
v 1.521440 -0.307514 -4.875547
v 1.555870 -0.316898 -4.869253
v 1.582410 -0.325068 -4.845983
v 1.593964 -0.329838 -4.811970
v 1.519940 -0.571980 -4.786816
v 1.497303 -0.566502 -4.759061
v 1.464429 -0.557627 -4.746659
v 1.430146 -0.547731 -4.752932
v 1.403623 -0.539469 -4.776198
v 1.391976 -0.535051 -4.810225
v 1.398324 -0.535664 -4.845894
v 1.420965 -0.541142 -4.873648
v 1.453835 -0.550018 -4.886050
v 1.488123 -0.559912 -4.879777
v 1.514642 -0.568176 -4.856511
v 1.526288 -0.572594 -4.822484
v 1.451633 -0.810616 -4.792282
v 1.429138 -0.804613 -4.764515
v 1.396305 -0.795597 -4.752110
v 1.361939 -0.785980 -4.758389
v 1.335244 -0.778343 -4.781668
v 1.323372 -0.774727 -4.815712
v 1.329507 -0.776104 -4.851398
v 1.352001 -0.782108 -4.879163
v 1.384834 -0.791124 -4.891568
v 1.419201 -0.800739 -4.885289
v 1.445896 -0.808376 -4.862008
v 1.457768 -0.811993 -4.827966
v 1.389414 -1.040932 -4.791262
v 1.366974 -1.034721 -4.763497
v 1.334003 -1.026245 -4.751091
v 1.299336 -1.017775 -4.757360
v 1.272261 -1.011578 -4.780629
v 1.260030 -1.009319 -4.814664
v 1.265930 -1.011597 -4.850342
v 1.288366 -1.017809 -4.878107
v 1.321341 -1.026285 -4.890517
v 1.356009 -1.034756 -4.884245
v 1.383084 -1.040955 -4.860974
v 1.395311 -1.043213 -4.826941
v 1.340138 -1.257702 -4.782372
v 1.317672 -1.251629 -4.754602
v 1.284396 -1.244537 -4.742131
v 1.249236 -1.238323 -4.748300
v 1.221609 -1.234653 -4.771457
v 1.208922 -1.234510 -4.805397
v 1.214568 -1.237934 -4.841025
v 1.237038 -1.244007 -4.868794
v 1.270314 -1.251099 -4.881266
v 1.305470 -1.257313 -4.875096
v 1.333096 -1.260983 -4.851938
v 1.345788 -1.261124 -4.818000
v 1.310410 -1.455236 -4.764419
v 1.287861 -1.449757 -4.736592
v 1.254233 -1.445227 -4.723874
v 1.218542 -1.442860 -4.729672
v 1.190352 -1.443287 -4.752435
v 1.177213 -1.446400 -4.786059
v 1.182650 -1.451359 -4.821540
v 1.205203 -1.456839 -4.849366
v 1.238830 -1.461369 -4.862083
v 1.274518 -1.463737 -4.856287
v 1.302708 -1.463308 -4.833524
v 1.315842 -1.460197 -4.799900
v 1.306293 -1.632366 -4.735720
v 1.283723 -1.627350 -4.707820
v 1.250000 -1.625183 -4.694732
v 1.214171 -1.626450 -4.699964
v 1.185822 -1.630806 -4.722111
v 1.172562 -1.637085 -4.755241
v 1.177936 -1.643608 -4.790477
v 1.200506 -1.648624 -4.818377
v 1.234225 -1.650791 -4.831463
v 1.270059 -1.649527 -4.826233
v 1.298404 -1.645170 -4.804086
v 1.311667 -1.638889 -4.770955
v 1.313293 -1.804863 -4.699284
v 1.290715 -1.799377 -4.671478
v 1.257000 -1.797224 -4.658386
v 1.221171 -1.798981 -4.663520
v 1.192838 -1.804173 -4.685500
v 1.179587 -1.811415 -4.718441
v 1.184973 -1.818762 -4.753510
v 1.207548 -1.824249 -4.781317
v 1.241266 -1.826401 -4.794407
v 1.277096 -1.824646 -4.789275
v 1.305428 -1.819452 -4.767293
v 1.318679 -1.812210 -4.734354
v 1.312720 -1.983860 -4.661057
v 1.290146 -1.977497 -4.633438
v 1.256432 -1.974035 -4.620625
v 1.220606 -1.974403 -4.626052
v 1.192274 -1.978500 -4.648267
v 1.179023 -1.985229 -4.681314
v 1.184409 -1.992790 -4.716339
v 1.206983 -1.999153 -4.743959
v 1.240698 -2.002615 -4.756771
v 1.276528 -2.002247 -4.751344
v 1.304856 -1.998150 -4.729129
v 1.318107 -1.991421 -4.696084
v 1.305320 -2.166000 -4.622568
v 1.282767 -2.159016 -4.595080
v 1.249089 -2.154503 -4.582489
v 1.213314 -2.153671 -4.588167
v 1.185024 -2.156746 -4.610598
v 1.171798 -2.162901 -4.643764
v 1.177180 -2.170486 -4.678785
v 1.199733 -2.177473 -4.706274
v 1.233406 -2.181986 -4.718865
v 1.269181 -2.182816 -4.713185
v 1.297476 -2.179745 -4.690756
v 1.310702 -2.173588 -4.657588
v 1.291960 -2.351999 -4.584502
v 1.269436 -2.344637 -4.557090
v 1.235817 -2.339325 -4.544663
v 1.200109 -2.337486 -4.550548
v 1.171885 -2.339615 -4.573169
v 1.158701 -2.345140 -4.606464
v 1.164096 -2.352581 -4.641514
v 1.186620 -2.359943 -4.668926
v 1.220239 -2.365257 -4.681355
v 1.255947 -2.367096 -4.675470
v 1.284171 -2.364967 -4.652849
v 1.297355 -2.359440 -4.619553
v 1.273510 -2.542576 -4.547537
v 1.251003 -2.535069 -4.520154
v 1.217435 -2.529198 -4.507833
v 1.181806 -2.526539 -4.513876
v 1.153666 -2.527805 -4.536664
v 1.140548 -2.532654 -4.570091
v 1.145968 -2.539791 -4.605200
v 1.168480 -2.547298 -4.632583
v 1.202048 -2.553169 -4.644904
v 1.237673 -2.555826 -4.638861
v 1.265817 -2.554562 -4.616073
v 1.278939 -2.549709 -4.582645
v 1.250836 -2.738453 -4.512345
v 1.228320 -2.731014 -4.484949
v 1.194794 -2.724815 -4.472688
v 1.159240 -2.721516 -4.478846
v 1.131184 -2.722002 -4.501773
v 1.118146 -2.726143 -4.535327
v 1.123620 -2.732826 -4.570518
v 1.146140 -2.740265 -4.597912
v 1.179666 -2.746464 -4.610175
v 1.215224 -2.749763 -4.604017
v 1.243277 -2.749279 -4.581089
v 1.256310 -2.745138 -4.547535
v 1.224794 -2.940367 -4.479599
v 1.202240 -2.933193 -4.452159
v 1.168730 -2.926876 -4.439916
v 1.133235 -2.923107 -4.446151
v 1.105271 -2.922894 -4.469191
v 1.092325 -2.926292 -4.502865
v 1.097874 -2.932398 -4.538148
v 1.120427 -2.939571 -4.565586
v 1.153942 -2.945887 -4.577829
v 1.189437 -2.949657 -4.571596
v 1.217401 -2.949871 -4.548555
v 1.230343 -2.946472 -4.514882
v 1.196231 -3.149048 -4.449961
v 1.173615 -3.142319 -4.422459
v 1.140093 -3.136078 -4.410207
v 1.104640 -3.131992 -4.416485
v 1.076759 -3.131161 -4.439613
v 1.063921 -3.133802 -4.473392
v 1.069563 -3.139212 -4.508774
v 1.092178 -3.145939 -4.536276
v 1.125701 -3.152180 -4.548531
v 1.161150 -3.156265 -4.542253
v 1.189031 -3.157097 -4.519123
v 1.201873 -3.154457 -4.485343
v 1.165989 -3.365229 -4.424100
v 1.143294 -3.359104 -4.396527
v 1.109734 -3.353115 -4.384244
v 1.074306 -3.348862 -4.390541
v 1.046500 -3.347485 -4.413734
v 1.033767 -3.349354 -4.447608
v 1.039517 -3.353970 -4.483083
v 1.062216 -3.360094 -4.510657
v 1.095772 -3.366085 -4.522941
v 1.131204 -3.370338 -4.516642
v 1.159010 -3.371714 -4.493450
v 1.171739 -3.369843 -4.459577
v 1.134915 -3.589649 -4.402680
v 1.112116 -3.584267 -4.375037
v 1.078501 -3.578686 -4.362714
v 1.043077 -3.574396 -4.369016
v 1.015338 -3.572548 -4.392253
v 1.002710 -3.573643 -4.426199
v 1.008585 -3.577377 -4.461759
v 1.031385 -3.582760 -4.489405
v 1.064999 -3.588341 -4.501727
v 1.100423 -3.592632 -4.495425
v 1.128167 -3.594477 -4.472186
v 1.140787 -3.593384 -4.438241
v 1.103850 -3.823040 -4.386366
v 1.080933 -3.818523 -4.358662
v 1.047248 -3.813488 -4.346300
v 1.011811 -3.809284 -4.352597
v 0.984126 -3.807037 -4.375863
v 0.971602 -3.807350 -4.409863
v 0.977603 -3.810139 -4.445489
v 1.000512 -3.814657 -4.473194
v 1.034201 -3.819693 -4.485553
v 1.069634 -3.823898 -4.479258
v 1.097327 -3.826143 -4.455992
v 1.109846 -3.825830 -4.421992
v 1.073620 -4.066170 -4.375821
v 1.050591 -4.062599 -4.348074
v 1.016826 -4.058208 -4.335687
v 0.981368 -4.054180 -4.341974
v 0.953721 -4.051590 -4.365256
v 0.941293 -4.051132 -4.399289
v 0.947415 -4.052929 -4.434958
v 0.970445 -4.056499 -4.462703
v 1.004214 -4.060886 -4.475092
v 1.039671 -4.064919 -4.468802
v 1.067314 -4.067509 -4.445522
v 1.079746 -4.067966 -4.411488
v 1.404713 4.051086 0.303376
v 1.381859 4.044991 0.330829
v 1.348395 4.037998 0.342836
v 1.313289 4.031986 0.336190
v 1.285942 4.028564 0.312664
v 1.273686 4.028648 0.278566
v 1.279804 4.032219 0.243029
v 1.302658 4.038311 0.215578
v 1.336118 4.045303 0.203569
v 1.371228 4.051315 0.210215
v 1.398574 4.054737 0.233742
v 1.410831 4.054653 0.267840
v 1.427968 3.880295 0.303226
v 1.404333 3.879906 0.330688
v 1.370229 3.877586 0.342710
v 1.334797 3.873959 0.336066
v 1.307526 3.869995 0.312541
v 1.295721 3.866756 0.278434
v 1.302553 3.865116 0.242886
v 1.326189 3.865505 0.215424
v 1.360292 3.867825 0.203404
v 1.395729 3.871452 0.210047
v 1.423000 3.875416 0.233573
v 1.434801 3.878651 0.267680
v 1.435252 3.717628 0.324054
v 1.411366 3.722435 0.350874
v 1.377058 3.724373 0.362371
v 1.341517 3.722919 0.355460
v 1.314267 3.718460 0.331994
v 1.302616 3.712200 0.298262
v 1.309674 3.705807 0.263301
v 1.333560 3.700996 0.236480
v 1.367868 3.699059 0.224987
v 1.403405 3.700516 0.231896
v 1.430655 3.704971 0.255362
v 1.442314 3.711235 0.289094
v 1.429769 3.561661 0.361605
v 1.406013 3.570633 0.387451
v 1.371809 3.575977 0.398150
v 1.336322 3.576263 0.390830
v 1.309060 3.571411 0.367457
v 1.297330 3.562725 0.334292
v 1.304279 3.552528 0.300224
v 1.328032 3.543556 0.274377
v 1.362239 3.538212 0.263679
v 1.397726 3.537930 0.270999
v 1.424985 3.542778 0.294372
v 1.436715 3.551464 0.327536
v 1.414759 3.410866 0.411610
v 1.391278 3.422771 0.436507
v 1.357300 3.430515 0.446425
v 1.321926 3.432026 0.438713
v 1.294643 3.426895 0.415427
v 1.282750 3.416504 0.382816
v 1.289444 3.403629 0.349611
v 1.312925 3.391724 0.324717
v 1.346907 3.383976 0.314798
v 1.382277 3.382469 0.322512
v 1.409565 3.387600 0.345795
v 1.421454 3.397991 0.378407
v 1.393443 3.263649 0.469829
v 1.370200 3.277267 0.494063
v 1.336414 3.286411 0.503441
v 1.301141 3.288639 0.495447
v 1.273832 3.283348 0.472228
v 1.261806 3.271957 0.440001
v 1.268278 3.257515 0.407404
v 1.291525 3.243900 0.383170
v 1.325307 3.234756 0.373794
v 1.360581 3.232529 0.381785
v 1.387889 3.237820 0.405005
v 1.399916 3.249210 0.437232
v 1.369013 3.118397 0.532063
v 1.345859 3.132572 0.556062
v 1.312148 3.142178 0.565246
v 1.276916 3.144638 0.557154
v 1.249599 3.139294 0.533957
v 1.237518 3.127575 0.501868
v 1.243908 3.112625 0.469487
v 1.267062 3.098450 0.445489
v 1.300773 3.088844 0.436304
v 1.336005 3.086384 0.444395
v 1.363322 3.091728 0.467593
v 1.375403 3.103447 0.499682
v 1.344638 2.973503 0.594146
v 1.321396 2.987122 0.618380
v 1.287610 2.996265 0.627758
v 1.252340 2.998493 0.619765
v 1.225032 2.993202 0.596545
v 1.213005 2.981812 0.564318
v 1.219478 2.967373 0.531721
v 1.242721 2.953754 0.507488
v 1.276507 2.944607 0.498111
v 1.311776 2.942383 0.506103
v 1.339089 2.947674 0.529322
v 1.351115 2.959064 0.561549
v 1.323472 2.827393 0.651937
v 1.299996 2.839294 0.676833
v 1.266014 2.847042 0.686754
v 1.230644 2.848553 0.679038
v 1.203356 2.843422 0.655755
v 1.191467 2.833027 0.623143
v 1.198162 2.820156 0.589940
v 1.221639 2.808250 0.565043
v 1.255621 2.800507 0.555125
v 1.290990 2.798992 0.562839
v 1.318278 2.804123 0.586124
v 1.330167 2.814518 0.618736
v 1.308642 2.678493 0.701328
v 1.284885 2.687466 0.727174
v 1.250681 2.692810 0.737873
v 1.215195 2.693092 0.730551
v 1.187932 2.688240 0.707180
v 1.176202 2.679554 0.674014
v 1.183152 2.669361 0.639945
v 1.206908 2.660389 0.614099
v 1.241112 2.655045 0.603400
v 1.276599 2.654758 0.610719
v 1.303857 2.659611 0.634093
v 1.315587 2.668297 0.667258
v 1.303243 2.525215 0.738249
v 1.279361 2.530022 0.765072
v 1.245053 2.531960 0.776565
v 1.209512 2.530506 0.769654
v 1.182266 2.526051 0.746188
v 1.170607 2.519787 0.712458
v 1.177669 2.513393 0.677495
v 1.201551 2.508583 0.650676
v 1.235859 2.506645 0.639181
v 1.271404 2.508102 0.646090
v 1.298646 2.512558 0.669556
v 1.310305 2.518822 0.703288
v 1.310368 2.365906 0.758664
v 1.286728 2.365517 0.786126
v 1.252629 2.363197 0.798146
v 1.217192 2.359570 0.791503
v 1.189921 2.355606 0.767977
v 1.178116 2.352367 0.733871
v 1.184948 2.350727 0.698326
v 1.208588 2.351116 0.670861
v 1.242692 2.353436 0.658842
v 1.278124 2.357063 0.665485
v 1.305395 2.361027 0.689009
v 1.317200 2.364262 0.723118
v 1.333355 2.197105 0.758515
v 1.310167 2.192818 0.786031
v 1.276398 2.187607 0.798089
v 1.241091 2.182869 0.791461
v 1.213707 2.179874 0.767923
v 1.201584 2.179424 0.733779
v 1.207974 2.181633 0.698180
v 1.231154 2.185921 0.670665
v 1.264923 2.191132 0.658605
v 1.300230 2.195869 0.665232
v 1.327614 2.198864 0.688773
v 1.339737 2.199318 0.722917
v 1.360731 2.009361 0.744848
v 1.337618 2.004547 0.772332
v 1.303807 1.999653 0.784407
v 1.268362 1.995983 0.777843
v 1.240778 1.994526 0.754389
v 1.228450 1.995674 0.720337
v 1.234676 1.999115 0.684808
v 1.257794 2.003933 0.657321
v 1.291601 2.008831 0.645244
v 1.327050 2.012497 0.651812
v 1.354630 2.013954 0.675264
v 1.366962 2.012806 0.709318
v 1.379394 1.800537 0.728248
v 1.356193 1.796654 0.755808
v 1.322240 1.793268 0.768003
v 1.286636 1.791286 0.761569
v 1.258922 1.791245 0.738229
v 1.246519 1.793146 0.704234
v 1.252758 1.796488 0.668699
v 1.275959 1.800371 0.641139
v 1.309912 1.803753 0.628942
v 1.345516 1.805735 0.635375
v 1.373230 1.805779 0.658717
v 1.385628 1.803875 0.692710
v 1.390940 1.576252 0.709454
v 1.367705 1.572994 0.737065
v 1.333698 1.570621 0.749347
v 1.298032 1.569771 0.743006
v 1.270268 1.570669 0.719745
v 1.257836 1.573078 0.685794
v 1.264075 1.576351 0.650251
v 1.287313 1.579609 0.622638
v 1.321320 1.581982 0.610358
v 1.356987 1.582832 0.616699
v 1.384751 1.581934 0.639961
v 1.397183 1.579525 0.673911
v 1.397212 1.340355 0.689019
v 1.373961 1.337496 0.716665
v 1.339933 1.335772 0.729001
v 1.304246 1.335644 0.722723
v 1.276465 1.337147 0.699514
v 1.264024 1.339878 0.665591
v 1.270268 1.343107 0.630045
v 1.293514 1.345966 0.602399
v 1.327543 1.347692 0.590062
v 1.363230 1.347820 0.596339
v 1.391011 1.346317 0.619548
v 1.403451 1.343582 0.653472
v 1.399983 1.096804 0.667500
v 1.376732 1.094166 0.695167
v 1.342699 1.092806 0.707534
v 1.307004 1.093082 0.701293
v 1.279219 1.094925 0.678112
v 1.266774 1.097836 0.644207
v 1.273021 1.101040 0.608657
v 1.296273 1.103676 0.580991
v 1.330301 1.105038 0.568622
v 1.365992 1.104761 0.574865
v 1.393781 1.102921 0.598044
v 1.406222 1.100006 0.631952
v 1.401011 0.849634 0.645459
v 1.377756 0.847069 0.673131
v 1.343727 0.845825 0.685510
v 1.308036 0.846231 0.679280
v 1.280247 0.848183 0.656111
v 1.267802 0.851154 0.622207
v 1.274045 0.854349 0.586658
v 1.297296 0.856915 0.558986
v 1.331329 0.858158 0.546608
v 1.367020 0.857752 0.552836
v 1.394814 0.855801 0.576008
v 1.407250 0.852829 0.609911
v 1.402039 0.602943 0.623461
v 1.378783 0.600307 0.651126
v 1.344751 0.598944 0.663495
v 1.309060 0.599220 0.657252
v 1.281271 0.601063 0.634073
v 1.268830 0.603977 0.600166
v 1.275073 0.607180 0.564617
v 1.298324 0.609818 0.536953
v 1.332353 0.611179 0.524581
v 1.368048 0.610901 0.530824
v 1.395837 0.609060 0.554003
v 1.408278 0.606146 0.587911
v 1.404788 0.360874 0.602073
v 1.381537 0.358017 0.629718
v 1.347513 0.356293 0.642055
v 1.311826 0.356163 0.635778
v 1.284041 0.357666 0.612567
v 1.271601 0.360399 0.578643
v 1.277844 0.363628 0.543098
v 1.301091 0.366486 0.515452
v 1.335119 0.368212 0.503115
v 1.370806 0.368340 0.509393
v 1.398587 0.366837 0.532603
v 1.411027 0.364105 0.566526
v 1.410977 0.127632 0.581866
v 1.387743 0.124374 0.609477
v 1.353736 0.122002 0.621759
v 1.318069 0.121151 0.615418
v 1.290301 0.122051 0.592157
v 1.277873 0.124458 0.558206
v 1.284112 0.127729 0.522663
v 1.307351 0.130989 0.495052
v 1.341358 0.133362 0.482770
v 1.377024 0.134212 0.489110
v 1.404793 0.133314 0.512373
v 1.417220 0.130905 0.546324
v 1.422298 -0.092503 0.563418
v 1.399097 -0.096386 0.590978
v 1.365144 -0.099771 0.603176
v 1.329540 -0.101751 0.596740
v 1.301826 -0.101795 0.573400
v 1.289423 -0.099892 0.539407
v 1.295662 -0.096552 0.503869
v 1.318863 -0.092669 0.476311
v 1.352816 -0.089285 0.464115
v 1.388420 -0.087305 0.470549
v 1.416134 -0.087261 0.493888
v 1.428532 -0.089165 0.527883
v 1.440380 -0.295134 0.547308
v 1.417262 -0.299950 0.574796
v 1.383451 -0.304846 0.586871
v 1.348011 -0.308514 0.580306
v 1.320426 -0.309969 0.556853
v 1.308094 -0.308823 0.522800
v 1.314321 -0.305378 0.487272
v 1.337438 -0.300564 0.459785
v 1.371249 -0.295668 0.447708
v 1.406690 -0.292000 0.454276
v 1.434274 -0.290545 0.477727
v 1.446606 -0.291691 0.511782
v 1.466953 -0.476929 0.534019
v 1.443927 -0.482388 0.561458
v 1.410313 -0.488649 0.573443
v 1.375106 -0.494038 0.566756
v 1.347751 -0.497108 0.543193
v 1.335574 -0.497036 0.509067
v 1.341834 -0.493843 0.473522
v 1.364860 -0.488384 0.446081
v 1.398478 -0.482124 0.434097
v 1.433681 -0.476734 0.440782
v 1.461035 -0.473665 0.464346
v 1.473213 -0.473736 0.498472
v 1.494800 -0.628798 0.526630
v 1.471654 -0.633558 0.554100
v 1.438043 -0.639854 0.566082
v 1.402966 -0.645996 0.559363
v 1.375833 -0.650341 0.535749
v 1.363907 -0.651722 0.501561
v 1.370384 -0.649773 0.465965
v 1.393526 -0.645012 0.438493
v 1.427137 -0.638716 0.426511
v 1.462210 -0.632574 0.433228
v 1.489347 -0.628229 0.456843
v 1.501278 -0.626846 0.491031
v 1.515594 -0.747217 0.527117
v 1.492101 -0.749973 0.554569
v 1.458286 -0.755062 0.566539
v 1.423196 -0.761120 0.559821
v 1.396243 -0.766525 0.536216
v 1.384646 -0.769829 0.502048
v 1.391512 -0.770145 0.466470
v 1.414997 -0.767391 0.439018
v 1.448821 -0.762302 0.427046
v 1.483906 -0.756241 0.433765
v 1.510860 -0.750837 0.457371
v 1.522460 -0.747532 0.491540
v 1.529677 -0.838531 0.534167
v 1.505741 -0.838287 0.561373
v 1.471616 -0.841311 0.573173
v 1.436443 -0.846794 0.566406
v 1.409648 -0.853268 0.542888
v 1.398407 -0.858997 0.508922
v 1.405741 -0.862448 0.473604
v 1.429673 -0.862694 0.446398
v 1.463802 -0.859669 0.434600
v 1.498975 -0.854185 0.441366
v 1.525770 -0.847710 0.464883
v 1.537007 -0.841982 0.498850
v 1.537525 -0.910320 0.546598
v 1.513179 -0.906040 0.573092
v 1.478737 -0.905933 0.584342
v 1.443422 -0.910034 0.577335
v 1.416702 -0.917240 0.553946
v 1.405733 -0.925621 0.520443
v 1.413459 -0.932934 0.485806
v 1.437805 -0.937214 0.459310
v 1.472247 -0.937321 0.448060
v 1.507558 -0.933220 0.455069
v 1.534282 -0.926014 0.478458
v 1.545247 -0.917633 0.511958
v 1.539422 -0.970142 0.563434
v 1.514963 -0.961456 0.588714
v 1.480417 -0.957470 0.598897
v 1.445043 -0.959259 0.591253
v 1.418324 -0.966335 0.567829
v 1.407408 -0.976810 0.534902
v 1.415227 -0.987875 0.501296
v 1.439690 -0.996563 0.476016
v 1.474232 -1.000549 0.465833
v 1.509610 -0.998762 0.473477
v 1.536334 -0.991684 0.496902
v 1.547249 -0.981209 0.529829
v 1.535456 -1.024792 0.583517
v 1.511236 -1.012691 0.607598
v 1.476944 -1.005108 0.616516
v 1.441771 -1.004074 0.607879
v 1.415135 -1.009867 0.584002
v 1.404182 -1.020935 0.551283
v 1.411842 -1.034309 0.518491
v 1.436059 -1.046413 0.494411
v 1.470354 -1.053997 0.485495
v 1.505527 -1.055031 0.494130
v 1.532159 -1.049236 0.518007
v 1.543116 -1.038170 0.550724
v 1.525933 -1.080103 0.605003
v 1.501930 -1.066647 0.628582
v 1.468006 -1.056816 0.636661
v 1.433242 -1.053242 0.627080
v 1.406957 -1.056881 0.602405
v 1.396197 -1.066765 0.569246
v 1.403840 -1.080236 0.536488
v 1.427839 -1.093693 0.512912
v 1.461767 -1.103523 0.504830
v 1.496526 -1.107098 0.514412
v 1.522811 -1.103456 0.539086
v 1.533572 -1.093576 0.572246
v 1.511612 -1.141773 0.625806
v 1.487458 -1.129002 0.649608
v 1.453664 -1.118584 0.657497
v 1.419281 -1.113306 0.647357
v 1.393518 -1.114588 0.621906
v 1.383288 -1.122082 0.587964
v 1.391320 -1.133785 0.554625
v 1.415474 -1.146557 0.530824
v 1.449268 -1.156975 0.522935
v 1.483651 -1.162251 0.533074
v 1.509414 -1.160971 0.558525
v 1.519648 -1.153475 0.592468
v 1.493288 -1.216116 0.644332
v 1.468678 -1.205263 0.668611
v 1.434730 -1.195490 0.676660
v 1.400534 -1.189419 0.666322
v 1.375257 -1.188671 0.640368
v 1.365674 -1.193451 0.605752
v 1.374354 -1.202477 0.571751
v 1.398967 -1.213329 0.547472
v 1.432916 -1.223103 0.539423
v 1.467107 -1.229176 0.549757
v 1.492385 -1.229921 0.575713
v 1.501967 -1.225140 0.610329
v 1.471474 -1.310089 0.659406
v 1.446339 -1.301537 0.684060
v 1.412101 -1.293011 0.692314
v 1.377939 -1.286797 0.681952
v 1.353009 -1.284557 0.655755
v 1.343986 -1.286896 0.620741
v 1.353289 -1.293182 0.586289
v 1.378428 -1.301735 0.561634
v 1.412665 -1.310261 0.553383
v 1.446827 -1.316475 0.563743
v 1.471758 -1.318714 0.589941
v 1.480780 -1.316376 0.624956
v 1.446510 -1.430948 0.669891
v 1.420923 -1.424564 0.694744
v 1.386402 -1.417419 0.703120
v 1.352194 -1.411423 0.692779
v 1.327467 -1.408184 0.666492
v 1.318847 -1.408573 0.631300
v 1.328642 -1.412483 0.596634
v 1.354229 -1.418865 0.571783
v 1.388750 -1.426012 0.563404
v 1.422958 -1.432007 0.573745
v 1.447680 -1.435246 0.600032
v 1.456301 -1.434856 0.635225
v 1.418700 -1.586054 0.674552
v 1.392745 -1.581749 0.699466
v 1.357969 -1.576023 0.707885
v 1.323694 -1.570412 0.697557
v 1.299102 -1.566418 0.671244
v 1.290786 -1.565113 0.636003
v 1.300965 -1.566841 0.601272
v 1.326920 -1.571148 0.576359
v 1.361696 -1.576872 0.567938
v 1.395971 -1.582485 0.578268
v 1.420563 -1.586479 0.604577
v 1.428879 -1.587784 0.639819
v 1.392465 -1.761843 0.669887
v 1.366189 -1.759666 0.694744
v 1.331195 -1.755444 0.703125
v 1.296849 -1.750305 0.692782
v 1.272361 -1.745628 0.666490
v 1.264288 -1.742664 0.631290
v 1.274793 -1.742210 0.596616
v 1.301070 -1.744387 0.571757
v 1.336068 -1.748610 0.563376
v 1.370413 -1.753750 0.573719
v 1.394905 -1.758427 0.600011
v 1.402975 -1.761389 0.635211
v 1.371479 -1.940052 0.655534
v 1.344989 -1.939686 0.680255
v 1.309829 -1.936813 0.688535
v 1.275420 -1.932205 0.678154
v 1.250982 -1.927095 0.651892
v 1.243063 -1.922852 0.616790
v 1.253782 -1.920612 0.582252
v 1.280272 -1.920979 0.557529
v 1.315432 -1.923851 0.549250
v 1.349841 -1.928459 0.559631
v 1.374279 -1.933571 0.585890
v 1.382198 -1.937813 0.620994
v 1.354935 -2.121006 0.634898
v 1.328337 -2.121834 0.659489
v 1.293084 -2.119976 0.667659
v 1.258625 -2.115931 0.657215
v 1.234192 -2.110783 0.630959
v 1.226327 -2.105911 0.595924
v 1.237146 -2.102621 0.561500
v 1.263749 -2.101795 0.536908
v 1.298997 -2.103651 0.528739
v 1.333460 -2.107697 0.539183
v 1.357894 -2.112844 0.565439
v 1.365754 -2.117716 0.600472
v 1.342039 -2.305183 0.611347
v 1.315399 -2.306610 0.635863
v 1.280096 -2.305447 0.643947
v 1.245592 -2.301994 0.633432
v 1.221133 -2.297184 0.607133
v 1.213273 -2.292305 0.572099
v 1.224117 -2.288662 0.537719
v 1.250757 -2.287231 0.513200
v 1.286064 -2.288399 0.505117
v 1.320564 -2.291851 0.515631
v 1.345023 -2.296659 0.541931
v 1.352883 -2.301540 0.576965
v 1.331985 -2.493053 0.588226
v 1.305336 -2.494528 0.612737
v 1.270013 -2.493744 0.620775
v 1.235479 -2.490915 0.610185
v 1.210983 -2.486797 0.583805
v 1.203089 -2.482492 0.548703
v 1.213916 -2.479156 0.514285
v 1.240560 -2.477682 0.489774
v 1.275884 -2.478466 0.481735
v 1.310422 -2.481297 0.492324
v 1.334918 -2.485416 0.518704
v 1.342808 -2.489717 0.553808
v 1.323974 -2.685093 0.568863
v 1.297346 -2.686085 0.593421
v 1.262023 -2.685396 0.601450
v 1.227455 -2.683212 0.590797
v 1.202917 -2.680119 0.564319
v 1.194973 -2.676943 0.529106
v 1.205763 -2.674538 0.494599
v 1.232387 -2.673546 0.470039
v 1.267714 -2.674234 0.462011
v 1.302277 -2.676418 0.472663
v 1.326820 -2.679512 0.499144
v 1.334760 -2.682688 0.534353
v 1.317217 -2.881779 0.556568
v 1.290627 -2.881792 0.581183
v 1.255307 -2.880924 0.589223
v 1.220719 -2.879406 0.578532
v 1.196131 -2.877647 0.551975
v 1.188133 -2.876116 0.516665
v 1.198868 -2.875225 0.482071
v 1.225454 -2.875210 0.457454
v 1.260773 -2.876078 0.449415
v 1.295362 -2.877594 0.460105
v 1.319954 -2.879356 0.486663
v 1.327952 -2.880886 0.521972
v 1.310936 -3.083599 0.554650
v 1.284388 -3.082182 0.579273
v 1.249081 -3.080881 0.587314
v 1.214472 -3.080044 0.576620
v 1.189834 -3.079895 0.550053
v 1.181768 -3.080475 0.514733
v 1.192433 -3.081627 0.480121
v 1.218977 -3.083042 0.455498
v 1.254288 -3.084343 0.447455
v 1.288897 -3.085178 0.458150
v 1.313535 -3.085329 0.484718
v 1.321600 -3.084751 0.520038
v 1.304333 -3.291065 0.566403
v 1.277852 -3.287828 0.590919
v 1.242566 -3.285868 0.598923
v 1.207932 -3.285709 0.588268
v 1.183239 -3.287399 0.561809
v 1.175091 -3.290482 0.526638
v 1.185676 -3.294130 0.492175
v 1.212157 -3.297371 0.467659
v 1.247443 -3.299330 0.459655
v 1.282077 -3.299488 0.470312
v 1.306778 -3.297798 0.496769
v 1.314923 -3.294716 0.531941
v 1.296644 -3.504719 0.595145
v 1.270238 -3.499352 0.619371
v 1.234986 -3.496548 0.627258
v 1.200331 -3.497053 0.616694
v 1.175554 -3.500740 0.590510
v 1.167305 -3.506613 0.555719
v 1.177786 -3.513103 0.521647
v 1.204192 -3.518471 0.497421
v 1.239449 -3.521275 0.489532
v 1.274104 -3.520767 0.500098
v 1.298876 -3.517082 0.526284
v 1.307129 -3.511208 0.561073
v 1.287079 -3.725109 0.644212
v 1.260773 -3.717421 0.667919
v 1.225562 -3.713638 0.675586
v 1.190878 -3.714775 0.665162
v 1.166014 -3.720528 0.639441
v 1.157631 -3.729351 0.605310
v 1.167978 -3.738888 0.571918
v 1.194284 -3.746574 0.548214
v 1.229495 -3.750359 0.540547
v 1.264179 -3.749222 0.550968
v 1.289043 -3.743469 0.576691
v 1.297422 -3.734642 0.610820
v 1.274843 -3.952801 0.716971
v 1.248667 -3.942739 0.739917
v 1.213511 -3.937923 0.747257
v 1.178797 -3.939640 0.737019
v 1.153820 -3.947432 0.711948
v 1.145283 -3.959209 0.678761
v 1.155463 -3.971821 0.646355
v 1.181639 -3.981880 0.623407
v 1.216791 -3.986698 0.616069
v 1.251509 -3.984982 0.626306
v 1.276486 -3.977188 0.651378
v 1.285023 -3.965410 0.684562
v 1.361195 3.750843 -0.805755
v 1.338345 3.744751 -0.778305
v 1.304881 3.737759 -0.766293
v 1.269775 3.731747 -0.772943
v 1.242428 3.728325 -0.796466
v 1.230168 3.728409 -0.830566
v 1.236290 3.731979 -0.866101
v 1.259144 3.738071 -0.893552
v 1.292603 3.745064 -0.905563
v 1.327714 3.751076 -0.898916
v 1.355060 3.754498 -0.875391
v 1.367317 3.754410 -0.841290
v 1.387764 3.560753 -0.807223
v 1.364245 3.559204 -0.779699
v 1.330234 3.555965 -0.767629
v 1.294839 3.551910 -0.774245
v 1.267551 3.548119 -0.797777
v 1.255671 3.545612 -0.831916
v 1.262390 3.545059 -0.867518
v 1.285901 3.546612 -0.895042
v 1.319912 3.549847 -0.907113
v 1.355311 3.553905 -0.900496
v 1.382603 3.557697 -0.876966
v 1.394479 3.560204 -0.842824
v 1.404253 3.344597 -0.790106
v 1.380480 3.346184 -0.762806
v 1.346260 3.345535 -0.750918
v 1.310756 3.342827 -0.757630
v 1.283481 3.338783 -0.781145
v 1.271751 3.334492 -0.815159
v 1.278700 3.331097 -0.850556
v 1.302474 3.329510 -0.877856
v 1.336699 3.330158 -0.889743
v 1.372202 3.332867 -0.883029
v 1.399473 3.336910 -0.859517
v 1.411207 3.341206 -0.825503
v 1.412741 3.107601 -0.758190
v 1.388892 3.111176 -0.731146
v 1.354601 3.112167 -0.719473
v 1.319064 3.110317 -0.726296
v 1.291801 3.106113 -0.749790
v 1.280113 3.100681 -0.783655
v 1.287133 3.095486 -0.818819
v 1.310986 3.091911 -0.845863
v 1.345273 3.090919 -0.857537
v 1.380810 3.092770 -0.850713
v 1.408081 3.096977 -0.827219
v 1.419765 3.102402 -0.793355
v 1.415252 2.854935 -0.715204
v 1.391383 2.859734 -0.688365
v 1.357083 2.861736 -0.676861
v 1.321538 2.860413 -0.683770
v 1.294275 2.856110 -0.707246
v 1.282595 2.849983 -0.740997
v 1.289632 2.843678 -0.775977
v 1.313502 2.838879 -0.802816
v 1.347802 2.836872 -0.814320
v 1.383347 2.838200 -0.807409
v 1.410609 2.842503 -0.783933
v 1.422289 2.848629 -0.750184
v 1.413781 2.591843 -0.664851
v 1.389916 2.597309 -0.638139
v 1.355620 2.599865 -0.626737
v 1.320075 2.598824 -0.633703
v 1.292812 2.594467 -0.657169
v 1.281128 2.587963 -0.690846
v 1.288170 2.581051 -0.725713
v 1.312031 2.575584 -0.752425
v 1.346331 2.573029 -0.763827
v 1.381872 2.574066 -0.756861
v 1.409139 2.578423 -0.733395
v 1.420818 2.584930 -0.699718
v 1.410329 2.323597 -0.610831
v 1.386464 2.329277 -0.584161
v 1.352169 2.332005 -0.572794
v 1.316628 2.331059 -0.579778
v 1.289361 2.326683 -0.603241
v 1.277681 2.320057 -0.636895
v 1.284718 2.312954 -0.671724
v 1.308575 2.307274 -0.698394
v 1.342875 2.304546 -0.709761
v 1.378416 2.305492 -0.702777
v 1.405679 2.309868 -0.679314
v 1.417362 2.316494 -0.645661
v 1.406878 2.055500 -0.556842
v 1.383013 2.060966 -0.530130
v 1.348713 2.063522 -0.518730
v 1.313172 2.062481 -0.525695
v 1.285905 2.058125 -0.549158
v 1.274225 2.051620 -0.582837
v 1.281258 2.044708 -0.617704
v 1.305123 2.039242 -0.644417
v 1.339423 2.036686 -0.655818
v 1.374968 2.037727 -0.648852
v 1.402231 2.042084 -0.625388
v 1.413911 2.048588 -0.591710
v 1.405411 1.792873 -0.506579
v 1.381546 1.797672 -0.479739
v 1.347242 1.799677 -0.468236
v 1.311697 1.798351 -0.475146
v 1.284434 1.794048 -0.498621
v 1.272754 1.787922 -0.532373
v 1.279791 1.781614 -0.567353
v 1.303661 1.776815 -0.594191
v 1.337956 1.774811 -0.605696
v 1.373501 1.776138 -0.598785
v 1.400768 1.780441 -0.575309
v 1.412448 1.786568 -0.541558
v 1.407906 1.541065 -0.463734
v 1.384053 1.544640 -0.436692
v 1.349770 1.545631 -0.425019
v 1.314229 1.543777 -0.431842
v 1.286962 1.539574 -0.455335
v 1.275278 1.534147 -0.489202
v 1.282303 1.528950 -0.524365
v 1.306151 1.525375 -0.551409
v 1.340443 1.524382 -0.563083
v 1.375980 1.526236 -0.556259
v 1.403242 1.530439 -0.532765
v 1.414930 1.535868 -0.498900
v 1.416343 1.305454 -0.431998
v 1.392569 1.307041 -0.404698
v 1.358345 1.306393 -0.392811
v 1.322842 1.303684 -0.399525
v 1.295570 1.299641 -0.423040
v 1.283840 1.295345 -0.457052
v 1.290790 1.291950 -0.492452
v 1.314563 1.290367 -0.519752
v 1.348784 1.291016 -0.531637
v 1.384291 1.293722 -0.524924
v 1.411562 1.297768 -0.501410
v 1.423292 1.302059 -0.467398
v 1.432653 1.091492 -0.415039
v 1.409139 1.089939 -0.387513
v 1.375127 1.086700 -0.375442
v 1.339737 1.082645 -0.382058
v 1.312440 1.078854 -0.405590
v 1.300564 1.076347 -0.439731
v 1.307284 1.075798 -0.475333
v 1.330798 1.077347 -0.502856
v 1.364810 1.080585 -0.514928
v 1.400204 1.084642 -0.508312
v 1.427496 1.088432 -0.484780
v 1.439372 1.090939 -0.450639
v 1.458879 0.903786 -0.416483
v 1.435724 0.899464 -0.388949
v 1.402005 0.893982 -0.376870
v 1.366757 0.888811 -0.383483
v 1.339427 0.885338 -0.407015
v 1.327330 0.884487 -0.441160
v 1.333715 0.886494 -0.476772
v 1.356870 0.890816 -0.504306
v 1.390593 0.896297 -0.516385
v 1.425841 0.901470 -0.509772
v 1.453175 0.904945 -0.486240
v 1.465269 0.905792 -0.452095
v 1.488871 0.721649 -0.425678
v 1.465732 0.717236 -0.398147
v 1.432001 0.711813 -0.386065
v 1.396723 0.706833 -0.392670
v 1.369348 0.703632 -0.416196
v 1.357212 0.703064 -0.450331
v 1.363568 0.705286 -0.485935
v 1.386711 0.709700 -0.513466
v 1.420438 0.715122 -0.525548
v 1.455716 0.720100 -0.518941
v 1.483091 0.723303 -0.495417
v 1.495227 0.723869 -0.461282
v 1.514758 0.524303 -0.429925
v 1.491432 0.521276 -0.402361
v 1.457525 0.517181 -0.390249
v 1.422131 0.513113 -0.396834
v 1.394722 0.510162 -0.420352
v 1.382649 0.509119 -0.454499
v 1.389143 0.510265 -0.490128
v 1.412469 0.513290 -0.517691
v 1.446376 0.517385 -0.529803
v 1.481771 0.521454 -0.523219
v 1.509180 0.524406 -0.499702
v 1.521252 0.525448 -0.465555
v 1.536229 0.315386 -0.429959
v 1.512790 0.313484 -0.402394
v 1.478770 0.310509 -0.390281
v 1.443288 0.307259 -0.396865
v 1.415850 0.304600 -0.420381
v 1.403806 0.303249 -0.454529
v 1.410392 0.303570 -0.490160
v 1.433831 0.305470 -0.517726
v 1.467851 0.308445 -0.529840
v 1.503338 0.311695 -0.523256
v 1.530772 0.314354 -0.499738
v 1.542815 0.315704 -0.465588
v 1.553128 0.097733 -0.426558
v 1.529614 0.096771 -0.399006
v 1.495519 0.094780 -0.386908
v 1.459974 0.092293 -0.393504
v 1.432511 0.089979 -0.417026
v 1.420484 0.088455 -0.451171
v 1.427116 0.088131 -0.486793
v 1.450630 0.089096 -0.514344
v 1.484729 0.091085 -0.526442
v 1.520270 0.093573 -0.519848
v 1.547734 0.095886 -0.496326
v 1.559765 0.097410 -0.462181
v 1.565276 -0.125805 -0.420501
v 1.541716 -0.125965 -0.392970
v 1.507571 -0.127060 -0.380895
v 1.471988 -0.128799 -0.387509
v 1.444504 -0.130716 -0.411043
v 1.432477 -0.132294 -0.445188
v 1.439138 -0.133114 -0.480795
v 1.462694 -0.132956 -0.508324
v 1.496840 -0.131859 -0.520400
v 1.532422 -0.130121 -0.513785
v 1.559911 -0.128204 -0.490255
v 1.571937 -0.126625 -0.456109
v 1.572493 -0.352386 -0.412556
v 1.548912 -0.351841 -0.385051
v 1.514738 -0.352091 -0.373004
v 1.479134 -0.353073 -0.379645
v 1.451633 -0.354521 -0.403194
v 1.439602 -0.356049 -0.437341
v 1.446276 -0.357246 -0.472935
v 1.469853 -0.357792 -0.500442
v 1.504031 -0.357540 -0.512488
v 1.539635 -0.356562 -0.505847
v 1.567136 -0.355112 -0.482299
v 1.579167 -0.353584 -0.448152
v 1.574599 -0.579166 -0.403500
v 1.551010 -0.577984 -0.376019
v 1.516827 -0.577408 -0.364006
v 1.481215 -0.577591 -0.370679
v 1.453710 -0.578487 -0.394247
v 1.441683 -0.579857 -0.428401
v 1.448357 -0.581329 -0.463984
v 1.471942 -0.582512 -0.491465
v 1.506121 -0.583090 -0.503479
v 1.541737 -0.582905 -0.496808
v 1.569242 -0.582008 -0.473238
v 1.581269 -0.580639 -0.439086
v 1.571403 -0.803314 -0.394105
v 1.547821 -0.801540 -0.366646
v 1.513655 -0.800121 -0.354669
v 1.478056 -0.799438 -0.361375
v 1.450559 -0.799677 -0.384972
v 1.438537 -0.800770 -0.419137
v 1.445206 -0.802425 -0.454715
v 1.468783 -0.804199 -0.482170
v 1.502949 -0.805618 -0.494151
v 1.538553 -0.806299 -0.487444
v 1.566049 -0.806063 -0.463844
v 1.578072 -0.804970 -0.429681
v 1.562715 -1.022015 -0.385140
v 1.539159 -1.019672 -0.357704
v 1.505030 -1.017365 -0.345760
v 1.469464 -1.015707 -0.352510
v 1.442005 -1.015144 -0.376138
v 1.429995 -1.015825 -0.410320
v 1.436664 -1.017570 -0.445892
v 1.460221 -1.019911 -0.473326
v 1.494349 -1.022221 -0.485268
v 1.529915 -1.023878 -0.478522
v 1.557374 -1.024441 -0.454894
v 1.569384 -1.023758 -0.420712
v 1.548331 -1.232475 -0.377381
v 1.524817 -1.229572 -0.349969
v 1.490751 -1.226284 -0.338059
v 1.455269 -1.223492 -0.344847
v 1.427872 -1.221939 -0.368512
v 1.415908 -1.222048 -0.402713
v 1.422573 -1.223785 -0.438287
v 1.446088 -1.226688 -0.465700
v 1.480154 -1.229977 -0.477609
v 1.515636 -1.232769 -0.470823
v 1.543032 -1.234322 -0.447156
v 1.555001 -1.234215 -0.412955
v 1.528026 -1.431953 -0.371611
v 1.504570 -1.428471 -0.344212
v 1.470622 -1.424057 -0.332337
v 1.435277 -1.419895 -0.339162
v 1.408010 -1.417101 -0.362860
v 1.396126 -1.416420 -0.397084
v 1.402808 -1.418039 -0.432662
v 1.426263 -1.421520 -0.460059
v 1.460212 -1.425934 -0.471937
v 1.495553 -1.430098 -0.465112
v 1.522820 -1.432892 -0.441410
v 1.534704 -1.433571 -0.407187
v 1.501762 -1.616280 -0.368634
v 1.478357 -1.612396 -0.341242
v 1.444517 -1.607203 -0.329380
v 1.409306 -1.602089 -0.336224
v 1.382156 -1.598427 -0.359940
v 1.370342 -1.597198 -0.394174
v 1.377037 -1.598730 -0.429753
v 1.400434 -1.602612 -0.457143
v 1.434278 -1.607807 -0.469004
v 1.469493 -1.612919 -0.462161
v 1.496643 -1.616581 -0.438445
v 1.508453 -1.617809 -0.404212
v 1.475034 -1.790096 -0.366160
v 1.451629 -1.786243 -0.338771
v 1.417759 -1.781221 -0.326905
v 1.382511 -1.776375 -0.333743
v 1.355319 -1.773003 -0.357453
v 1.343468 -1.772009 -0.391683
v 1.350146 -1.773661 -0.427259
v 1.373552 -1.777515 -0.454649
v 1.407421 -1.782539 -0.466514
v 1.442670 -1.787384 -0.459677
v 1.469861 -1.790756 -0.435966
v 1.481708 -1.791750 -0.401735
v 1.452661 -1.963488 -0.361729
v 1.429222 -1.959919 -0.334331
v 1.395265 -1.955570 -0.322450
v 1.359899 -1.951607 -0.329266
v 1.332599 -1.949093 -0.352955
v 1.320673 -1.948700 -0.387169
v 1.327325 -1.950535 -0.422741
v 1.350769 -1.954105 -0.450139
v 1.384722 -1.958450 -0.462022
v 1.420087 -1.962414 -0.455205
v 1.447392 -1.964928 -0.431515
v 1.459314 -1.965321 -0.397302
v 1.433982 -2.138973 -0.355845
v 1.410505 -2.135727 -0.328436
v 1.376481 -2.132023 -0.316532
v 1.341032 -2.128847 -0.323325
v 1.313652 -2.127052 -0.346991
v 1.301680 -2.127125 -0.381189
v 1.308320 -2.129040 -0.416760
v 1.331801 -2.132284 -0.444167
v 1.365821 -2.135990 -0.456071
v 1.401274 -2.139166 -0.449280
v 1.428654 -2.140957 -0.425613
v 1.440626 -2.140888 -0.391414
v 1.418545 -2.317684 -0.349036
v 1.395035 -2.314796 -0.321615
v 1.360961 -2.311686 -0.309690
v 1.325449 -2.309187 -0.316455
v 1.298023 -2.307970 -0.340099
v 1.286022 -2.308361 -0.374288
v 1.292662 -2.310257 -0.409855
v 1.316172 -2.313145 -0.437277
v 1.350250 -2.316256 -0.449205
v 1.385754 -2.318756 -0.442438
v 1.413188 -2.319969 -0.418794
v 1.425189 -2.319580 -0.384607
v 1.405896 -2.500740 -0.341829
v 1.382365 -2.498230 -0.314391
v 1.348249 -2.495661 -0.302446
v 1.312704 -2.493721 -0.309190
v 1.285240 -2.492931 -0.332818
v 1.273230 -2.493504 -0.366997
v 1.279883 -2.495281 -0.402574
v 1.303414 -2.497791 -0.430008
v 1.337530 -2.500362 -0.441954
v 1.373075 -2.502300 -0.435209
v 1.400539 -2.503090 -0.411581
v 1.412548 -2.502520 -0.377402
v 1.395603 -2.689245 -0.334752
v 1.372043 -2.687130 -0.307302
v 1.337906 -2.685040 -0.295339
v 1.302332 -2.683540 -0.302066
v 1.274860 -2.683029 -0.325684
v 1.262842 -2.683645 -0.359861
v 1.269503 -2.685223 -0.395443
v 1.293063 -2.687340 -0.422894
v 1.327200 -2.689426 -0.434858
v 1.362770 -2.690928 -0.428131
v 1.390250 -2.691441 -0.404513
v 1.402264 -2.690825 -0.370336
v 1.387200 -2.884298 -0.328345
v 1.363627 -2.882584 -0.300881
v 1.329469 -2.880911 -0.288904
v 1.293882 -2.879730 -0.295622
v 1.266402 -2.879358 -0.319236
v 1.254388 -2.879894 -0.353417
v 1.261066 -2.881193 -0.389008
v 1.284639 -2.882908 -0.416470
v 1.318796 -2.884581 -0.428449
v 1.354383 -2.885761 -0.421730
v 1.381863 -2.886135 -0.398118
v 1.393878 -2.885597 -0.363936
v 1.380242 -3.086988 -0.323142
v 1.356657 -3.085674 -0.295669
v 1.322490 -3.084354 -0.283680
v 1.286895 -3.083382 -0.290394
v 1.259411 -3.083017 -0.314008
v 1.247405 -3.083363 -0.348193
v 1.254096 -3.084320 -0.383792
v 1.277681 -3.085632 -0.411265
v 1.311851 -3.086956 -0.423253
v 1.347446 -3.087925 -0.416538
v 1.374926 -3.088289 -0.392927
v 1.386936 -3.087944 -0.358741
v 1.374283 -3.298397 -0.319678
v 1.350681 -3.297476 -0.292199
v 1.316502 -3.296444 -0.280207
v 1.280907 -3.295578 -0.286919
v 1.253427 -3.295109 -0.310534
v 1.241430 -3.295166 -0.344723
v 1.248128 -3.295729 -0.380330
v 1.271730 -3.296650 -0.407811
v 1.305905 -3.297680 -0.419800
v 1.341504 -3.298546 -0.413091
v 1.368984 -3.299015 -0.389476
v 1.380982 -3.298962 -0.355284
v 1.368855 -3.519608 -0.318497
v 1.345244 -3.519070 -0.291014
v 1.311061 -3.518267 -0.279022
v 1.275462 -3.517412 -0.285733
v 1.247986 -3.516739 -0.309350
v 1.236001 -3.516424 -0.343542
v 1.242712 -3.516552 -0.379151
v 1.266323 -3.517092 -0.406632
v 1.300506 -3.517895 -0.418624
v 1.336101 -3.518747 -0.411913
v 1.363573 -3.519421 -0.388296
v 1.375562 -3.519737 -0.354104
v 1.363502 -3.751698 -0.320134
v 1.339883 -3.751526 -0.292654
v 1.305696 -3.750896 -0.280664
v 1.270096 -3.749975 -0.287374
v 1.242633 -3.749010 -0.310988
v 1.230652 -3.748260 -0.345177
v 1.237376 -3.747929 -0.380782
v 1.260991 -3.748100 -0.408260
v 1.295178 -3.748730 -0.420252
v 1.330777 -3.749651 -0.413540
v 1.358245 -3.750614 -0.389928
v 1.370221 -3.751364 -0.355739
v 1.357768 -3.995726 -0.325128
v 1.334141 -3.995905 -0.297656
v 1.299950 -3.995403 -0.285668
v 1.264359 -3.994354 -0.292377
v 1.236900 -3.993042 -0.315981
v 1.224931 -3.991817 -0.350161
v 1.231664 -3.991007 -0.385756
v 1.255295 -3.990829 -0.413227
v 1.289482 -3.991329 -0.425217
v 1.325077 -3.992376 -0.418510
v 1.352532 -3.993690 -0.394901
v 1.364500 -3.994915 -0.360722
v 1.218868 3.637314 -1.388722
v 1.195274 3.635902 -1.361257
v 1.161238 3.632622 -1.349262
v 1.125885 3.628353 -1.355950
v 1.098681 3.624237 -1.379529
v 1.086917 3.621380 -1.413682
v 1.093750 3.620541 -1.449259
v 1.117343 3.621952 -1.476722
v 1.151376 3.625233 -1.488719
v 1.186733 3.629505 -1.482030
v 1.213933 3.633617 -1.458452
v 1.225696 3.636478 -1.424299
v 1.238312 3.443848 -1.386231
v 1.214819 3.441456 -1.358747
v 1.180782 3.438217 -1.346754
v 1.145316 3.435005 -1.353460
v 1.117928 3.432674 -1.377073
v 1.105960 3.431850 -1.411263
v 1.112613 3.432758 -1.446870
v 1.136106 3.435150 -1.474353
v 1.170143 3.438389 -1.486348
v 1.205609 3.441601 -1.479641
v 1.232992 3.443932 -1.456029
v 1.244965 3.444756 -1.421839
v 1.256674 3.225025 -1.392620
v 1.233231 3.222088 -1.365149
v 1.199182 3.218933 -1.353150
v 1.163666 3.216400 -1.359843
v 1.136181 3.215168 -1.383428
v 1.124105 3.215572 -1.417590
v 1.130670 3.217503 -1.453173
v 1.154121 3.220436 -1.480641
v 1.188162 3.223595 -1.492639
v 1.223686 3.226128 -1.485948
v 1.251166 3.227356 -1.462361
v 1.263239 3.226955 -1.428201
v 1.274246 2.986412 -1.404564
v 1.250815 2.983299 -1.377100
v 1.216762 2.980259 -1.365099
v 1.181208 2.978107 -1.371771
v 1.153691 2.977421 -1.395333
v 1.141572 2.978382 -1.429468
v 1.148104 2.980736 -1.465031
v 1.171539 2.983849 -1.492493
v 1.205592 2.986889 -1.504495
v 1.241141 2.989040 -1.497822
v 1.268663 2.989727 -1.474262
v 1.280777 2.988766 -1.440126
v 1.291291 2.733528 -1.418809
v 1.267852 2.730511 -1.391341
v 1.233786 2.727627 -1.379331
v 1.198225 2.725651 -1.385996
v 1.170694 2.725101 -1.409548
v 1.158576 2.726131 -1.443679
v 1.165112 2.728470 -1.479243
v 1.188546 2.731483 -1.506711
v 1.222612 2.734371 -1.518721
v 1.258174 2.736351 -1.512057
v 1.285704 2.736897 -1.488504
v 1.297827 2.735863 -1.454373
v 1.308053 2.472023 -1.432128
v 1.284593 2.469353 -1.404644
v 1.250518 2.466671 -1.392623
v 1.214957 2.464691 -1.399287
v 1.187439 2.463947 -1.422851
v 1.175337 2.464638 -1.456998
v 1.181898 2.466579 -1.492581
v 1.205358 2.469254 -1.520064
v 1.239436 2.471935 -1.532086
v 1.274998 2.473915 -1.525420
v 1.302516 2.474659 -1.501858
v 1.314618 2.473965 -1.467710
v 1.324772 2.207645 -1.441304
v 1.301275 2.205574 -1.413802
v 1.267179 2.203140 -1.401775
v 1.231630 2.201008 -1.408442
v 1.204146 2.199741 -1.432022
v 1.192094 2.199684 -1.466193
v 1.198701 2.200848 -1.501802
v 1.222203 2.202927 -1.529304
v 1.256298 2.205357 -1.541333
v 1.291851 2.207489 -1.534664
v 1.319331 2.208755 -1.511085
v 1.331383 2.208813 -1.476913
v 1.341671 1.946205 -1.443141
v 1.318119 1.945015 -1.415636
v 1.284003 1.942907 -1.403605
v 1.248471 1.940453 -1.410276
v 1.221045 1.938305 -1.433857
v 1.209073 1.937038 -1.468033
v 1.215763 1.936998 -1.503645
v 1.239319 1.938190 -1.531152
v 1.273431 1.940296 -1.543181
v 1.308964 1.942753 -1.536512
v 1.336389 1.944901 -1.512928
v 1.348366 1.946163 -1.478753
v 1.358976 1.693573 -1.434465
v 1.335328 1.693630 -1.407008
v 1.301187 1.691948 -1.394995
v 1.265692 1.688969 -1.401645
v 1.238354 1.685499 -1.425175
v 1.226507 1.682463 -1.459282
v 1.233318 1.680677 -1.494828
v 1.256962 1.680618 -1.522284
v 1.291107 1.682304 -1.534298
v 1.326598 1.685280 -1.527648
v 1.353932 1.688751 -1.504116
v 1.365787 1.691788 -1.470010
v 1.376878 1.455713 -1.412172
v 1.353100 1.457512 -1.384888
v 1.318913 1.456387 -1.372931
v 1.283481 1.452631 -1.379504
v 1.256289 1.447258 -1.402844
v 1.244631 1.441702 -1.436699
v 1.251626 1.437454 -1.471997
v 1.275403 1.435654 -1.499279
v 1.309590 1.436783 -1.511239
v 1.345027 1.440536 -1.504666
v 1.372219 1.445911 -1.481323
v 1.383873 1.451466 -1.447471
v 1.395562 1.238693 -1.373286
v 1.371575 1.242916 -1.346460
v 1.337325 1.242535 -1.334643
v 1.301989 1.237658 -1.341004
v 1.275036 1.229584 -1.363836
v 1.263686 1.220482 -1.397023
v 1.270982 1.212788 -1.431670
v 1.294973 1.208567 -1.458497
v 1.329227 1.208946 -1.470312
v 1.364563 1.213825 -1.463953
v 1.391516 1.221897 -1.441121
v 1.402866 1.230999 -1.407936
v 1.415169 1.048656 -1.315121
v 1.390827 1.056211 -1.289365
v 1.356469 1.056839 -1.277871
v 1.321300 1.050373 -1.283723
v 1.294743 1.038544 -1.305351
v 1.283911 1.024525 -1.336957
v 1.291713 1.012066 -1.370078
v 1.316051 1.004513 -1.395835
v 1.350409 1.003883 -1.407328
v 1.385582 1.010351 -1.401477
v 1.412139 1.022179 -1.379849
v 1.422966 1.036198 -1.348241
v 1.436272 0.888012 -1.233370
v 1.411650 0.897802 -1.208651
v 1.377208 0.899128 -1.197483
v 1.342164 0.891632 -1.202855
v 1.315917 0.877327 -1.223332
v 1.305495 0.860043 -1.253424
v 1.313690 0.844408 -1.285069
v 1.338307 0.834618 -1.309787
v 1.372754 0.833290 -1.320957
v 1.407793 0.840786 -1.315583
v 1.434044 0.855093 -1.295106
v 1.444462 0.872379 -1.265015
v 1.457889 0.727160 -1.145123
v 1.433388 0.735994 -1.119928
v 1.398971 0.737129 -1.108664
v 1.363853 0.730261 -1.114349
v 1.337438 0.717226 -1.135457
v 1.326820 0.701523 -1.166336
v 1.334831 0.687355 -1.198710
v 1.359327 0.678520 -1.223904
v 1.393748 0.677383 -1.235169
v 1.428871 0.684254 -1.229484
v 1.455277 0.697287 -1.208375
v 1.465900 0.712990 -1.177496
v 1.477609 0.541697 -1.072678
v 1.453367 0.548140 -1.046529
v 1.419005 0.548719 -1.035045
v 1.383735 0.543283 -1.041301
v 1.356995 0.533287 -1.063623
v 1.345963 0.521408 -1.096027
v 1.353589 0.510830 -1.129835
v 1.377831 0.504387 -1.155984
v 1.412197 0.503807 -1.167469
v 1.447471 0.509243 -1.161214
v 1.474203 0.519241 -1.138892
v 1.485235 0.531120 -1.106486
v 1.494596 0.338879 -1.015849
v 1.470509 0.343491 -0.989174
v 1.436180 0.343731 -0.977591
v 1.400802 0.339533 -0.984202
v 1.373852 0.332026 -1.007237
v 1.362561 0.323215 -1.040522
v 1.369954 0.315468 -1.075139
v 1.394040 0.310856 -1.101814
v 1.428374 0.310619 -1.113395
v 1.463752 0.314816 -1.106784
v 1.490693 0.322323 -1.083750
v 1.501984 0.331133 -1.050466
v 1.508478 0.122509 -0.972593
v 1.484479 0.125761 -0.945643
v 1.450154 0.125843 -0.934028
v 1.414709 0.122736 -0.940862
v 1.387634 0.117271 -0.964314
v 1.376184 0.110912 -0.998100
v 1.383430 0.105362 -1.033165
v 1.407429 0.102110 -1.060117
v 1.441750 0.102028 -1.071733
v 1.477203 0.105135 -1.064898
v 1.504278 0.110600 -1.041445
v 1.515728 0.116961 -1.007660
v 1.518858 -0.103619 -0.940998
v 1.494901 -0.101339 -0.913908
v 1.460580 -0.101250 -0.902294
v 1.425085 -0.103373 -0.909270
v 1.397931 -0.107140 -0.932965
v 1.386393 -0.111538 -0.967030
v 1.393560 -0.115395 -1.002339
v 1.417517 -0.117672 -1.029429
v 1.451842 -0.117764 -1.041043
v 1.487333 -0.115643 -1.034068
v 1.514487 -0.111876 -1.010372
v 1.526025 -0.107475 -0.976307
v 1.525327 -0.335688 -0.919215
v 1.501390 -0.334061 -0.892062
v 1.467061 -0.333809 -0.880463
v 1.431545 -0.335007 -0.887528
v 1.404350 -0.337326 -0.911361
v 1.392766 -0.340153 -0.945579
v 1.399899 -0.342724 -0.981011
v 1.423840 -0.344353 -1.008164
v 1.458165 -0.344603 -1.019763
v 1.493685 -0.343407 -1.012700
v 1.520876 -0.341087 -0.988866
v 1.532460 -0.338261 -0.954647
v 1.527466 -0.569868 -0.905434
v 1.503534 -0.568602 -0.878261
v 1.469201 -0.568039 -0.866681
v 1.433677 -0.568325 -0.873799
v 1.406468 -0.569389 -0.897709
v 1.394876 -0.570942 -0.932005
v 1.402001 -0.572571 -0.967495
v 1.425937 -0.573837 -0.994672
v 1.460267 -0.574400 -1.006250
v 1.495795 -0.574112 -0.999130
v 1.522999 -0.573050 -0.975220
v 1.534595 -0.571495 -0.940924
v 1.524855 -0.802311 -0.897877
v 1.500922 -0.801136 -0.870699
v 1.466597 -0.800087 -0.859137
v 1.431077 -0.799442 -0.866288
v 1.403886 -0.799376 -0.890237
v 1.392310 -0.799904 -0.924567
v 1.399439 -0.800888 -0.960081
v 1.423376 -0.802059 -0.987257
v 1.457701 -0.803108 -0.998820
v 1.493217 -0.803753 -0.991670
v 1.520408 -0.803822 -0.967721
v 1.531988 -0.803291 -0.933390
v 1.517057 -1.029167 -0.894774
v 1.493129 -1.027805 -0.867598
v 1.458829 -1.026066 -0.856045
v 1.423351 -1.024418 -0.863214
v 1.396193 -1.023300 -0.887179
v 1.384642 -1.023010 -0.921521
v 1.391788 -1.023632 -0.957040
v 1.415716 -1.024992 -0.984213
v 1.450016 -1.026730 -0.995766
v 1.485494 -1.028378 -0.988599
v 1.512652 -1.029495 -0.964634
v 1.524203 -1.029785 -0.930292
v 1.503626 -1.246599 -0.894361
v 1.479732 -1.244728 -0.867186
v 1.445490 -1.242039 -0.855638
v 1.410083 -1.239252 -0.862809
v 1.382996 -1.237114 -0.886778
v 1.371483 -1.236198 -0.921122
v 1.378633 -1.236748 -0.956641
v 1.402528 -1.238619 -0.983814
v 1.436769 -1.241306 -0.995364
v 1.472176 -1.244095 -0.988193
v 1.499268 -1.246233 -0.964222
v 1.510780 -1.247149 -0.929876
v 1.484107 -1.450806 -0.894875
v 1.460300 -1.448021 -0.867702
v 1.426188 -1.444019 -0.856152
v 1.390915 -1.439873 -0.863321
v 1.363924 -1.436693 -0.887292
v 1.352457 -1.435331 -0.921637
v 1.359578 -1.436152 -0.957154
v 1.383389 -1.438938 -0.984330
v 1.417496 -1.442938 -0.995877
v 1.452774 -1.447086 -0.988708
v 1.479761 -1.450264 -0.964738
v 1.491228 -1.451626 -0.930394
v 1.458328 -1.635700 -0.894551
v 1.434788 -1.630882 -0.867425
v 1.400898 -1.625257 -0.855913
v 1.365725 -1.620331 -0.863103
v 1.338700 -1.617424 -0.887065
v 1.327066 -1.617317 -0.921380
v 1.333936 -1.620035 -0.956854
v 1.357471 -1.624851 -0.983981
v 1.391362 -1.630478 -0.995492
v 1.426535 -1.635403 -0.988304
v 1.453560 -1.638309 -0.964339
v 1.465198 -1.638418 -0.930024
v 1.430973 -1.806255 -0.878585
v 1.407931 -1.798191 -0.851809
v 1.374258 -1.791103 -0.840455
v 1.338976 -1.786886 -0.847568
v 1.311546 -1.786674 -0.871239
v 1.299310 -1.790524 -0.905130
v 1.305550 -1.797401 -0.940153
v 1.328592 -1.805464 -0.966929
v 1.362265 -1.812553 -0.978282
v 1.397542 -1.816769 -0.971169
v 1.424976 -1.816980 -0.947497
v 1.437212 -1.813133 -0.913610
v 1.406113 -1.975651 -0.836895
v 1.383514 -1.964567 -0.810832
v 1.349987 -1.956497 -0.799711
v 1.314513 -1.953602 -0.806511
v 1.286598 -1.956657 -0.829413
v 1.273728 -1.964848 -0.862281
v 1.279340 -1.975975 -0.896303
v 1.301939 -1.987059 -0.922367
v 1.335470 -1.995129 -0.933489
v 1.370944 -1.998024 -0.926688
v 1.398854 -1.994968 -0.903787
v 1.411725 -1.986778 -0.870919
v 1.383276 -2.147572 -0.774299
v 1.360940 -2.134499 -0.748937
v 1.327488 -2.125866 -0.738014
v 1.291881 -2.123991 -0.744454
v 1.263661 -2.129372 -0.766533
v 1.250385 -2.140570 -0.798337
v 1.255617 -2.154581 -0.831340
v 1.277953 -2.167654 -0.856702
v 1.311404 -2.176285 -0.867625
v 1.347012 -2.178162 -0.861183
v 1.375236 -2.172779 -0.839104
v 1.388512 -2.161583 -0.807301
v 1.362432 -2.323107 -0.695914
v 1.340225 -2.308939 -0.671031
v 1.306799 -2.300112 -0.660193
v 1.271103 -2.298988 -0.666304
v 1.242700 -2.305874 -0.687727
v 1.229206 -2.318920 -0.718723
v 1.234238 -2.334633 -0.750985
v 1.256440 -2.348799 -0.775868
v 1.289875 -2.357626 -0.786706
v 1.325570 -2.358747 -0.780595
v 1.353974 -2.351864 -0.759169
v 1.367463 -2.338818 -0.728174
v 1.343552 -2.503326 -0.607034
v 1.321379 -2.488815 -0.582316
v 1.287940 -2.480101 -0.571425
v 1.252186 -2.479515 -0.577275
v 1.223699 -2.487221 -0.598302
v 1.210113 -2.501144 -0.628870
v 1.215065 -2.517563 -0.660791
v 1.237238 -2.532074 -0.685507
v 1.270677 -2.540791 -0.696401
v 1.306431 -2.541374 -0.690549
v 1.334923 -2.533670 -0.669523
v 1.348504 -2.519745 -0.638953
v 1.326577 -2.689344 -0.513049
v 1.304379 -2.675146 -0.488178
v 1.270903 -2.666819 -0.477091
v 1.235115 -2.666595 -0.482763
v 1.206612 -2.674534 -0.503675
v 1.193018 -2.688507 -0.534219
v 1.197991 -2.704771 -0.566215
v 1.220188 -2.718971 -0.591086
v 1.253665 -2.727295 -0.602171
v 1.289448 -2.727520 -0.596499
v 1.317956 -2.719582 -0.575589
v 1.331550 -2.705608 -0.545045
v 1.311463 -2.882336 -0.419404
v 1.289189 -2.869064 -0.394087
v 1.255663 -2.861393 -0.382690
v 1.219863 -2.861376 -0.388263
v 1.191375 -2.869017 -0.409316
v 1.177844 -2.882269 -0.440205
v 1.182888 -2.897579 -0.472656
v 1.205157 -2.910852 -0.497972
v 1.238684 -2.918524 -0.509369
v 1.274488 -2.918541 -0.503796
v 1.302971 -2.910900 -0.482743
v 1.316506 -2.897648 -0.451854
v 1.298136 -3.083530 -0.331581
v 1.275763 -3.071802 -0.305601
v 1.242173 -3.065056 -0.293805
v 1.206365 -3.065102 -0.299354
v 1.177936 -3.071926 -0.320755
v 1.164501 -3.083702 -0.352280
v 1.169662 -3.097271 -0.385480
v 1.192036 -3.109001 -0.411458
v 1.225621 -3.115749 -0.423253
v 1.261429 -3.115702 -0.417707
v 1.289862 -3.108879 -0.396304
v 1.303297 -3.097103 -0.364779
v 1.286532 -3.294186 -0.255100
v 1.264041 -3.284620 -0.228348
v 1.230385 -3.279079 -0.216122
v 1.194577 -3.279049 -0.221695
v 1.166223 -3.284538 -0.243577
v 1.152909 -3.294071 -0.275900
v 1.158212 -3.305096 -0.310007
v 1.180703 -3.314659 -0.336757
v 1.214363 -3.320198 -0.348985
v 1.250163 -3.320229 -0.343410
v 1.278521 -3.314743 -0.321530
v 1.291830 -3.305208 -0.289207
v 1.276574 -3.515535 -0.195525
v 1.253958 -3.508755 -0.168040
v 1.220235 -3.504700 -0.155423
v 1.184443 -3.504456 -0.161051
v 1.156169 -3.508089 -0.183421
v 1.142993 -3.514626 -0.216535
v 1.148442 -3.522314 -0.251522
v 1.171062 -3.529095 -0.279010
v 1.204781 -3.533150 -0.291627
v 1.240581 -3.533394 -0.285996
v 1.268851 -3.529762 -0.263626
v 1.282027 -3.523226 -0.230512
v 1.268199 -3.748783 -0.158451
v 1.245462 -3.745335 -0.130452
v 1.211676 -3.743002 -0.117568
v 1.175893 -3.742413 -0.123249
v 1.147707 -3.743729 -0.145980
v 1.134660 -3.746592 -0.179664
v 1.140256 -3.750237 -0.215276
v 1.162997 -3.753689 -0.243278
v 1.196783 -3.756020 -0.256164
v 1.232566 -3.756607 -0.250479
v 1.260752 -3.755295 -0.227752
v 1.273799 -3.752430 -0.194066
v 1.261329 -3.994980 -0.149479
v 1.238488 -3.995195 -0.121352
v 1.204647 -3.994728 -0.108401
v 1.168881 -3.993706 -0.114099
v 1.140766 -3.992397 -0.136919
v 1.127836 -3.991158 -0.170746
v 1.133557 -3.990318 -0.206517
v 1.156403 -3.990103 -0.234645
v 1.190239 -3.990570 -0.247595
v 1.226010 -3.991594 -0.241896
v 1.254121 -3.992901 -0.219077
v 1.267054 -3.994141 -0.185249
v 1.197974 3.731415 -3.552990
v 1.178292 3.711044 -3.530396
v 1.146269 3.697529 -3.520154
v 1.110490 3.694481 -3.525015
v 1.080540 3.702724 -3.543669
v 1.064448 3.720051 -3.571125
v 1.066525 3.741817 -3.600021
v 1.086207 3.762188 -3.622615
v 1.118229 3.775707 -3.632855
v 1.154004 3.778751 -3.627996
v 1.183950 3.770504 -3.609339
v 1.200047 3.753181 -3.581886
v 1.222194 3.603115 -3.632155
v 1.201681 3.587128 -3.606923
v 1.169303 3.575493 -3.595549
v 1.133737 3.571323 -3.601087
v 1.104514 3.575737 -3.622048
v 1.089462 3.587551 -3.652818
v 1.092613 3.603600 -3.685149
v 1.113123 3.619583 -3.710383
v 1.145500 3.631222 -3.721755
v 1.181062 3.635391 -3.716220
v 1.210289 3.630978 -3.695257
v 1.225345 3.619164 -3.664489
v 1.244363 3.488960 -3.672421
v 1.222696 3.478924 -3.645166
v 1.189817 3.469879 -3.632911
v 1.154535 3.464252 -3.638944
v 1.126303 3.463547 -3.661644
v 1.112684 3.467953 -3.694932
v 1.117331 3.476292 -3.729888
v 1.138994 3.486328 -3.757143
v 1.171873 3.495369 -3.769397
v 1.207159 3.500999 -3.763364
v 1.235391 3.501701 -3.740662
v 1.249010 3.497299 -3.707376
v 1.264894 3.384998 -3.680744
v 1.241889 3.381783 -3.652936
v 1.208413 3.375767 -3.640436
v 1.173440 3.368565 -3.646597
v 1.146340 3.362103 -3.669764
v 1.134372 3.358116 -3.703733
v 1.140745 3.357674 -3.739399
v 1.163753 3.360886 -3.767209
v 1.197226 3.366901 -3.779707
v 1.232198 3.374104 -3.773550
v 1.259302 3.380562 -3.750380
v 1.271271 3.384552 -3.716413
v 1.284400 3.286316 -3.663167
v 1.260201 3.289154 -3.636346
v 1.226185 3.285896 -3.624297
v 1.191467 3.277412 -3.630248
v 1.165341 3.265980 -3.652605
v 1.154819 3.254654 -3.685375
v 1.162713 3.246475 -3.719781
v 1.186913 3.243633 -3.746602
v 1.220928 3.246891 -3.758650
v 1.255646 3.255375 -3.752699
v 1.281772 3.266811 -3.730344
v 1.292294 3.278137 -3.697572
v 1.303347 3.188702 -3.624628
v 1.278337 3.195755 -3.599375
v 1.243933 3.194489 -3.588069
v 1.209361 3.185246 -3.593738
v 1.183879 3.170506 -3.614861
v 1.174313 3.154213 -3.645782
v 1.183235 3.140736 -3.678214
v 1.208241 3.133686 -3.703465
v 1.242646 3.134953 -3.714773
v 1.277221 3.144192 -3.709104
v 1.302704 3.158936 -3.687979
v 1.312265 3.175224 -3.657060
v 1.321964 3.089108 -3.570183
v 1.296515 3.098484 -3.546151
v 1.261893 3.098415 -3.535470
v 1.227368 3.088913 -3.541001
v 1.202190 3.072529 -3.561265
v 1.193106 3.053650 -3.590831
v 1.202554 3.037334 -3.621774
v 1.227999 3.027958 -3.645806
v 1.262625 3.028030 -3.656488
v 1.297150 3.037525 -3.650954
v 1.322323 3.053913 -3.630693
v 1.331408 3.072792 -3.601127
v 1.340363 2.984863 -3.505517
v 1.314776 2.995056 -3.481974
v 1.280054 2.995537 -3.471625
v 1.245504 2.986179 -3.477241
v 1.220381 2.969486 -3.497319
v 1.211421 2.949932 -3.526478
v 1.221020 2.932755 -3.556905
v 1.246607 2.922562 -3.580450
v 1.281329 2.922081 -3.590799
v 1.315880 2.931442 -3.585181
v 1.341003 2.948135 -3.565103
v 1.349966 2.967686 -3.535946
v 1.358708 2.873192 -3.436734
v 1.333188 2.882973 -3.412946
v 1.298462 2.883495 -3.402618
v 1.263832 2.874607 -3.408519
v 1.238580 2.858700 -3.429067
v 1.229470 2.840034 -3.458756
v 1.238951 2.823605 -3.489632
v 1.264472 2.813820 -3.513421
v 1.299202 2.813305 -3.523750
v 1.333828 2.822189 -3.517849
v 1.359080 2.838097 -3.497298
v 1.368186 2.856766 -3.467608
v 1.377175 2.751129 -3.370146
v 1.351880 2.759407 -3.345556
v 1.317217 2.759506 -3.335007
v 1.282470 2.751408 -3.341326
v 1.256950 2.737278 -3.362821
v 1.247493 2.720901 -3.393729
v 1.256640 2.706669 -3.425773
v 1.281931 2.698391 -3.450363
v 1.316598 2.698288 -3.460910
v 1.351345 2.706387 -3.454591
v 1.376865 2.720520 -3.433098
v 1.386322 2.736897 -3.402188
v 1.395950 2.615669 -3.312209
v 1.371003 2.621422 -3.286563
v 1.336456 2.620689 -3.275664
v 1.301559 2.613667 -3.282436
v 1.275663 2.602242 -3.305059
v 1.265713 2.589470 -3.337473
v 1.274363 2.578773 -3.370995
v 1.299306 2.573025 -3.396641
v 1.333857 2.573757 -3.407538
v 1.368754 2.580780 -3.400770
v 1.394646 2.592205 -3.378147
v 1.404605 2.604977 -3.345731
v 1.415219 2.463951 -3.269466
v 1.390702 2.466320 -3.242886
v 1.356301 2.464394 -3.231660
v 1.321237 2.458683 -3.238791
v 1.294906 2.450726 -3.262372
v 1.284354 2.442650 -3.296082
v 1.292415 2.436619 -3.330889
v 1.316933 2.434246 -3.357470
v 1.351329 2.436172 -3.368695
v 1.386389 2.441879 -3.361565
v 1.412724 2.449841 -3.337983
v 1.423275 2.457920 -3.304274
v 1.435127 2.293503 -3.248401
v 1.411061 2.292042 -3.221350
v 1.376828 2.288689 -3.209948
v 1.341604 2.284348 -3.217247
v 1.314826 2.280178 -3.241296
v 1.303665 2.277298 -3.275647
v 1.311112 2.276482 -3.311100
v 1.335173 2.277943 -3.338150
v 1.369406 2.281292 -3.349553
v 1.404630 2.285637 -3.342251
v 1.431412 2.289806 -3.318205
v 1.442573 2.292683 -3.283851
v 1.453927 2.123047 -3.253362
v 1.430296 2.117695 -3.226419
v 1.396234 2.112827 -3.215059
v 1.360873 2.109745 -3.222326
v 1.333677 2.109272 -3.246268
v 1.321947 2.111542 -3.280477
v 1.328813 2.115944 -3.315780
v 1.352444 2.121296 -3.342722
v 1.386506 2.126163 -3.354083
v 1.421871 2.129250 -3.346817
v 1.449063 2.129719 -3.322874
v 1.460797 2.127449 -3.288667
v 1.470129 1.971024 -3.280560
v 1.446882 1.962070 -3.254248
v 1.412975 1.955757 -3.243141
v 1.377492 1.953779 -3.250212
v 1.349941 1.956665 -3.273571
v 1.337706 1.963642 -3.306957
v 1.344062 1.972839 -3.341423
v 1.367308 1.981792 -3.367733
v 1.401215 1.988106 -3.378842
v 1.436702 1.990082 -3.371769
v 1.464249 1.987198 -3.348412
v 1.476485 1.980221 -3.315028
v 1.484241 1.834736 -3.323888
v 1.461295 1.822880 -3.298475
v 1.427509 1.815393 -3.287728
v 1.391934 1.814285 -3.294532
v 1.364107 1.819851 -3.317062
v 1.351479 1.830601 -3.349279
v 1.357434 1.843655 -3.382551
v 1.380380 1.855511 -3.407966
v 1.414166 1.862995 -3.418710
v 1.449740 1.864101 -3.411906
v 1.477567 1.858540 -3.389379
v 1.490200 1.847786 -3.357162
v 1.496785 1.711418 -3.377099
v 1.474040 1.697624 -3.352496
v 1.440338 1.689339 -3.342088
v 1.404709 1.688782 -3.348659
v 1.376694 1.696102 -3.370452
v 1.363819 1.709337 -3.401626
v 1.369515 1.724941 -3.433830
v 1.392260 1.738735 -3.458431
v 1.425963 1.747017 -3.468841
v 1.461591 1.747578 -3.462268
v 1.489598 1.740257 -3.440477
v 1.502481 1.727024 -3.409301
v 1.508306 1.598137 -3.433997
v 1.485645 1.583515 -3.409798
v 1.451976 1.574860 -3.399570
v 1.416326 1.574490 -3.406051
v 1.388253 1.582504 -3.427504
v 1.375261 1.596756 -3.458184
v 1.380852 1.613426 -3.489869
v 1.403514 1.628046 -3.514068
v 1.437178 1.636702 -3.524297
v 1.472828 1.637074 -3.517815
v 1.500906 1.629059 -3.496360
v 1.513893 1.614807 -3.465680
v 1.519326 1.491955 -3.488549
v 1.496622 1.477737 -3.464151
v 1.462945 1.469189 -3.453869
v 1.427321 1.468597 -3.460459
v 1.399289 1.476128 -3.482153
v 1.386368 1.489758 -3.513143
v 1.392018 1.505833 -3.545120
v 1.414726 1.520050 -3.569519
v 1.448403 1.528599 -3.579801
v 1.484027 1.529190 -3.573210
v 1.512055 1.521660 -3.551515
v 1.524976 1.508034 -3.520529
v 1.530362 1.390032 -3.534977
v 1.507458 1.377655 -3.509779
v 1.473706 1.369768 -3.499207
v 1.438156 1.368486 -3.506099
v 1.410334 1.374149 -3.528608
v 1.397689 1.385244 -3.560700
v 1.403614 1.398796 -3.593780
v 1.426514 1.411175 -3.618980
v 1.460267 1.419060 -3.629552
v 1.495816 1.420343 -3.622658
v 1.523643 1.414677 -3.600151
v 1.536288 1.403584 -3.568057
v 1.541904 1.289536 -3.567924
v 1.518595 1.280651 -3.541642
v 1.484692 1.274067 -3.530669
v 1.449285 1.271545 -3.537944
v 1.421859 1.273766 -3.561516
v 1.409761 1.280130 -3.595075
v 1.416230 1.288937 -3.629622
v 1.439540 1.297821 -3.655903
v 1.473442 1.304405 -3.666877
v 1.508845 1.306925 -3.659602
v 1.536275 1.304705 -3.636029
v 1.548373 1.298340 -3.602472
v 1.554478 1.187180 -3.582512
v 1.530555 1.183311 -3.555578
v 1.496422 1.178623 -3.544357
v 1.461228 1.174372 -3.551858
v 1.434400 1.171696 -3.576069
v 1.423138 1.171314 -3.610505
v 1.430446 1.173328 -3.645937
v 1.454370 1.177197 -3.672873
v 1.488503 1.181885 -3.684094
v 1.523697 1.186134 -3.676595
v 1.550521 1.188812 -3.652384
v 1.561787 1.189194 -3.617946
v 1.568761 1.078741 -3.573840
v 1.544086 1.080561 -3.547369
v 1.509669 1.078041 -3.536322
v 1.474729 1.071857 -3.543666
v 1.448629 1.063663 -3.567429
v 1.438365 1.055656 -3.601246
v 1.446685 1.049984 -3.636053
v 1.471357 1.048164 -3.662526
v 1.505778 1.050686 -3.673570
v 1.540717 1.056870 -3.666227
v 1.566818 1.065063 -3.642462
v 1.577082 1.073067 -3.608647
v 1.585502 0.959534 -3.536096
v 1.560103 0.966499 -3.511205
v 1.525410 0.965950 -3.500768
v 1.490713 0.958038 -3.507578
v 1.465306 0.944876 -3.529815
v 1.456008 0.929996 -3.561516
v 1.465298 0.917385 -3.594190
v 1.490693 0.910419 -3.619081
v 1.525385 0.910969 -3.629517
v 1.560082 0.918880 -3.622707
v 1.585489 0.932041 -3.600470
v 1.594791 0.946922 -3.568769
v 1.605769 0.823120 -3.461245
v 1.580032 0.832487 -3.437524
v 1.545185 0.833000 -3.427600
v 1.510567 0.824516 -3.434136
v 1.485456 0.809315 -3.455379
v 1.476577 0.791466 -3.485636
v 1.486313 0.775753 -3.516802
v 1.512051 0.766384 -3.540525
v 1.546898 0.765873 -3.550446
v 1.581511 0.774355 -3.543911
v 1.606622 0.789558 -3.522668
v 1.615502 0.807407 -3.492411
v 1.627516 0.661343 -3.372510
v 1.601921 0.669617 -3.348233
v 1.567082 0.670086 -3.338289
v 1.532331 0.662621 -3.345340
v 1.506982 0.649225 -3.367499
v 1.497826 0.633488 -3.398827
v 1.507324 0.619623 -3.430931
v 1.532915 0.611347 -3.455206
v 1.567759 0.610882 -3.465151
v 1.602506 0.618343 -3.458101
v 1.627854 0.631741 -3.435942
v 1.637006 0.647480 -3.404615
v 1.647261 0.475632 -3.299968
v 1.621908 0.481644 -3.274787
v 1.587111 0.481720 -3.264688
v 1.552192 0.475840 -3.272370
v 1.526505 0.465580 -3.295780
v 1.516944 0.453686 -3.328645
v 1.526058 0.443348 -3.362154
v 1.551411 0.437336 -3.387334
v 1.586212 0.437260 -3.397436
v 1.621126 0.443138 -3.389752
v 1.646810 0.453400 -3.366342
v 1.656379 0.465294 -3.333477
v 1.664269 0.272619 -3.243081
v 1.639058 0.276909 -3.217408
v 1.604277 0.276775 -3.207245
v 1.569246 0.272251 -3.215320
v 1.543346 0.264555 -3.239465
v 1.533521 0.255745 -3.273210
v 1.542401 0.248182 -3.307516
v 1.567608 0.243893 -3.333187
v 1.602393 0.244026 -3.343350
v 1.637424 0.248550 -3.335278
v 1.663324 0.256247 -3.311133
v 1.673149 0.265057 -3.277387
v 1.678155 0.056101 -3.199797
v 1.653032 0.059116 -3.173866
v 1.618256 0.058931 -3.163692
v 1.583145 0.055592 -3.172005
v 1.557111 0.049992 -3.196580
v 1.547128 0.043636 -3.230827
v 1.555874 0.038223 -3.265573
v 1.580997 0.035206 -3.291504
v 1.615773 0.035393 -3.301677
v 1.650884 0.038734 -3.293364
v 1.676918 0.044333 -3.268790
v 1.686901 0.050690 -3.234542
v 1.688539 -0.170137 -3.168187
v 1.663458 -0.168020 -3.142125
v 1.628678 -0.168118 -3.131965
v 1.593517 -0.170401 -3.140432
v 1.567403 -0.174259 -3.165251
v 1.557328 -0.178661 -3.199781
v 1.565995 -0.182423 -3.234761
v 1.591081 -0.184540 -3.260824
v 1.625865 -0.184443 -3.270982
v 1.661022 -0.182159 -3.262516
v 1.687135 -0.178299 -3.237694
v 1.697210 -0.173901 -3.203167
v 1.695012 -0.402287 -3.146394
v 1.669944 -0.400757 -3.120275
v 1.635159 -0.400627 -3.110138
v 1.599969 -0.401932 -3.118699
v 1.573818 -0.404320 -3.143661
v 1.563701 -0.407154 -3.178341
v 1.572334 -0.409672 -3.213441
v 1.597403 -0.411201 -3.239560
v 1.632188 -0.411331 -3.249697
v 1.667378 -0.410028 -3.241137
v 1.693529 -0.407640 -3.216174
v 1.703646 -0.404804 -3.181495
v 1.697152 -0.636520 -3.132610
v 1.672087 -0.635300 -3.106472
v 1.637299 -0.634802 -3.096357
v 1.602104 -0.635159 -3.104975
v 1.575937 -0.636276 -3.130017
v 1.565811 -0.637852 -3.164773
v 1.574436 -0.639465 -3.199930
v 1.599501 -0.640686 -3.226066
v 1.634294 -0.641182 -3.236180
v 1.669484 -0.640827 -3.227563
v 1.695652 -0.639711 -3.202522
v 1.705777 -0.638134 -3.167767
v 1.694540 -0.868992 -3.125052
v 1.669476 -0.867817 -3.098914
v 1.634691 -0.866791 -3.088816
v 1.599509 -0.866188 -3.097468
v 1.573354 -0.866171 -3.122548
v 1.563241 -0.866743 -3.157338
v 1.571875 -0.867752 -3.192514
v 1.596939 -0.868927 -3.218653
v 1.631724 -0.869953 -3.228749
v 1.666906 -0.870556 -3.220099
v 1.693061 -0.870573 -3.195019
v 1.703174 -0.869999 -3.160229
v 1.686742 -1.095852 -3.121947
v 1.661686 -1.094444 -3.095812
v 1.626927 -1.092697 -3.085726
v 1.591779 -1.091076 -3.094394
v 1.565665 -1.090015 -3.119490
v 1.555577 -1.089802 -3.154293
v 1.564223 -1.090492 -3.189474
v 1.589280 -1.091898 -3.215610
v 1.624039 -1.093647 -3.225693
v 1.659187 -1.095268 -3.217028
v 1.685297 -1.096329 -3.191932
v 1.695388 -1.096542 -3.157130
v 1.673316 -1.313265 -3.121535
v 1.648293 -1.311306 -3.095401
v 1.613596 -1.308582 -3.085321
v 1.578519 -1.305820 -3.093988
v 1.552468 -1.303762 -3.119090
v 1.542418 -1.302961 -3.153893
v 1.551064 -1.303631 -3.189076
v 1.576087 -1.305588 -3.215209
v 1.610784 -1.308313 -3.225291
v 1.645857 -1.311075 -3.216619
v 1.671912 -1.313133 -3.191520
v 1.681958 -1.313934 -3.156716
v 1.653797 -1.517418 -3.122050
v 1.628866 -1.514503 -3.095915
v 1.594303 -1.510448 -3.085834
v 1.559359 -1.506340 -3.094505
v 1.533409 -1.503281 -3.119602
v 1.523392 -1.502089 -3.154407
v 1.532009 -1.503086 -3.189589
v 1.556935 -1.506002 -3.215722
v 1.591503 -1.510059 -3.225807
v 1.626446 -1.514166 -3.217136
v 1.652401 -1.517225 -3.192036
v 1.662409 -1.518415 -3.157231
v 1.627645 -1.705063 -3.121793
v 1.602719 -1.702099 -3.095659
v 1.568277 -1.697138 -3.085561
v 1.533542 -1.691505 -3.094205
v 1.507822 -1.686714 -3.119275
v 1.498010 -1.684048 -3.154054
v 1.506735 -1.684219 -3.189222
v 1.531662 -1.687181 -3.215355
v 1.566104 -1.692142 -3.225454
v 1.600838 -1.697775 -3.216809
v 1.626559 -1.702568 -3.191738
v 1.636371 -1.705235 -3.156960
v 1.597462 -1.884560 -3.134152
v 1.572196 -1.883722 -3.108191
v 1.537675 -1.879221 -3.098132
v 1.503158 -1.872263 -3.106668
v 1.477885 -1.864714 -3.131511
v 1.468628 -1.858595 -3.166006
v 1.477872 -1.855547 -3.200907
v 1.503137 -1.856386 -3.226866
v 1.537658 -1.860889 -3.236928
v 1.572176 -1.867844 -3.228392
v 1.597453 -1.875393 -3.203549
v 1.606705 -1.881512 -3.169054
v 1.566731 -2.065910 -3.169775
v 1.541010 -2.067747 -3.144317
v 1.506321 -2.064291 -3.134452
v 1.471946 -2.056465 -3.142825
v 1.447099 -2.046368 -3.167192
v 1.438445 -2.036701 -3.201025
v 1.448294 -2.030060 -3.235255
v 1.474011 -2.028221 -3.260715
v 1.508703 -2.031677 -3.270580
v 1.543078 -2.039505 -3.262205
v 1.567922 -2.049603 -3.237840
v 1.576580 -2.059269 -3.204007
v 1.536020 -2.249046 -3.222750
v 1.509999 -2.252686 -3.197795
v 1.475181 -2.249994 -3.188145
v 1.440881 -2.241699 -3.196388
v 1.416305 -2.230019 -3.220311
v 1.408027 -2.218084 -3.253509
v 1.418269 -2.209093 -3.287082
v 1.444287 -2.205456 -3.312037
v 1.479109 -2.208145 -3.321687
v 1.513409 -2.216442 -3.313444
v 1.537984 -2.228121 -3.289521
v 1.546263 -2.240055 -3.256325
v 1.505720 -2.434795 -3.287313
v 1.479531 -2.439478 -3.262712
v 1.444625 -2.437317 -3.253241
v 1.410350 -2.428896 -3.261441
v 1.385888 -2.416470 -3.285110
v 1.377802 -2.403362 -3.317910
v 1.388253 -2.393093 -3.351050
v 1.414441 -2.388412 -3.375651
v 1.449351 -2.390572 -3.385122
v 1.483626 -2.398991 -3.376924
v 1.508085 -2.411421 -3.353254
v 1.516171 -2.424526 -3.320453
v 1.476217 -2.623943 -3.357838
v 1.449970 -2.629021 -3.333383
v 1.415010 -2.627193 -3.324032
v 1.380706 -2.618948 -3.332294
v 1.356251 -2.606495 -3.355958
v 1.348199 -2.593174 -3.388677
v 1.358704 -2.582550 -3.421689
v 1.384956 -2.577469 -3.446146
v 1.419912 -2.579298 -3.455493
v 1.454220 -2.587543 -3.447231
v 1.478670 -2.599995 -3.423569
v 1.486723 -2.613319 -3.390848
v 1.447906 -2.817204 -3.428789
v 1.421683 -2.822094 -3.404265
v 1.386702 -2.820423 -3.394972
v 1.352332 -2.812637 -3.403401
v 1.327785 -2.800827 -3.427295
v 1.319636 -2.788155 -3.460248
v 1.330071 -2.778011 -3.493432
v 1.356293 -2.773125 -3.517956
v 1.391274 -2.774796 -3.527249
v 1.425645 -2.782578 -3.518820
v 1.450196 -2.794392 -3.494929
v 1.458340 -2.807064 -3.461976
v 1.421178 -3.015232 -3.494693
v 1.395060 -3.019371 -3.469924
v 1.360075 -3.017696 -3.460630
v 1.325604 -3.010653 -3.469301
v 1.300882 -3.000134 -3.493613
v 1.292537 -2.988953 -3.527055
v 1.302796 -2.980106 -3.560660
v 1.328918 -2.975969 -3.585431
v 1.363899 -2.977646 -3.594725
v 1.398370 -2.984688 -3.586052
v 1.423092 -2.995209 -3.561742
v 1.431441 -3.006388 -3.528300
v 1.396435 -3.218647 -3.550133
v 1.370476 -3.221470 -3.525016
v 1.335508 -3.219629 -3.515677
v 1.300915 -3.213619 -3.524623
v 1.275959 -3.205048 -3.549455
v 1.267326 -3.196217 -3.583520
v 1.277330 -3.189486 -3.617688
v 1.303289 -3.186663 -3.642808
v 1.338257 -3.188501 -3.652146
v 1.372845 -3.194511 -3.643201
v 1.397806 -3.203083 -3.618369
v 1.406439 -3.211916 -3.584304
v 1.374066 -3.428078 -3.589766
v 1.348299 -3.429024 -3.564303
v 1.313372 -3.426861 -3.554906
v 1.278638 -3.422173 -3.564095
v 1.253402 -3.416216 -3.589404
v 1.244430 -3.410583 -3.624056
v 1.254121 -3.406786 -3.658762
v 1.279883 -3.405842 -3.684225
v 1.314810 -3.408001 -3.693624
v 1.349548 -3.412689 -3.684435
v 1.374780 -3.418648 -3.659124
v 1.383756 -3.424282 -3.624474
v 1.354446 -3.644245 -3.608302
v 1.328897 -3.642792 -3.582643
v 1.294012 -3.640160 -3.573210
v 1.259135 -3.637058 -3.582526
v 1.233607 -3.634317 -3.608095
v 1.224275 -3.632671 -3.643069
v 1.233632 -3.632561 -3.678074
v 1.259177 -3.634018 -3.703732
v 1.294066 -3.636648 -3.713166
v 1.328943 -3.639750 -3.703850
v 1.354467 -3.642490 -3.678281
v 1.363802 -3.644136 -3.643306
v 1.337952 -3.868015 -3.600456
v 1.312612 -3.863754 -3.574909
v 1.277769 -3.860531 -3.565495
v 1.242758 -3.859207 -3.574742
v 1.216962 -3.860136 -3.600171
v 1.207293 -3.863071 -3.634969
v 1.216336 -3.867226 -3.669808
v 1.241676 -3.871483 -3.695358
v 1.276519 -3.874706 -3.704769
v 1.311529 -3.876032 -3.695523
v 1.337325 -3.875103 -3.670094
v 1.346995 -3.872166 -3.635296
v 1.324952 -4.100430 -3.560846
v 1.299779 -4.093193 -3.535806
v 1.264973 -4.089314 -3.526506
v 1.229863 -4.089825 -3.535439
v 1.203853 -4.094597 -3.560210
v 1.193912 -4.102345 -3.594182
v 1.202704 -4.110996 -3.628252
v 1.227878 -4.118233 -3.653292
v 1.262683 -4.122112 -3.662591
v 1.297794 -4.121599 -3.653659
v 1.323807 -4.116829 -3.628888
v 1.333748 -4.109081 -3.594916
v 1.275959 4.143681 1.903569
v 1.252311 4.145245 1.930979
v 1.218158 4.147518 1.942869
v 1.182646 4.149883 1.936049
v 1.155300 4.151711 1.912352
v 1.143440 4.152512 1.878123
v 1.150239 4.152073 1.842535
v 1.173887 4.150501 1.815125
v 1.208041 4.148232 1.803237
v 1.243548 4.145866 1.810054
v 1.270899 4.144039 1.833754
v 1.282758 4.143238 1.867981
v 1.264246 3.944813 1.911589
v 1.240690 3.947872 1.938952
v 1.206561 3.950512 1.950830
v 1.171000 3.952034 1.944039
v 1.143540 3.952023 1.920400
v 1.131539 3.950485 1.886245
v 1.138204 3.947830 1.850730
v 1.161760 3.944771 1.823366
v 1.195893 3.942127 1.811490
v 1.231450 3.940609 1.818281
v 1.258914 3.940620 1.841920
v 1.270920 3.942162 1.876075
v 1.251755 3.700489 1.933254
v 1.228245 3.704414 1.960544
v 1.194129 3.707321 1.972400
v 1.158547 3.708435 1.965643
v 1.131037 3.707458 1.942080
v 1.118965 3.704647 1.908033
v 1.125571 3.700760 1.872617
v 1.149082 3.696838 1.845326
v 1.183197 3.693928 1.833471
v 1.218780 3.692814 1.840228
v 1.246289 3.693794 1.863788
v 1.258362 3.696602 1.897838
v 1.237869 3.420403 1.964665
v 1.214380 3.424782 1.991909
v 1.180272 3.427895 2.003742
v 1.144690 3.428913 1.996993
v 1.117159 3.427567 1.973474
v 1.105058 3.424210 1.939482
v 1.111635 3.419746 1.904130
v 1.135124 3.415371 1.876888
v 1.169232 3.412258 1.865056
v 1.204815 3.411240 1.871802
v 1.232345 3.412590 1.895324
v 1.244442 3.415943 1.929313
v 1.221944 3.114170 2.001849
v 1.198471 3.118755 2.029068
v 1.164372 3.122051 2.040880
v 1.128789 3.123184 2.034118
v 1.101259 3.121845 2.010597
v 1.089157 3.118397 1.976617
v 1.095726 3.113758 1.941287
v 1.119199 3.109180 1.914069
v 1.153294 3.105881 1.902256
v 1.188877 3.104748 1.909019
v 1.216407 3.106087 1.932541
v 1.228509 3.109535 1.966518
v 1.203331 2.791183 2.040819
v 1.179859 2.795799 2.068033
v 1.145768 2.799282 2.079822
v 1.110206 2.800701 2.073027
v 1.082693 2.799675 2.049468
v 1.070603 2.796482 2.015460
v 1.077181 2.791977 1.980113
v 1.100653 2.787365 1.952898
v 1.134740 2.783878 1.941108
v 1.170306 2.782463 1.947903
v 1.197819 2.783485 1.971461
v 1.209904 2.786678 2.005471
v 1.181359 2.460739 2.077580
v 1.157878 2.465229 2.104808
v 1.123804 2.468914 2.116577
v 1.088275 2.470798 2.109728
v 1.060800 2.470387 2.086105
v 1.048752 2.467785 2.052032
v 1.055355 2.463688 2.016640
v 1.078835 2.459202 1.989412
v 1.112910 2.455517 1.977644
v 1.148442 2.453632 1.984491
v 1.175914 2.454044 2.008115
v 1.187961 2.456646 2.042188
v 1.155354 2.132034 2.108142
v 1.131848 2.136238 2.135394
v 1.097795 2.140152 2.147140
v 1.062321 2.142731 2.140231
v 1.034924 2.143276 2.116519
v 1.022956 2.141647 2.082358
v 1.029613 2.138279 2.046901
v 1.053119 2.134071 2.019648
v 1.087172 2.130157 2.007901
v 1.122650 2.127583 2.014809
v 1.150043 2.127033 2.038522
v 1.162011 2.128662 2.072682
v 1.124610 1.814157 2.128484
v 1.101058 1.817879 2.155766
v 1.067030 1.822086 2.167495
v 1.031652 1.825653 2.160528
v 1.004398 1.827621 2.136729
v 0.992576 1.827465 2.102479
v 0.999346 1.825226 2.066952
v 1.022898 1.821507 2.039670
v 1.056922 1.817299 2.027942
v 1.092304 1.813732 2.034911
v 1.119554 1.811762 2.058707
v 1.131380 1.811920 2.092957
v 1.088372 1.516039 2.134539
v 1.064723 1.518993 2.161834
v 1.030750 1.523590 2.173557
v 0.995547 1.528595 2.166567
v 0.968552 1.532667 2.142739
v 0.957002 1.534716 2.108457
v 0.963989 1.534193 2.072906
v 0.987641 1.531239 2.045611
v 1.021610 1.526644 2.033889
v 1.056813 1.521637 2.040877
v 1.083808 1.517567 2.064707
v 1.095358 1.515514 2.098988
v 1.045760 1.246288 2.122073
v 1.021916 1.248039 2.149301
v 0.988029 1.253183 2.161054
v 0.953182 1.260349 2.154186
v 0.926705 1.267612 2.130532
v 0.915702 1.273027 2.096437
v 0.923115 1.275145 2.061033
v 0.946964 1.273396 2.033805
v 0.980850 1.268250 2.022052
v 1.015702 1.261086 2.028922
v 1.042170 1.253822 2.052574
v 1.053173 1.248405 2.086669
v 0.995539 1.012989 2.086323
v 0.971260 1.012806 2.113221
v 0.937557 1.018780 2.125115
v 0.903462 1.029308 2.118819
v 0.878109 1.041573 2.096021
v 0.868298 1.052288 2.062827
v 0.876647 1.058578 2.028133
v 0.900922 1.058762 2.001235
v 0.934624 1.052790 1.989341
v 0.968723 1.042259 1.995637
v 0.994076 1.029995 2.018436
v 1.003888 1.019279 2.051631
v 0.938740 0.832603 2.024646
v 0.914093 0.831121 2.051167
v 0.880445 0.837273 2.063113
v 0.846806 0.849409 2.057283
v 0.822192 0.864279 2.035240
v 0.813191 0.877895 2.002886
v 0.822230 0.886612 1.968898
v 0.846877 0.888092 1.942377
v 0.880525 0.881943 1.930430
v 0.914169 0.869804 1.936259
v 0.938782 0.854935 1.958305
v 0.947779 0.841320 1.990656
v 0.894269 0.679974 1.973639
v 0.869898 0.679581 2.000452
v 0.835866 0.684223 2.011995
v 0.801294 0.692657 2.005175
v 0.775444 0.702625 1.981825
v 0.765243 0.711456 1.948195
v 0.773421 0.716782 1.913301
v 0.797792 0.717176 1.886489
v 0.831825 0.712534 1.874946
v 0.866396 0.704098 1.881765
v 0.892246 0.694130 1.905116
v 0.902451 0.685299 1.938745
v 0.873078 0.510555 1.960298
v 0.848996 0.512299 1.987316
v 0.814666 0.514713 1.998644
v 0.779276 0.517155 1.991244
v 0.752318 0.518969 1.967100
v 0.741015 0.519667 1.932682
v 0.748390 0.519062 1.897211
v 0.772473 0.517319 1.870192
v 0.806802 0.514904 1.858865
v 0.842192 0.512463 1.866263
v 0.869150 0.510651 1.890409
v 0.880454 0.509953 1.924827
v 0.870567 0.318916 1.976665
v 0.846513 0.322033 2.003587
v 0.812142 0.322721 2.015037
v 0.776660 0.320797 2.007945
v 0.749577 0.316774 1.984213
v 0.738148 0.311733 1.950200
v 0.745432 0.307024 1.915020
v 0.769485 0.303909 1.888098
v 0.803856 0.303223 1.876648
v 0.839334 0.305145 1.883738
v 0.866417 0.309166 1.907472
v 0.877850 0.314209 1.941484
v 0.884633 0.109737 2.017515
v 0.860538 0.113590 2.044299
v 0.826242 0.112980 2.055990
v 0.790947 0.108070 2.049447
v 0.764098 0.100178 2.026431
v 0.752895 0.091415 1.993105
v 0.760337 0.084133 1.958399
v 0.784433 0.080278 1.931613
v 0.818724 0.080887 1.919926
v 0.854027 0.085796 1.926465
v 0.880872 0.093689 1.949484
v 0.892075 0.102451 1.982809
v 0.912643 -0.111942 2.076715
v 0.888515 -0.107819 2.103431
v 0.854340 -0.109432 2.115378
v 0.819288 -0.116352 2.109358
v 0.792740 -0.126722 2.086984
v 0.781817 -0.137764 2.054249
v 0.789439 -0.146521 2.019922
v 0.813567 -0.150642 1.993207
v 0.847738 -0.149029 1.981257
v 0.882790 -0.142109 1.987277
v 0.909338 -0.131741 2.009655
v 0.920266 -0.120697 2.042390
v 0.951644 -0.341339 2.147693
v 0.927532 -0.337315 2.174437
v 0.893500 -0.339756 2.186637
v 0.858670 -0.348011 2.181021
v 0.832364 -0.359869 2.159096
v 0.821649 -0.372150 2.126736
v 0.829384 -0.381565 2.092609
v 0.853496 -0.385590 2.065864
v 0.887524 -0.383148 2.053664
v 0.922359 -0.374893 2.059280
v 0.948656 -0.363037 2.081207
v 0.959375 -0.350754 2.113567
v 0.998568 -0.573984 2.223713
v 0.974540 -0.570389 2.250594
v 0.940654 -0.573565 2.263030
v 0.905991 -0.582661 2.257683
v 0.879835 -0.595242 2.235990
v 0.869196 -0.607933 2.203761
v 0.876927 -0.617338 2.169634
v 0.900955 -0.620934 2.142749
v 0.934841 -0.617758 2.130315
v 0.969505 -0.608662 2.135661
v 0.995660 -0.596081 2.157355
v 1.006295 -0.583387 2.189582
v 1.050307 -0.805632 2.297996
v 1.026454 -0.802824 2.325126
v 0.992722 -0.806705 2.337783
v 0.958155 -0.816235 2.332573
v 0.932008 -0.828857 2.310894
v 0.921293 -0.841194 2.278553
v 0.928878 -0.849937 2.244217
v 0.952731 -0.852745 2.217084
v 0.986458 -0.848864 2.204430
v 1.021034 -0.839334 2.209639
v 1.047177 -0.826710 2.231319
v 1.057891 -0.814373 2.263660
v 1.103758 -1.032240 2.363742
v 1.080194 -1.030676 2.391226
v 1.046642 -1.035295 2.404090
v 1.012079 -1.044861 2.398890
v 0.985777 -1.056808 2.377019
v 0.974778 -1.067936 2.344337
v 0.982033 -1.075266 2.309600
v 1.005593 -1.076830 2.282119
v 1.039153 -1.072210 2.269252
v 1.073712 -1.062645 2.274453
v 1.100018 -1.050697 2.296324
v 1.111012 -1.039570 2.329005
v 1.155839 -1.249992 2.414110
v 1.132726 -1.250317 2.442009
v 1.099366 -1.255783 2.455064
v 1.064707 -1.264921 2.449769
v 1.038029 -1.275286 2.427546
v 1.026483 -1.284100 2.394351
v 1.033165 -1.289000 2.359076
v 1.056282 -1.288673 2.331173
v 1.089638 -1.283207 2.318122
v 1.124297 -1.274071 2.323418
v 1.150975 -1.263706 2.345639
v 1.162521 -1.254890 2.378835
v 1.203498 -1.455368 2.442089
v 1.181041 -1.458567 2.470343
v 1.147924 -1.465080 2.483523
v 1.113018 -1.473166 2.478101
v 1.085685 -1.480656 2.455526
v 1.073240 -1.485540 2.421849
v 1.079023 -1.486515 2.386091
v 1.101480 -1.483315 2.357836
v 1.134602 -1.476801 2.344653
v 1.169499 -1.468716 2.350078
v 1.196837 -1.461227 2.372653
v 1.209282 -1.456341 2.406332
v 1.243038 -1.642056 2.440403
v 1.221196 -1.648094 2.468678
v 1.188317 -1.655720 2.481867
v 1.153219 -1.662888 2.476437
v 1.125300 -1.667681 2.453846
v 1.112040 -1.668814 2.420143
v 1.116997 -1.665981 2.384361
v 1.138839 -1.659945 2.356087
v 1.171718 -1.652321 2.342896
v 1.206816 -1.645151 2.348326
v 1.234735 -1.640358 2.370919
v 1.247994 -1.639225 2.404622
v 1.279754 -1.815065 2.424761
v 1.258116 -1.822048 2.452976
v 1.225404 -1.830429 2.466117
v 1.190385 -1.837963 2.460666
v 1.162441 -1.842632 2.438080
v 1.149052 -1.843182 2.404412
v 1.153816 -1.839466 2.368686
v 1.175450 -1.832483 2.340471
v 1.208162 -1.824100 2.327327
v 1.243181 -1.816568 2.332779
v 1.271133 -1.811901 2.355366
v 1.284517 -1.811352 2.389032
v 1.321421 -1.987921 2.414904
v 1.299703 -1.994556 2.443138
v 1.267079 -2.003307 2.456258
v 1.232299 -2.011837 2.450750
v 1.204673 -2.017853 2.428087
v 1.191610 -2.019747 2.394342
v 1.196607 -2.017010 2.358558
v 1.218325 -2.010376 2.330323
v 1.250949 -2.001623 2.317201
v 1.285729 -1.993095 2.322711
v 1.313356 -1.987078 2.345374
v 1.326419 -1.985184 2.379119
v 1.367647 -2.164043 2.410403
v 1.345813 -2.170238 2.438651
v 1.313234 -2.179157 2.451766
v 1.278642 -2.188417 2.446239
v 1.251304 -2.195536 2.423546
v 1.238546 -2.198603 2.389771
v 1.243782 -2.196798 2.353963
v 1.265621 -2.190607 2.325716
v 1.298199 -2.181686 2.312599
v 1.332787 -2.172424 2.318129
v 1.360129 -2.165310 2.340819
v 1.372883 -2.162241 2.374596
v 1.417459 -2.344225 2.411072
v 1.395478 -2.349894 2.439317
v 1.362896 -2.358789 2.452434
v 1.328437 -2.368530 2.446906
v 1.301333 -2.376503 2.424218
v 1.288851 -2.380573 2.390445
v 1.294334 -2.379650 2.354640
v 1.316310 -2.373981 2.326394
v 1.348897 -2.365086 2.313277
v 1.383355 -2.355349 2.318805
v 1.410455 -2.347374 2.341495
v 1.422941 -2.343304 2.375266
v 1.469882 -2.529240 2.416717
v 1.447734 -2.534313 2.444946
v 1.415089 -2.543007 2.458055
v 1.380702 -2.552988 2.452537
v 1.353773 -2.561584 2.429865
v 1.341525 -2.566492 2.396118
v 1.347238 -2.566397 2.360338
v 1.369385 -2.561323 2.332111
v 1.402030 -2.552631 2.318999
v 1.436418 -2.542648 2.324519
v 1.463346 -2.534054 2.347190
v 1.475595 -2.529144 2.380936
v 1.523919 -2.719858 2.427141
v 1.501591 -2.724277 2.455333
v 1.468846 -2.732605 2.468423
v 1.434458 -2.742609 2.462905
v 1.407642 -2.751610 2.440257
v 1.395587 -2.757198 2.406547
v 1.401516 -2.757870 2.370807
v 1.423848 -2.753452 2.342614
v 1.456593 -2.745123 2.329525
v 1.490981 -2.735119 2.335043
v 1.517792 -2.726116 2.357693
v 1.529848 -2.720531 2.391402
v 1.578573 -2.916851 2.442138
v 1.556049 -2.920567 2.470274
v 1.523162 -2.928383 2.483329
v 1.488724 -2.938208 2.477796
v 1.461967 -2.947411 2.455162
v 1.450058 -2.953524 2.421493
v 1.456188 -2.954910 2.385807
v 1.478712 -2.951197 2.357667
v 1.511595 -2.943380 2.344616
v 1.546029 -2.933554 2.350147
v 1.572790 -2.924351 2.372780
v 1.584700 -2.918238 2.406453
v 1.632831 -3.120989 2.461496
v 1.610111 -3.123953 2.489564
v 1.577052 -3.131128 2.502556
v 1.542523 -3.140594 2.496990
v 1.515770 -3.149811 2.474357
v 1.503960 -3.156311 2.440723
v 1.510262 -3.158352 2.405100
v 1.532982 -3.155388 2.377031
v 1.566037 -3.148212 2.364040
v 1.600575 -3.138746 2.369605
v 1.627324 -3.129528 2.392238
v 1.639133 -3.123030 2.425871
v 1.685681 -3.333035 2.485002
v 1.662768 -3.335218 2.512985
v 1.629526 -3.341640 2.525894
v 1.594862 -3.350578 2.520268
v 1.568072 -3.359642 2.497619
v 1.556325 -3.366400 2.464014
v 1.562777 -3.369040 2.428455
v 1.585694 -3.366856 2.400474
v 1.618937 -3.360434 2.387564
v 1.653596 -3.351494 2.393188
v 1.680391 -3.342430 2.415838
v 1.692133 -3.335674 2.449443
v 1.736111 -3.553757 2.512435
v 1.713015 -3.555138 2.540317
v 1.679580 -3.560707 2.553122
v 1.644762 -3.568977 2.547416
v 1.617905 -3.577732 2.524728
v 1.606187 -3.584625 2.491138
v 1.612760 -3.587811 2.455648
v 1.635861 -3.586433 2.427764
v 1.669300 -3.580862 2.414962
v 1.704110 -3.572592 2.420669
v 1.730975 -3.563835 2.443354
v 1.742689 -3.556942 2.476945
v 1.783102 -3.783928 2.543574
v 1.759839 -3.784481 2.571345
v 1.726212 -3.789116 2.584024
v 1.691239 -3.796593 2.578208
v 1.664281 -3.804905 2.555463
v 1.652576 -3.811827 2.521877
v 1.659250 -3.815502 2.486453
v 1.682518 -3.814947 2.458680
v 1.716145 -3.810310 2.446004
v 1.751122 -3.802837 2.451819
v 1.778071 -3.794523 2.474565
v 1.789780 -3.787601 2.508150
v 1.825634 -4.024271 2.578188
v 1.802216 -4.023998 2.605840
v 1.768418 -4.027645 2.618376
v 1.733286 -4.034235 2.612434
v 1.706241 -4.042004 2.589609
v 1.694519 -4.048870 2.556015
v 1.701272 -4.052992 2.520657
v 1.724686 -4.053265 2.493004
v 1.758489 -4.049618 2.480469
v 1.793620 -4.043028 2.486408
v 1.820670 -4.035259 2.509233
v 1.832383 -4.028393 2.542828
v 1.142905 4.056557 -4.121689
v 1.112571 4.054745 -4.086378
v 1.068810 4.050526 -4.070954
v 1.023357 4.045036 -4.079554
v 0.988380 4.039745 -4.109868
v 0.973257 4.036068 -4.153779
v 0.982037 4.034988 -4.199519
v 1.012375 4.036804 -4.234831
v 1.056132 4.041023 -4.250255
v 1.101589 4.046513 -4.241656
v 1.136566 4.051807 -4.211339
v 1.151685 4.055485 -4.167428
v 1.168216 3.855465 -4.120499
v 1.138233 3.850822 -4.085147
v 1.094711 3.844700 -4.069698
v 1.049312 3.838737 -4.078290
v 1.014201 3.834530 -4.108621
v 0.998786 3.833206 -4.152566
v 1.007202 3.835121 -4.198346
v 1.037185 3.839767 -4.233700
v 1.080708 3.845890 -4.249148
v 1.126106 3.851852 -4.240556
v 1.161217 3.856060 -4.210225
v 1.176628 3.857380 -4.166279
v 1.203264 3.610996 -4.130331
v 1.173507 3.604778 -4.095031
v 1.130135 3.597549 -4.079619
v 1.084786 3.591251 -4.088224
v 1.049605 3.587563 -4.118537
v 1.034017 3.587479 -4.162439
v 1.042200 3.591022 -4.208166
v 1.071957 3.597240 -4.243462
v 1.115329 3.604465 -4.258876
v 1.160678 3.610767 -4.250272
v 1.195859 3.614456 -4.219959
v 1.211446 3.614540 -4.176058
v 1.246147 3.332291 -4.147479
v 1.216494 3.325336 -4.112224
v 1.173214 3.317532 -4.096844
v 1.127907 3.310966 -4.105464
v 1.092705 3.307404 -4.135770
v 1.077043 3.307793 -4.179645
v 1.085120 3.312031 -4.225331
v 1.114769 3.318985 -4.260588
v 1.158049 3.326786 -4.275966
v 1.203360 3.333351 -4.267346
v 1.238559 3.336918 -4.237041
v 1.254221 3.336529 -4.193166
v 1.294944 3.028503 -4.168273
v 1.265328 3.021324 -4.133031
v 1.222094 3.013260 -4.117669
v 1.176825 3.006458 -4.126305
v 1.141647 3.002747 -4.156621
v 1.125985 3.003124 -4.200497
v 1.134042 3.007484 -4.246172
v 1.163657 3.014660 -4.281415
v 1.206892 3.022728 -4.296777
v 1.252165 3.029530 -4.288142
v 1.287342 3.033237 -4.257824
v 1.303000 3.032860 -4.213950
v 1.347756 2.708858 -4.189040
v 1.318111 2.701847 -4.153789
v 1.274881 2.693737 -4.138430
v 1.229645 2.686703 -4.147078
v 1.194530 2.682625 -4.177417
v 1.178939 2.682602 -4.221318
v 1.187046 2.686634 -4.267016
v 1.216687 2.693645 -4.302268
v 1.259917 2.701756 -4.317625
v 1.305153 2.708786 -4.308978
v 1.340271 2.712868 -4.278638
v 1.355863 2.712891 -4.234738
v 1.402649 2.382629 -4.206118
v 1.372916 2.376144 -4.170839
v 1.329661 2.368191 -4.155473
v 1.284472 2.360901 -4.164135
v 1.249453 2.356228 -4.194502
v 1.233991 2.355423 -4.238442
v 1.242228 2.358700 -4.284179
v 1.271960 2.365181 -4.319457
v 1.315215 2.373138 -4.334823
v 1.360405 2.380428 -4.326161
v 1.395424 2.385101 -4.295793
v 1.410885 2.385910 -4.251853
v 1.457701 2.059132 -4.215846
v 1.427814 2.053574 -4.180544
v 1.384496 2.045982 -4.165168
v 1.339356 2.038395 -4.173836
v 1.304492 2.032841 -4.204231
v 1.289235 2.030807 -4.248203
v 1.297685 2.032845 -4.293973
v 1.327572 2.038403 -4.329274
v 1.370885 2.045998 -4.344651
v 1.416029 2.053585 -4.335982
v 1.450898 2.059139 -4.305589
v 1.466150 2.061172 -4.261617
v 1.510977 1.747746 -4.214590
v 1.480843 1.743628 -4.179300
v 1.437421 1.736652 -4.163928
v 1.392348 1.728689 -4.172596
v 1.357693 1.721870 -4.202978
v 1.342754 1.718023 -4.246935
v 1.351521 1.718182 -4.292689
v 1.381654 1.722300 -4.327981
v 1.425077 1.729275 -4.343353
v 1.470154 1.737238 -4.334685
v 1.504804 1.744057 -4.304303
v 1.519748 1.747902 -4.260344
v 1.560525 1.457943 -4.198758
v 1.530020 1.456013 -4.163602
v 1.486434 1.450012 -4.148290
v 1.441441 1.441547 -4.156927
v 1.407103 1.432896 -4.187195
v 1.392615 1.426367 -4.230991
v 1.401867 1.423714 -4.276573
v 1.432373 1.425644 -4.311732
v 1.475958 1.431644 -4.327043
v 1.520947 1.440107 -4.318406
v 1.555289 1.448761 -4.288136
v 1.569773 1.455290 -4.244342
v 1.604357 1.199402 -4.164899
v 1.573287 1.200832 -4.130220
v 1.529435 1.196363 -4.115125
v 1.484562 1.187199 -4.123660
v 1.450693 1.175789 -4.153540
v 1.436894 1.165194 -4.196757
v 1.446869 1.158251 -4.241733
v 1.477943 1.156822 -4.276413
v 1.521787 1.161291 -4.291508
v 1.566660 1.170456 -4.282972
v 1.600533 1.181866 -4.253093
v 1.614332 1.192463 -4.209874
v 1.640454 0.982124 -4.109964
v 1.608502 0.988859 -4.076734
v 1.564248 0.986845 -4.062311
v 1.519552 0.976620 -4.070557
v 1.486388 0.960922 -4.099266
v 1.473643 0.943962 -4.140740
v 1.484729 0.930279 -4.183871
v 1.516681 0.923544 -4.217100
v 1.560930 0.925560 -4.231523
v 1.605631 0.935785 -4.223277
v 1.638790 0.951481 -4.194570
v 1.651540 0.968445 -4.153095
v 1.667720 0.810390 -4.028769
v 1.635288 0.820208 -3.996799
v 1.590776 0.819838 -3.983046
v 1.546112 0.809383 -3.991201
v 1.513271 0.791643 -4.019073
v 1.501039 0.771370 -4.059198
v 1.512707 0.754000 -4.100821
v 1.545139 0.744183 -4.132791
v 1.589647 0.744551 -4.146543
v 1.634311 0.755005 -4.138390
v 1.667156 0.772747 -4.110517
v 1.679384 0.793018 -4.070394
v 1.691264 0.644318 -3.955016
v 1.659442 0.649822 -3.921442
v 1.615126 0.648079 -3.907178
v 1.570191 0.639549 -3.916047
v 1.536681 0.626522 -3.945674
v 1.523572 0.612488 -3.988120
v 1.534378 0.601208 -4.032010
v 1.566204 0.595701 -4.065585
v 1.610516 0.597446 -4.079848
v 1.655451 0.605976 -4.070978
v 1.688961 0.619003 -4.041353
v 1.702070 0.633038 -3.998908
v 1.715213 0.451487 -3.926925
v 1.684323 0.449429 -3.892106
v 1.640349 0.444963 -3.877396
v 1.595059 0.439287 -3.886735
v 1.560600 0.433918 -3.917620
v 1.546196 0.430300 -3.961777
v 1.555711 0.429398 -4.007372
v 1.586597 0.431456 -4.042191
v 1.630571 0.435921 -4.056903
v 1.675861 0.441597 -4.047565
v 1.710324 0.446964 -4.016678
v 1.724728 0.450584 -3.972522
v 1.737866 0.242577 -3.938381
v 1.707553 0.235268 -3.903769
v 1.663767 0.229050 -3.889127
v 1.618239 0.225594 -3.898379
v 1.583166 0.225822 -3.929045
v 1.567955 0.229675 -3.972908
v 1.576672 0.236122 -4.018218
v 1.606985 0.243431 -4.052830
v 1.650771 0.249649 -4.067472
v 1.696299 0.253105 -4.058220
v 1.731372 0.252876 -4.027555
v 1.746583 0.249023 -3.983691
v 1.758493 0.021324 -3.980632
v 1.728493 0.010712 -3.946611
v 1.684791 0.003551 -3.932138
v 1.639104 0.001762 -3.941090
v 1.603680 0.005829 -3.971070
v 1.588001 0.014652 -4.014043
v 1.596271 0.025875 -4.058496
v 1.626275 0.036488 -4.092516
v 1.669977 0.043648 -4.106989
v 1.715664 0.045435 -4.098036
v 1.751088 0.041370 -4.068058
v 1.766767 0.032547 -4.025084
v 1.776353 -0.208851 -4.045672
v 1.746491 -0.221355 -4.012168
v 1.702823 -0.228859 -3.997788
v 1.657039 -0.229349 -4.006387
v 1.621411 -0.222698 -4.035658
v 1.605481 -0.210688 -4.077760
v 1.613529 -0.196533 -4.121409
v 1.643387 -0.184031 -4.154912
v 1.687060 -0.176529 -4.169292
v 1.732843 -0.176037 -4.160695
v 1.768472 -0.182686 -4.131423
v 1.784398 -0.194698 -4.089322
v 1.790662 -0.444363 -4.125887
v 1.760854 -0.457712 -4.092667
v 1.717173 -0.465088 -4.078245
v 1.671323 -0.464512 -4.086488
v 1.635594 -0.456139 -4.115184
v 1.619551 -0.442213 -4.156648
v 1.627499 -0.426464 -4.199765
v 1.657311 -0.413113 -4.232986
v 1.700988 -0.405737 -4.247406
v 1.746834 -0.406313 -4.239164
v 1.782567 -0.414684 -4.210469
v 1.798610 -0.428612 -4.169007
v 1.800603 -0.681427 -4.213823
v 1.770795 -0.694763 -4.180598
v 1.727093 -0.701584 -4.165975
v 1.681206 -0.700062 -4.173871
v 1.645426 -0.690603 -4.202173
v 1.629346 -0.675743 -4.243292
v 1.637273 -0.659466 -4.286217
v 1.667081 -0.646126 -4.319444
v 1.710787 -0.639307 -4.334069
v 1.756675 -0.640829 -4.326173
v 1.792450 -0.650288 -4.297871
v 1.808530 -0.665148 -4.256749
v 1.805346 -0.916124 -4.302067
v 1.775522 -0.928608 -4.268524
v 1.731799 -0.934406 -4.253526
v 1.685894 -0.931976 -4.261084
v 1.650107 -0.921959 -4.289179
v 1.634022 -0.907043 -4.330280
v 1.641962 -0.891224 -4.373376
v 1.671786 -0.878742 -4.406919
v 1.715510 -0.872940 -4.421919
v 1.761414 -0.875374 -4.414358
v 1.797202 -0.885391 -4.386264
v 1.813286 -0.900307 -4.345162
v 1.804051 -1.144436 -4.383220
v 1.774239 -1.155087 -4.349042
v 1.730524 -1.159283 -4.333481
v 1.684628 -1.155895 -4.340710
v 1.648840 -1.145834 -4.368789
v 1.632752 -1.131794 -4.410194
v 1.640675 -1.117538 -4.453835
v 1.670487 -1.106888 -4.488014
v 1.714202 -1.102692 -4.503573
v 1.760102 -1.106079 -4.496345
v 1.795885 -1.116138 -4.468266
v 1.811974 -1.130178 -4.426860
v 1.795868 -1.362251 -4.449889
v 1.766186 -1.369759 -4.414777
v 1.722572 -1.371508 -4.398491
v 1.676713 -1.367031 -4.405396
v 1.640905 -1.357523 -4.433640
v 1.624737 -1.345537 -4.475655
v 1.632539 -1.334282 -4.520183
v 1.662225 -1.326773 -4.555295
v 1.705840 -1.325024 -4.571580
v 1.751694 -1.329502 -4.564675
v 1.787507 -1.339008 -4.536432
v 1.803670 -1.350996 -4.494417
v 1.779976 -1.565369 -4.494694
v 1.750712 -1.567787 -4.458530
v 1.707403 -1.565815 -4.441474
v 1.661661 -1.559978 -4.448097
v 1.625740 -1.551844 -4.476624
v 1.609263 -1.543591 -4.519413
v 1.616647 -1.537426 -4.564996
v 1.645919 -1.535007 -4.601161
v 1.689225 -1.536980 -4.618217
v 1.734970 -1.542816 -4.611593
v 1.770892 -1.550951 -4.583066
v 1.787369 -1.559204 -4.540277
v 1.755463 -1.750481 -4.510428
v 1.726834 -1.747959 -4.473763
v 1.684001 -1.742306 -4.456335
v 1.638443 -1.735035 -4.462811
v 1.602368 -1.728092 -4.491461
v 1.585439 -1.723339 -4.534605
v 1.592201 -1.722052 -4.580681
v 1.620830 -1.724571 -4.617344
v 1.663659 -1.730225 -4.634773
v 1.709220 -1.737499 -4.628296
v 1.745296 -1.744442 -4.599648
v 1.762225 -1.749193 -4.556505
v 1.724991 -1.927120 -4.513220
v 1.696550 -1.923454 -4.476506
v 1.653922 -1.916569 -4.459024
v 1.608523 -1.908314 -4.465458
v 1.572527 -1.900900 -4.494086
v 1.555569 -1.896313 -4.537236
v 1.562205 -1.895782 -4.583346
v 1.590646 -1.899448 -4.620061
v 1.633274 -1.906334 -4.637544
v 1.678673 -1.914589 -4.631109
v 1.714670 -1.922005 -4.602480
v 1.731627 -1.926590 -4.559330
v 1.692639 -2.106228 -4.523664
v 1.663964 -2.103832 -4.487020
v 1.621252 -2.097401 -4.469563
v 1.575945 -2.088659 -4.475972
v 1.540178 -2.079950 -4.504525
v 1.523538 -2.073608 -4.547576
v 1.530483 -2.071327 -4.593586
v 1.559159 -2.073725 -4.630229
v 1.601866 -2.080154 -4.647685
v 1.647177 -2.088898 -4.641277
v 1.682944 -2.097607 -4.612723
v 1.699580 -2.103951 -4.569674
v 1.659367 -2.287624 -4.541030
v 1.630479 -2.286442 -4.504501
v 1.587658 -2.280582 -4.487100
v 1.542393 -2.271622 -4.493487
v 1.506802 -2.261959 -4.521951
v 1.490425 -2.254183 -4.564866
v 1.497646 -2.250378 -4.610731
v 1.526539 -2.251560 -4.647260
v 1.569355 -2.257416 -4.664663
v 1.614624 -2.266376 -4.658276
v 1.650219 -2.276041 -4.629810
v 1.666592 -2.283817 -4.586896
v 1.625991 -2.472088 -4.564581
v 1.596893 -2.472054 -4.528196
v 1.553952 -2.466877 -4.510881
v 1.508678 -2.457947 -4.517272
v 1.473196 -2.447659 -4.545657
v 1.457024 -2.438766 -4.588430
v 1.464479 -2.433653 -4.634131
v 1.493580 -2.433689 -4.670515
v 1.536518 -2.438866 -4.687831
v 1.581791 -2.447794 -4.681440
v 1.617269 -2.458084 -4.653055
v 1.633450 -2.466976 -4.610282
v 1.593275 -2.660416 -4.593586
v 1.563993 -2.661455 -4.557367
v 1.520922 -2.657051 -4.540169
v 1.475599 -2.648388 -4.546599
v 1.440175 -2.637779 -4.574935
v 1.424141 -2.628075 -4.617586
v 1.431784 -2.621872 -4.663121
v 1.461069 -2.620832 -4.699340
v 1.504140 -2.625235 -4.716537
v 1.549459 -2.633900 -4.710106
v 1.584888 -2.644506 -4.681770
v 1.600922 -2.654213 -4.639121
v 1.562004 -2.853399 -4.627331
v 1.532560 -2.855442 -4.591285
v 1.489351 -2.851891 -4.574236
v 1.443957 -2.843700 -4.580748
v 1.408533 -2.833065 -4.609080
v 1.392586 -2.822832 -4.651639
v 1.400375 -2.815746 -4.697021
v 1.429815 -2.813705 -4.733066
v 1.473024 -2.817253 -4.750115
v 1.518423 -2.825443 -4.743602
v 1.553843 -2.836082 -4.715270
v 1.569798 -2.846313 -4.672713
v 1.532949 -3.051844 -4.665112
v 1.503371 -3.054811 -4.629243
v 1.460028 -3.052179 -4.612366
v 1.414533 -3.044651 -4.619004
v 1.379080 -3.034248 -4.647380
v 1.363167 -3.023752 -4.689888
v 1.371053 -3.015980 -4.735141
v 1.400635 -3.013012 -4.771009
v 1.443977 -3.015644 -4.787887
v 1.489468 -3.023170 -4.781248
v 1.524926 -3.033575 -4.752872
v 1.540839 -3.044071 -4.710364
v 1.506873 -3.256544 -4.706235
v 1.477182 -3.260365 -4.670535
v 1.433718 -3.258705 -4.653853
v 1.388119 -3.252010 -4.660659
v 1.352607 -3.242073 -4.689127
v 1.336694 -3.231558 -4.731631
v 1.344647 -3.223282 -4.776784
v 1.374333 -3.219463 -4.812483
v 1.417801 -3.221123 -4.829166
v 1.463401 -3.227818 -4.822361
v 1.498912 -3.237753 -4.793892
v 1.514825 -3.248268 -4.751387
v 1.484541 -3.468304 -4.750013
v 1.454771 -3.472902 -4.714473
v 1.411199 -3.472258 -4.698000
v 1.365495 -3.466541 -4.705006
v 1.329912 -3.457285 -4.733615
v 1.313982 -3.446970 -4.776161
v 1.321972 -3.438360 -4.821243
v 1.351738 -3.433762 -4.856783
v 1.395311 -3.434406 -4.873257
v 1.441010 -3.440125 -4.866251
v 1.476593 -3.449379 -4.837641
v 1.492531 -3.459694 -4.795096
v 1.466723 -3.687922 -4.795761
v 1.436898 -3.693226 -4.760368
v 1.393242 -3.693626 -4.744112
v 1.347451 -3.689014 -4.751347
v 1.311797 -3.680626 -4.780136
v 1.295834 -3.670710 -4.822762
v 1.303836 -3.661921 -4.867808
v 1.333660 -3.656616 -4.903203
v 1.377317 -3.656216 -4.919459
v 1.423108 -3.660828 -4.912225
v 1.458762 -3.669216 -4.883435
v 1.474725 -3.679134 -4.840807
v 1.454190 -3.916197 -4.842802
v 1.424329 -3.922138 -4.807540
v 1.380618 -3.923605 -4.791501
v 1.334760 -3.920200 -4.798984
v 1.299051 -3.912842 -4.827985
v 1.283051 -3.903496 -4.870730
v 1.291062 -3.894672 -4.915768
v 1.320919 -3.888729 -4.951031
v 1.364634 -3.887264 -4.967070
v 1.410488 -3.890667 -4.959586
v 1.446201 -3.898029 -4.930586
v 1.462197 -3.907372 -4.887840
v 1.447718 -4.153969 -4.890464
v 1.417843 -4.160486 -4.855317
v 1.374099 -4.163025 -4.839493
v 1.328207 -4.160900 -4.847231
v 1.292466 -4.154682 -4.876460
v 1.276448 -4.146038 -4.919346
v 1.284455 -4.137283 -4.964396
v 1.314329 -4.130764 -4.999545
v 1.358073 -4.128227 -5.015369
v 1.403965 -4.130352 -5.007629
v 1.439703 -4.136570 -4.978401
v 1.455716 -4.145214 -4.935516
vn 0.9021 0.0513 0.4284
vn 0.9042 0.0270 0.4263
vn 0.9935 0.0819 -0.0786
vn 0.9919 0.1024 -0.0752
vn 0.5738 -0.0134 0.8189
vn 0.5743 -0.0350 0.8179
vn 0.0928 -0.0746 0.9929
vn 0.0913 -0.0878 0.9920
vn -0.4145 -0.1161 0.9026
vn -0.4170 -0.1171 0.9013
vn -0.8121 -0.1265 0.5696
vn -0.8143 -0.1151 0.5689
vn -0.9913 -0.1026 0.0820
vn -0.9932 -0.0821 0.0828
vn -0.9022 -0.0509 -0.4284
vn -0.9043 -0.0268 -0.4261
vn -0.5684 0.0145 -0.8226
vn -0.5713 0.0356 -0.8200
vn -0.0812 0.0759 -0.9938
vn -0.0845 0.0884 -0.9925
vn 0.4267 0.1168 -0.8968
vn 0.4242 0.1174 -0.8979
vn 0.8188 0.1264 -0.5599
vn 0.8184 0.1149 -0.5631
vn 0.9062 -0.0087 0.4227
vn 0.9952 0.0521 -0.0826
vn 0.5753 -0.0672 0.8152
vn 0.0906 -0.1078 0.9900
vn -0.4187 -0.1195 0.9002
vn -0.8163 -0.0992 0.5691
vn -0.9950 -0.0523 0.0849
vn -0.9064 0.0087 -0.4223
vn -0.5741 0.0674 -0.8160
vn -0.0875 0.1079 -0.9903
vn 0.4222 0.1195 -0.8986
vn 0.8183 0.0990 -0.5662
vn 0.9067 -0.0245 0.4210
vn 0.9956 0.0403 -0.0846
vn 0.5753 -0.0826 0.8138
vn 0.0899 -0.1187 0.9889
vn -0.4197 -0.1230 0.8993
vn -0.8170 -0.0944 0.5689
vn -0.9955 -0.0404 0.0859
vn -0.9070 0.0244 -0.4204
vn -0.5752 0.0827 -0.8138
vn -0.0890 0.1187 -0.9889
vn 0.4210 0.1230 -0.8987
vn 0.8179 0.0942 -0.5676
vn 0.9068 -0.0278 0.4206
vn 0.9956 0.0398 -0.0850
vn 0.5750 -0.0879 0.8134
vn 0.0893 -0.1244 0.9882
vn -0.4203 -0.1276 0.8983
vn -0.8173 -0.0967 0.5680
vn -0.9955 -0.0398 0.0856
vn -0.9072 0.0277 -0.4199
vn -0.5757 0.0878 -0.8129
vn -0.0899 0.1244 -0.9881
vn 0.4200 0.1277 -0.8985
vn 0.8174 0.0967 -0.5678
vn 0.9065 -0.0215 0.4216
vn 0.9953 0.0482 -0.0841
vn 0.5745 -0.0855 0.8140
vn 0.0886 -0.1266 0.9880
vn -0.4208 -0.1337 0.8973
vn -0.8174 -0.1050 0.5664
vn -0.9953 -0.0483 0.0842
vn -0.9070 0.0214 -0.4206
vn -0.5760 0.0853 -0.8129
vn -0.0907 0.1264 -0.9878
vn 0.4192 0.1337 -0.8980
vn 0.8168 0.1051 -0.5672
vn 0.9058 -0.0062 0.4238
vn 0.9945 0.0654 -0.0821
vn 0.5737 -0.0762 0.8155
vn 0.0878 -0.1257 0.9882
vn -0.4211 -0.1414 0.8959
vn -0.8171 -0.1194 0.5640
vn -0.9945 -0.0654 0.0817
vn -0.9064 0.0060 -0.4224
vn -0.5760 0.0759 -0.8139
vn -0.0914 0.1254 -0.9879
vn 0.4181 0.1415 -0.8973
vn 0.8158 0.1195 -0.5658
vn 0.9039 0.0193 0.4273
vn 0.9926 0.0927 -0.0788
vn 0.5719 -0.0593 0.8181
vn 0.0866 -0.1218 0.9888
vn -0.4213 -0.1517 0.8942
vn -0.8160 -0.1409 0.5606
vn -0.9927 -0.0926 0.0779
vn -0.9047 -0.0196 -0.4256
vn -0.5754 0.0587 -0.8157
vn -0.0921 0.1213 -0.9883
vn 0.4166 0.1516 -0.8964
vn 0.8139 0.1411 -0.5635
vn 0.8997 0.0580 0.4326
vn 0.9883 0.1331 -0.0739
vn 0.5684 -0.0327 0.8221
vn 0.0846 -0.1145 0.9898
vn -0.4210 -0.1655 0.8918
vn -0.8133 -0.1722 0.5558
vn -0.9885 -0.1331 0.0723
vn -0.9008 -0.0586 -0.4302
vn -0.5734 0.0316 -0.8187
vn -0.0925 0.1135 -0.9892
vn 0.4140 0.1651 -0.8952
vn 0.8102 0.1723 -0.5603
vn 0.8904 0.1158 0.4402
vn 0.9789 0.1929 -0.0671
vn 0.5609 0.0075 0.8279
vn 0.0807 -0.1027 0.9914
vn -0.4197 -0.1850 0.8886
vn -0.8069 -0.2179 0.5490
vn -0.9791 -0.1929 0.0645
vn -0.8919 -0.1168 -0.4369
vn -0.5682 -0.0096 -0.8228
vn -0.0925 0.1003 -0.9906
vn 0.4093 0.1836 -0.8937
vn 0.8022 0.2177 -0.5559
vn 0.8691 0.2033 0.4509
vn 0.9575 0.2827 -0.0577
vn 0.5443 0.0688 0.8361
vn 0.0730 -0.0842 0.9938
vn -0.4159 -0.2141 0.8839
vn -0.7919 -0.2866 0.5393
vn -0.9575 -0.2833 0.0534
vn -0.8712 -0.2055 -0.4459
vn -0.5552 -0.0733 -0.8285
vn -0.0908 0.0787 -0.9928
vn 0.4000 0.2102 -0.8921
vn 0.7849 0.2851 -0.5502
vn 0.8167 0.3405 0.4660
vn 0.9048 0.4234 -0.0466
vn 0.5036 0.1639 0.8483
vn 0.0555 -0.0560 0.9969
vn -0.4039 -0.2590 0.8774
vn -0.7540 -0.3923 0.5269
vn -0.9055 -0.4224 0.0395
vn -0.8206 -0.3422 -0.4577
vn -0.5210 -0.1726 -0.8359
vn -0.0833 0.0431 -0.9956
vn 0.3792 0.2488 -0.8912
vn 0.7428 0.3890 -0.5450
vn 0.7815 0.4169 0.4642
vn 0.8680 0.4951 -0.0378
vn 0.4863 0.2274 0.8437
vn 0.0595 -0.0241 0.9979
vn -0.3840 -0.2701 0.8830
vn -0.7231 -0.4431 0.5300
vn -0.8671 -0.4968 0.0358
vn -0.7795 -0.4174 -0.4672
vn -0.4831 -0.2262 -0.8458
vn -0.0563 0.0258 -0.9981
vn 0.3859 0.2705 -0.8820
vn 0.7238 0.4419 -0.5299
vn 0.8403 0.2976 0.4531
vn 0.9311 0.3622 -0.0428
vn 0.5316 0.1559 0.8325
vn 0.0824 -0.0275 0.9962
vn -0.3928 -0.2056 0.8963
vn -0.7665 -0.3302 0.5508
vn -0.9301 -0.3641 0.0483
vn -0.8324 -0.2953 -0.4690
vn -0.5032 -0.1445 -0.8520
vn -0.0406 0.0436 -0.9982
vn 0.4278 0.2176 -0.8773
vn 0.7812 0.3332 -0.5279
vn 0.8935 0.0895 0.4401
vn 0.9888 0.1375 -0.0581
vn 0.5647 0.0179 0.8251
vn 0.0848 -0.0587 0.9947
vn -0.4216 -0.1196 0.8989
vn -0.8168 -0.1478 0.5577
vn -0.9889 -0.1353 0.0616
vn -0.8880 -0.0858 -0.4518
vn -0.5431 -0.0130 -0.8395
vn -0.0527 0.0633 -0.9966
vn 0.4480 0.1227 -0.8856
vn 0.8271 0.1497 -0.5417
vn 0.9003 -0.0613 0.4309
vn 0.9971 -0.0276 -0.0709
vn 0.5663 -0.0791 0.8204
vn 0.0805 -0.0758 0.9939
vn -0.4295 -0.0519 0.9016
vn -0.8253 -0.0135 0.5645
vn -0.9970 0.0287 0.0725
vn -0.8961 0.0629 -0.4394
vn -0.5511 0.0798 -0.8306
vn -0.0585 0.0753 -0.9954
vn 0.4472 0.0509 -0.8930
vn 0.8322 0.0134 -0.5543
vn 0.8910 -0.1596 0.4249
vn 0.9873 -0.1378 -0.0796
vn 0.5585 -0.1392 0.8177
vn 0.0762 -0.0815 0.9938
vn -0.4282 -0.0017 0.9037
vn -0.8184 0.0790 0.5692
vn -0.9872 0.1383 0.0798
vn -0.8879 0.1601 -0.4313
vn -0.5483 0.1384 -0.8248
vn -0.0619 0.0796 -0.9949
vn 0.4394 -0.0002 -0.8983
vn 0.8225 -0.0796 -0.5632
vn 0.8798 -0.2194 0.4217
vn 0.9744 -0.2081 -0.0849
vn 0.5508 -0.1723 0.8167
vn 0.0739 -0.0791 0.9941
vn -0.4238 0.0357 0.9050
vn -0.8081 0.1410 0.5719
vn -0.9744 0.2084 0.0839
vn -0.8775 0.2194 -0.4265
vn -0.5440 0.1712 -0.8214
vn -0.0651 0.0772 -0.9949
vn 0.4303 -0.0372 -0.9019
vn 0.8102 -0.1415 -0.5688
vn 0.8719 -0.2509 0.4204
vn 0.9644 -0.2494 -0.0878
vn 0.5464 -0.1853 0.8168
vn 0.0740 -0.0700 0.9948
vn -0.4188 0.0643 0.9058
vn -0.7993 0.1814 0.5730
vn -0.9645 0.2496 0.0858
vn -0.8702 0.2507 -0.4242
vn -0.5421 0.1844 -0.8198
vn -0.0692 0.0688 -0.9952
vn 0.4217 -0.0651 -0.9044
vn 0.7997 -0.1815 -0.5723
vn 0.8694 -0.2595 0.4204
vn 0.9593 -0.2680 -0.0891
vn 0.5464 -0.1814 0.8177
vn 0.0764 -0.0545 0.9956
vn -0.4143 0.0871 0.9060
vn -0.7936 0.2052 0.5728
vn -0.9595 0.2682 0.0860
vn -0.8680 0.2592 -0.4235
vn -0.5442 0.1808 -0.8193
vn -0.0750 0.0542 -0.9957
vn 0.4140 -0.0870 -0.9061
vn 0.7925 -0.2048 -0.5745
vn 0.8729 -0.2467 0.4209
vn 0.9597 -0.2661 -0.0898
vn 0.5511 -0.1609 0.8188
vn 0.0810 -0.0317 0.9962
vn -0.4108 0.1059 0.9056
vn -0.7917 0.2149 0.5718
vn -0.9601 0.2662 0.0853
vn -0.8717 0.2463 -0.4236
vn -0.5508 0.1607 -0.8190
vn -0.0830 0.0322 -0.9960
vn 0.4072 -0.1049 -0.9073
vn 0.7890 -0.2141 -0.5759
vn 0.8825 -0.2098 0.4209
vn 0.9660 -0.2422 -0.0909
vn 0.5607 -0.1207 0.8192
vn 0.0875 0.0010 0.9962
vn -0.4086 0.1222 0.9045
vn -0.7940 0.2103 0.5703
vn -0.9666 0.2420 0.0845
vn -0.8816 0.2093 -0.4231
vn -0.5624 0.1209 -0.8180
vn -0.0934 0.0004 -0.9956
vn 0.4011 -0.1204 -0.9081
vn 0.7892 -0.2093 -0.5774
vn 0.8974 -0.1417 0.4179
vn 0.9771 -0.1905 -0.0945
vn 0.5739 -0.0543 0.8172
vn 0.0951 0.0478 0.9943
vn -0.4082 0.1366 0.9026
vn -0.8003 0.1884 0.5692
vn -0.9781 0.1896 0.0854
vn -0.8966 0.1407 -0.4200
vn -0.5781 0.0547 -0.8141
vn -0.1063 -0.0459 -0.9933
vn 0.3952 -0.1346 -0.9087
vn 0.7924 -0.1878 -0.5804
vn 0.9131 -0.0278 0.4069
vn 0.9894 -0.0993 -0.1061
vn 0.5862 0.0514 0.8085
vn 0.1001 0.1163 0.9882
vn -0.4104 0.1494 0.8996
vn -0.8085 0.1425 0.5710
vn -0.9909 0.0979 0.0926
vn -0.9122 0.0276 -0.4089
vn -0.5940 -0.0499 -0.8029
vn -0.1191 -0.1144 -0.9863
vn 0.3891 -0.1488 -0.9091
vn 0.7959 -0.1435 -0.5882
vn 0.9175 0.0804 0.3896
vn 0.9931 -0.0134 -0.1166
vn 0.5931 0.1525 0.7906
vn 0.1081 0.1831 0.9771
vn -0.4050 0.1644 0.8994
vn -0.8079 0.1017 0.5805
vn -0.9941 0.0123 0.1078
vn -0.9163 -0.0801 -0.3925
vn -0.5960 -0.1514 -0.7886
vn -0.1175 -0.1827 -0.9761
vn 0.3934 -0.1653 -0.9044
vn 0.8005 -0.1035 -0.5903
vn 0.9171 0.0991 0.3860
vn 0.9935 -0.0056 -0.1133
vn 0.5964 0.1774 0.7828
vn 0.1159 0.2085 0.9711
vn -0.3966 0.1837 0.8995
vn -0.8031 0.1095 0.5857
vn -0.9935 0.0057 0.1137
vn -0.9159 -0.0995 -0.3889
vn -0.5917 -0.1779 -0.7863
vn -0.1089 -0.2084 -0.9720
vn 0.4023 -0.1830 -0.8970
vn 0.8054 -0.1088 -0.5827
vn 0.9169 0.0636 0.3940
vn 0.9935 -0.0441 -0.1050
vn 0.5959 0.1544 0.7881
vn 0.1153 0.2040 0.9722
vn -0.3968 0.1991 0.8960
vn -0.8030 0.1407 0.5791
vn -0.9934 0.0443 0.1060
vn -0.9161 -0.0640 -0.3958
vn -0.5921 -0.1550 -0.7908
vn -0.1094 -0.2043 -0.9728
vn 0.4020 -0.1987 -0.8938
vn 0.8053 -0.1400 -0.5761
vn 0.9155 0.0319 0.4011
vn 0.9923 -0.0762 -0.0980
vn 0.5945 0.1316 0.7933
vn 0.1145 0.1961 0.9739
vn -0.3968 0.2083 0.8940
vn -0.8021 0.1645 0.5741
vn -0.9921 0.0765 0.0995
vn -0.9151 -0.0321 -0.4020
vn -0.5917 -0.1321 -0.7952
vn -0.1096 -0.1965 -0.9744
vn 0.4014 -0.2081 -0.8920
vn 0.8044 -0.1640 -0.5711
vn 0.9133 0.0042 0.4072
vn 0.9905 -0.1019 -0.0925
vn 0.5924 0.1091 0.7982
vn 0.1131 0.1850 0.9762
vn -0.3968 0.2115 0.8932
vn -0.8009 0.1813 0.5706
vn -0.9902 0.1024 0.0945
vn -0.9133 -0.0042 -0.4073
vn -0.5906 -0.1095 -0.7995
vn -0.1094 -0.1854 -0.9766
vn 0.4008 -0.2115 -0.8914
vn 0.8031 -0.1809 -0.5677
vn 0.9109 -0.0198 0.4123
vn 0.9886 -0.1216 -0.0884
vn 0.5899 0.0873 0.8027
vn 0.1113 0.1711 0.9790
vn -0.3974 0.2092 0.8935
vn -0.8000 0.1913 0.5687
vn -0.9883 0.1221 0.0910
vn -0.9112 0.0200 -0.4115
vn -0.5890 -0.0875 -0.8034
vn -0.1085 -0.1714 -0.9792
vn 0.4007 -0.2092 -0.8920
vn 0.8022 -0.1909 -0.5657
vn 0.9084 -0.0400 0.4162
vn 0.9871 -0.1355 -0.0857
vn 0.5871 0.0661 0.8068
vn 0.1090 0.1545 0.9820
vn -0.3985 0.2017 0.8947
vn -0.7996 0.1949 0.5680
vn -0.9867 0.1359 0.0887
vn -0.9090 0.0404 -0.4148
vn -0.5870 -0.0661 -0.8069
vn -0.1071 -0.1548 -0.9821
vn 0.4013 -0.2018 -0.8934
vn 0.8017 -0.1947 -0.5651
vn 0.9061 -0.0567 0.4193
vn 0.9860 -0.1439 -0.0842
vn 0.5841 0.0456 0.8104
vn 0.1061 0.1357 0.9850
vn -0.4003 0.1896 0.8966
vn -0.8000 0.1928 0.5683
vn -0.9857 0.1443 0.0875
vn -0.9070 0.0571 -0.4171
vn -0.5847 -0.0455 -0.8100
vn -0.1052 -0.1359 -0.9851
vn 0.4026 -0.1897 -0.8955
vn 0.8019 -0.1926 -0.5655
vn 0.9041 -0.0700 0.4214
vn 0.9856 -0.1473 -0.0836
vn 0.5810 0.0260 0.8135
vn 0.1029 0.1150 0.9880
vn -0.4028 0.1733 0.8987
vn -0.8010 0.1853 0.5692
vn -0.9852 0.1477 0.0871
vn -0.9054 0.0705 -0.4187
vn -0.5824 -0.0257 -0.8125
vn -0.1027 -0.1150 -0.9880
vn 0.4045 -0.1734 -0.8979
vn 0.8029 -0.1852 -0.5666
vn 0.9026 -0.0801 0.4229
vn 0.9857 -0.1462 -0.0836
vn 0.5781 0.0073 0.8159
vn 0.0994 0.0927 0.9907
vn -0.4058 0.1533 0.9010
vn -0.8028 0.1731 0.5706
vn -0.9853 0.1465 0.0874
vn -0.9041 0.0807 -0.4197
vn -0.5801 -0.0068 -0.8145
vn -0.1000 -0.0926 -0.9907
vn 0.4071 -0.1535 -0.9004
vn 0.8045 -0.1731 -0.5681
vn 0.9015 -0.0874 0.4238
vn 0.9865 -0.1409 -0.0840
vn 0.5754 -0.0105 0.8178
vn 0.0959 0.0691 0.9930
vn -0.4092 0.1302 0.9031
vn -0.8051 0.1566 0.5721
vn -0.9861 0.1412 0.0880
vn -0.9032 0.0879 -0.4202
vn -0.5779 0.0110 -0.8160
vn -0.0971 -0.0689 -0.9929
vn 0.4100 -0.1303 -0.9027
vn 0.8068 -0.1566 -0.5697
vn 0.9008 -0.0919 0.4243
vn 0.9876 -0.1319 -0.0846
vn 0.5730 -0.0274 0.8191
vn 0.0923 0.0444 0.9947
vn -0.4128 0.1044 0.9048
vn -0.8078 0.1364 0.5735
vn -0.9873 0.1321 0.0887
vn -0.9027 0.0924 -0.4203
vn -0.5759 0.0279 -0.8170
vn -0.0941 -0.0442 -0.9946
vn 0.4133 -0.1044 -0.9046
vn 0.8094 -0.1365 -0.5712
vn 0.9006 -0.0935 0.4245
vn 0.9883 -0.1266 -0.0849
vn 0.5718 -0.0355 0.8196
vn 0.0905 0.0319 0.9954
vn -0.4146 0.0908 0.9054
vn -0.8092 0.1255 0.5740
vn -0.9879 0.1267 0.0890
vn -0.9025 0.0940 -0.4203
vn -0.5750 0.0360 -0.8174
vn -0.0926 -0.0317 -0.9952
vn 0.4148 -0.0908 -0.9053
vn 0.8107 -0.1256 -0.5719
vn 0.9001 0.1222 0.4181
vn 0.9013 0.1082 0.4196
vn 0.9927 0.0844 -0.0865
vn 0.9868 0.1345 -0.0901
vn 0.5707 0.0770 0.8175
vn 0.5682 0.1034 0.8164
vn 0.0848 0.0107 0.9963
vn 0.0793 0.0706 0.9943
vn -0.4250 -0.0586 0.9033
vn -0.4333 0.0184 0.9011
vn -0.8186 -0.1119 0.5633
vn -0.8274 -0.0390 0.5602
vn -0.9885 -0.1346 0.0695
vn -0.9941 -0.0856 0.0667
vn -0.8888 -0.1206 -0.4421
vn -0.8902 -0.1086 -0.4425
vn -0.5501 -0.0742 -0.8318
vn -0.5483 -0.1023 -0.8300
vn -0.0679 -0.0083 -0.9977
vn -0.0630 -0.0689 -0.9956
vn 0.4290 0.0593 -0.9014
vn 0.4371 -0.0175 -0.8992
vn 0.8134 0.1113 -0.5710
vn 0.8224 0.0384 -0.5677
vn 0.9017 0.0827 0.4243
vn 0.9972 -0.0082 -0.0738
vn 0.5644 0.1522 0.8113
vn 0.0728 0.1810 0.9808
vn -0.4404 0.1605 0.8833
vn -0.8335 0.0961 0.5441
vn -0.9984 0.0055 0.0570
vn -0.8921 -0.0862 -0.4436
vn -0.5472 -0.1541 -0.8227
vn -0.0587 -0.1806 -0.9818
vn 0.4437 -0.1596 -0.8819
vn 0.8292 -0.0967 -0.5505
vn 0.9000 0.0630 0.4313
vn 0.9951 -0.0820 -0.0545
vn 0.5636 0.1918 0.8035
vn 0.0738 0.2695 0.9602
vn -0.4373 0.2742 0.8565
vn -0.8297 0.2042 0.5196
vn -0.9960 0.0788 0.0419
vn -0.8927 -0.0675 -0.4456
vn -0.5504 -0.1949 -0.8118
vn -0.0630 -0.2700 -0.9608
vn 0.4399 -0.2734 -0.8554
vn 0.8264 -0.2048 -0.5245
vn 0.8975 0.0497 0.4382
vn 0.9904 -0.1336 -0.0356
vn 0.5640 0.2203 0.7958
vn 0.0778 0.3321 0.9400
vn -0.4302 0.3543 0.8303
vn -0.8219 0.2805 0.4957
vn -0.9910 0.1309 0.0274
vn -0.8927 -0.0536 -0.4475
vn -0.5553 -0.2232 -0.8011
vn -0.0706 -0.3327 -0.9404
vn 0.4319 -0.3537 -0.8296
vn 0.8198 -0.2810 -0.4990
vn 0.8952 0.0427 0.4436
vn 0.9863 -0.1632 -0.0218
vn 0.5641 0.2375 0.7908
vn 0.0811 0.3688 0.9260
vn -0.4241 0.4009 0.8120
vn -0.8152 0.3251 0.4793
vn -0.9867 0.1617 0.0178
vn -0.8928 -0.0449 -0.4481
vn -0.5598 -0.2392 -0.7934
vn -0.0775 -0.3692 -0.9261
vn 0.4250 -0.4007 -0.8117
vn 0.8141 -0.3253 -0.4810
vn 0.8936 0.0412 0.4470
vn 0.9849 -0.1724 -0.0157
vn 0.5628 0.2437 0.7898
vn 0.0812 0.3810 0.9210
vn -0.4221 0.4161 0.8054
vn -0.8123 0.3397 0.4741
vn -0.9849 0.1724 0.0157
vn -0.8936 -0.0412 -0.4470
vn -0.5628 -0.2437 -0.7898
vn -0.0812 -0.3810 -0.9210
vn 0.4221 -0.4161 -0.8054
vn 0.8123 -0.3397 -0.4740
vn 0.8928 0.0449 0.4481
vn 0.9867 -0.1617 -0.0178
vn 0.5598 0.2392 0.7934
vn 0.0775 0.3692 0.9261
vn -0.4250 0.4007 0.8117
vn -0.8141 0.3253 0.4810
vn -0.9863 0.1632 0.0218
vn -0.8952 -0.0427 -0.4436
vn -0.5641 -0.2375 -0.7908
vn -0.0811 -0.3688 -0.9260
vn 0.4241 -0.4009 -0.8120
vn 0.8152 -0.3251 -0.4793
vn 0.8927 0.0536 0.4475
vn 0.9910 -0.1309 -0.0273
vn 0.5553 0.2232 0.8011
vn 0.0706 0.3327 0.9404
vn -0.4319 0.3537 0.8296
vn -0.8198 0.2810 0.4990
vn -0.9904 0.1336 0.0356
vn -0.8975 -0.0497 -0.4382
vn -0.5640 -0.2203 -0.7958
vn -0.0778 -0.3321 -0.9400
vn 0.4302 -0.3543 -0.8303
vn 0.8219 -0.2805 -0.4957
vn 0.8927 0.0675 0.4456
vn 0.9960 -0.0788 -0.0419
vn 0.5504 0.1949 0.8118
vn 0.0630 0.2700 0.9608
vn -0.4399 0.2734 0.8554
vn -0.8264 0.2048 0.5245
vn -0.9951 0.0820 0.0545
vn -0.9000 -0.0630 -0.4313
vn -0.5636 -0.1918 -0.8035
vn -0.0738 -0.2695 -0.9602
vn 0.4373 -0.2742 -0.8565
vn 0.8297 -0.2042 -0.5196
vn 0.8921 0.0862 0.4436
vn 0.9984 -0.0055 -0.0570
vn 0.5472 0.1541 0.8227
vn 0.0587 0.1806 0.9818
vn -0.4437 0.1595 0.8819
vn -0.8292 0.0967 0.5505
vn -0.9972 0.0082 0.0738
vn -0.9017 -0.0827 -0.4244
vn -0.5644 -0.1522 -0.8114
vn -0.0728 -0.1810 -0.9808
vn 0.4404 -0.1605 -0.8833
vn 0.8335 -0.0961 -0.5441
vn 0.8900 0.1087 0.4428
vn 0.9941 0.0858 -0.0662
vn 0.5483 0.1024 0.8300
vn 0.0632 0.0692 0.9956
vn -0.4371 0.0180 0.8992
vn -0.8226 -0.0380 0.5674
vn -0.9927 -0.0841 0.0860
vn -0.9011 -0.1082 -0.4199
vn -0.5683 -0.1033 -0.8163
vn -0.0796 -0.0703 -0.9943
vn 0.4332 -0.0178 -0.9011
vn 0.8276 0.0395 -0.5600
vn 0.8933 0.1100 0.4358
vn 0.9872 0.1421 -0.0722
vn 0.5611 0.0488 0.8263
vn 0.0804 -0.0251 0.9964
vn -0.4211 -0.0922 0.9023
vn -0.8112 -0.1350 0.5690
vn -0.9863 -0.1420 0.0837
vn -0.8981 -0.1110 -0.4256
vn -0.5677 -0.0497 -0.8218
vn -0.0830 0.0254 -0.9962
vn 0.4242 0.0937 -0.9007
vn 0.8160 0.1363 -0.5618
vn 0.9010 0.0733 0.4275
vn 0.9894 0.1223 -0.0780
vn 0.5729 0.0049 0.8196
vn 0.0917 -0.0649 0.9937
vn -0.4150 -0.1175 0.9022
vn -0.8113 -0.1387 0.5679
vn -0.9893 -0.1224 0.0798
vn -0.8998 -0.0730 -0.4302
vn -0.5673 -0.0039 -0.8235
vn -0.0828 0.0662 -0.9944
vn 0.4229 0.1184 -0.8984
vn 0.8148 0.1388 -0.5629
vn 0.9050 0.0291 0.4245
vn 0.9937 0.0766 -0.0817
vn 0.5750 -0.0263 0.8177
vn 0.0911 -0.0747 0.9930
vn -0.4179 -0.1031 0.9026
vn -0.8153 -0.1038 0.5696
vn -0.9936 -0.0766 0.0829
vn -0.9042 -0.0288 -0.4262
vn -0.5712 0.0268 -0.8204
vn -0.0850 0.0751 -0.9935
vn 0.4232 0.1033 -0.9001
vn 0.8177 0.1038 -0.5662
vn 0.9065 -0.0006 0.4223
vn 0.9954 0.0460 -0.0845
vn 0.5755 -0.0471 0.8165
vn 0.0904 -0.0811 0.9926
vn -0.4193 -0.0933 0.9030
vn -0.8170 -0.0805 0.5710
vn -0.9953 -0.0461 0.0853
vn -0.9059 0.0008 -0.4235
vn -0.5730 0.0474 -0.8182
vn -0.0864 0.0812 -0.9929
vn 0.4229 0.0933 -0.9014
vn 0.8186 0.0804 -0.5688
vn 0.9069 -0.0196 0.4209
vn 0.9959 0.0264 -0.0863
vn 0.5754 -0.0604 0.8157
vn 0.0897 -0.0851 0.9923
vn -0.4202 -0.0870 0.9032
vn -0.8177 -0.0655 0.5719
vn -0.9959 -0.0265 0.0868
vn -0.9066 0.0197 -0.4216
vn -0.5738 0.0606 -0.8167
vn -0.0873 0.0852 -0.9925
vn 0.4224 0.0870 -0.9022
vn 0.8187 0.0654 -0.5705
vn 0.9070 -0.0302 0.4201
vn 0.9961 0.0155 -0.0874
vn 0.5751 -0.0679 0.8153
vn 0.0891 -0.0874 0.9922
vn -0.4208 -0.0834 0.9033
vn -0.8181 -0.0571 0.5722
vn -0.9960 -0.0155 0.0877
vn -0.9068 0.0303 -0.4205
vn -0.5744 0.0680 -0.8158
vn -0.0880 0.0874 -0.9923
vn 0.4218 0.0834 -0.9028
vn 0.8186 0.0571 -0.5716
vn 0.9069 -0.0337 0.4200
vn 0.9961 0.0120 -0.0878
vn 0.5747 -0.0703 0.8153
vn 0.0886 -0.0881 0.9922
vn -0.4213 -0.0823 0.9032
vn -0.8183 -0.0544 0.5722
vn -0.9961 -0.0120 0.0878
vn -0.9069 0.0337 -0.4200
vn -0.5747 0.0703 -0.8153
vn -0.0886 0.0881 -0.9922
vn 0.4213 0.0823 -0.9032
vn 0.8183 0.0544 -0.5721
vn 0.9068 -0.0303 0.4205
vn 0.9960 0.0155 -0.0877
vn 0.5743 -0.0680 0.8158
vn 0.0880 -0.0874 0.9923
vn -0.4218 -0.0834 0.9028
vn -0.8185 -0.0571 0.5716
vn -0.9961 -0.0155 0.0874
vn -0.9069 0.0302 -0.4202
vn -0.5751 0.0679 -0.8153
vn -0.0892 0.0874 -0.9922
vn 0.4208 0.0834 -0.9033
vn 0.8181 0.0571 -0.5722
vn 0.9066 -0.0197 0.4216
vn 0.9959 0.0265 -0.0868
vn 0.5738 -0.0606 0.8167
vn 0.0873 -0.0852 0.9925
vn -0.4224 -0.0870 0.9022
vn -0.8187 -0.0654 0.5705
vn -0.9959 -0.0264 0.0863
vn -0.9069 0.0196 -0.4209
vn -0.5754 0.0604 -0.8156
vn -0.0898 0.0851 -0.9923
vn 0.4202 0.0870 -0.9032
vn 0.8177 0.0655 -0.5719
vn 0.9059 -0.0008 0.4235
vn 0.9953 0.0461 -0.0853
vn 0.5730 -0.0474 0.8182
vn 0.0864 -0.0812 0.9929
vn -0.4229 -0.0933 0.9014
vn -0.8186 -0.0804 0.5688
vn -0.9954 -0.0460 0.0844
vn -0.9065 0.0006 -0.4223
vn -0.5755 0.0471 -0.8164
vn -0.0904 0.0811 -0.9926
vn 0.4193 0.0933 -0.9030
vn 0.8170 0.0805 -0.5710
vn 0.9042 0.0288 0.4262
vn 0.9936 0.0766 -0.0829
vn 0.5712 -0.0268 0.8204
vn 0.0850 -0.0751 0.9935
vn -0.4232 -0.1033 0.9001
vn -0.8177 -0.1038 0.5662
vn -0.9937 -0.0766 0.0817
vn -0.9050 -0.0291 -0.4245
vn -0.5750 0.0263 -0.8177
vn -0.0911 0.0747 -0.9930
vn 0.4179 0.1031 -0.9026
vn 0.8153 0.1038 -0.5696
vn 0.8998 0.0730 0.4302
vn 0.9893 0.1224 -0.0797
vn 0.5673 0.0039 0.8235
vn 0.0827 -0.0661 0.9944
vn -0.4230 -0.1183 0.8984
vn -0.8149 -0.1387 0.5627
vn -0.9894 -0.1223 0.0778
vn -0.9010 -0.0734 -0.4276
vn -0.5730 -0.0049 -0.8196
vn -0.0917 0.0650 -0.9937
vn 0.4151 0.1176 -0.9021
vn 0.8114 0.1387 -0.5678
vn 0.8939 0.1210 0.4316
vn 0.9829 0.1666 -0.0780
vn 0.5637 0.0426 0.8249
vn 0.0817 -0.0472 0.9955
vn -0.4215 -0.1241 0.8983
vn -0.8110 -0.1676 0.5605
vn -0.9833 -0.1663 0.0736
vn -0.8935 -0.1207 -0.4325
vn -0.5658 -0.0431 -0.8234
vn -0.0872 0.0461 -0.9951
vn 0.4152 0.1231 -0.9014
vn 0.8072 0.1673 -0.5660
vn 0.8904 0.1502 0.4297
vn 0.9809 0.1777 -0.0794
vn 0.5604 0.0822 0.8241
vn 0.0788 -0.0081 0.9969
vn -0.4243 -0.0962 0.9004
vn -0.8126 -0.1583 0.5609
vn -0.9815 -0.1776 0.0710
vn -0.8870 -0.1494 -0.4370
vn -0.5557 -0.0814 -0.8274
vn -0.0769 0.0082 -0.9970
vn 0.4221 0.0955 -0.9015
vn 0.8091 0.1576 -0.5662
vn 0.8889 0.1640 0.4277
vn 0.9840 0.1588 -0.0809
vn 0.5546 0.1249 0.8227
vn 0.0697 0.0518 0.9962
vn -0.4345 -0.0354 0.9000
vn -0.8208 -0.1128 0.5600
vn -0.9847 -0.1596 0.0693
vn -0.8837 -0.1636 -0.4386
vn -0.5469 -0.1239 -0.8280
vn -0.0654 -0.0516 -0.9965
vn 0.4328 0.0344 -0.9008
vn 0.8166 0.1113 -0.5664
vn 0.8891 0.1703 0.4249
vn 0.9896 0.1202 -0.0793
vn 0.5495 0.1746 0.8171
vn 0.0600 0.1314 0.9895
vn -0.4468 0.0522 0.8931
vn -0.8318 -0.0411 0.5536
vn -0.9903 -0.1228 0.0646
vn -0.8814 -0.1713 -0.4401
vn -0.5373 -0.1741 -0.8252
vn -0.0517 -0.1309 -0.9901
vn 0.4466 -0.0533 -0.8931
vn 0.8271 0.0384 -0.5607
vn 0.8909 0.1596 0.4252
vn 0.9962 0.0548 -0.0682
vn 0.5469 0.2221 0.8072
vn 0.0533 0.2248 0.9730
vn -0.4566 0.1658 0.8741
vn -0.8419 0.0613 0.5361
vn -0.9968 -0.0594 0.0525
vn -0.8814 -0.1634 -0.4433
vn -0.5303 -0.2231 -0.8179
vn -0.0399 -0.2237 -0.9738
vn 0.4596 -0.1655 -0.8726
vn 0.8380 -0.0639 -0.5420
vn 0.8913 0.1238 0.4361
vn 0.9986 -0.0333 -0.0418
vn 0.5464 0.2489 0.7997
vn 0.0529 0.3081 0.9499
vn -0.4571 0.2837 0.8429
vn -0.8435 0.1813 0.5055
vn -0.9991 0.0294 0.0302
vn -0.8826 -0.1297 -0.4519
vn -0.5290 -0.2525 -0.8102
vn -0.0361 -0.3073 -0.9509
vn 0.4647 -0.2809 -0.8397
vn 0.8424 -0.1809 -0.5076
vn 0.8851 0.0662 0.4607
vn 0.9924 -0.1231 -0.0053
vn 0.5427 0.2387 0.8053
vn 0.0546 0.3485 0.9357
vn -0.4498 0.3654 0.8150
vn -0.8341 0.2831 0.4735
vn -0.9924 0.1233 0.0028
vn -0.8807 -0.0699 -0.4685
vn -0.5308 -0.2432 -0.8119
vn -0.0394 -0.3499 -0.9360
vn 0.4606 -0.3627 -0.8101
vn 0.8374 -0.2797 -0.4697
vn 0.8716 0.0015 0.4902
vn 0.9815 -0.1898 0.0247
vn 0.5307 0.1923 0.8255
vn 0.0487 0.3325 0.9419
vn -0.4470 0.3847 0.8076
vn -0.8244 0.3342 0.4568
vn -0.9810 0.1934 -0.0177
vn -0.8726 -0.0003 -0.4884
vn -0.5275 -0.1942 -0.8270
vn -0.0399 -0.3349 -0.9414
vn 0.4573 -0.3847 -0.8018
vn 0.8305 -0.3312 -0.4478
vn 0.8570 -0.0551 0.5124
vn 0.9742 -0.2222 0.0384
vn 0.5124 0.1261 0.8494
vn 0.0325 0.2737 0.9613
vn -0.4563 0.3491 0.8185
vn -0.8247 0.3320 0.4580
vn -0.9737 0.2262 -0.0259
vn -0.8615 0.0591 -0.5042
vn -0.5161 -0.1246 -0.8474
vn -0.0302 -0.2748 -0.9610
vn 0.4636 -0.3502 -0.8139
vn 0.8311 -0.3306 -0.4472
vn 0.8465 -0.0955 0.5237
vn 0.9736 -0.2250 0.0395
vn 0.4946 0.0590 0.8671
vn 0.0121 0.1975 0.9802
vn -0.4733 0.2837 0.8340
vn -0.8340 0.2948 0.4665
vn -0.9734 0.2277 -0.0261
vn -0.8525 0.0993 -0.5132
vn -0.5015 -0.0562 -0.8633
vn -0.0138 -0.1970 -0.9803
vn 0.4778 -0.2843 -0.8312
vn 0.8393 -0.2944 -0.4570
vn 0.8413 -0.1194 0.5273
vn 0.9771 -0.2098 0.0360
vn 0.4813 0.0026 0.8765
vn -0.0058 0.1237 0.9923
vn -0.4909 0.2119 0.8451
vn -0.8462 0.2440 0.4737
vn -0.9771 0.2113 -0.0244
vn -0.8471 0.1220 -0.5172
vn -0.4889 -0.0002 -0.8724
vn 0.0023 -0.1227 -0.9924
vn 0.4932 -0.2121 -0.8437
vn 0.8503 -0.2440 -0.4664
vn 0.8394 -0.1311 0.5275
vn 0.9817 -0.1875 0.0326
vn 0.4729 -0.0399 0.8802
vn -0.0188 0.0618 0.9979
vn -0.5050 0.1470 0.8505
vn -0.8572 0.1932 0.4773
vn -0.9819 0.1880 -0.0235
vn -0.8444 0.1326 -0.5190
vn -0.4798 0.0415 -0.8764
vn 0.0148 -0.0609 -0.9980
vn 0.5059 -0.1471 -0.8500
vn 0.8601 -0.1934 -0.4721
vn 0.8383 -0.1368 0.5278
vn 0.9863 -0.1619 0.0319
vn 0.4664 -0.0751 0.8814
vn -0.0289 0.0064 0.9996
vn -0.5160 0.0862 0.8523
vn -0.8662 0.1430 0.4787
vn -0.9865 0.1620 -0.0226
vn -0.8436 0.1377 -0.5190
vn -0.4739 0.0764 -0.8773
vn 0.0244 -0.0057 -0.9997
vn 0.5166 -0.0863 -0.8519
vn 0.8690 -0.1435 -0.4736
vn 0.8378 -0.1401 0.5277
vn 0.9905 -0.1340 0.0325
vn 0.4614 -0.1087 0.8805
vn -0.0372 -0.0484 0.9981
vn -0.5253 0.0246 0.8505
vn -0.8741 0.0912 0.4772
vn -0.9908 0.1335 -0.0236
vn -0.8432 0.1404 -0.5190
vn -0.4690 0.1096 -0.8764
vn 0.0324 0.0492 -0.9983
vn 0.5256 -0.0246 -0.8504
vn 0.8766 -0.0917 -0.4725
vn 0.8388 -0.1389 0.5264
vn 0.9937 -0.1071 0.0328
vn 0.4594 -0.1334 0.8781
vn -0.0421 -0.0923 0.9948
vn -0.5319 -0.0266 0.8464
vn -0.8800 0.0461 0.4727
vn -0.9939 0.1066 -0.0272
vn -0.8425 0.1388 -0.5205
vn -0.4650 0.1338 -0.8751
vn 0.0380 0.0929 -0.9950
vn 0.5313 0.0269 -0.8468
vn 0.8813 -0.0464 -0.4702
vn 0.8403 -0.1314 0.5259
vn 0.9959 -0.0844 0.0337
vn 0.4595 -0.1431 0.8766
vn -0.0439 -0.1164 0.9922
vn -0.5353 -0.0587 0.8426
vn -0.8835 0.0147 0.4682
vn -0.9960 0.0842 -0.0313
vn -0.8424 0.1312 -0.5227
vn -0.4632 0.1432 -0.8746
vn 0.0406 0.1168 -0.9923
vn 0.5338 0.0590 -0.8435
vn 0.8837 -0.0147 -0.4679
vn 0.8421 -0.1180 0.5263
vn 0.9972 -0.0659 0.0344
vn 0.4608 -0.1384 0.8766
vn -0.0440 -0.1217 0.9916
vn -0.5366 -0.0723 0.8407
vn -0.8854 -0.0036 0.4649
vn -0.9972 0.0660 -0.0351
vn -0.8425 0.1180 -0.5256
vn -0.4626 0.1384 -0.8757
vn 0.0413 0.1218 -0.9917
vn 0.5344 0.0726 -0.8421
vn 0.8845 0.0039 -0.4666
vn 0.8439 -0.0992 0.5273
vn 0.9981 -0.0514 0.0347
vn 0.4627 -0.1203 0.8783
vn -0.0430 -0.1091 0.9931
vn -0.5368 -0.0686 0.8409
vn -0.8862 -0.0096 0.4632
vn -0.9979 0.0518 -0.0382
vn -0.8428 0.0993 -0.5290
vn -0.4627 0.1203 -0.8783
vn 0.0409 0.1092 -0.9932
vn 0.5338 0.0689 -0.8428
vn 0.8843 0.0101 -0.4668
vn 0.8456 -0.0753 0.5285
vn 0.9986 -0.0408 0.0344
vn 0.4648 -0.0896 0.8809
vn -0.0414 -0.0797 0.9960
vn -0.5363 -0.0484 0.8427
vn -0.8864 -0.0041 0.4629
vn -0.9983 0.0413 -0.0406
vn -0.8431 0.0755 -0.5324
vn -0.4632 0.0895 -0.8817
vn 0.0399 0.0797 -0.9960
vn 0.5326 0.0487 -0.8450
vn 0.8836 0.0046 -0.4682
vn 0.8472 -0.0468 0.5291
vn 0.9989 -0.0339 0.0336
vn 0.4671 -0.0471 0.8829
vn -0.0395 -0.0347 0.9986
vn -0.5353 -0.0129 0.8446
vn -0.8863 0.0124 0.4630
vn -0.9985 0.0342 -0.0422
vn -0.8435 0.0468 -0.5351
vn -0.4639 0.0469 -0.8846
vn 0.0386 0.0346 -0.9987
vn 0.5310 0.0130 -0.8473
vn 0.8826 -0.0120 -0.4700
vn 0.8489 -0.0143 0.5284
vn 0.9990 -0.0307 0.0325
vn 0.4695 0.0060 0.8829
vn -0.0373 0.0247 0.9990
vn -0.5340 0.0367 0.8447
vn -0.8858 0.0388 0.4624
vn -0.9986 0.0304 -0.0433
vn -0.8440 0.0139 -0.5362
vn -0.4650 -0.0063 -0.8853
vn 0.0370 -0.0248 -0.9990
vn 0.5292 -0.0367 -0.8477
vn 0.8813 -0.0389 -0.4709
vn 0.8505 0.0213 0.5255
vn 0.9990 -0.0309 0.0316
vn 0.4722 0.0679 0.8789
vn -0.0347 0.0961 0.9948
vn -0.5322 0.0983 0.8409
vn -0.8850 0.0739 0.4597
vn -0.9986 0.0296 -0.0442
vn -0.8447 -0.0224 -0.5348
vn -0.4664 -0.0684 -0.8819
vn 0.0349 -0.0962 -0.9947
vn 0.5270 -0.0985 -0.8442
vn 0.8799 -0.0747 -0.4693
vn 0.8523 0.0588 0.5198
vn 0.9989 -0.0341 0.0313
vn 0.4751 0.1361 0.8693
vn -0.0315 0.1766 0.9838
vn -0.5297 0.1691 0.8311
vn -0.8837 0.1159 0.4535
vn -0.9985 0.0316 -0.0452
vn -0.8457 -0.0609 -0.5302
vn -0.4685 -0.1370 -0.8728
vn 0.0322 -0.1767 -0.9837
vn 0.5242 -0.1696 -0.8345
vn 0.8781 -0.1176 -0.4639
vn 0.8542 0.0967 0.5109
vn 0.9987 -0.0397 0.0322
vn 0.4786 0.2075 0.8531
vn -0.0276 0.2622 0.9646
vn -0.5264 0.2457 0.8140
vn -0.8817 0.1626 0.4429
vn -0.9983 0.0358 -0.0465
vn -0.8472 -0.1000 -0.5218
vn -0.4713 -0.2089 -0.8569
vn 0.0286 -0.2623 -0.9646
vn 0.5208 -0.2464 -0.8173
vn 0.8759 -0.1652 -0.4534
vn 0.8550 0.1156 0.5056
vn 0.9985 -0.0431 0.0330
vn 0.4801 0.2435 0.8427
vn -0.0253 0.3055 0.9518
vn -0.5240 0.2847 0.8027
vn -0.8803 0.1867 0.4362
vn -0.9981 0.0385 -0.0473
vn -0.8479 -0.1195 -0.5165
vn -0.4726 -0.2451 -0.8465
vn 0.0265 -0.3056 -0.9518
vn 0.5185 -0.2854 -0.8060
vn 0.8744 -0.1897 -0.4466
vn 0.8995 0.1225 0.4194
vn 0.8992 0.1123 0.4229
vn 0.9910 0.1041 -0.0846
vn 0.9864 0.1387 -0.0886
vn 0.5706 0.0735 0.8179
vn 0.5663 0.0906 0.8192
vn 0.0855 0.0046 0.9963
vn 0.0793 0.0445 0.9959
vn -0.4239 -0.0657 0.9033
vn -0.4305 -0.0137 0.9025
vn -0.8176 -0.1181 0.5635
vn -0.8235 -0.0683 0.5632
vn -0.9879 -0.1383 0.0701
vn -0.9920 -0.1043 0.0713
vn -0.8893 -0.1208 -0.4410
vn -0.8918 -0.1119 -0.4385
vn -0.5519 -0.0707 -0.8309
vn -0.5528 -0.0893 -0.8285
vn -0.0701 -0.0019 -0.9975
vn -0.0681 -0.0429 -0.9968
vn 0.4277 0.0671 -0.9014
vn 0.4333 0.0148 -0.9011
vn 0.8130 0.1183 -0.5702
vn 0.8201 0.0684 -0.5681
vn 0.8992 0.0961 0.4269
vn 0.9958 0.0476 -0.0782
vn 0.5615 0.1191 0.8188
vn 0.0719 0.1101 0.9913
vn -0.4380 0.0714 0.8961
vn -0.8296 0.0133 0.5583
vn -0.9964 -0.0483 0.0697
vn -0.8944 -0.0968 -0.4367
vn -0.5528 -0.1191 -0.8248
vn -0.0646 -0.1096 -0.9919
vn 0.4398 -0.0709 -0.8953
vn 0.8274 -0.0135 -0.5614
vn 0.8987 0.0861 0.4300
vn 0.9973 0.0119 -0.0720
vn 0.5592 0.1374 0.8176
vn 0.0689 0.1519 0.9860
vn -0.4405 0.1254 0.8890
vn -0.8312 0.0652 0.5521
vn -0.9977 -0.0127 0.0666
vn -0.8956 -0.0870 -0.4362
vn -0.5537 -0.1378 -0.8213
vn -0.0643 -0.1517 -0.9863
vn 0.4416 -0.1252 -0.8884
vn 0.8299 -0.0654 -0.5541
vn 0.8982 0.0801 0.4323
vn 0.9977 -0.0100 -0.0672
vn 0.5580 0.1488 0.8164
vn 0.0677 0.1776 0.9818
vn -0.4411 0.1587 0.8833
vn -0.8314 0.0971 0.5472
vn -0.9979 0.0094 0.0641
vn -0.8963 -0.0808 -0.4360
vn -0.5547 -0.1492 -0.8186
vn -0.0649 -0.1776 -0.9820
vn 0.4418 -0.1586 -0.8830
vn 0.8306 -0.0973 -0.5484
vn 0.8977 0.0769 0.4339
vn 0.9977 -0.0218 -0.0641
vn 0.5571 0.1551 0.8158
vn 0.0670 0.1917 0.9792
vn -0.4413 0.1769 0.8798
vn -0.8311 0.1146 0.5442
vn -0.9978 0.0215 0.0626
vn -0.8968 -0.0773 -0.4356
vn -0.5556 -0.1553 -0.8168
vn -0.0657 -0.1917 -0.9793
vn 0.4416 -0.1768 -0.8796
vn 0.8307 -0.1146 -0.5448
vn 0.8972 0.0760 0.4349
vn 0.9977 -0.0255 -0.0626
vn 0.5563 0.1572 0.8160
vn 0.0664 0.1962 0.9783
vn -0.4414 0.1826 0.8786
vn -0.8308 0.1201 0.5434
vn -0.9977 0.0255 0.0626
vn -0.8972 -0.0760 -0.4349
vn -0.5564 -0.1572 -0.8159
vn -0.0664 -0.1962 -0.9783
vn 0.4413 -0.1826 -0.8786
vn 0.8308 -0.1201 -0.5434
vn 0.8968 0.0773 0.4356
vn 0.9978 -0.0215 -0.0627
vn 0.5555 0.1553 0.8169
vn 0.0657 0.1917 0.9793
vn -0.4416 0.1768 0.8796
vn -0.8307 0.1146 0.5448
vn -0.9977 0.0218 0.0641
vn -0.8977 -0.0769 -0.4339
vn -0.5571 -0.1551 -0.8158
vn -0.0670 -0.1917 -0.9792
vn 0.4413 -0.1769 -0.8798
vn 0.8311 -0.1146 -0.5442
vn 0.8964 0.0807 0.4359
vn 0.9979 -0.0094 -0.0641
vn 0.5547 0.1492 0.8186
vn 0.0649 0.1776 0.9820
vn -0.4418 0.1586 0.8830
vn -0.8306 0.0973 0.5484
vn -0.9977 0.0100 0.0672
vn -0.8982 -0.0801 -0.4323
vn -0.5580 -0.1488 -0.8164
vn -0.0677 -0.1776 -0.9818
vn 0.4412 -0.1587 -0.8833
vn 0.8313 -0.0971 -0.5472
vn 0.8956 0.0870 0.4362
vn 0.9977 0.0127 -0.0666
vn 0.5537 0.1378 0.8213
vn 0.0643 0.1517 0.9863
vn -0.4416 0.1252 0.8884
vn -0.8299 0.0654 0.5541
vn -0.9973 -0.0119 0.0720
vn -0.8987 -0.0861 -0.4300
vn -0.5592 -0.1374 -0.8175
vn -0.0689 -0.1519 -0.9860
vn 0.4405 -0.1254 -0.8889
vn 0.8312 -0.0651 -0.5521
vn 0.8944 0.0968 0.4367
vn 0.9964 0.0483 -0.0697
vn 0.5528 0.1191 0.8248
vn 0.0646 0.1096 0.9919
vn -0.4398 0.0709 0.8953
vn -0.8275 0.0135 0.5614
vn -0.9958 -0.0476 0.0782
vn -0.8992 -0.0961 -0.4268
vn -0.5615 -0.1191 -0.8188
vn -0.0719 -0.1101 -0.9913
vn 0.4380 -0.0714 -0.8961
vn 0.8296 -0.0133 -0.5582
vn 0.8917 0.1120 0.4386
vn 0.9920 0.1045 -0.0709
vn 0.5529 0.0894 0.8284
vn 0.0683 0.0432 0.9967
vn -0.4333 -0.0144 0.9012
vn -0.8203 -0.0681 0.5679
vn -0.9910 -0.1039 0.0843
vn -0.8992 -0.1122 -0.4230
vn -0.5665 -0.0905 -0.8191
vn -0.0796 -0.0443 -0.9958
vn 0.4304 0.0141 -0.9025
vn 0.8236 0.0687 -0.5630
vn 0.8924 0.1232 0.4342
vn 0.9855 0.1522 -0.0749
vn 0.5603 0.0613 0.8261
vn 0.0792 -0.0168 0.9967
vn -0.4224 -0.0903 0.9019
vn -0.8115 -0.1398 0.5674
vn -0.9850 -0.1522 0.0815
vn -0.8957 -0.1239 -0.4270
vn -0.5661 -0.0622 -0.8220
vn -0.0837 0.0163 -0.9964
vn 0.4218 0.0906 -0.9022
vn 0.8134 0.1403 -0.5645
vn 0.8964 0.1172 0.4275
vn 0.9856 0.1486 -0.0803
vn 0.5673 0.0543 0.8217
vn 0.0855 -0.0232 0.9961
vn -0.4201 -0.0946 0.9026
vn -0.8126 -0.1405 0.5656
vn -0.9860 -0.1485 0.0761
vn -0.8936 -0.1166 -0.4334
vn -0.5616 -0.0533 -0.8257
vn -0.0798 0.0241 -0.9965
vn 0.4226 0.0949 -0.9013
vn 0.8122 0.1405 -0.5662
vn 0.8983 0.1004 0.4277
vn 0.9899 0.1166 -0.0805
vn 0.5664 0.0573 0.8222
vn 0.0821 -0.0012 0.9966
vn -0.4248 -0.0594 0.9033
vn -0.8176 -0.1017 0.5667
vn -0.9902 -0.1166 0.0774
vn -0.8961 -0.1001 -0.4324
vn -0.5616 -0.0568 -0.8254
vn -0.0773 0.0018 -0.9970
vn 0.4272 0.0597 -0.9022
vn 0.8175 0.1018 -0.5669
vn 0.8997 0.0845 0.4282
vn 0.9928 0.0889 -0.0801
vn 0.5660 0.0574 0.8224
vn 0.0801 0.0149 0.9967
vn -0.4277 -0.0316 0.9033
vn -0.8208 -0.0696 0.5669
vn -0.9930 -0.0890 0.0779
vn -0.8980 -0.0843 -0.4319
vn -0.5620 -0.0571 -0.8252
vn -0.0759 -0.0146 -0.9970
vn 0.4301 0.0318 -0.9022
vn 0.8209 0.0697 -0.5668
vn 0.9008 0.0686 0.4287
vn 0.9948 0.0639 -0.0794
vn 0.5659 0.0549 0.8226
vn 0.0790 0.0265 0.9965
vn -0.4295 -0.0090 0.9030
vn -0.8229 -0.0422 0.5667
vn -0.9949 -0.0640 0.0779
vn -0.8994 -0.0686 -0.4317
vn -0.5624 -0.0547 -0.8250
vn -0.0751 -0.0263 -0.9968
vn 0.4318 0.0092 -0.9019
vn 0.8232 0.0422 -0.5662
vn 0.9016 0.0522 0.4294
vn 0.9961 0.0405 -0.0785
vn 0.5660 0.0500 0.8229
vn 0.0785 0.0344 0.9963
vn -0.4305 0.0095 0.9026
vn -0.8241 -0.0179 0.5662
vn -0.9962 -0.0405 0.0775
vn -0.9004 -0.0522 -0.4319
vn -0.5629 -0.0499 -0.8250
vn -0.0748 -0.0342 -0.9966
vn 0.4329 -0.0094 -0.9014
vn 0.8246 0.0180 -0.5654
vn 0.9020 0.0347 0.4302
vn 0.9968 0.0176 -0.0775
vn 0.5661 0.0425 0.8232
vn 0.0784 0.0390 0.9962
vn -0.4308 0.0250 0.9021
vn -0.8247 0.0043 0.5656
vn -0.9969 -0.0176 0.0770
vn -0.9011 -0.0347 -0.4323
vn -0.5632 -0.0425 -0.8252
vn -0.0746 -0.0389 -0.9965
vn 0.4335 -0.0249 -0.9008
vn 0.8255 -0.0042 -0.5645
vn 0.9021 0.0154 0.4312
vn 0.9971 -0.0056 -0.0763
vn 0.5661 0.0323 0.8237
vn 0.0784 0.0406 0.9961
vn -0.4308 0.0380 0.9016
vn -0.8247 0.0252 0.5650
vn -0.9971 0.0056 0.0763
vn -0.9013 -0.0155 -0.4329
vn -0.5634 -0.0324 -0.8256
vn -0.0745 -0.0406 -0.9964
vn 0.4338 -0.0379 -0.9002
vn 0.8258 -0.0251 -0.5634
vn 0.9018 -0.0064 0.4322
vn 0.9967 -0.0300 -0.0751
vn 0.5659 0.0189 0.8242
vn 0.0785 0.0392 0.9961
vn -0.4304 0.0490 0.9013
vn -0.8242 0.0456 0.5644
vn -0.9967 0.0300 0.0756
vn -0.9011 0.0063 -0.4337
vn -0.5632 -0.0191 -0.8261
vn -0.0744 -0.0393 -0.9965
vn 0.4339 -0.0490 -0.8996
vn 0.8256 -0.0456 -0.5623
vn 0.9007 -0.0318 0.4333
vn 0.9957 -0.0567 -0.0737
vn 0.5653 0.0016 0.8249
vn 0.0786 0.0345 0.9963
vn -0.4297 0.0583 0.9011
vn -0.8232 0.0664 0.5639
vn -0.9956 0.0567 0.0748
vn -0.9001 0.0317 -0.4346
vn -0.5624 -0.0018 -0.8268
vn -0.0740 -0.0348 -0.9967
vn 0.4338 -0.0584 -0.8991
vn 0.8250 -0.0664 -0.5612
vn 0.8985 -0.0621 0.4345
vn 0.9936 -0.0869 -0.0723
vn 0.5639 -0.0208 0.8256
vn 0.0784 0.0261 0.9966
vn -0.4287 0.0661 0.9010
vn -0.8214 0.0884 0.5635
vn -0.9935 0.0869 0.0740
vn -0.8980 0.0620 -0.4356
vn -0.5608 0.0204 -0.8277
vn -0.0730 -0.0266 -0.9970
vn 0.4337 -0.0665 -0.8986
vn 0.8237 -0.0885 -0.5600
vn 0.8946 -0.0994 0.4356
vn 0.9899 -0.1225 -0.0709
vn 0.5610 -0.0499 0.8263
vn 0.0775 0.0130 0.9969
vn -0.4274 0.0725 0.9011
vn -0.8185 0.1127 0.5634
vn -0.9897 0.1226 0.0735
vn -0.8942 0.0994 -0.4365
vn -0.5575 0.0494 -0.8287
vn -0.0711 -0.0138 -0.9974
vn 0.4336 -0.0732 -0.8981
vn 0.8216 -0.1129 -0.5588
vn 0.8910 -0.1254 0.4363
vn 0.9865 -0.1472 -0.0715
vn 0.5571 -0.0700 0.8275
vn 0.0740 0.0042 0.9972
vn -0.4291 0.0772 0.8999
vn -0.8174 0.1296 0.5613
vn -0.9865 0.1473 0.0719
vn -0.8908 0.1254 -0.4368
vn -0.5561 0.0698 -0.8282
vn -0.0723 -0.0044 -0.9974
vn 0.4307 -0.0775 -0.8992
vn 0.8181 -0.1297 -0.5602
vn 0.8920 -0.1174 0.4364
vn 0.9873 -0.1410 -0.0729
vn 0.5567 -0.0622 0.8284
vn 0.0720 0.0097 0.9974
vn -0.4317 0.0789 0.8986
vn -0.8192 0.1269 0.5593
vn -0.9875 0.1410 0.0708
vn -0.8921 0.1174 -0.4364
vn -0.5586 0.0625 -0.8271
vn -0.0758 -0.0091 -0.9971
vn 0.4278 -0.0784 -0.9005
vn 0.8171 -0.1267 -0.5624
vn 0.8952 -0.0925 0.4360
vn 0.9902 -0.1187 -0.0731
vn 0.5594 -0.0414 0.8278
vn 0.0735 0.0208 0.9971
vn -0.4316 0.0774 0.8987
vn -0.8208 0.1132 0.5599
vn -0.9903 0.1187 0.0716
vn -0.8954 0.0925 -0.4356
vn -0.5613 0.0417 -0.8266
vn -0.0771 -0.0204 -0.9968
vn 0.4282 -0.0770 -0.9004
vn 0.8191 -0.1130 -0.5624
vn 0.8974 -0.0709 0.4354
vn 0.9924 -0.0983 -0.0735
vn 0.5613 -0.0245 0.8273
vn 0.0745 0.0285 0.9968
vn -0.4318 0.0738 0.8990
vn -0.8221 0.0993 0.5606
vn -0.9925 0.0983 0.0725
vn -0.8977 0.0710 -0.4348
vn -0.5631 0.0247 -0.8260
vn -0.0778 -0.0282 -0.9966
vn 0.4288 -0.0736 -0.9004
vn 0.8207 -0.0993 -0.5626
vn 0.8989 -0.0530 0.4349
vn 0.9940 -0.0801 -0.0739
vn 0.5624 -0.0117 0.8268
vn 0.0751 0.0328 0.9966
vn -0.4320 0.0684 0.8993
vn -0.8231 0.0857 0.5614
vn -0.9941 0.0801 0.0735
vn -0.8994 0.0531 -0.4340
vn -0.5642 0.0119 -0.8255
vn -0.0779 -0.0325 -0.9964
vn 0.4296 -0.0683 -0.9005
vn 0.8221 -0.0857 -0.5628
vn 0.8998 -0.0389 0.4345
vn 0.9952 -0.0644 -0.0742
vn 0.5630 -0.0030 0.8264
vn 0.0754 0.0337 0.9966
vn -0.4322 0.0613 0.8997
vn -0.8238 0.0726 0.5622
vn -0.9951 0.0644 0.0744
vn -0.9004 0.0390 -0.4333
vn -0.5648 0.0032 -0.8252
vn -0.0778 -0.0335 -0.9964
vn 0.4303 -0.0612 -0.9006
vn 0.8232 -0.0726 -0.5631
vn 0.9004 -0.0287 0.4342
vn 0.9959 -0.0513 -0.0745
vn 0.5633 0.0016 0.8262
vn 0.0755 0.0314 0.9967
vn -0.4324 0.0528 0.9002
vn -0.8244 0.0601 0.5629
vn -0.9959 0.0513 0.0751
vn -0.9010 0.0288 -0.4328
vn -0.5650 -0.0014 -0.8251
vn -0.0774 -0.0313 -0.9965
vn 0.4311 -0.0528 -0.9008
vn 0.8241 -0.0601 -0.5633
vn 0.9006 -0.0221 0.4341
vn 0.9964 -0.0407 -0.0746
vn 0.5634 0.0024 0.8262
vn 0.0755 0.0262 0.9968
vn -0.4325 0.0431 0.9006
vn -0.8247 0.0484 0.5635
vn -0.9963 0.0408 0.0757
vn -0.9013 0.0222 -0.4326
vn -0.5650 -0.0023 -0.8251
vn -0.0770 -0.0262 -0.9967
vn 0.4318 -0.0431 -0.9009
vn 0.8248 -0.0484 -0.5634
vn 0.9007 -0.0190 0.4341
vn 0.9967 -0.0327 -0.0746
vn 0.5634 -0.0002 0.8262
vn 0.0754 0.0186 0.9970
vn -0.4326 0.0325 0.9010
vn -0.8249 0.0376 0.5640
vn -0.9966 0.0328 0.0761
vn -0.9015 0.0191 -0.4324
vn -0.5648 0.0003 -0.8252
vn -0.0765 -0.0186 -0.9969
vn 0.4324 -0.0325 -0.9011
vn 0.8253 -0.0376 -0.5634
vn 0.9968 -0.0271 -0.0746
vn 0.5633 -0.0059 0.8262
vn 0.0753 0.0088 0.9971
vn -0.4327 0.0212 0.9013
vn -0.8251 0.0279 0.5643
vn -0.9967 0.0271 0.0763
vn -0.5646 0.0059 -0.8254
vn -0.0761 -0.0088 -0.9971
vn 0.4330 -0.0212 -0.9012
vn 0.8257 -0.0279 -0.5634
vn 0.9006 -0.0218 0.4341
vn 0.9969 -0.0237 -0.0744
vn 0.5632 -0.0141 0.8262
vn 0.0752 -0.0026 0.9972
vn -0.4328 0.0095 0.9014
vn -0.8252 0.0192 0.5645
vn -0.9968 0.0237 0.0764
vn -0.9014 0.0218 -0.4324
vn -0.5643 0.0141 -0.8255
vn -0.0756 0.0027 -0.9971
vn 0.4334 -0.0095 -0.9011
vn 0.8260 -0.0192 -0.5633
vn 0.9005 -0.0269 0.4341
vn 0.9970 -0.0222 -0.0743
vn 0.5630 -0.0245 0.8261
vn 0.0751 -0.0155 0.9971
vn -0.4330 -0.0023 0.9014
vn -0.8253 0.0114 0.5646
vn -0.9968 0.0222 0.0765
vn -0.9013 0.0269 -0.4323
vn -0.5640 0.0245 -0.8254
vn -0.0752 0.0155 -0.9971
vn 0.4339 0.0023 -0.9010
vn 0.8263 -0.0115 -0.5631
vn 0.9004 -0.0300 0.4340
vn 0.9970 -0.0219 -0.0743
vn 0.5629 -0.0301 0.8260
vn 0.0750 -0.0222 0.9969
vn -0.4330 -0.0083 0.9014
vn -0.8253 0.0078 0.5646
vn -0.9968 0.0219 0.0766
vn -0.9012 0.0300 -0.4323
vn -0.5638 0.0301 -0.8254
vn -0.0749 0.0222 -0.9969
vn 0.4341 0.0082 -0.9008
vn 0.8264 -0.0079 -0.5630
vn 0.8945 0.0955 0.4368
vn 0.8968 0.0791 0.4354
vn 0.9931 0.0922 -0.0720
vn 0.9926 0.0989 -0.0701
vn 0.5589 0.0668 0.8265
vn 0.5615 0.0450 0.8262
vn 0.0755 0.0204 0.9969
vn 0.0770 -0.0010 0.9970
vn -0.4283 -0.0314 0.9031
vn -0.4282 -0.0469 0.9025
vn -0.8192 -0.0750 0.5685
vn -0.8198 -0.0802 0.5670
vn -0.9918 -0.0986 0.0808
vn -0.9926 -0.0922 0.0791
vn -0.8979 -0.0957 -0.4298
vn -0.8989 -0.0793 -0.4309
vn -0.5612 -0.0668 -0.8250
vn -0.5629 -0.0450 -0.8253
vn -0.0725 -0.0199 -0.9972
vn -0.0749 0.0014 -0.9972
vn 0.4355 0.0323 -0.8996
vn 0.4331 0.0474 -0.9001
vn 0.8253 0.0758 -0.5595
vn 0.8239 0.0806 -0.5610
vn 0.8995 0.0537 0.4336
vn 0.9939 0.0812 -0.0740
vn 0.5649 0.0118 0.8251
vn 0.0794 -0.0332 0.9963
vn -0.4274 -0.0694 0.9014
vn -0.8202 -0.0870 0.5654
vn -0.9937 -0.0813 0.0776
vn -0.9005 -0.0538 -0.4315
vn -0.5653 -0.0118 -0.8248
vn -0.0780 0.0334 -0.9964
vn 0.4301 0.0696 -0.9001
vn 0.8224 0.0871 -0.5623
vn 0.9009 0.0405 0.4321
vn 0.9944 0.0741 -0.0756
vn 0.5664 -0.0039 0.8241
vn 0.0802 -0.0473 0.9957
vn -0.4275 -0.0781 0.9006
vn -0.8208 -0.0879 0.5644
vn -0.9943 -0.0742 0.0767
vn -0.9011 -0.0406 -0.4317
vn -0.5661 0.0039 -0.8243
vn -0.0793 0.0474 -0.9957
vn 0.4287 0.0781 -0.9001
vn 0.8216 0.0879 -0.5632
vn 0.9015 0.0362 0.4312
vn 0.9946 0.0695 -0.0768
vn 0.5668 -0.0069 0.8238
vn 0.0801 -0.0481 0.9956
vn -0.4282 -0.0765 0.9005
vn -0.8216 -0.0843 0.5638
vn -0.9947 -0.0695 0.0760
vn -0.9011 -0.0361 -0.4321
vn -0.5661 0.0070 -0.8243
vn -0.0795 0.0482 -0.9957
vn 0.4282 0.0764 -0.9004
vn 0.8214 0.0843 -0.5642
vn 0.9017 0.0390 0.4307
vn 0.9947 0.0667 -0.0778
vn 0.5666 0.0008 0.8240
vn 0.0793 -0.0376 0.9961
vn -0.4293 -0.0659 0.9007
vn -0.8226 -0.0765 0.5635
vn -0.9949 -0.0666 0.0752
vn -0.9006 -0.0388 -0.4329
vn -0.5653 -0.0007 -0.8249
vn -0.0790 0.0376 -0.9962
vn 0.4284 0.0659 -0.9012
vn 0.8214 0.0765 -0.5652
vn 0.9014 0.0487 0.4303
vn 0.9948 0.0653 -0.0788
vn 0.5658 0.0190 0.8243
vn 0.0778 -0.0158 0.9968
vn -0.4311 -0.0464 0.9011
vn -0.8239 -0.0644 0.5631
vn -0.9951 -0.0652 0.0743
vn -0.8996 -0.0485 -0.4339
vn -0.5638 -0.0189 -0.8257
vn -0.0777 0.0158 -0.9969
vn 0.4292 0.0462 -0.9020
vn 0.8217 0.0643 -0.5663
vn 0.9006 0.0658 0.4296
vn 0.9947 0.0651 -0.0800
vn 0.5642 0.0488 0.8242
vn 0.0755 0.0186 0.9970
vn -0.4336 -0.0166 0.9009
vn -0.8256 -0.0473 0.5623
vn -0.9952 -0.0652 0.0732
vn -0.8981 -0.0657 -0.4348
vn -0.5615 -0.0487 -0.8261
vn -0.0756 -0.0187 -0.9970
vn 0.4305 0.0163 -0.9024
vn 0.8222 0.0470 -0.5673
vn 0.8993 0.0920 0.4275
vn 0.9945 0.0663 -0.0815
vn 0.5617 0.0929 0.8221
vn 0.0719 0.0688 0.9950
vn -0.4373 0.0261 0.8989
vn -0.8280 -0.0237 0.5603
vn -0.9952 -0.0669 0.0717
vn -0.8958 -0.0923 -0.4349
vn -0.5579 -0.0930 -0.8247
vn -0.0722 -0.0690 -0.9950
vn 0.4327 -0.0267 -0.9011
vn 0.8231 0.0228 -0.5674
vn 0.8972 0.1299 0.4221
vn 0.9941 0.0688 -0.0838
vn 0.5576 0.1560 0.8153
vn 0.0663 0.1398 0.9880
vn -0.4429 0.0858 0.8924
vn -0.8314 0.0086 0.5556
vn -0.9950 -0.0707 0.0701
vn -0.8920 -0.1310 -0.4325
vn -0.5523 -0.1563 -0.8188
vn -0.0669 -0.1402 -0.9879
vn 0.4363 -0.0870 -0.8956
vn 0.8246 -0.0106 -0.5656
vn 0.8935 0.1835 0.4098
vn 0.9935 0.0727 -0.0875
vn 0.5509 0.2447 0.7979
vn 0.0573 0.2394 0.9692
vn -0.4517 0.1689 0.8760
vn -0.8368 0.0527 0.5450
vn -0.9946 -0.0775 0.0684
vn -0.8861 -0.1866 -0.4243
vn -0.5434 -0.2459 -0.8026
vn -0.0584 -0.2404 -0.9689
vn 0.4421 -0.1715 -0.8804
vn 0.8271 -0.0572 -0.5591
vn 0.8875 0.2578 0.3819
vn 0.9925 0.0780 -0.0938
vn 0.5400 0.3687 0.7566
vn 0.0423 0.3785 0.9246
vn -0.4668 0.2838 0.8376
vn -0.8456 0.1120 0.5219
vn -0.9938 -0.0887 0.0676
vn -0.8767 -0.2644 -0.4019
vn -0.5294 -0.3697 -0.7636
vn -0.0441 -0.3780 -0.9247
vn 0.4528 -0.2875 -0.8440
vn 0.8320 -0.1213 -0.5413
vn 0.8763 0.3109 0.3679
vn 0.9926 0.0869 -0.0850
vn 0.5245 0.4514 0.7219
vn 0.0319 0.4705 0.8818
vn -0.4694 0.3632 0.8048
vn -0.8447 0.1581 0.5114
vn -0.9927 -0.0894 0.0804
vn -0.8742 -0.3124 -0.3717
vn -0.5223 -0.4514 -0.7234
vn -0.0319 -0.4701 -0.8821
vn 0.4671 -0.3636 -0.8060
vn 0.8423 -0.1600 -0.5147
vn 0.8751 0.2870 0.3896
vn 0.9938 0.0864 -0.0701
vn 0.5256 0.4109 0.7449
vn 0.0383 0.4266 0.9036
vn -0.4592 0.3302 0.8247
vn -0.8366 0.1463 0.5279
vn -0.9930 -0.0774 0.0894
vn -0.8832 -0.2814 -0.3752
vn -0.5329 -0.4100 -0.7402
vn -0.0361 -0.4268 -0.9036
vn 0.4704 -0.3268 -0.8197
vn 0.8471 -0.1383 -0.5132
vn 0.8828 0.2221 0.4138
vn 0.9952 0.0720 -0.0670
vn 0.5369 0.3130 0.7834
vn 0.0497 0.3211 0.9457
vn -0.4508 0.2444 0.8585
vn -0.8330 0.1028 0.5436
vn -0.9944 -0.0667 0.0824
vn -0.8888 -0.2188 -0.4027
vn -0.5422 -0.3120 -0.7802
vn -0.0476 -0.3205 -0.9460
vn 0.4597 -0.2419 -0.8545
vn 0.8413 -0.0979 -0.5317
vn 0.8881 0.1681 0.4278
vn 0.9962 0.0580 -0.0649
vn 0.5444 0.2333 0.8057
vn 0.0568 0.2367 0.9699
vn -0.4460 0.1773 0.8773
vn -0.8313 0.0707 0.5513
vn -0.9955 -0.0550 0.0771
vn -0.8925 -0.1663 -0.4192
vn -0.5480 -0.2328 -0.8034
vn -0.0547 -0.2363 -0.9701
vn 0.4533 -0.1758 -0.8739
vn 0.8378 -0.0679 -0.5417
vn 0.8916 0.1230 0.4359
vn 0.9970 0.0440 -0.0635
vn 0.5491 0.1691 0.8184
vn 0.0612 0.1702 0.9835
vn -0.4433 0.1262 0.8874
vn -0.8305 0.0485 0.5549
vn -0.9964 -0.0424 0.0731
vn -0.8948 -0.1220 -0.4294
vn -0.5515 -0.1688 -0.8169
vn -0.0589 -0.1700 -0.9837
vn 0.4494 -0.1253 -0.8845
vn 0.8358 -0.0468 -0.5470
vn 0.8938 0.0844 0.4405
vn 0.9976 0.0295 -0.0625
vn 0.5520 0.1167 0.8256
vn 0.0636 0.1180 0.9910
vn -0.4420 0.0879 0.8927
vn -0.8304 0.0343 0.5561
vn -0.9971 -0.0286 0.0701
vn -0.8962 -0.0839 -0.4357
vn -0.5534 -0.1166 -0.8247
vn -0.0612 -0.1179 -0.9911
vn 0.4473 -0.0874 -0.8901
vn 0.8347 -0.0334 -0.5497
vn 0.8951 0.0504 0.4431
vn 0.9980 0.0137 -0.0619
vn 0.5537 0.0736 0.8295
vn 0.0649 0.0771 0.9949
vn -0.4415 0.0602 0.8952
vn -0.8305 0.0271 0.5563
vn -0.9976 -0.0133 0.0677
vn -0.8967 -0.0501 -0.4397
vn -0.5542 -0.0735 -0.8291
vn -0.0622 -0.0771 -0.9951
vn 0.4462 -0.0599 -0.8929
vn 0.8341 -0.0266 -0.5509
vn 0.8956 0.0193 0.4444
vn 0.9981 -0.0039 -0.0615
vn 0.5544 0.0374 0.8314
vn 0.0654 0.0455 0.9968
vn -0.4415 0.0414 0.8963
vn -0.8308 0.0263 0.5559
vn -0.9978 0.0041 0.0660
vn -0.8967 -0.0192 -0.4422
vn -0.5541 -0.0374 -0.8316
vn -0.0623 -0.0454 -0.9970
vn 0.4459 -0.0413 -0.8941
vn 0.8338 -0.0260 -0.5514
vn 0.8956 -0.0102 0.4448
vn 0.9978 -0.0242 -0.0614
vn 0.5545 0.0066 0.8322
vn 0.0653 0.0215 0.9976
vn -0.4417 0.0308 0.8967
vn -0.8310 0.0318 0.5554
vn -0.9976 0.0242 0.0647
vn -0.8961 0.0102 -0.4438
vn -0.5533 -0.0066 -0.8330
vn -0.0617 -0.0216 -0.9979
vn 0.4460 -0.0308 -0.8945
vn 0.8336 -0.0317 -0.5515
vn 0.8948 -0.0395 0.4446
vn 0.9969 -0.0484 -0.0615
vn 0.5541 -0.0201 0.8322
vn 0.0651 0.0046 0.9979
vn -0.4417 0.0282 0.8967
vn -0.8307 0.0442 0.5550
vn -0.9968 0.0484 0.0638
vn -0.8947 0.0395 -0.4449
vn -0.5518 0.0200 -0.8337
vn -0.0608 -0.0048 -0.9981
vn 0.4461 -0.0284 -0.8945
vn 0.8330 -0.0443 -0.5516
vn 0.8932 -0.0704 0.4441
vn 0.9950 -0.0782 -0.0620
vn 0.5532 -0.0438 0.8319
vn 0.0650 -0.0054 0.9979
vn -0.4412 0.0344 0.8968
vn -0.8295 0.0650 0.5547
vn -0.9949 0.0782 0.0631
vn -0.8924 0.0703 -0.4457
vn -0.5497 0.0435 -0.8342
vn -0.0596 0.0050 -0.9982
vn 0.4459 -0.0348 -0.8944
vn 0.8315 -0.0652 -0.5517
vn 0.8902 -0.1047 0.4433
vn 0.9912 -0.1164 -0.0626
vn 0.5517 -0.0652 0.8315
vn 0.0654 -0.0083 0.9978
vn -0.4392 0.0510 0.8970
vn -0.8264 0.0967 0.5546
vn -0.9912 0.1164 0.0624
vn -0.8885 0.1046 -0.4467
vn -0.5465 0.0645 -0.8349
vn -0.0584 0.0071 -0.9983
vn 0.4445 -0.0520 -0.8943
vn 0.8283 -0.0971 -0.5518
vn 0.8916 -0.1128 0.4385
vn 0.9861 -0.1510 -0.0689
vn 0.5568 -0.0443 0.8295
vn 0.0703 0.0364 0.9969
vn -0.4359 0.1075 0.8935
vn -0.8234 0.1493 0.5475
vn -0.9871 0.1504 0.0542
vn -0.8852 0.1109 -0.4517
vn -0.5479 0.0419 -0.8355
vn -0.0662 -0.0380 -0.9971
vn 0.4326 -0.1078 -0.8951
vn 0.8175 -0.1491 -0.5563
vn 0.9004 -0.0656 0.4302
vn 0.9839 -0.1633 -0.0726
vn 0.5717 0.0505 0.8189
vn 0.0854 0.1532 0.9845
vn -0.4243 0.2139 0.8799
vn -0.8163 0.2159 0.5357
vn -0.9860 0.1597 0.0489
vn -0.8918 0.0611 -0.4483
vn -0.5624 -0.0532 -0.8251
vn -0.0860 -0.1533 -0.9844
vn 0.4130 -0.2131 -0.8855
vn 0.8043 -0.2170 -0.5532
vn 0.9085 -0.0000 0.4179
vn 0.9848 -0.1591 -0.0702
vn 0.5859 0.1598 0.7945
vn 0.1032 0.2764 0.9555
vn -0.4075 0.3176 0.8562
vn -0.8064 0.2725 0.5248
vn -0.9866 0.1542 0.0532
vn -0.9025 -0.0046 -0.4308
vn -0.5794 -0.1615 -0.7989
vn -0.1041 -0.2755 -0.9556
vn 0.3987 -0.3171 -0.8605
vn 0.7972 -0.2748 -0.5376
vn 0.9137 0.0483 0.4034
vn 0.9859 -0.1522 -0.0695
vn 0.5947 0.2363 0.7685
vn 0.1143 0.3604 0.9258
vn -0.3970 0.3869 0.8323
vn -0.8002 0.3088 0.5142
vn -0.9873 0.1480 0.0586
vn -0.9099 -0.0519 -0.4115
vn -0.5908 -0.2374 -0.7711
vn -0.1155 -0.3598 -0.9258
vn 0.3906 -0.3870 -0.8353
vn 0.7937 -0.3113 -0.5226
vn 0.9166 0.0813 0.3914
vn 0.9871 -0.1435 -0.0704
vn 0.5992 0.2845 0.7483
vn 0.1201 0.4110 0.9037
vn -0.3911 0.4267 0.8154
vn -0.7967 0.3276 0.5079
vn -0.9879 0.1408 0.0646
vn -0.9147 -0.0833 -0.3954
vn -0.5977 -0.2850 -0.7494
vn -0.1217 -0.4106 -0.9037
vn 0.3869 -0.4270 -0.8173
vn 0.7928 -0.3294 -0.5127
vn 0.9178 0.1016 0.3837
vn 0.9884 -0.1332 -0.0728
vn 0.6007 0.3092 0.7373
vn 0.1224 0.4336 0.8927
vn -0.3886 0.4417 0.8086
vn -0.7952 0.3314 0.5078
vn -0.9886 0.1325 0.0712
vn -0.9176 -0.1019 -0.3843
vn -0.6013 -0.3089 -0.7369
vn -0.1242 -0.4334 -0.8926
vn 0.3863 -0.4420 -0.8096
vn 0.7937 -0.3322 -0.5096
vn 0.9179 0.1109 0.3811
vn 0.9896 -0.1216 -0.0763
vn 0.6002 0.3135 0.7359
vn 0.1221 0.4321 0.8935
vn -0.3884 0.4351 0.8123
vn -0.7950 0.3219 0.5141
vn -0.9893 0.1227 0.0784
vn -0.9191 -0.1095 -0.3785
vn -0.6026 -0.3126 -0.7343
vn -0.1242 -0.4319 -0.8933
vn 0.3878 -0.4352 -0.8125
vn 0.7956 -0.3216 -0.5133
vn 0.9171 0.1103 0.3832
vn 0.9908 -0.1086 -0.0803
vn 0.5982 0.2992 0.7434
vn 0.1201 0.4081 0.9050
vn -0.3897 0.4083 0.8255
vn -0.7958 0.2998 0.5261
vn -0.9901 0.1111 0.0861
vn -0.9197 -0.1075 -0.3776
vn -0.6023 -0.2977 -0.7406
vn -0.1225 -0.4080 -0.9047
vn 0.3907 -0.4083 -0.8250
vn 0.7984 -0.2986 -0.5229
vn 0.9157 0.1000 0.3893
vn 0.9920 -0.0939 -0.0846
vn 0.5951 0.2666 0.7581
vn 0.1169 0.3621 0.9248
vn -0.3921 0.3615 0.8459
vn -0.7972 0.2649 0.5425
vn -0.9908 0.0975 0.0940
vn -0.9197 -0.0963 -0.3807
vn -0.6010 -0.2648 -0.7541
vn -0.1196 -0.3620 -0.9245
vn 0.3946 -0.3614 -0.8448
vn 0.8017 -0.2630 -0.5368
vn 0.9139 0.0799 0.3980
vn 0.9931 -0.0775 -0.0885
vn 0.5915 0.2155 0.7770
vn 0.1130 0.2937 0.9492
vn -0.3951 0.2942 0.8703
vn -0.7990 0.2168 0.5609
vn -0.9915 0.0816 0.1016
vn -0.9192 -0.0760 -0.3864
vn -0.5991 -0.2136 -0.7717
vn -0.1159 -0.2937 -0.9488
vn 0.3990 -0.2941 -0.8685
vn 0.8052 -0.2147 -0.5527
vn 0.9119 0.0501 0.4073
vn 0.9940 -0.0597 -0.0915
vn 0.5876 0.1461 0.7959
vn 0.1088 0.2032 0.9731
vn -0.3984 0.2067 0.8936
vn -0.8010 0.1557 0.5781
vn -0.9921 0.0631 0.1081
vn -0.9185 -0.0467 -0.3926
vn -0.5967 -0.1445 -0.7893
vn -0.1120 -0.2032 -0.9727
vn 0.4036 -0.2067 -0.8913
vn 0.8088 -0.1539 -0.5676
vn 0.9101 0.0113 0.4143
vn 0.9948 -0.0408 -0.0931
vn 0.5840 0.0601 0.8095
vn 0.1047 0.0930 0.9901
vn -0.4017 0.1013 0.9102
vn -0.8030 0.0830 0.5902
vn -0.9927 0.0426 0.1126
vn -0.9176 -0.0094 -0.3973
vn -0.5943 -0.0592 -0.8021
vn -0.1081 -0.0930 -0.9898
vn 0.4080 -0.1014 -0.9073
vn 0.8120 -0.0822 -0.5778
vn 0.9089 -0.0102 0.4168
vn 0.9951 -0.0312 -0.0935
vn 0.5816 0.0134 0.8134
vn 0.1026 0.0333 0.9942
vn -0.4025 0.0445 0.9143
vn -0.8033 0.0441 0.5939
vn -0.9929 0.0319 0.1142
vn -0.9170 0.0110 -0.3988
vn -0.5923 -0.0129 -0.8056
vn -0.1060 -0.0333 -0.9938
vn 0.4094 -0.0447 -0.9113
vn 0.8129 -0.0439 -0.5808
vn 0.9367 -0.0380 0.3481
vn 0.9308 0.0036 0.3654
vn 0.9675 0.2326 -0.0991
vn 0.9666 0.2391 -0.0920
vn 0.6513 -0.3059 0.6944
vn 0.6401 -0.2286 0.7335
vn 0.1882 -0.4902 0.8511
vn 0.1714 -0.3988 0.9009
vn -0.3264 -0.5405 0.7754
vn -0.3451 -0.4584 0.8190
vn -0.7519 -0.4432 0.4881
vn -0.7646 -0.3915 0.5119
vn -0.9718 -0.2256 0.0682
vn -0.9734 -0.2189 0.0676
vn -0.9285 0.0512 -0.3677
vn -0.9202 0.0103 -0.3914
vn -0.6397 0.3117 -0.7026
vn -0.6252 0.2350 -0.7443
vn -0.1862 0.4892 -0.8521
vn -0.1687 0.3975 -0.9020
vn 0.3152 0.5399 -0.7805
vn 0.3312 0.4569 -0.8255
vn 0.7370 0.4498 -0.5045
vn 0.7465 0.3975 -0.5336
vn 0.9145 0.0955 0.3931
vn 0.9709 0.2133 -0.1091
vn 0.6077 -0.0498 0.7926
vn 0.1300 -0.1823 0.9746
vn -0.3844 -0.2638 0.8846
vn -0.7897 -0.2718 0.5500
vn -0.9762 -0.2058 0.0684
vn -0.9003 -0.0858 -0.4268
vn -0.5890 0.0556 -0.8062
vn -0.1266 0.1819 -0.9751
vn 0.3682 0.2613 -0.8923
vn 0.7692 0.2732 -0.5777
vn 0.8946 0.1961 0.4014
vn 0.9760 0.1875 -0.1109
vn 0.5681 0.1517 0.8089
vn 0.0816 0.0648 0.9946
vn -0.4280 -0.0405 0.9028
vn -0.8166 -0.1341 0.5614
vn -0.9793 -0.1900 0.0700
vn -0.8790 -0.1941 -0.4354
vn -0.5491 -0.1471 -0.8227
vn -0.0784 -0.0622 -0.9950
vn 0.4123 0.0387 -0.9102
vn 0.7976 0.1297 -0.5890
vn 0.8759 0.2825 0.3912
vn 0.9812 0.1634 -0.1026
vn 0.5313 0.3264 0.7817
vn 0.0389 0.2808 0.9590
vn -0.4645 0.1570 0.8715
vn -0.8386 -0.0097 0.5447
vn -0.9825 -0.1721 0.0716
vn -0.8625 -0.2864 -0.4173
vn -0.5159 -0.3240 -0.7930
vn -0.0362 -0.2768 -0.9602
vn 0.4526 -0.1580 -0.8776
vn 0.8247 0.0024 -0.5656
vn 0.8624 0.3401 0.3749
vn 0.9852 0.1459 -0.0897
vn 0.5057 0.4437 0.7399
vn 0.0103 0.4267 0.9043
vn -0.4881 0.2930 0.8221
vn -0.8528 0.0796 0.5162
vn -0.9854 -0.1543 0.0714
vn -0.8534 -0.3451 -0.3907
vn -0.4954 -0.4431 -0.7472
vn -0.0080 -0.4240 -0.9056
vn 0.4812 -0.2937 -0.8260
vn 0.8446 -0.0858 -0.5285
vn 0.8550 0.3683 0.3651
vn 0.9879 0.1345 -0.0775
vn 0.4920 0.5036 0.7101
vn -0.0042 0.5034 0.8641
vn -0.4995 0.3670 0.7847
vn -0.8597 0.1315 0.4935
vn -0.9878 -0.1389 0.0696
vn -0.8507 -0.3714 -0.3721
vn -0.4866 -0.5039 -0.7136
vn 0.0063 -0.5022 -0.8647
vn 0.4972 -0.3672 -0.7861
vn 0.8564 -0.1345 -0.4985
vn 0.8525 0.3721 0.3670
vn 0.9896 0.1270 -0.0674
vn 0.4874 0.5177 0.7032
vn -0.0083 0.5248 0.8512
vn -0.5019 0.3914 0.7713
vn -0.8612 0.1529 0.4846
vn -0.9896 -0.1267 0.0678
vn -0.8523 -0.3723 -0.3673
vn -0.4863 -0.5179 -0.7037
vn 0.0099 -0.5246 -0.8513
vn 0.5033 -0.3907 -0.7707
vn 0.8618 -0.1522 -0.4838
vn 0.8537 0.3554 0.3806
vn 0.9908 0.1217 -0.0595
vn 0.4895 0.4940 0.7186
vn -0.0047 0.5012 0.8653
vn -0.4977 0.3752 0.7820
vn -0.8587 0.1491 0.4903
vn -0.9908 -0.1174 0.0669
vn -0.8571 -0.3530 -0.3752
vn -0.4922 -0.4939 -0.7168
vn 0.0059 -0.5015 -0.8651
vn 0.5022 -0.3737 -0.7798
vn 0.8626 -0.1453 -0.4845
vn 0.8578 0.3196 0.4027
vn 0.9916 0.1176 -0.0534
vn 0.4967 0.4360 0.7505
vn 0.0049 0.4370 0.8995
vn -0.4883 0.3226 0.8108
vn -0.8531 0.1226 0.5072
vn -0.9915 -0.1109 0.0674
vn -0.8642 -0.3156 -0.3920
vn -0.5026 -0.4357 -0.7467
vn -0.0039 -0.4376 -0.8992
vn 0.4957 -0.3205 -0.8072
vn 0.8600 -0.1168 -0.4967
vn 0.8641 0.2655 0.4275
vn 0.9922 0.1143 -0.0490
vn 0.5079 0.3458 0.7890
vn 0.0188 0.3349 0.9421
vn -0.4753 0.2361 0.8476
vn -0.8451 0.0747 0.5293
vn -0.9918 -0.1072 0.0690
vn -0.8728 -0.2615 -0.4121
vn -0.5165 -0.3456 -0.7835
vn -0.0183 -0.3356 -0.9418
vn 0.4849 -0.2337 -0.8428
vn 0.8547 -0.0685 -0.5146
vn 0.8722 0.1965 0.4480
vn 0.9927 0.1116 -0.0464
vn 0.5219 0.2290 0.8217
vn 0.0356 0.2014 0.9789
vn -0.4600 0.1211 0.8796
vn -0.8360 0.0087 0.5487
vn -0.9918 -0.1066 0.0707
vn -0.8822 -0.1940 -0.4291
vn -0.5322 -0.2292 -0.8150
vn -0.0354 -0.2017 -0.9788
vn 0.4710 -0.1189 -0.8741
vn 0.8473 -0.0039 -0.5311
vn 0.8809 0.1215 0.4574
vn 0.9928 0.1105 -0.0462
vn 0.5368 0.1003 0.8377
vn 0.0528 0.0528 0.9972
vn -0.4449 -0.0085 0.8955
vn -0.8270 -0.0677 0.5581
vn -0.9915 -0.1092 0.0710
vn -0.8907 -0.1217 -0.4380
vn -0.5475 -0.1011 -0.8307
vn -0.0533 -0.0528 -0.9972
vn 0.4556 0.0100 -0.8901
vn 0.8386 0.0698 -0.5403
vn 0.8890 0.0493 0.4552
vn 0.9926 0.1125 -0.0464
vn 0.5509 -0.0265 0.8342
vn 0.0691 -0.0952 0.9931
vn -0.4308 -0.1389 0.8917
vn -0.8185 -0.1462 0.5556
vn -0.9909 -0.1147 0.0705
vn -0.8983 -0.0522 -0.4362
vn -0.5615 0.0249 -0.8271
vn -0.0699 0.0954 -0.9930
vn 0.4409 0.1397 -0.8866
vn 0.8300 0.1458 -0.5384
vn 0.8965 -0.0153 0.4429
vn 0.9921 0.1160 -0.0473
vn 0.5638 -0.1419 0.8137
vn 0.0836 -0.2308 0.9694
vn -0.4185 -0.2591 0.8705
vn -0.8114 -0.2192 0.5419
vn -0.9903 -0.1209 0.0680
vn -0.9045 0.0106 -0.4263
vn -0.5731 0.1399 -0.8074
vn -0.0844 0.2314 -0.9692
vn 0.4275 0.2595 -0.8660
vn 0.8217 0.2169 -0.5271
vn 0.9027 -0.0661 0.4251
vn 0.9916 0.1200 -0.0487
vn 0.5744 -0.2340 0.7844
vn 0.0949 -0.3397 0.9357
vn -0.4095 -0.3558 0.8401
vn -0.8065 -0.2778 0.5219
vn -0.9900 -0.1255 0.0639
vn -0.9087 0.0612 -0.4129
vn -0.5816 0.2321 -0.7797
vn -0.0957 0.3404 -0.9354
vn 0.4163 0.3559 -0.8367
vn 0.8144 0.2748 -0.5111
vn 0.9073 -0.0983 0.4087
vn 0.9909 0.1244 -0.0505
vn 0.5820 -0.2943 0.7581
vn 0.1024 -0.4118 0.9055
vn -0.4044 -0.4199 0.8125
vn -0.8041 -0.3165 0.5032
vn -0.9900 -0.1282 0.0591
vn -0.9108 0.0949 -0.4017
vn -0.5862 0.2930 -0.7553
vn -0.1030 0.4123 -0.9052
vn 0.4082 0.4200 -0.8105
vn 0.8087 0.3143 -0.4972
vn 0.9101 -0.1095 0.3997
vn 0.9903 0.1286 -0.0529
vn 0.5861 -0.3183 0.7451
vn 0.1055 -0.4417 0.8909
vn -0.4033 -0.4470 0.7984
vn -0.8043 -0.3327 0.4923
vn -0.9901 -0.1292 0.0542
vn -0.9106 0.1089 -0.3986
vn -0.5870 0.3179 -0.7445
vn -0.1059 0.4417 -0.8909
vn 0.4037 0.4470 -0.7983
vn 0.8050 0.3324 -0.4915
vn 0.9107 -0.0978 0.4014
vn 0.9896 0.1322 -0.0563
vn 0.5864 -0.3020 0.7516
vn 0.1038 -0.4248 0.8993
vn -0.4068 -0.4329 0.8044
vn -0.8074 -0.3244 0.4929
vn -0.9904 -0.1289 0.0492
vn -0.9079 0.1005 -0.4069
vn -0.5834 0.3026 -0.7537
vn -0.1039 0.4240 -0.8997
vn 0.4031 0.4327 -0.8064
vn 0.8034 0.3262 -0.4982
vn 0.9086 -0.0600 0.4134
vn 0.9891 0.1341 -0.0611
vn 0.5818 -0.2389 0.7774
vn 0.0961 -0.3531 0.9306
vn -0.4158 -0.3709 0.8304
vn -0.8138 -0.2879 0.5048
vn -0.9908 -0.1279 0.0440
vn -0.9020 0.0653 -0.4267
vn -0.5743 0.2401 -0.7826
vn -0.0959 0.3512 -0.9314
vn 0.4078 0.3700 -0.8348
vn 0.8048 0.2911 -0.5173
vn 0.9030 0.0071 0.4296
vn 0.9889 0.1331 -0.0668
vn 0.5708 -0.1220 0.8119
vn 0.0807 -0.2181 0.9726
vn -0.4317 -0.2538 0.8656
vn -0.8242 -0.2198 0.5219
vn -0.9911 -0.1270 0.0388
vn -0.8923 -0.0016 -0.4515
vn -0.5587 0.1233 -0.8201
vn -0.0801 0.2156 -0.9732
vn 0.4193 0.2517 -0.8722
vn 0.8103 0.2221 -0.5423
vn 0.8931 0.1001 0.4386
vn 0.9892 0.1281 -0.0711
vn 0.5523 0.0443 0.8325
vn 0.0569 -0.0241 0.9981
vn -0.4543 -0.0856 0.8867
vn -0.8380 -0.1231 0.5316
vn -0.9912 -0.1273 0.0351
vn -0.8790 -0.0979 -0.4666
vn -0.5368 -0.0431 -0.8426
vn -0.0563 0.0227 -0.9982
vn 0.4388 0.0827 -0.8948
vn 0.8211 0.1213 -0.5577
vn 0.8797 0.2037 0.4298
vn 0.9901 0.1208 -0.0709
vn 0.5278 0.2317 0.8171
vn 0.0281 0.1958 0.9802
vn -0.4796 0.1054 0.8712
vn -0.8526 -0.0137 0.5225
vn -0.9912 -0.1279 0.0347
vn -0.8645 -0.2069 -0.4581
vn -0.5118 -0.2311 -0.8274
vn -0.0275 -0.1951 -0.9804
vn 0.4638 -0.1086 -0.8792
vn 0.8361 0.0065 -0.5486
vn 0.8656 0.2973 0.4029
vn 0.9912 0.1147 -0.0665
vn 0.5032 0.4007 0.7657
vn 0.0004 0.3941 0.9191
vn -0.5026 0.2782 0.8185
vn -0.8654 0.0864 0.4937
vn -0.9912 -0.1270 0.0372
vn -0.8519 -0.3044 -0.4261
vn -0.4893 -0.4004 -0.7748
vn -0.0001 -0.3916 -0.9201
vn 0.4891 -0.2809 -0.8257
vn 0.8518 -0.0965 -0.5150
vn 0.8532 0.3385 0.3969
vn 0.9923 0.1139 -0.0484
vn 0.4857 0.4725 0.7354
vn -0.0113 0.4801 0.8771
vn -0.5055 0.3593 0.7845
vn -0.8650 0.1419 0.4813
vn -0.9923 -0.1139 0.0482
vn -0.8526 -0.3387 -0.3980
vn -0.4842 -0.4721 -0.7367
vn 0.0131 -0.4789 -0.8778
vn 0.5067 -0.3579 -0.7843
vn 0.8653 -0.1411 -0.4809
vn 0.8545 0.3004 0.4238
vn 0.9940 0.1044 -0.0318
vn 0.4897 0.4165 0.7660
vn -0.0034 0.4228 0.9062
vn -0.4959 0.3180 0.8081
vn -0.8586 0.1289 0.4962
vn -0.9941 -0.0954 0.0510
vn -0.8629 -0.2953 -0.4101
vn -0.4965 -0.4159 -0.7619
vn 0.0066 -0.4229 -0.9061
vn 0.5074 -0.3142 -0.8023
vn 0.8684 -0.1206 -0.4809
vn 0.8626 0.2321 0.4495
vn 0.9960 0.0855 -0.0268
vn 0.5011 0.3169 0.8053
vn 0.0079 0.3179 0.9481
vn -0.4878 0.2349 0.8407
vn -0.8554 0.0895 0.5102
vn -0.9959 -0.0803 0.0422
vn -0.8688 -0.2290 -0.4389
vn -0.5060 -0.3161 -0.8026
vn -0.0050 -0.3172 -0.9483
vn 0.4970 -0.2322 -0.8361
vn 0.8632 -0.0845 -0.4978
vn 0.8682 0.1754 0.4643
vn 0.9974 0.0680 -0.0238
vn 0.5087 0.2360 0.8280
vn 0.0148 0.2341 0.9721
vn -0.4833 0.1701 0.8588
vn -0.8539 0.0608 0.5169
vn -0.9972 -0.0650 0.0359
vn -0.8728 -0.1737 -0.4562
vn -0.5120 -0.2356 -0.8260
vn -0.0121 -0.2337 -0.9722
vn 0.4907 -0.1685 -0.8549
vn 0.8601 -0.0579 -0.5069
vn 0.8718 0.1281 0.4728
vn 0.9985 0.0512 -0.0218
vn 0.5135 0.1709 0.8409
vn 0.0191 0.1683 0.9856
vn -0.4807 0.1209 0.8685
vn -0.8533 0.0413 0.5198
vn -0.9983 -0.0496 0.0313
vn -0.8752 -0.1272 -0.4668
vn -0.5156 -0.1707 -0.8397
vn -0.0164 -0.1680 -0.9857
vn 0.4870 -0.1199 -0.8651
vn 0.8582 -0.0396 -0.5117
vn 0.8741 0.0880 0.4778
vn 0.9992 0.0344 -0.0205
vn 0.5164 0.1180 0.8482
vn 0.0215 0.1167 0.9929
vn -0.4795 0.0843 0.8735
vn -0.8532 0.0293 0.5208
vn -0.9990 -0.0336 0.0279
vn -0.8765 -0.0875 -0.4733
vn -0.5175 -0.1179 -0.8475
vn -0.0187 -0.1165 -0.9930
vn 0.4849 -0.0837 -0.8706
vn 0.8573 -0.0284 -0.5141
vn 0.8754 0.0529 0.4805
vn 0.9997 0.0170 -0.0197
vn 0.5180 0.0746 0.8521
vn 0.0227 0.0765 0.9968
vn -0.4791 0.0580 0.8759
vn -0.8534 0.0240 0.5207
vn -0.9995 -0.0165 0.0254
vn -0.8771 -0.0526 -0.4774
vn -0.5183 -0.0746 -0.8519
vn -0.0197 -0.0764 -0.9969
vn 0.4838 -0.0577 -0.8733
vn 0.8568 -0.0235 -0.5152
vn 0.8760 0.0211 0.4818
vn 0.9998 -0.0019 -0.0192
vn 0.5187 0.0385 0.8541
vn 0.0231 0.0456 0.9987
vn -0.4791 0.0405 0.8768
vn -0.8537 0.0246 0.5202
vn -0.9997 0.0021 0.0236
vn -0.8771 -0.0210 -0.4799
vn -0.5182 -0.0385 -0.8544
vn -0.0198 -0.0456 -0.9988
vn 0.4835 -0.0404 -0.8744
vn 0.8565 -0.0244 -0.5156
vn 0.8760 -0.0088 0.4823
vn 0.9995 -0.0232 -0.0191
vn 0.5188 0.0079 0.8549
vn 0.0231 0.0226 0.9995
vn -0.4793 0.0312 0.8771
vn -0.8538 0.0315 0.5196
vn -0.9995 0.0233 0.0222
vn -0.8764 0.0089 -0.4815
vn -0.5174 -0.0079 -0.8557
vn -0.0193 -0.0226 -0.9996
vn 0.4835 -0.0312 -0.8748
vn 0.8562 -0.0314 -0.5157
vn 0.8753 -0.0383 0.4821
vn 0.9987 -0.0481 -0.0193
vn 0.5184 -0.0182 0.8550
vn 0.0228 0.0067 0.9997
vn -0.4793 0.0299 0.8771
vn -0.8535 0.0450 0.5191
vn -0.9986 0.0481 0.0213
vn -0.8750 0.0383 -0.4825
vn -0.5160 0.0181 -0.8564
vn -0.0184 -0.0069 -0.9998
vn 0.4836 -0.0300 -0.8748
vn 0.8556 -0.0451 -0.5157
vn 0.8737 -0.0689 0.4815
vn 0.9967 -0.0784 -0.0197
vn 0.5176 -0.0410 0.8546
vn 0.0228 -0.0021 0.9997
vn -0.4787 0.0373 0.8772
vn -0.8522 0.0668 0.5188
vn -0.9967 0.0784 0.0206
vn -0.8727 0.0688 -0.4833
vn -0.5139 0.0407 -0.8569
vn -0.0173 0.0017 -0.9998
vn 0.4832 -0.0377 -0.8747
vn 0.8540 -0.0670 -0.5159
vn 0.8709 -0.1025 0.4807
vn 0.9930 -0.1166 -0.0204
vn 0.5166 -0.0611 0.8541
vn 0.0237 -0.0033 0.9997
vn -0.4764 0.0555 0.8775
vn -0.8491 0.0995 0.5188
vn -0.9930 0.1166 0.0199
vn -0.8689 0.1022 -0.4842
vn -0.5111 0.0603 -0.8574
vn -0.0166 0.0023 -0.9999
vn 0.4815 -0.0562 -0.8746
vn 0.8507 -0.0997 -0.5162
vn 0.8618 -0.1488 0.4850
vn 0.9883 -0.1515 -0.0152
vn 0.5066 -0.1067 0.8555
vn 0.0175 -0.0363 0.9992
vn -0.4766 0.0438 0.8780
vn -0.8449 0.1125 0.5229
vn -0.9882 0.1511 0.0267
vn -0.8655 0.1490 -0.4782
vn -0.5083 0.1064 -0.8546
vn -0.0133 0.0350 -0.9993
vn 0.4847 -0.0457 -0.8735
vn 0.8511 -0.1139 -0.5125
vn 0.8499 -0.2075 0.4844
vn 0.9862 -0.1650 -0.0115
vn 0.4890 -0.1949 0.8502
vn -0.0000 -0.1310 0.9914
vn -0.4891 -0.0326 0.8716
vn -0.8499 0.0746 0.5216
vn -0.9862 0.1624 0.0317
vn -0.8587 0.2070 -0.4689
vn -0.4980 0.1957 -0.8448
vn -0.0003 0.1309 -0.9914
vn 0.4976 0.0304 -0.8669
vn 0.8586 -0.0781 -0.5067
vn 0.8428 -0.2567 0.4731
vn 0.9866 -0.1628 -0.0144
vn 0.4753 -0.2820 0.8334
vn -0.0173 -0.2326 0.9724
vn -0.5053 -0.1218 0.8543
vn -0.8601 0.0215 0.5096
vn -0.9868 0.1595 0.0282
vn -0.8491 0.2554 -0.4623
vn -0.4818 0.2826 -0.8294
vn 0.0168 0.2333 -0.9723
vn 0.5109 0.1205 -0.8511
vn 0.8659 -0.0247 -0.4996
vn 0.8390 -0.2861 0.4628
vn 0.9873 -0.1582 -0.0160
vn 0.4672 -0.3373 0.8173
vn -0.0285 -0.2987 0.9539
vn -0.5165 -0.1808 0.8370
vn -0.8675 -0.0147 0.4972
vn -0.9875 0.1557 0.0242
vn -0.8431 0.2847 -0.4562
vn -0.4716 0.3374 -0.8147
vn 0.0277 0.2991 -0.9538
vn 0.5195 0.1800 -0.8353
vn 0.8708 0.0124 -0.4915
vn 0.8380 -0.2983 0.4569
vn 0.9883 -0.1518 -0.0164
vn 0.4637 -0.3648 0.8074
vn -0.0343 -0.3338 0.9420
vn -0.5230 -0.2137 0.8251
vn -0.8722 -0.0365 0.4878
vn -0.9884 0.1505 0.0199
vn -0.8400 0.2975 -0.4537
vn -0.4661 0.3647 -0.8060
vn 0.0332 0.3341 -0.9420
vn 0.5237 0.2135 -0.8247
vn 0.8734 0.0356 -0.4857
vn 0.8394 -0.2957 0.4561
vn 0.9895 -0.1438 -0.0159
vn 0.4640 -0.3683 0.8057
vn -0.0357 -0.3420 0.9390
vn -0.5257 -0.2241 0.8206
vn -0.8747 -0.0462 0.4824
vn -0.9895 0.1440 0.0151
vn -0.8394 0.2957 -0.4561
vn -0.4647 0.3682 -0.8053
vn 0.0343 0.3422 -0.9390
vn 0.5244 0.2246 -0.8213
vn 0.8741 0.0467 -0.4835
vn 0.8426 -0.2796 0.4603
vn 0.9908 -0.1343 -0.0147
vn 0.4675 -0.3498 0.8118
vn -0.0335 -0.3259 0.9448
vn -0.5253 -0.2142 0.8235
vn -0.8756 -0.0451 0.4810
vn -0.9907 0.1359 0.0100
vn -0.8408 0.2803 -0.4632
vn -0.4667 0.3498 -0.8123
vn 0.0318 0.3260 -0.9448
vn 0.5220 0.2152 -0.8253
vn 0.8732 0.0469 -0.4852
vn 0.8473 -0.2503 0.4684
vn 0.9923 -0.1233 -0.0132
vn 0.4736 -0.3101 0.8243
vn -0.0283 -0.2860 0.9578
vn -0.5224 -0.1848 0.8325
vn -0.8750 -0.0338 0.4830
vn -0.9920 0.1258 0.0046
vn -0.8438 0.2515 -0.4740
vn -0.4713 0.3100 -0.8257
vn 0.0263 0.2861 -0.9578
vn 0.5171 0.1862 -0.8354
vn 0.8708 0.0365 -0.4902
vn 0.8533 -0.2076 0.4783
vn 0.9938 -0.1107 -0.0119
vn 0.4818 -0.2487 0.8402
vn -0.0208 -0.2223 0.9747
vn -0.5174 -0.1357 0.8449
vn -0.8733 -0.0125 0.4870
vn -0.9935 0.1136 -0.0007
vn -0.8482 0.2089 -0.4868
vn -0.4780 0.2485 -0.8425
vn 0.0185 0.2223 -0.9748
vn 0.5102 0.1373 -0.8490
vn 0.8674 0.0155 -0.4974
vn 0.8600 -0.1517 0.4871
vn 0.9952 -0.0967 -0.0112
vn 0.4913 -0.1658 0.8550
vn -0.0116 -0.1347 0.9908
vn -0.5110 -0.0670 0.8569
vn -0.8708 0.0186 0.4913
vn -0.9951 0.0989 -0.0053
vn -0.8534 0.1525 -0.4984
vn -0.4861 0.1654 -0.8581
vn 0.0090 0.1347 -0.9908
vn 0.5020 0.0684 -0.8621
vn 0.8632 -0.0161 -0.5047
vn 0.8669 -0.0837 0.4915
vn 0.9966 -0.0816 -0.0116
vn 0.5013 -0.0630 0.8630
vn -0.0018 -0.0251 0.9997
vn -0.5040 0.0197 0.8635
vn -0.8679 0.0589 0.4932
vn -0.9966 0.0821 -0.0082
vn -0.8590 0.0833 -0.5051
vn -0.4948 0.0623 -0.8668
vn -0.0010 0.0251 -0.9997
vn 0.4934 -0.0188 -0.8696
vn 0.8587 -0.0578 -0.5092
vn 0.8730 -0.0067 0.4876
vn 0.9977 -0.0661 -0.0133
vn 0.5104 0.0547 0.8582
vn 0.0075 0.1013 0.9948
vn -0.4971 0.1202 0.8593
vn -0.8649 0.1063 0.4905
vn -0.9979 0.0639 -0.0086
vn -0.8644 0.0046 -0.5028
vn -0.5031 -0.0557 -0.8624
vn -0.0103 -0.1012 -0.9948
vn 0.4855 -0.1202 -0.8660
vn 0.8545 -0.1075 -0.5081
vn 0.8750 0.0334 0.4830
vn 0.9982 -0.0583 -0.0144
vn 0.5135 0.1162 0.8502
vn 0.0118 0.1673 0.9858
vn -0.4931 0.1729 0.8526
vn -0.8631 0.1314 0.4876
vn -0.9985 0.0545 -0.0079
vn -0.8661 -0.0365 -0.4985
vn -0.5059 -0.1174 -0.8545
vn -0.0146 -0.1673 -0.9858
vn 0.4811 -0.1734 -0.8593
vn 0.8524 -0.1338 -0.5055
vn 0.9017 -0.0357 0.4308
vn 0.9017 -0.0218 0.4318
vn 0.9953 -0.0597 -0.0766
vn 0.9949 -0.0618 -0.0792
vn 0.5646 0.0001 0.8254
vn 0.5652 0.0221 0.8247
vn 0.0741 0.0359 0.9966
vn 0.0759 0.0600 0.9953
vn -0.4363 0.0619 0.8976
vn -0.4338 0.0817 0.8973
vn -0.8281 0.0712 0.5561
vn -0.8261 0.0814 0.5576
vn -0.9959 0.0613 0.0658
vn -0.9959 0.0592 0.0687
vn -0.8970 0.0352 -0.4405
vn -0.8989 0.0213 -0.4377
vn -0.5601 -0.0002 -0.8284
vn -0.5624 -0.0222 -0.8266
vn -0.0757 -0.0355 -0.9965
vn -0.0766 -0.0598 -0.9953
vn 0.4291 -0.0614 -0.9012
vn 0.4297 -0.0815 -0.8993
vn 0.8211 -0.0711 -0.5664
vn 0.8220 -0.0815 -0.5636
vn 0.9020 -0.0021 0.4316
vn 0.9955 -0.0576 -0.0747
vn 0.5663 0.0541 0.8224
vn 0.0781 0.0957 0.9923
vn -0.4311 0.1116 0.8954
vn -0.8242 0.0975 0.5579
vn -0.9958 0.0573 0.0709
vn -0.9006 0.0017 -0.4346
vn -0.5647 -0.0542 -0.8235
vn -0.0781 -0.0956 -0.9923
vn 0.4293 -0.1116 -0.8962
vn 0.8223 -0.0977 -0.5606
vn 0.9020 0.0046 0.4317
vn 0.9955 -0.0591 -0.0734
vn 0.5666 0.0671 0.8212
vn 0.0791 0.1117 0.9906
vn -0.4296 0.1263 0.8941
vn -0.8230 0.1070 0.5578
vn -0.9957 0.0590 0.0719
vn -0.9013 -0.0048 -0.4331
vn -0.5657 -0.0672 -0.8219
vn -0.0787 -0.1117 -0.9906
vn 0.4293 -0.1262 -0.8943
vn 0.8225 -0.1070 -0.5586
vn 0.9016 0.0029 0.4325
vn 0.9954 -0.0633 -0.0720
vn 0.5665 0.0683 0.8212
vn 0.0795 0.1155 0.9901
vn -0.4288 0.1317 0.8938
vn -0.8223 0.1126 0.5578
vn -0.9954 0.0633 0.0722
vn -0.9015 -0.0030 -0.4327
vn -0.5659 -0.0684 -0.8216
vn -0.0787 -0.1155 -0.9902
vn 0.4296 -0.1317 -0.8934
vn 0.8226 -0.1125 -0.5573
vn 0.9009 -0.0056 0.4339
vn 0.9951 -0.0699 -0.0705
vn 0.5659 0.0602 0.8223
vn 0.0794 0.1099 0.9908
vn -0.4284 0.1303 0.8942
vn -0.8217 0.1157 0.5580
vn -0.9949 0.0701 0.0721
vn -0.9012 0.0057 -0.4333
vn -0.5656 -0.0603 -0.8225
vn -0.0781 -0.1101 -0.9909
vn 0.4302 -0.1303 -0.8933
vn 0.8229 -0.1156 -0.5563
vn 0.8997 -0.0210 0.4361
vn 0.9945 -0.0794 -0.0688
vn 0.5646 0.0431 0.8243
vn 0.0787 0.0956 0.9923
vn -0.4284 0.1226 0.8953
vn -0.8212 0.1168 0.5586
vn -0.9942 0.0797 0.0719
vn -0.9004 0.0212 -0.4345
vn -0.5646 -0.0431 -0.8243
vn -0.0769 -0.0958 -0.9924
vn 0.4312 -0.1227 -0.8939
vn 0.8233 -0.1167 -0.5556
vn 0.8975 -0.0445 0.4387
vn 0.9935 -0.0926 -0.0667
vn 0.5622 0.0155 0.8268
vn 0.0771 0.0713 0.9945
vn -0.4288 0.1081 0.8969
vn -0.8207 0.1161 0.5594
vn -0.9931 0.0929 0.0716
vn -0.8988 0.0448 -0.4361
vn -0.5625 -0.0155 -0.8267
vn -0.0746 -0.0715 -0.9946
vn 0.4330 -0.1083 -0.8948
vn 0.8238 -0.1160 -0.5548
vn 0.8937 -0.0789 0.4416
vn 0.9917 -0.1109 -0.0643
vn 0.5580 -0.0259 0.8294
vn 0.0740 0.0340 0.9967
vn -0.4302 0.0849 0.8988
vn -0.8203 0.1132 0.5607
vn -0.9912 0.1112 0.0717
vn -0.8958 0.0792 -0.4374
vn -0.5585 0.0259 -0.8291
vn -0.0705 -0.0344 -0.9969
vn 0.4362 -0.0854 -0.8958
vn 0.8248 -0.1134 -0.5539
vn 0.8869 -0.1296 0.4435
vn 0.9886 -0.1373 -0.0620
vn 0.5501 -0.0876 0.8305
vn 0.0678 -0.0223 0.9975
vn -0.4331 0.0490 0.9000
vn -0.8198 0.1073 0.5625
vn -0.9879 0.1370 0.0732
vn -0.8900 0.1297 -0.4371
vn -0.5511 0.0874 -0.8298
vn -0.0628 0.0213 -0.9978
vn 0.4420 -0.0504 -0.8956
vn 0.8266 -0.1084 -0.5523
vn 0.8734 -0.2065 0.4411
vn 0.9823 -0.1769 -0.0610
vn 0.5344 -0.1815 0.8255
vn 0.0551 -0.1088 0.9925
vn -0.4397 -0.0071 0.8981
vn -0.8196 0.0967 0.5647
vn -0.9815 0.1748 0.0783
vn -0.8785 0.2057 -0.4312
vn -0.5363 0.1807 -0.8245
vn -0.0477 0.1065 -0.9932
vn 0.4532 0.0035 -0.8914
vn 0.8298 -0.1002 -0.5490
vn 0.8454 -0.3262 0.4229
vn 0.9687 -0.2390 -0.0668
vn 0.5013 -0.3278 0.8008
vn 0.0265 -0.2440 0.9694
vn -0.4561 -0.0962 0.8847
vn -0.8204 0.0777 0.5665
vn -0.9681 0.2321 0.0948
vn -0.8540 0.3249 -0.4064
vn -0.5040 0.3288 -0.7987
vn -0.0140 0.2415 -0.9703
vn 0.4777 0.0882 -0.8741
vn 0.8361 -0.0879 -0.5414
vn 0.8311 -0.3869 0.3994
vn 0.9612 -0.2618 -0.0870
vn 0.4788 -0.4079 0.7774
vn -0.0011 -0.3197 0.9475
vn -0.4816 -0.1458 0.8642
vn -0.8335 0.0673 0.5483
vn -0.9614 0.2617 0.0851
vn -0.8318 0.3853 -0.3996
vn -0.4812 0.4062 -0.7768
vn -0.0027 0.3193 -0.9476
vn 0.4781 0.1469 -0.8659
vn 0.8319 -0.0660 -0.5510
vn 0.8691 -0.2625 0.4192
vn 0.9792 -0.1827 -0.0884
vn 0.5148 -0.2695 0.8138
vn 0.0157 -0.2004 0.9796
vn -0.4836 -0.0762 0.8720
vn -0.8458 0.0667 0.5293
vn -0.9805 0.1901 0.0498
vn -0.8588 0.2630 -0.4397
vn -0.5151 0.2677 -0.8143
vn -0.0382 0.2033 -0.9784
vn 0.4497 0.0860 -0.8890
vn 0.8226 -0.0547 -0.5660
vn 0.8942 -0.0601 0.4436
vn 0.9952 -0.0691 -0.0700
vn 0.5465 -0.0345 0.8368
vn 0.0479 0.0002 0.9989
vn -0.4620 0.0347 0.8862
vn -0.8433 0.0601 0.5341
vn -0.9967 0.0698 0.0421
vn -0.8870 0.0614 -0.4577
vn -0.5468 0.0370 -0.8365
vn -0.0644 0.0029 -0.9979
vn 0.4366 -0.0322 -0.8991
vn 0.8255 -0.0587 -0.5614
vn 0.8960 0.0849 0.4359
vn 0.9973 0.0166 -0.0714
vn 0.5497 0.1301 0.8251
vn 0.0533 0.1397 0.9888
vn -0.4564 0.1111 0.8828
vn -0.8406 0.0529 0.5390
vn -0.9984 -0.0188 0.0530
vn -0.8915 -0.0851 -0.4449
vn -0.5507 -0.1289 -0.8247
vn -0.0653 -0.1389 -0.9882
vn 0.4388 -0.1124 -0.8915
vn 0.8285 -0.0557 -0.5572
vn 0.8891 0.1826 0.4197
vn 0.9938 0.0776 -0.0792
vn 0.5429 0.2382 0.8053
vn 0.0495 0.2291 0.9721
vn -0.4564 0.1580 0.8756
vn -0.8380 0.0447 0.5438
vn -0.9945 -0.0801 0.0678
vn -0.8865 -0.1832 -0.4249
vn -0.5443 -0.2376 -0.8045
vn -0.0580 -0.2294 -0.9716
vn 0.4446 -0.1602 -0.8813
vn 0.8302 -0.0480 -0.5554
vn 0.8806 0.2468 0.4045
vn 0.9888 0.1210 -0.0879
vn 0.5344 0.3060 0.7878
vn 0.0441 0.2825 0.9582
vn -0.4574 0.1829 0.8702
vn -0.8352 0.0345 0.5489
vn -0.9891 -0.1228 0.0815
vn -0.8794 -0.2471 -0.4069
vn -0.5362 -0.3057 -0.7868
vn -0.0503 -0.2831 -0.9578
vn 0.4497 -0.1850 -0.8738
vn 0.8305 -0.0372 -0.5558
vn 0.8733 0.2874 0.3934
vn 0.9837 0.1524 -0.0954
vn 0.5277 0.3449 0.7762
vn 0.0404 0.3096 0.9500
vn -0.4572 0.1913 0.8685
vn -0.8319 0.0218 0.5545
vn -0.9838 -0.1532 0.0927
vn -0.8733 -0.2873 -0.3935
vn -0.5299 -0.3448 -0.7748
vn -0.0449 -0.3103 -0.9496
vn 0.4526 -0.1928 -0.8706
vn 0.8294 -0.0234 -0.5582
vn 0.8683 0.3099 0.3873
vn 0.9793 0.1754 -0.1009
vn 0.5242 0.3611 0.7712
vn 0.0399 0.3154 0.9481
vn -0.4548 0.1853 0.8711
vn -0.8276 0.0058 0.5613
vn -0.9793 -0.1752 0.1016
vn -0.8694 -0.3094 -0.3853
vn -0.5270 -0.3610 -0.7694
vn -0.0432 -0.3160 -0.9478
vn 0.4526 -0.1861 -0.8721
vn 0.8271 -0.0062 -0.5621
vn 0.8662 0.3169 0.3863
vn 0.9758 0.1922 -0.1043
vn 0.5248 0.3565 0.7729
vn 0.0436 0.3009 0.9527
vn -0.4490 0.1650 0.8781
vn -0.8219 -0.0149 0.5694
vn -0.9756 -0.1909 0.1085
vn -0.8685 -0.3161 -0.3820
vn -0.5283 -0.3566 -0.7705
vn -0.0459 -0.3014 -0.9524
vn 0.4492 -0.1650 -0.8781
vn 0.8233 0.0158 -0.5674
vn 0.8676 0.3078 0.3905
vn 0.9733 0.2038 -0.1053
vn 0.5306 0.3294 0.7810
vn 0.0528 0.2634 0.9632
vn -0.4389 0.1274 0.8895
vn -0.8142 -0.0425 0.5791
vn -0.9729 -0.2015 0.1137
vn -0.8713 -0.3068 -0.3830
vn -0.5351 -0.3299 -0.7777
vn -0.0542 -0.2640 -0.9630
vn 0.4416 -0.1267 -0.8882
vn 0.8178 0.0447 -0.5737
vn 0.8735 0.2789 0.3990
vn 0.9722 0.2100 -0.1036
vn 0.5429 0.2734 0.7940
vn 0.0693 0.1955 0.9782
vn -0.4225 0.0661 0.9039
vn -0.8033 -0.0811 0.5900
vn -0.9712 -0.2072 0.1180
vn -0.8790 -0.2783 -0.3873
vn -0.5491 -0.2745 -0.7894
vn -0.0697 -0.1963 -0.9781
vn 0.4286 -0.0646 -0.9012
vn 0.8101 0.0843 -0.5801
vn 0.8852 0.2222 0.4086
vn 0.9727 0.2095 -0.0993
vn 0.5642 0.1761 0.8067
vn 0.0954 0.0838 0.9919
vn -0.3983 -0.0305 0.9167
vn -0.7882 -0.1370 0.5999
vn -0.9705 -0.2076 0.1226
vn -0.8933 -0.2228 -0.3903
vn -0.5731 -0.1776 -0.8000
vn -0.0949 -0.0836 -0.9920
vn 0.4092 0.0333 -0.9118
vn 0.7999 0.1407 -0.5834
vn 0.8979 0.1702 0.4059
vn 0.9719 0.2112 -0.1043
vn 0.5851 0.0842 0.8066
vn 0.1179 -0.0240 0.9927
vn -0.3805 -0.1259 0.9162
vn -0.7786 -0.1946 0.5966
vn -0.9703 -0.2115 0.1172
vn -0.9025 -0.1715 -0.3949
vn -0.5913 -0.0851 -0.8019
vn -0.1195 0.0245 -0.9925
vn 0.3850 0.1274 -0.9141
vn 0.7847 0.1957 -0.5882
vn 0.9001 0.1745 0.3992
vn 0.9672 0.2275 -0.1128
vn 0.5902 0.0745 0.8038
vn 0.1212 -0.0455 0.9916
vn -0.3800 -0.1533 0.9122
vn -0.7784 -0.2197 0.5880
vn -0.9679 -0.2272 0.1070
vn -0.8989 -0.1740 -0.4020
vn -0.5905 -0.0745 -0.8036
vn -0.1250 0.0449 -0.9911
vn 0.3743 0.1524 -0.9147
vn 0.7742 0.2193 -0.5937
vn 0.8922 0.2080 0.4010
vn 0.9626 0.2469 -0.1114
vn 0.5814 0.1131 0.8057
vn 0.1139 -0.0124 0.9934
vn -0.3839 -0.1344 0.9135
vn -0.7781 -0.2202 0.5883
vn -0.9632 -0.2468 0.1061
vn -0.8909 -0.2075 -0.4039
vn -0.5812 -0.1130 -0.8059
vn -0.1166 0.0117 -0.9931
vn 0.3794 0.1333 -0.9156
vn 0.7745 0.2195 -0.5932
vn 0.8854 0.2342 0.4016
vn 0.9593 0.2597 -0.1108
vn 0.5732 0.1456 0.8064
vn 0.1066 0.0179 0.9941
vn -0.3885 -0.1147 0.9143
vn -0.7788 -0.2163 0.5889
vn -0.9598 -0.2598 0.1060
vn -0.8841 -0.2338 -0.4047
vn -0.5724 -0.1454 -0.8070
vn -0.1082 -0.0183 -0.9940
vn 0.3851 0.1138 -0.9158
vn 0.7759 0.2155 -0.5929
vn 0.8802 0.2532 0.4015
vn 0.9576 0.2661 -0.1106
vn 0.5661 0.1722 0.8061
vn 0.0997 0.0449 0.9940
vn -0.3935 -0.0945 0.9145
vn -0.7806 -0.2084 0.5892
vn -0.9580 -0.2663 0.1063
vn -0.8788 -0.2529 -0.4047
vn -0.5649 -0.1719 -0.8071
vn -0.1003 -0.0451 -0.9939
vn 0.3911 0.0938 -0.9155
vn 0.7783 0.2077 -0.5925
vn 0.8767 0.2656 0.4011
vn 0.9575 0.2666 -0.1104
vn 0.5605 0.1932 0.8053
vn 0.0935 0.0688 0.9932
vn -0.3987 -0.0741 0.9141
vn -0.7835 -0.1970 0.5893
vn -0.9578 -0.2669 0.1066
vn -0.8753 -0.2653 -0.4043
vn -0.5588 -0.1927 -0.8066
vn -0.0931 -0.0687 -0.9933
vn 0.3973 0.0736 -0.9147
vn 0.7818 0.1964 -0.5918
vn 0.8750 0.2716 0.4008
vn 0.9589 0.2617 -0.1098
vn 0.5563 0.2086 0.8043
vn 0.0881 0.0896 0.9921
vn -0.4040 -0.0536 0.9132
vn -0.7874 -0.1823 0.5889
vn -0.9592 -0.2620 0.1066
vn -0.8736 -0.2714 -0.4040
vn -0.5542 -0.2081 -0.8060
vn -0.0869 -0.0893 -0.9922
vn 0.4035 0.0534 -0.9134
vn 0.7862 0.1819 -0.5906
vn 0.8749 0.2719 0.4008
vn 0.9616 0.2519 -0.1088
vn 0.5537 0.2191 0.8034
vn 0.0836 0.1074 0.9907
vn -0.4092 -0.0332 0.9119
vn -0.7920 -0.1649 0.5879
vn -0.9618 -0.2522 0.1060
vn -0.8735 -0.2718 -0.4040
vn -0.5511 -0.2185 -0.8053
vn -0.0816 -0.1069 -0.9909
vn 0.4095 0.0333 -0.9117
vn 0.7912 0.1646 -0.5890
vn 0.8762 0.2669 0.4013
vn 0.9654 0.2376 -0.1072
vn 0.5523 0.2248 0.8027
vn 0.0800 0.1224 0.9893
vn -0.4141 -0.0130 0.9101
vn -0.7970 -0.1449 0.5863
vn -0.9656 -0.2379 0.1049
vn -0.8748 -0.2669 -0.4044
vn -0.5495 -0.2243 -0.8048
vn -0.0773 -0.1217 -0.9896
vn 0.4152 0.0134 -0.9096
vn 0.7967 0.1448 -0.5868
vn 0.8786 0.2572 0.4024
vn 0.9700 0.2193 -0.1050
vn 0.5521 0.2262 0.8025
vn 0.0773 0.1346 0.9879
vn -0.4186 0.0068 0.9081
vn -0.8023 -0.1229 0.5842
vn -0.9701 -0.2196 0.1032
vn -0.8772 -0.2572 -0.4054
vn -0.5490 -0.2257 -0.8048
vn -0.0740 -0.1339 -0.9882
vn 0.4204 -0.0063 -0.9073
vn 0.8023 0.1229 -0.5841
vn 0.8818 0.2432 0.4042
vn 0.9749 0.1976 -0.1021
vn 0.5528 0.2238 0.8027
vn 0.0754 0.1444 0.9866
vn -0.4227 0.0261 0.9059
vn -0.8075 -0.0992 0.5815
vn -0.9751 -0.1978 0.1007
vn -0.8804 -0.2433 -0.4071
vn -0.5494 -0.2233 -0.8052
vn -0.0715 -0.1436 -0.9871
vn 0.4251 -0.0255 -0.9048
vn 0.8079 0.0993 -0.5809
vn 0.8853 0.2255 0.4066
vn 0.9800 0.1729 -0.0986
vn 0.5541 0.2178 0.8035
vn 0.0741 0.1518 0.9856
vn -0.4263 0.0450 0.9035
vn -0.8124 -0.0740 0.5784
vn -0.9801 -0.1731 0.0975
vn -0.8840 -0.2256 -0.4094
vn -0.5505 -0.2175 -0.8060
vn -0.0697 -0.1510 -0.9861
vn 0.4292 -0.0442 -0.9021
vn 0.8131 0.0743 -0.5773
vn 0.8871 0.2157 0.4080
vn 0.9824 0.1599 -0.0966
vn 0.5548 0.2140 0.8040
vn 0.0736 0.1549 0.9852
vn -0.4279 0.0542 0.9022
vn -0.8147 -0.0611 0.5767
vn -0.9824 -0.1601 0.0958
vn -0.8858 -0.2159 -0.4107
vn -0.5512 -0.2137 -0.8065
vn -0.0690 -0.1542 -0.9856
vn 0.4311 -0.0534 -0.9007
vn 0.8156 0.0615 -0.5753
vn 0.8913 0.1148 0.4386
vn 0.8928 0.1127 0.4361
vn 0.9883 0.1343 -0.0726
vn 0.9898 0.1242 -0.0702
vn 0.5549 0.0748 0.8286
vn 0.5587 0.0611 0.8271
vn 0.0721 0.0151 0.9973
vn 0.0761 -0.0067 0.9971
vn -0.4291 -0.0485 0.9020
vn -0.4263 -0.0727 0.9016
vn -0.8169 -0.0993 0.5681
vn -0.8154 -0.1194 0.5664
vn -0.9888 -0.1239 0.0826
vn -0.9877 -0.1343 0.0798
vn -0.8971 -0.1154 -0.4265
vn -0.8962 -0.1133 -0.4289
vn -0.5638 -0.0757 -0.8224
vn -0.5640 -0.0618 -0.8234
vn -0.0774 -0.0154 -0.9969
vn -0.0795 0.0065 -0.9968
vn 0.4304 0.0491 -0.9013
vn 0.4269 0.0731 -0.9013
vn 0.8214 0.1002 -0.5614
vn 0.8180 0.1199 -0.5626
vn 0.8940 0.1108 0.4341
vn 0.9859 0.1503 -0.0740
vn 0.5628 0.0417 0.8256
vn 0.0813 -0.0385 0.9959
vn -0.4216 -0.1084 0.9003
vn -0.8120 -0.1493 0.5643
vn -0.9856 -0.1504 0.0773
vn -0.8956 -0.1112 -0.4307
vn -0.5655 -0.0421 -0.8237
vn -0.0832 0.0383 -0.9958
vn 0.4216 0.1085 -0.9003
vn 0.8131 0.1495 -0.5627
vn 0.8943 0.1125 0.4332
vn 0.9844 0.1596 -0.0746
vn 0.5645 0.0352 0.8247
vn 0.0837 -0.0515 0.9952
vn -0.4194 -0.1244 0.8992
vn -0.8102 -0.1640 0.5627
vn -0.9843 -0.1597 0.0756
vn -0.8949 -0.1126 -0.4318
vn -0.5657 -0.0354 -0.8238
vn -0.0848 0.0513 -0.9951
vn 0.4190 0.1243 -0.8995
vn 0.8104 0.1640 -0.5625
vn 0.8939 0.1168 0.4327
vn 0.9834 0.1652 -0.0751
vn 0.5647 0.0370 0.8244
vn 0.0841 -0.0527 0.9951
vn -0.4190 -0.1282 0.8989
vn -0.8097 -0.1694 0.5619
vn -0.9834 -0.1652 0.0744
vn -0.8939 -0.1168 -0.4329
vn -0.5650 -0.0371 -0.8243
vn -0.0848 0.0526 -0.9950
vn 0.4182 0.1281 -0.8993
vn 0.8092 0.1694 -0.5626
vn 0.8931 0.1236 0.4325
vn 0.9828 0.1683 -0.0756
vn 0.5638 0.0456 0.8247
vn 0.0830 -0.0446 0.9956
vn -0.4201 -0.1228 0.8992
vn -0.8102 -0.1680 0.5615
vn -0.9830 -0.1682 0.0735
vn -0.8925 -0.1234 -0.4339
vn -0.5631 -0.0455 -0.8251
vn -0.0833 0.0445 -0.9955
vn 0.4189 0.1226 -0.8997
vn 0.8091 0.1679 -0.5632
vn 0.8919 0.1331 0.4323
vn 0.9826 0.1694 -0.0763
vn 0.5616 0.0610 0.8252
vn 0.0802 -0.0275 0.9964
vn -0.4227 -0.1086 0.8998
vn -0.8118 -0.1605 0.5614
vn -0.9829 -0.1693 0.0727
vn -0.8905 -0.1328 -0.4351
vn -0.5601 -0.0608 -0.8262
vn -0.0803 0.0274 -0.9964
vn 0.4210 0.1083 -0.9006
vn 0.8100 0.1603 -0.5640
vn 0.8900 0.1462 0.4318
vn 0.9826 0.1687 -0.0773
vn 0.5581 0.0845 0.8255
vn 0.0757 -0.0001 0.9971
vn -0.4271 -0.0846 0.9003
vn -0.8147 -0.1463 0.5612
vn -0.9831 -0.1687 0.0718
vn -0.8879 -0.1459 -0.4363
vn -0.5557 -0.0841 -0.8271
vn -0.0755 0.0001 -0.9971
vn 0.4248 0.0842 -0.9014
vn 0.8121 0.1459 -0.5650
vn 0.8875 0.1644 0.4306
vn 0.9830 0.1658 -0.0786
vn 0.5529 0.1187 0.8247
vn 0.0689 0.0410 0.9968
vn -0.4338 -0.0479 0.8997
vn -0.8191 -0.1237 0.5601
vn -0.9836 -0.1662 0.0704
vn -0.8843 -0.1641 -0.4372
vn -0.5491 -0.1183 -0.8273
vn -0.0683 -0.0410 -0.9968
vn 0.4307 0.0471 -0.9013
vn 0.8154 0.1228 -0.5657
vn 0.8839 0.1901 0.4273
vn 0.9838 0.1600 -0.0803
vn 0.5454 0.1689 0.8210
vn 0.0588 0.1019 0.9931
vn -0.4439 0.0074 0.8960
vn -0.8259 -0.0891 0.5567
vn -0.9845 -0.1613 0.0681
vn -0.8789 -0.1903 -0.4373
vn -0.5395 -0.1685 -0.8249
vn -0.0576 -0.1021 -0.9931
vn 0.4394 -0.0087 -0.8982
vn 0.8205 0.0872 -0.5649
vn 0.8789 0.2277 0.4192
vn 0.9853 0.1496 -0.0822
vn 0.5343 0.2442 0.8093
vn 0.0435 0.1943 0.9800
vn -0.4593 0.0916 0.8836
vn -0.8364 -0.0359 0.5469
vn -0.9861 -0.1534 0.0636
vn -0.8708 -0.2296 -0.4346
vn -0.5248 -0.2447 -0.8153
vn -0.0414 -0.1953 -0.9799
vn 0.4526 -0.0945 -0.8867
vn 0.8283 0.0316 -0.5594
vn 0.8723 0.2846 0.3975
vn 0.9879 0.1308 -0.0832
vn 0.5190 0.3626 0.7741
vn 0.0204 0.3412 0.9398
vn -0.4844 0.2252 0.8454
vn -0.8537 0.0476 0.5186
vn -0.9885 -0.1413 0.0538
vn -0.8586 -0.2909 -0.4221
vn -0.5032 -0.3630 -0.7842
vn -0.0171 -0.3399 -0.9403
vn 0.4733 -0.2281 -0.8509
vn 0.8406 -0.0565 -0.5387
vn 0.8601 0.3136 0.4023
vn 0.9908 0.1208 -0.0608
vn 0.4997 0.4217 0.7566
vn 0.0074 0.4174 0.9087
vn -0.4871 0.3024 0.8193
vn -0.8531 0.1063 0.5109
vn -0.9908 -0.1196 0.0639
vn -0.8608 -0.3139 -0.4006
vn -0.4991 -0.4236 -0.7559
vn -0.0048 -0.4194 -0.9078
vn 0.4904 -0.3029 -0.8172
vn 0.8551 -0.1051 -0.5076
vn 0.8630 0.2424 0.4432
vn 0.9920 0.1204 -0.0381
vn 0.5099 0.3002 0.8062
vn 0.0256 0.2802 0.9596
vn -0.4653 0.1879 0.8650
vn -0.8367 0.0466 0.5457
vn -0.9908 -0.1079 0.0814
vn -0.8815 -0.2358 -0.4091
vn -0.5291 -0.3010 -0.7934
vn -0.0254 -0.2825 -0.9589
vn 0.4854 -0.1841 -0.8547
vn 0.8570 -0.0355 -0.5140
vn 0.8797 0.1230 0.4594
vn 0.9926 0.1136 -0.0435
vn 0.5362 0.1004 0.8381
vn 0.0544 0.0517 0.9972
vn -0.4416 -0.0106 0.8972
vn -0.8240 -0.0705 0.5622
vn -0.9908 -0.1117 0.0760
vn -0.8923 -0.1225 -0.4345
vn -0.5496 -0.0992 -0.8295
vn -0.0542 -0.0485 -0.9974
vn 0.4561 0.0151 -0.8898
vn 0.8394 0.0743 -0.5385
vn 0.8914 0.0347 0.4518
vn 0.9931 0.1063 -0.0490
vn 0.5545 -0.0455 0.8310
vn 0.0727 -0.1136 0.9909
vn -0.4283 -0.1520 0.8908
vn -0.8178 -0.1505 0.5555
vn -0.9915 -0.1087 0.0708
vn -0.8995 -0.0370 -0.4353
vn -0.5628 0.0453 -0.8253
vn -0.0717 0.1153 -0.9907
vn 0.4389 0.1537 -0.8853
vn 0.8287 0.1501 -0.5392
vn 0.8987 -0.0266 0.4377
vn 0.9937 0.0978 -0.0544
vn 0.5654 -0.1435 0.8122
vn 0.0830 -0.2223 0.9714
vn -0.4214 -0.2425 0.8738
vn -0.8152 -0.1983 0.5442
vn -0.9925 -0.1010 0.0684
vn -0.9037 0.0240 -0.4275
vn -0.5702 0.1429 -0.8090
vn -0.0815 0.2232 -0.9714
vn 0.4291 0.2428 -0.8700
vn 0.8227 0.1966 -0.5335
vn 0.9032 -0.0694 0.4237
vn 0.9944 0.0875 -0.0600
vn 0.5717 -0.2075 0.7938
vn 0.0886 -0.2905 0.9528
vn -0.4183 -0.2963 0.8586
vn -0.8145 -0.2232 0.5355
vn -0.9936 -0.0901 0.0685
vn -0.9060 0.0675 -0.4179
vn -0.5739 0.2072 -0.7923
vn -0.0866 0.2910 -0.9528
vn 0.4239 0.2961 -0.8559
vn 0.8195 0.2214 -0.5286
vn 0.9059 -0.0999 0.4116
vn 0.9950 0.0748 -0.0665
vn 0.5752 -0.2477 0.7796
vn 0.0912 -0.3296 0.9397
vn -0.4174 -0.3235 0.8492
vn -0.8150 -0.2310 0.5315
vn -0.9946 -0.0763 0.0709
vn -0.9070 0.0990 -0.4093
vn -0.5753 0.2478 -0.7795
vn -0.0886 0.3299 -0.9398
vn 0.4216 0.3231 -0.8473
vn 0.8181 0.2296 -0.5273
vn 0.9075 -0.1219 0.4019
vn 0.9955 0.0587 -0.0743
vn 0.5771 -0.2699 0.7708
vn 0.0922 -0.3459 0.9337
vn -0.4178 -0.3293 0.8468
vn -0.8161 -0.2243 0.5326
vn -0.9954 -0.0591 0.0752
vn -0.9072 0.1222 -0.4025
vn -0.5752 0.2705 -0.7720
vn -0.0890 0.3461 -0.9340
vn 0.4208 0.3289 -0.8454
vn 0.8175 0.2236 -0.5307
vn 0.9086 -0.1376 0.3943
vn 0.9958 0.0379 -0.0839
vn 0.5783 -0.2765 0.7675
vn 0.0926 -0.3414 0.9353
vn -0.4185 -0.3147 0.8520
vn -0.8172 -0.2032 0.5393
vn -0.9960 -0.0370 0.0815
vn -0.9068 0.1390 -0.3980
vn -0.5743 0.2775 -0.7702
vn -0.0884 0.3415 -0.9357
vn 0.4206 0.3142 -0.8511
vn 0.8172 0.2031 -0.5394
vn 0.9094 -0.1482 0.3885
vn 0.9953 0.0100 -0.0958
vn 0.5797 -0.2671 0.7698
vn 0.0935 -0.3145 0.9447
vn -0.4186 -0.2770 0.8649
vn -0.8178 -0.1647 0.5514
vn -0.9960 -0.0079 0.0894
vn -0.9058 0.1506 -0.3961
vn -0.5729 0.2684 -0.7744
vn -0.0879 0.3143 -0.9453
vn 0.4200 0.2765 -0.8644
vn 0.8160 0.1653 -0.5539
vn 0.9104 -0.1539 0.3840
vn 0.9935 -0.0288 -0.1103
vn 0.5828 -0.2383 0.7769
vn 0.0968 -0.2587 0.9611
vn -0.4163 -0.2090 0.8849
vn -0.8164 -0.1024 0.5684
vn -0.9947 0.0318 0.0983
vn -0.9043 0.1569 -0.3971
vn -0.5722 0.2393 -0.7844
vn -0.0890 0.2578 -0.9621
vn 0.4168 0.2080 -0.8849
vn 0.8124 0.1034 -0.5739
vn 0.9122 -0.1541 0.3798
vn 0.9884 -0.0851 -0.1257
vn 0.5907 -0.1820 0.7861
vn 0.1070 -0.1606 0.9812
vn -0.4075 -0.0952 0.9082
vn -0.8102 -0.0037 0.5861
vn -0.9905 0.0885 0.1054
vn -0.9026 0.1563 -0.4011
vn -0.5745 0.1822 -0.7980
vn -0.0959 0.1598 -0.9825
vn 0.4070 0.0955 -0.9084
vn 0.8031 0.0061 -0.5959
vn 0.9095 -0.1580 0.3844
vn 0.9815 -0.1431 -0.1269
vn 0.5936 -0.1303 0.7942
vn 0.1168 -0.0673 0.9909
vn -0.3923 0.0141 0.9197
vn -0.7954 0.0916 0.5991
vn -0.9827 0.1441 0.1166
vn -0.9044 0.1579 -0.3963
vn -0.5841 0.1295 -0.8013
vn -0.1091 0.0669 -0.9918
vn 0.3939 -0.0133 -0.9191
vn 0.7925 -0.0901 -0.6032
vn 0.9032 -0.1740 0.3923
vn 0.9785 -0.1683 -0.1193
vn 0.5871 -0.1331 0.7985
vn 0.1148 -0.0568 0.9918
vn -0.3881 0.0347 0.9210
vn -0.7878 0.1170 0.6047
vn -0.9776 0.1681 0.1263
vn -0.9055 0.1742 -0.3869
vn -0.5895 0.1335 -0.7966
vn -0.1143 0.0569 -0.9918
vn 0.3916 -0.0351 -0.9195
vn 0.7916 -0.1175 -0.5997
vn 0.8998 -0.1939 0.3909
vn 0.9783 -0.1689 -0.1198
vn 0.5810 -0.1671 0.7966
vn 0.1075 -0.0958 0.9896
vn -0.3945 0.0011 0.9189
vn -0.7917 0.0977 0.6031
vn -0.9777 0.1683 0.1257
vn -0.9019 0.1939 -0.3860
vn -0.5836 0.1674 -0.7946
vn -0.1079 0.0959 -0.9895
vn 0.3970 -0.0016 -0.9178
vn 0.7946 -0.0985 -0.5991
vn 0.8975 -0.2070 0.3894
vn 0.9790 -0.1650 -0.1199
vn 0.5761 -0.1936 0.7941
vn 0.1012 -0.1286 0.9865
vn -0.4005 -0.0293 0.9158
vn -0.7956 0.0779 0.6007
vn -0.9785 0.1643 0.1249
vn -0.8994 0.2069 -0.3850
vn -0.5788 0.1939 -0.7921
vn -0.1022 0.1288 -0.9864
vn 0.4020 0.0290 -0.9152
vn 0.7979 -0.0786 -0.5977
vn 0.8964 -0.2137 0.3884
vn 0.9803 -0.1570 -0.1194
vn 0.5726 -0.2130 0.7917
vn 0.0961 -0.1555 0.9832
vn -0.4059 -0.0565 0.9122
vn -0.7997 0.0576 0.5977
vn -0.9800 0.1564 0.1234
vn -0.8982 0.2134 -0.3844
vn -0.5753 0.2132 -0.7896
vn -0.0977 0.1558 -0.9830
vn 0.4064 0.0564 -0.9119
vn 0.8012 -0.0582 -0.5956
vn 0.8964 -0.2143 0.3880
vn 0.9823 -0.1455 -0.1181
vn 0.5704 -0.2256 0.7898
vn 0.0921 -0.1766 0.9800
vn -0.4105 -0.0804 0.9083
vn -0.8035 0.0372 0.5941
vn -0.9820 0.1449 0.1211
vn -0.8980 0.2140 -0.3846
vn -0.5732 0.2258 -0.7877
vn -0.0943 0.1769 -0.9797
vn 0.4102 0.0805 -0.9085
vn 0.8044 -0.0375 -0.5929
vn 0.8973 -0.2094 0.3887
vn 0.9846 -0.1307 -0.1160
vn 0.5694 -0.2318 0.7887
vn 0.0894 -0.1922 0.9773
vn -0.4143 -0.1013 0.9045
vn -0.8071 0.0167 0.5901
vn -0.9844 0.1302 0.1181
vn -0.8986 0.2090 -0.3857
vn -0.5722 0.2319 -0.7866
vn -0.0921 0.1926 -0.9769
vn 0.4131 0.1016 -0.9050
vn 0.8074 -0.0168 -0.5897
vn 0.8988 -0.1994 0.3903
vn 0.9871 -0.1130 -0.1131
vn 0.5693 -0.2322 0.7886
vn 0.0876 -0.2028 0.9753
vn -0.4172 -0.1191 0.9010
vn -0.8104 -0.0037 0.5859
vn -0.9870 0.1127 0.1144
vn -0.9000 0.1991 -0.3878
vn -0.5722 0.2322 -0.7866
vn -0.0908 0.2032 -0.9749
vn 0.4154 0.1196 -0.9018
vn 0.8101 0.0038 -0.5862
vn 0.9008 -0.1850 0.3930
vn 0.9896 -0.0929 -0.1095
vn 0.5700 -0.2273 0.7896
vn 0.0867 -0.2086 0.9741
vn -0.4195 -0.1341 0.8978
vn -0.8132 -0.0238 0.5815
vn -0.9896 0.0928 0.1100
vn -0.9017 0.1846 -0.3909
vn -0.5728 0.2272 -0.7876
vn -0.0902 0.2090 -0.9738
vn 0.4170 0.1347 -0.8989
vn 0.8124 0.0241 -0.5825
vn 0.9028 -0.1665 0.3966
vn 0.9919 -0.0707 -0.1053
vn 0.5710 -0.2175 0.7916
vn 0.0863 -0.2101 0.9739
vn -0.4211 -0.1465 0.8951
vn -0.8155 -0.0437 0.5771
vn -0.9919 0.0707 0.1051
vn -0.9036 0.1662 -0.3949
vn -0.5738 0.2174 -0.7896
vn -0.0902 0.2104 -0.9734
vn 0.4180 0.1470 -0.8965
vn 0.8143 0.0441 -0.5787
vn 0.9046 -0.1446 0.4009
vn 0.9938 -0.0467 -0.1006
vn 0.5722 -0.2035 0.7944
vn 0.0864 -0.2077 0.9744
vn -0.4221 -0.1563 0.8930
vn -0.8172 -0.0631 0.5728
vn -0.9939 0.0469 0.0999
vn -0.9053 0.1443 -0.3996
vn -0.5749 0.2033 -0.7926
vn -0.0905 0.2079 -0.9739
vn 0.4185 0.1569 -0.8946
vn 0.8157 0.0637 -0.5750
vn 0.9061 -0.1197 0.4058
vn 0.9952 -0.0214 -0.0957
vn 0.5732 -0.1857 0.7981
vn 0.0866 -0.2018 0.9756
vn -0.4227 -0.1638 0.8913
vn -0.8184 -0.0820 0.5687
vn -0.9953 0.0217 0.0944
vn -0.9065 0.1195 -0.4049
vn -0.5758 0.1855 -0.7963
vn -0.0909 0.2019 -0.9752
vn 0.4187 0.1643 -0.8931
vn 0.8166 0.0826 -0.5713
vn 0.9066 -0.1065 0.4084
vn 0.9956 -0.0084 -0.0932
vn 0.5737 -0.1760 0.8000
vn 0.0868 -0.1981 0.9763
vn -0.4229 -0.1670 0.8906
vn -0.8189 -0.0913 0.5667
vn -0.9958 0.0087 0.0916
vn -0.9069 0.1064 -0.4076
vn -0.5761 0.1757 -0.7982
vn -0.0912 0.1981 -0.9759
vn 0.4188 0.1675 -0.8925
vn 0.8168 0.0919 -0.5695
vn -1.0000 -0.0000 -0.0000
vn -0.9996 0.0270 -0.0000
vn -0.0000 -0.0000 -1.0000
vn -0.0000 0.0752 -0.9972
vn 1.0000 -0.0000 -0.0000
vn 0.9996 0.0270 -0.0000
vn -0.0000 -0.0000 1.0000
vn -0.0000 0.0752 0.9972
vn -0.0000 -1.0000 -0.0000
vn -0.0000 1.0000 -0.0000
vn -0.0000 -0.0752 0.9972
vn 0.9095 0.2787 0.3085
vn 0.9996 -0.0270 -0.0000
vn 0.9095 0.2787 -0.3085
vn 0.5752 -0.5910 -0.5656
vn 0.5752 -0.5910 0.5656
vn -0.0000 -0.0752 -0.9972
vn -0.9095 0.2787 -0.3085
vn -0.9996 -0.0270 -0.0000
vn -0.9095 0.2787 0.3085
vn -0.5752 -0.5910 0.5656
vn -0.5752 -0.5910 -0.5656
vn 0.9042 0.0271 0.4263
vn 0.5739 -0.0134 0.8189
vn -0.4169 -0.1171 0.9013
vn 0.4268 0.1168 -0.8968
vn 0.9068 -0.0245 0.4210
vn 0.9956 0.0403 -0.0845
vn -0.9070 0.0244 -0.4203
vn -0.9072 0.0277 -0.4198
vn 0.9065 -0.0216 0.4216
vn 0.0887 -0.1265 0.9880
vn -0.9070 0.0214 -0.4205
vn -0.5760 0.0853 -0.8130
vn 0.9057 -0.0063 0.4238
vn 0.0879 -0.1257 0.9882
vn -0.4212 -0.1414 0.8959
vn 0.5719 -0.0593 0.8182
vn 0.0867 -0.1218 0.9888
vn -0.8919 -0.1168 -0.4368
vn -0.5682 -0.0096 -0.8229
vn -0.7919 -0.2866 0.5392
vn 0.8167 0.3405 0.4659
vn 0.0556 -0.0560 0.9969
vn -0.7540 -0.3923 0.5268
vn -0.9056 -0.4224 0.0395
vn 0.7427 0.3890 -0.5450
vn 0.8680 0.4951 -0.0377
vn 0.4864 0.2274 0.8437
vn -0.3840 -0.2700 0.8830
vn -0.8672 -0.4968 0.0358
vn -0.7665 -0.3302 0.5509
vn -0.8253 -0.0135 0.5646
vn -0.5512 0.0798 -0.8306
vn 0.4473 0.0509 -0.8930
vn 0.5586 -0.1392 0.8177
vn -0.5483 0.1384 -0.8247
vn 0.8225 -0.0796 -0.5631
vn 0.0739 -0.0790 0.9941
vn -0.9744 0.2084 0.0840
vn -0.8775 0.2194 -0.4266
vn -0.8702 0.2507 -0.4243
vn 0.7997 -0.1815 -0.5724
vn 0.0763 -0.0545 0.9956
vn -0.5441 0.1808 -0.8193
vn 0.0809 -0.0317 0.9962
vn 0.5606 -0.1207 0.8192
vn -0.9666 0.2420 0.0844
vn 0.5739 -0.0543 0.8171
vn -0.8003 0.1883 0.5692
vn -0.9781 0.1896 0.0853
vn -0.9941 0.0123 0.1077
vn -0.3965 0.1837 0.8995
vn -0.5917 -0.1778 -0.7863
vn -0.5922 -0.1550 -0.7908
vn -0.9133 -0.0041 -0.4073
vn 0.8022 -0.1910 -0.5658
vn 0.9871 -0.1354 -0.0857
vn 0.1061 0.1357 0.9851
vn -0.7999 0.1928 0.5683
vn -0.9856 0.1444 0.0875
vn -0.9070 0.0571 -0.4172
vn 0.9041 -0.0700 0.4215
vn 0.9855 -0.1473 -0.0836
vn -0.8010 0.1853 0.5693
vn -0.9852 0.1477 0.0872
vn 0.9026 -0.0802 0.4229
vn -0.9032 0.0879 -0.4201
vn -0.0970 -0.0689 -0.9929
vn 0.9008 -0.0919 0.4244
vn 0.8093 -0.1365 -0.5712
vn -0.9025 0.0940 -0.4202
vn 0.8106 -0.1256 -0.5719
vn 0.9001 0.1222 0.4182
vn 0.9012 0.1082 0.4196
vn 0.4289 0.0593 -0.9014
vn 0.4371 -0.0175 -0.8993
vn 0.9017 0.0827 0.4244
vn 0.9951 -0.0820 -0.0546
vn 0.8198 -0.2809 -0.4990
vn -0.5628 -0.2438 -0.7898
vn 0.8123 -0.3397 -0.4741
vn 0.8297 -0.2042 -0.5195
vn 0.5472 0.1540 0.8227
vn -0.4437 0.1596 0.8819
vn -0.5644 -0.1522 -0.8113
vn 0.9941 0.0859 -0.0662
vn -0.5682 -0.1033 -0.8163
vn -0.9863 -0.1420 0.0836
vn 0.5755 -0.0471 0.8164
vn -0.4194 -0.0933 0.9030
vn 0.9959 0.0265 -0.0863
vn -0.5739 0.0606 -0.8167
vn -0.8181 -0.0571 0.5723
vn -0.9960 -0.0155 0.0876
vn 0.8184 0.0544 -0.5721
vn -0.9069 0.0303 -0.4202
vn -0.9959 -0.0265 0.0863
vn -0.9954 -0.0460 0.0845
vn -0.5755 0.0471 -0.8165
vn -0.8177 -0.1038 0.5663
vn -0.9815 -0.1776 0.0709
vn -0.8208 -0.1128 0.5599
vn 0.8165 0.1113 -0.5665
vn -0.9968 -0.0594 0.0526
vn -0.0399 -0.2237 -0.9739
vn 0.9986 -0.0333 -0.0417
vn -0.8341 0.2831 0.4734
vn 0.4607 -0.3627 -0.8101
vn 0.8716 0.0015 0.4901
vn -0.9809 0.1935 -0.0177
vn 0.9742 -0.2223 0.0385
vn -0.4562 0.3491 0.8185
vn -0.8246 0.3320 0.4580
vn -0.8339 0.2948 0.4665
vn -0.5015 -0.0562 -0.8634
vn -0.0139 -0.1970 -0.9803
vn 0.8412 -0.1194 0.5273
vn -0.0057 0.1237 0.9923
vn 0.0022 -0.1227 -0.9924
vn -0.9908 0.1335 -0.0235
vn 0.5312 0.0269 -0.8468
vn 0.8404 -0.1314 0.5259
vn 0.9959 -0.0845 0.0337
vn 0.0405 0.1168 -0.9923
vn 0.5338 0.0590 -0.8436
vn 0.8837 -0.0147 -0.4678
vn 0.8421 -0.1180 0.5262
vn -0.5363 -0.0484 0.8426
vn 0.4671 -0.0471 0.8830
vn -0.5353 -0.0129 0.8445
vn -0.4639 0.0470 -0.8846
vn 0.5270 -0.0985 -0.8441
vn 0.9989 -0.0341 0.0314
vn -0.8837 0.1159 0.4536
vn 0.9864 0.1387 -0.0885
vn 0.5664 0.0906 0.8192
vn -0.4306 -0.0137 0.9025
vn -0.8918 -0.1119 -0.4384
vn -0.5519 -0.0706 -0.8309
vn 0.4276 0.0671 -0.9015
vn -0.5528 -0.1191 -0.8247
vn 0.9973 0.0119 -0.0719
vn 0.5592 0.1374 0.8175
vn -0.4405 0.1254 0.8889
vn -0.9977 -0.0127 0.0667
vn -0.8957 -0.0870 -0.4362
vn 0.8972 0.0760 0.4350
vn -0.4413 0.1826 0.8786
vn -0.8972 -0.0760 -0.4350
vn -0.5564 -0.1571 -0.8159
vn 0.4414 -0.1826 -0.8786
vn 0.4411 -0.1587 -0.8833
vn -0.9973 -0.0119 0.0719
vn 0.8312 -0.0652 -0.5521
vn 0.4381 -0.0714 -0.8961
vn 0.5603 0.0613 0.8260
vn 0.0791 -0.0168 0.9967
vn -0.9850 -0.1521 0.0815
vn -0.5615 -0.0533 -0.8257
vn -0.5617 -0.0567 -0.8254
vn 0.9008 0.0686 0.4288
vn -0.9949 -0.0640 0.0778
vn 0.4319 0.0092 -0.9019
vn 0.9016 0.0522 0.4295
vn -0.0747 -0.0342 -0.9966
vn -0.8246 0.0043 0.5656
vn 0.8254 -0.0042 -0.5645
vn 0.9022 0.0154 0.4311
vn 0.9971 -0.0056 -0.0764
vn -0.4308 0.0380 0.9017
vn -0.0746 -0.0406 -0.9964
vn -0.9010 0.0063 -0.4337
vn 0.8257 -0.0456 -0.5623
vn -0.8214 0.0884 0.5634
vn -0.0731 -0.0266 -0.9970
vn -0.9897 0.1225 0.0735
vn 0.8182 -0.1297 -0.5602
vn 0.0719 0.0097 0.9974
vn -0.0757 -0.0091 -0.9971
vn -0.4317 0.0774 0.8987
vn -0.9925 0.0983 0.0726
vn -0.8994 0.0531 -0.4339
vn 0.8999 -0.0389 0.4345
vn -0.4321 0.0613 0.8997
vn -0.8238 0.0726 0.5621
vn -0.8243 0.0601 0.5629
vn -0.8249 0.0377 0.5640
vn -0.9966 0.0328 0.0760
vn 0.8253 -0.0376 -0.5635
vn -0.8251 0.0279 0.5644
vn 0.4329 -0.0212 -0.9012
vn 0.9969 -0.0237 -0.0745
vn -0.0756 0.0026 -0.9971
vn 0.9970 -0.0222 -0.0744
vn -0.8253 0.0078 0.5647
vn -0.9926 -0.0921 0.0791
vn -0.8979 -0.0957 -0.4297
vn 0.8253 0.0758 -0.5596
vn -0.4275 -0.0781 0.9007
vn 0.5669 -0.0069 0.8238
vn 0.9016 0.0390 0.4307
vn 0.9948 0.0652 -0.0788
vn 0.9947 0.0651 -0.0799
vn -0.9952 -0.0652 0.0731
vn 0.0718 0.0688 0.9950
vn -0.8279 -0.0237 0.5603
vn -0.8957 -0.0923 -0.4349
vn 0.8972 0.1299 0.4222
vn 0.8935 0.1835 0.4099
vn 0.5509 0.2448 0.7979
vn -0.5434 -0.2459 -0.8027
vn 0.5399 0.3687 0.7567
vn -0.5224 -0.4514 -0.7234
vn 0.8751 0.2869 0.3896
vn 0.0384 0.4266 0.9036
vn -0.9930 -0.0773 0.0894
vn -0.5330 -0.4100 -0.7402
vn -0.0360 -0.4268 -0.9036
vn 0.8413 -0.0979 -0.5316
vn -0.8313 0.0707 0.5514
vn -0.5481 -0.2328 -0.8034
vn -0.0546 -0.2363 -0.9701
vn 0.4533 -0.1758 -0.8738
vn 0.5491 0.1691 0.8185
vn 0.0611 0.1702 0.9835
vn -0.5516 -0.1688 -0.8169
vn 0.4495 -0.1252 -0.8845
vn 0.8956 0.0194 0.4444
vn 0.0653 0.0455 0.9968
vn 0.9978 -0.0242 -0.0613
vn -0.4417 0.0308 0.8966
vn -0.9968 0.0484 0.0637
vn -0.5465 0.0645 -0.8350
vn -0.8852 0.1109 -0.4518
vn 0.9839 -0.1633 -0.0727
vn -0.4074 0.3176 0.8562
vn -0.8064 0.2724 0.5248
vn -0.9025 -0.0046 -0.4307
vn 0.9137 0.0483 0.4035
vn 0.9871 -0.1434 -0.0704
vn 0.1202 0.4110 0.9037
vn 0.7929 -0.3294 -0.5127
vn 0.7956 -0.3217 -0.5133
vn 0.5981 0.2992 0.7434
vn -0.7972 0.2649 0.5424
vn -0.9908 0.0975 0.0939
vn -0.6011 -0.2648 -0.7541
vn -0.7990 0.2168 0.5608
vn 0.4037 -0.2067 -0.8913
vn 0.9100 0.0113 0.4144
vn 0.5840 0.0601 0.8096
vn 0.1048 0.0930 0.9901
vn 0.5815 0.0134 0.8134
vn -0.4026 0.0445 0.9143
vn 0.1881 -0.4902 0.8511
vn 0.6076 -0.0498 0.7926
vn 0.7692 0.2731 -0.5777
vn 0.9760 0.1875 -0.1108
vn -0.8166 -0.1342 0.5614
vn 0.5313 0.3265 0.7818
vn -0.8386 -0.0097 0.5446
vn -0.0362 -0.2769 -0.9602
vn 0.9852 0.1459 -0.0898
vn -0.4954 -0.4431 -0.7471
vn 0.8551 0.3683 0.3650
vn -0.9878 -0.1389 0.0697
vn -0.8506 -0.3714 -0.3721
vn -0.0046 0.5012 0.8653
vn -0.4976 0.3752 0.7820
vn 0.8627 -0.1453 -0.4845
vn -0.8530 0.1226 0.5072
vn 0.8547 -0.0686 -0.5146
vn 0.9927 0.1115 -0.0464
vn -0.8907 -0.1216 -0.4380
vn -0.0532 -0.0528 -0.9972
vn -0.4307 -0.1389 0.8917
vn -0.8984 -0.0522 -0.4362
vn 0.8299 0.1458 -0.5385
vn -0.5815 0.2321 -0.7797
vn -0.4044 -0.4200 0.8125
vn 0.8049 0.3324 -0.4915
vn 0.4032 0.4327 -0.8064
vn 0.4193 0.2518 -0.8722
vn 0.8931 0.1001 0.4385
vn -0.0562 0.0227 -0.9982
vn 0.8212 0.1213 -0.5577
vn 0.8796 0.2037 0.4298
vn -0.4795 0.1054 0.8712
vn -0.8526 -0.0137 0.5224
vn -0.8654 0.0864 0.4936
vn -0.8520 -0.3044 -0.4261
vn -0.4893 -0.4003 -0.7748
vn -0.0001 -0.3916 -0.9202
vn 0.9923 0.1139 -0.0485
vn 0.8653 -0.1411 -0.4810
vn -0.8629 -0.2953 -0.4102
vn 0.5074 -0.3142 -0.8024
vn 0.8626 0.2322 0.4495
vn -0.4878 0.2350 0.8407
vn -0.5060 -0.3161 -0.8025
vn 0.8681 0.1754 0.4643
vn 0.8718 0.1281 0.4729
vn -0.8533 0.0413 0.5199
vn -0.5156 -0.1707 -0.8396
vn 0.9997 0.0170 -0.0196
vn -0.9995 -0.0166 0.0254
vn 0.5188 0.0385 0.8541
vn -0.5182 -0.0384 -0.8544
vn 0.5188 0.0079 0.8548
vn 0.0230 0.0226 0.9995
vn 0.5184 -0.0183 0.8549
vn -0.8523 0.0668 0.5188
vn 0.8541 -0.0670 -0.5159
vn 0.5165 -0.0612 0.8541
vn -0.8491 0.0995 0.5189
vn -0.8689 0.1022 -0.4843
vn 0.9883 -0.1515 -0.0151
vn -0.9882 0.1511 0.0266
vn -0.8655 0.1490 -0.4783
vn 0.4848 -0.0457 -0.8735
vn -0.8492 0.2554 -0.4623
vn 0.8390 -0.2861 0.4629
vn -0.8675 -0.0147 0.4973
vn -0.9884 0.1506 0.0199
vn 0.4640 -0.3682 0.8057
vn 0.9908 -0.1343 -0.0146
vn -0.4666 0.3498 -0.8124
vn 0.5220 0.2152 -0.8254
vn 0.4736 -0.3100 0.8243
vn -0.5224 -0.1847 0.8325
vn -0.4712 0.3100 -0.8257
vn 0.8708 0.0365 -0.4903
vn 0.8533 -0.2076 0.4782
vn -0.8482 0.2089 -0.4867
vn 0.9952 -0.0967 -0.0113
vn 0.4913 -0.1658 0.8551
vn -0.8708 0.0186 0.4912
vn -0.9951 0.0989 -0.0052
vn 0.9966 -0.0816 -0.0117
vn 0.8730 -0.0067 0.4877
vn -0.4972 0.1202 0.8593
vn -0.9979 0.0639 -0.0085
vn -0.0146 -0.1672 -0.9858
vn 0.9018 -0.0357 0.4308
vn -0.8261 0.0814 0.5575
vn -0.8971 0.0352 -0.4405
vn -0.0756 -0.0355 -0.9965
vn 0.9020 -0.0021 0.4317
vn 0.4294 -0.1116 -0.8962
vn -0.8231 0.1070 0.5578
vn 0.4294 -0.1262 -0.8943
vn 0.9017 0.0029 0.4324
vn -0.5660 -0.0684 -0.8216
vn 0.8227 -0.1125 -0.5573
vn -0.8217 0.1157 0.5581
vn 0.9945 -0.0794 -0.0687
vn 0.5646 0.0431 0.8242
vn -0.9942 0.0797 0.0718
vn -0.4302 0.0849 0.8987
vn -0.9879 0.1370 0.0731
vn 0.5345 -0.1815 0.8255
vn 0.0552 -0.1088 0.9925
vn -0.4396 -0.0071 0.8981
vn -0.5362 0.1807 -0.8245
vn 0.8298 -0.1003 -0.5490
vn 0.5013 -0.3278 0.8007
vn -0.4560 -0.0962 0.8847
vn -0.8335 0.0673 0.5484
vn -0.0645 0.0029 -0.9979
vn -0.5507 -0.1288 -0.8247
vn -0.8865 -0.1831 -0.4249
vn 0.4447 -0.1602 -0.8813
vn 0.5344 0.3060 0.7879
vn -0.9891 -0.1228 0.0814
vn 0.8304 -0.0372 -0.5559
vn 0.8733 0.2873 0.3934
vn -0.8319 0.0218 0.5546
vn 0.9733 0.2038 -0.1052
vn 0.8735 0.2789 0.3991
vn 0.8101 0.0843 -0.5802
vn 0.9719 0.2112 -0.1044
vn -0.9025 -0.1715 -0.3950
vn 0.5901 0.0745 0.8039
vn 0.1211 -0.0455 0.9916
vn -0.5906 -0.0745 -0.8036
vn -0.7780 -0.2202 0.5884
vn -0.8909 -0.2075 -0.4040
vn -0.1003 -0.0450 -0.9939
vn 0.3973 0.0737 -0.9147
vn 0.5564 0.2087 0.8043
vn -0.8735 -0.2718 -0.4039
vn 0.9700 0.2193 -0.1049
vn -0.4187 0.0068 0.9081
vn -0.8022 -0.1229 0.5842
vn 0.9750 0.1976 -0.1020
vn -0.9750 -0.1978 0.1007
vn 0.9800 0.1729 -0.0985
vn -0.9824 -0.1600 0.0958
vn -0.5512 -0.2137 -0.8066
vn 0.5586 0.0611 0.8272
vn 0.0720 0.0151 0.9973
vn -0.0794 0.0065 -0.9968
vn -0.8949 -0.1126 -0.4319
vn -0.5658 -0.0354 -0.8238
vn -0.9834 -0.1652 0.0745
vn 0.5637 0.0456 0.8247
vn 0.8091 0.1679 -0.5631
vn 0.0803 -0.0275 0.9964
vn -0.0803 0.0275 -0.9964
vn -0.5492 -0.1183 -0.8273
vn 0.4395 -0.0087 -0.8982
vn -0.8708 -0.2296 -0.4347
vn 0.9879 0.1307 -0.0832
vn 0.5189 0.3626 0.7741
vn -0.4845 0.2252 0.8453
vn -0.9885 -0.1413 0.0537
vn -0.8586 -0.2910 -0.4221
vn 0.4903 -0.3029 -0.8172
vn 0.9920 0.1205 -0.0381
vn -0.8367 0.0466 0.5456
vn -0.8815 -0.2358 -0.4092
vn 0.4854 -0.1842 -0.8547
vn 0.9926 0.1136 -0.0434
vn -0.4283 -0.1520 0.8907
vn 0.0831 -0.2223 0.9714
vn -0.4184 -0.2963 0.8586
vn -0.4175 -0.3235 0.8492
vn -0.0886 0.3299 -0.9399
vn -0.8161 -0.2243 0.5327
vn -0.0889 0.3461 -0.9340
vn 0.8171 0.2031 -0.5395
vn 0.0935 -0.3145 0.9446
vn -0.8178 -0.1647 0.5515
vn -0.9960 -0.0080 0.0894
vn -0.0878 0.3143 -0.9453
vn -0.9946 0.0318 0.0983
vn -0.4076 -0.0952 0.9082
vn -0.9777 0.1681 0.1263
vn -0.9777 0.1683 0.1258
vn -0.4006 -0.0293 0.9158
vn 0.0960 -0.1555 0.9832
vn 0.0893 -0.1922 0.9773
vn -0.8987 0.2090 -0.3857
vn 0.5694 -0.2322 0.7886
vn -0.4173 -0.1191 0.9009
vn -0.9896 0.0928 0.1101
vn -0.8173 -0.0631 0.5728
vn -0.9052 0.1443 -0.3996
vn -0.0910 0.2019 -0.9752
vn 0.9066 -0.1065 0.4083
vn -0.9069 0.1064 -0.4077
vt 0.000000 1.000000
vt 0.027778 1.000000
vt 0.027778 0.916667
vt 0.000000 0.916667
vt 0.000000 0.083333
vt 0.027778 0.083333
vt 0.027778 0.000000
vt 0.000000 0.000000
vt 0.000000 0.166667
vt 0.027778 0.166667
vt 0.000000 0.250000
vt 0.027778 0.250000
vt 0.000000 0.333333
vt 0.027778 0.333333
vt 0.000000 0.416667
vt 0.027778 0.416667
vt 0.000000 0.500000
vt 0.027778 0.500000
vt 0.000000 0.583333
vt 0.027778 0.583333
vt 0.000000 0.666667
vt 0.027778 0.666667
vt 0.000000 0.750000
vt 0.027778 0.750000
vt 0.000000 0.833333
vt 0.027778 0.833333
vt 0.055556 1.000000
vt 0.055556 0.916667
vt 0.055556 0.083333
vt 0.055556 0.000000
vt 0.055556 0.166667
vt 0.055556 0.250000
vt 0.055556 0.333333
vt 0.055556 0.416667
vt 0.055556 0.500000
vt 0.055556 0.583333
vt 0.055556 0.666667
vt 0.055556 0.750000
vt 0.055556 0.833333
vt 0.083333 1.000000
vt 0.083333 0.916667
vt 0.083333 0.083333
vt 0.083333 0.000000
vt 0.083333 0.166667
vt 0.083333 0.250000
vt 0.083333 0.333333
vt 0.083333 0.416667
vt 0.083333 0.500000
vt 0.083333 0.583333
vt 0.083333 0.666667
vt 0.083333 0.750000
vt 0.083333 0.833333
vt 0.111111 1.000000
vt 0.111111 0.916667
vt 0.111111 0.083333
vt 0.111111 0.000000
vt 0.111111 0.166667
vt 0.111111 0.250000
vt 0.111111 0.333333
vt 0.111111 0.416667
vt 0.111111 0.500000
vt 0.111111 0.583333
vt 0.111111 0.666667
vt 0.111111 0.750000
vt 0.111111 0.833333
vt 0.138889 1.000000
vt 0.138889 0.916667
vt 0.138889 0.083333
vt 0.138889 0.000000
vt 0.138889 0.166667
vt 0.138889 0.250000
vt 0.138889 0.333333
vt 0.138889 0.416667
vt 0.138889 0.500000
vt 0.138889 0.583333
vt 0.138889 0.666667
vt 0.138889 0.750000
vt 0.138889 0.833333
vt 0.166667 1.000000
vt 0.166667 0.916667
vt 0.166667 0.083333
vt 0.166667 0.000000
vt 0.166667 0.166667
vt 0.166667 0.250000
vt 0.166667 0.333333
vt 0.166667 0.416667
vt 0.166667 0.500000
vt 0.166667 0.583333
vt 0.166667 0.666667
vt 0.166667 0.750000
vt 0.166667 0.833333
vt 0.194444 1.000000
vt 0.194444 0.916667
vt 0.194444 0.083333
vt 0.194444 0.000000
vt 0.194444 0.166667
vt 0.194444 0.250000
vt 0.194444 0.333333
vt 0.194444 0.416667
vt 0.194444 0.500000
vt 0.194444 0.583333
vt 0.194444 0.666667
vt 0.194444 0.750000
vt 0.194444 0.833333
vt 0.222222 1.000000
vt 0.222222 0.916667
vt 0.222222 0.083333
vt 0.222222 0.000000
vt 0.222222 0.166667
vt 0.222222 0.250000
vt 0.222222 0.333333
vt 0.222222 0.416667
vt 0.222222 0.500000
vt 0.222222 0.583333
vt 0.222222 0.666667
vt 0.222222 0.750000
vt 0.222222 0.833333
vt 0.250000 1.000000
vt 0.250000 0.916667
vt 0.250000 0.083333
vt 0.250000 0.000000
vt 0.250000 0.166667
vt 0.250000 0.250000
vt 0.250000 0.333333
vt 0.250000 0.416667
vt 0.250000 0.500000
vt 0.250000 0.583333
vt 0.250000 0.666667
vt 0.250000 0.750000
vt 0.250000 0.833333
vt 0.277778 1.000000
vt 0.277778 0.916667
vt 0.277778 0.083333
vt 0.277778 0.000000
vt 0.277778 0.166667
vt 0.277778 0.250000
vt 0.277778 0.333333
vt 0.277778 0.416667
vt 0.277778 0.500000
vt 0.277778 0.583333
vt 0.277778 0.666667
vt 0.277778 0.750000
vt 0.277778 0.833333
vt 0.305556 1.000000
vt 0.305556 0.916667
vt 0.305556 0.083333
vt 0.305556 0.000000
vt 0.305556 0.166667
vt 0.305556 0.250000
vt 0.305556 0.333333
vt 0.305556 0.416667
vt 0.305556 0.500000
vt 0.305556 0.583333
vt 0.305556 0.666667
vt 0.305556 0.750000
vt 0.305556 0.833333
vt 0.333333 1.000000
vt 0.333333 0.916667
vt 0.333333 0.083333
vt 0.333333 0.000000
vt 0.333333 0.166667
vt 0.333333 0.250000
vt 0.333333 0.333333
vt 0.333333 0.416667
vt 0.333333 0.500000
vt 0.333333 0.583333
vt 0.333333 0.666667
vt 0.333333 0.750000
vt 0.333333 0.833333
vt 0.361111 1.000000
vt 0.361111 0.916667
vt 0.361111 0.083333
vt 0.361111 0.000000
vt 0.361111 0.166667
vt 0.361111 0.250000
vt 0.361111 0.333333
vt 0.361111 0.416667
vt 0.361111 0.500000
vt 0.361111 0.583333
vt 0.361111 0.666667
vt 0.361111 0.750000
vt 0.361111 0.833333
vt 0.388889 1.000000
vt 0.388889 0.916667
vt 0.388889 0.083333
vt 0.388889 0.000000
vt 0.388889 0.166667
vt 0.388889 0.250000
vt 0.388889 0.333333
vt 0.388889 0.416667
vt 0.388889 0.500000
vt 0.388889 0.583333
vt 0.388889 0.666667
vt 0.388889 0.750000
vt 0.388889 0.833333
vt 0.416667 1.000000
vt 0.416667 0.916667
vt 0.416667 0.083333
vt 0.416667 0.000000
vt 0.416667 0.166667
vt 0.416667 0.250000
vt 0.416667 0.333333
vt 0.416667 0.416667
vt 0.416667 0.500000
vt 0.416667 0.583333
vt 0.416667 0.666667
vt 0.416667 0.750000
vt 0.416667 0.833333
vt 0.444444 1.000000
vt 0.444444 0.916667
vt 0.444444 0.083333
vt 0.444444 0.000000
vt 0.444444 0.166667
vt 0.444444 0.250000
vt 0.444444 0.333333
vt 0.444444 0.416667
vt 0.444444 0.500000
vt 0.444444 0.583333
vt 0.444444 0.666667
vt 0.444444 0.750000
vt 0.444444 0.833333
vt 0.472222 1.000000
vt 0.472222 0.916667
vt 0.472222 0.083333
vt 0.472222 0.000000
vt 0.472222 0.166667
vt 0.472222 0.250000
vt 0.472222 0.333333
vt 0.472222 0.416667
vt 0.472222 0.500000
vt 0.472222 0.583333
vt 0.472222 0.666667
vt 0.472222 0.750000
vt 0.472222 0.833333
vt 0.500000 1.000000
vt 0.500000 0.916667
vt 0.500000 0.083333
vt 0.500000 0.000000
vt 0.500000 0.166667
vt 0.500000 0.250000
vt 0.500000 0.333333
vt 0.500000 0.416667
vt 0.500000 0.500000
vt 0.500000 0.583333
vt 0.500000 0.666667
vt 0.500000 0.750000
vt 0.500000 0.833333
vt 0.527778 1.000000
vt 0.527778 0.916667
vt 0.527778 0.083333
vt 0.527778 0.000000
vt 0.527778 0.166667
vt 0.527778 0.250000
vt 0.527778 0.333333
vt 0.527778 0.416667
vt 0.527778 0.500000
vt 0.527778 0.583333
vt 0.527778 0.666667
vt 0.527778 0.750000
vt 0.527778 0.833333
vt 0.555556 1.000000
vt 0.555556 0.916667
vt 0.555556 0.083333
vt 0.555556 0.000000
vt 0.555556 0.166667
vt 0.555556 0.250000
vt 0.555556 0.333333
vt 0.555556 0.416667
vt 0.555556 0.500000
vt 0.555556 0.583333
vt 0.555556 0.666667
vt 0.555556 0.750000
vt 0.555556 0.833333
vt 0.583333 1.000000
vt 0.583333 0.916667
vt 0.583333 0.083333
vt 0.583333 0.000000
vt 0.583333 0.166667
vt 0.583333 0.250000
vt 0.583333 0.333333
vt 0.583333 0.416667
vt 0.583333 0.500000
vt 0.583333 0.583333
vt 0.583333 0.666667
vt 0.583333 0.750000
vt 0.583333 0.833333
vt 0.611111 1.000000
vt 0.611111 0.916667
vt 0.611111 0.083333
vt 0.611111 0.000000
vt 0.611111 0.166667
vt 0.611111 0.250000
vt 0.611111 0.333333
vt 0.611111 0.416667
vt 0.611111 0.500000
vt 0.611111 0.583333
vt 0.611111 0.666667
vt 0.611111 0.750000
vt 0.611111 0.833333
vt 0.638889 1.000000
vt 0.638889 0.916667
vt 0.638889 0.083333
vt 0.638889 0.000000
vt 0.638889 0.166667
vt 0.638889 0.250000
vt 0.638889 0.333333
vt 0.638889 0.416667
vt 0.638889 0.500000
vt 0.638889 0.583333
vt 0.638889 0.666667
vt 0.638889 0.750000
vt 0.638889 0.833333
vt 0.666667 1.000000
vt 0.666667 0.916667
vt 0.666667 0.083333
vt 0.666667 0.000000
vt 0.666667 0.166667
vt 0.666667 0.250000
vt 0.666667 0.333333
vt 0.666667 0.416667
vt 0.666667 0.500000
vt 0.666667 0.583333
vt 0.666667 0.666667
vt 0.666667 0.750000
vt 0.666667 0.833333
vt 0.694444 1.000000
vt 0.694444 0.916667
vt 0.694444 0.083333
vt 0.694444 0.000000
vt 0.694444 0.166667
vt 0.694444 0.250000
vt 0.694444 0.333333
vt 0.694444 0.416667
vt 0.694444 0.500000
vt 0.694444 0.583333
vt 0.694444 0.666667
vt 0.694444 0.750000
vt 0.694444 0.833333
vt 0.722222 1.000000
vt 0.722222 0.916667
vt 0.722222 0.083333
vt 0.722222 0.000000
vt 0.722222 0.166667
vt 0.722222 0.250000
vt 0.722222 0.333333
vt 0.722222 0.416667
vt 0.722222 0.500000
vt 0.722222 0.583333
vt 0.722222 0.666667
vt 0.722222 0.750000
vt 0.722222 0.833333
vt 0.750000 1.000000
vt 0.750000 0.916667
vt 0.750000 0.083333
vt 0.750000 0.000000
vt 0.750000 0.166667
vt 0.750000 0.250000
vt 0.750000 0.333333
vt 0.750000 0.416667
vt 0.750000 0.500000
vt 0.750000 0.583333
vt 0.750000 0.666667
vt 0.750000 0.750000
vt 0.750000 0.833333
vt 0.777778 1.000000
vt 0.777778 0.916667
vt 0.777778 0.083333
vt 0.777778 0.000000
vt 0.777778 0.166667
vt 0.777778 0.250000
vt 0.777778 0.333333
vt 0.777778 0.416667
vt 0.777778 0.500000
vt 0.777778 0.583333
vt 0.777778 0.666667
vt 0.777778 0.750000
vt 0.777778 0.833333
vt 0.805556 1.000000
vt 0.805556 0.916667
vt 0.805556 0.083333
vt 0.805556 0.000000
vt 0.805556 0.166667
vt 0.805556 0.250000
vt 0.805556 0.333333
vt 0.805556 0.416667
vt 0.805556 0.500000
vt 0.805556 0.583333
vt 0.805556 0.666667
vt 0.805556 0.750000
vt 0.805556 0.833333
vt 0.833333 1.000000
vt 0.833333 0.916667
vt 0.833333 0.083333
vt 0.833333 0.000000
vt 0.833333 0.166667
vt 0.833333 0.250000
vt 0.833333 0.333333
vt 0.833333 0.416667
vt 0.833333 0.500000
vt 0.833333 0.583333
vt 0.833333 0.666667
vt 0.833333 0.750000
vt 0.833333 0.833333
vt 0.861111 1.000000
vt 0.861111 0.916667
vt 0.861111 0.083333
vt 0.861111 0.000000
vt 0.861111 0.166667
vt 0.861111 0.250000
vt 0.861111 0.333333
vt 0.861111 0.416667
vt 0.861111 0.500000
vt 0.861111 0.583333
vt 0.861111 0.666667
vt 0.861111 0.750000
vt 0.861111 0.833333
vt 0.888889 1.000000
vt 0.888889 0.916667
vt 0.888889 0.083333
vt 0.888889 0.000000
vt 0.888889 0.166667
vt 0.888889 0.250000
vt 0.888889 0.333333
vt 0.888889 0.416667
vt 0.888889 0.500000
vt 0.888889 0.583333
vt 0.888889 0.666667
vt 0.888889 0.750000
vt 0.888889 0.833333
vt 0.916667 1.000000
vt 0.916667 0.916667
vt 0.916667 0.083333
vt 0.916667 0.000000
vt 0.916667 0.166667
vt 0.916667 0.250000
vt 0.916667 0.333333
vt 0.916667 0.416667
vt 0.916667 0.500000
vt 0.916667 0.583333
vt 0.916667 0.666667
vt 0.916667 0.750000
vt 0.916667 0.833333
vt 0.944444 1.000000
vt 0.944444 0.916667
vt 0.944444 0.083333
vt 0.944444 0.000000
vt 0.944444 0.166667
vt 0.944444 0.250000
vt 0.944444 0.333333
vt 0.944444 0.416667
vt 0.944444 0.500000
vt 0.944444 0.583333
vt 0.944444 0.666667
vt 0.944444 0.750000
vt 0.944444 0.833333
vt 0.972222 1.000000
vt 0.972222 0.916667
vt 0.972222 0.083333
vt 0.972222 0.000000
vt 0.972222 0.166667
vt 0.972222 0.250000
vt 0.972222 0.333333
vt 0.972222 0.416667
vt 0.972222 0.500000
vt 0.972222 0.583333
vt 0.972222 0.666667
vt 0.972222 0.750000
vt 0.972222 0.833333
vt 1.000000 1.000000
vt 1.000000 0.916667
vt 1.000000 0.083333
vt 1.000000 0.000000
vt 1.000000 0.166667
vt 1.000000 0.250000
vt 1.000000 0.333333
vt 1.000000 0.416667
vt 1.000000 0.500000
vt 1.000000 0.583333
vt 1.000000 0.666667
vt 1.000000 0.750000
vt 1.000000 0.833333
vt 0.020833 1.000000
vt 0.020833 0.916667
vt 0.020833 0.083333
vt 0.020833 0.000000
vt 0.020833 0.166667
vt 0.020833 0.250000
vt 0.020833 0.333333
vt 0.020833 0.416667
vt 0.020833 0.500000
vt 0.020833 0.583333
vt 0.020833 0.666667
vt 0.020833 0.750000
vt 0.020833 0.833333
vt 0.041667 1.000000
vt 0.041667 0.916667
vt 0.041667 0.083333
vt 0.041667 0.000000
vt 0.041667 0.166667
vt 0.041667 0.250000
vt 0.041667 0.333333
vt 0.041667 0.416667
vt 0.041667 0.500000
vt 0.041667 0.583333
vt 0.041667 0.666667
vt 0.041667 0.750000
vt 0.041667 0.833333
vt 0.062500 1.000000
vt 0.062500 0.916667
vt 0.062500 0.083333
vt 0.062500 0.000000
vt 0.062500 0.166667
vt 0.062500 0.250000
vt 0.062500 0.333333
vt 0.062500 0.416667
vt 0.062500 0.500000
vt 0.062500 0.583333
vt 0.062500 0.666667
vt 0.062500 0.750000
vt 0.062500 0.833333
vt 0.104167 1.000000
vt 0.104167 0.916667
vt 0.104167 0.083333
vt 0.104167 0.000000
vt 0.104167 0.166667
vt 0.104167 0.250000
vt 0.104167 0.333333
vt 0.104167 0.416667
vt 0.104167 0.500000
vt 0.104167 0.583333
vt 0.104167 0.666667
vt 0.104167 0.750000
vt 0.104167 0.833333
vt 0.125000 1.000000
vt 0.125000 0.916667
vt 0.125000 0.083333
vt 0.125000 0.000000
vt 0.125000 0.166667
vt 0.125000 0.250000
vt 0.125000 0.333333
vt 0.125000 0.416667
vt 0.125000 0.500000
vt 0.125000 0.583333
vt 0.125000 0.666667
vt 0.125000 0.750000
vt 0.125000 0.833333
vt 0.145833 1.000000
vt 0.145833 0.916667
vt 0.145833 0.083333
vt 0.145833 0.000000
vt 0.145833 0.166667
vt 0.145833 0.250000
vt 0.145833 0.333333
vt 0.145833 0.416667
vt 0.145833 0.500000
vt 0.145833 0.583333
vt 0.145833 0.666667
vt 0.145833 0.750000
vt 0.145833 0.833333
vt 0.187500 1.000000
vt 0.187500 0.916667
vt 0.187500 0.083333
vt 0.187500 0.000000
vt 0.187500 0.166667
vt 0.187500 0.250000
vt 0.187500 0.333333
vt 0.187500 0.416667
vt 0.187500 0.500000
vt 0.187500 0.583333
vt 0.187500 0.666667
vt 0.187500 0.750000
vt 0.187500 0.833333
vt 0.208333 1.000000
vt 0.208333 0.916667
vt 0.208333 0.083333
vt 0.208333 0.000000
vt 0.208333 0.166667
vt 0.208333 0.250000
vt 0.208333 0.333333
vt 0.208333 0.416667
vt 0.208333 0.500000
vt 0.208333 0.583333
vt 0.208333 0.666667
vt 0.208333 0.750000
vt 0.208333 0.833333
vt 0.229167 1.000000
vt 0.229167 0.916667
vt 0.229167 0.083333
vt 0.229167 0.000000
vt 0.229167 0.166667
vt 0.229167 0.250000
vt 0.229167 0.333333
vt 0.229167 0.416667
vt 0.229167 0.500000
vt 0.229167 0.583333
vt 0.229167 0.666667
vt 0.229167 0.750000
vt 0.229167 0.833333
vt 0.270833 1.000000
vt 0.270833 0.916667
vt 0.270833 0.083333
vt 0.270833 0.000000
vt 0.270833 0.166667
vt 0.270833 0.250000
vt 0.270833 0.333333
vt 0.270833 0.416667
vt 0.270833 0.500000
vt 0.270833 0.583333
vt 0.270833 0.666667
vt 0.270833 0.750000
vt 0.270833 0.833333
vt 0.291667 1.000000
vt 0.291667 0.916667
vt 0.291667 0.083333
vt 0.291667 0.000000
vt 0.291667 0.166667
vt 0.291667 0.250000
vt 0.291667 0.333333
vt 0.291667 0.416667
vt 0.291667 0.500000
vt 0.291667 0.583333
vt 0.291667 0.666667
vt 0.291667 0.750000
vt 0.291667 0.833333
vt 0.312500 1.000000
vt 0.312500 0.916667
vt 0.312500 0.083333
vt 0.312500 0.000000
vt 0.312500 0.166667
vt 0.312500 0.250000
vt 0.312500 0.333333
vt 0.312500 0.416667
vt 0.312500 0.500000
vt 0.312500 0.583333
vt 0.312500 0.666667
vt 0.312500 0.750000
vt 0.312500 0.833333
vt 0.354167 1.000000
vt 0.354167 0.916667
vt 0.354167 0.083333
vt 0.354167 0.000000
vt 0.354167 0.166667
vt 0.354167 0.250000
vt 0.354167 0.333333
vt 0.354167 0.416667
vt 0.354167 0.500000
vt 0.354167 0.583333
vt 0.354167 0.666667
vt 0.354167 0.750000
vt 0.354167 0.833333
vt 0.375000 1.000000
vt 0.375000 0.916667
vt 0.375000 0.083333
vt 0.375000 0.000000
vt 0.375000 0.166667
vt 0.375000 0.250000
vt 0.375000 0.333333
vt 0.375000 0.416667
vt 0.375000 0.500000
vt 0.375000 0.583333
vt 0.375000 0.666667
vt 0.375000 0.750000
vt 0.375000 0.833333
vt 0.395833 1.000000
vt 0.395833 0.916667
vt 0.395833 0.083333
vt 0.395833 0.000000
vt 0.395833 0.166667
vt 0.395833 0.250000
vt 0.395833 0.333333
vt 0.395833 0.416667
vt 0.395833 0.500000
vt 0.395833 0.583333
vt 0.395833 0.666667
vt 0.395833 0.750000
vt 0.395833 0.833333
vt 0.437500 1.000000
vt 0.437500 0.916667
vt 0.437500 0.083333
vt 0.437500 0.000000
vt 0.437500 0.166667
vt 0.437500 0.250000
vt 0.437500 0.333333
vt 0.437500 0.416667
vt 0.437500 0.500000
vt 0.437500 0.583333
vt 0.437500 0.666667
vt 0.437500 0.750000
vt 0.437500 0.833333
vt 0.458333 1.000000
vt 0.458333 0.916667
vt 0.458333 0.083333
vt 0.458333 0.000000
vt 0.458333 0.166667
vt 0.458333 0.250000
vt 0.458333 0.333333
vt 0.458333 0.416667
vt 0.458333 0.500000
vt 0.458333 0.583333
vt 0.458333 0.666667
vt 0.458333 0.750000
vt 0.458333 0.833333
vt 0.479167 1.000000
vt 0.479167 0.916667
vt 0.479167 0.083333
vt 0.479167 0.000000
vt 0.479167 0.166667
vt 0.479167 0.250000
vt 0.479167 0.333333
vt 0.479167 0.416667
vt 0.479167 0.500000
vt 0.479167 0.583333
vt 0.479167 0.666667
vt 0.479167 0.750000
vt 0.479167 0.833333
vt 0.520833 1.000000
vt 0.520833 0.916667
vt 0.520833 0.083333
vt 0.520833 0.000000
vt 0.520833 0.166667
vt 0.520833 0.250000
vt 0.520833 0.333333
vt 0.520833 0.416667
vt 0.520833 0.500000
vt 0.520833 0.583333
vt 0.520833 0.666667
vt 0.520833 0.750000
vt 0.520833 0.833333
vt 0.541667 1.000000
vt 0.541667 0.916667
vt 0.541667 0.083333
vt 0.541667 0.000000
vt 0.541667 0.166667
vt 0.541667 0.250000
vt 0.541667 0.333333
vt 0.541667 0.416667
vt 0.541667 0.500000
vt 0.541667 0.583333
vt 0.541667 0.666667
vt 0.541667 0.750000
vt 0.541667 0.833333
vt 0.562500 1.000000
vt 0.562500 0.916667
vt 0.562500 0.083333
vt 0.562500 0.000000
vt 0.562500 0.166667
vt 0.562500 0.250000
vt 0.562500 0.333333
vt 0.562500 0.416667
vt 0.562500 0.500000
vt 0.562500 0.583333
vt 0.562500 0.666667
vt 0.562500 0.750000
vt 0.562500 0.833333
vt 0.604167 1.000000
vt 0.604167 0.916667
vt 0.604167 0.083333
vt 0.604167 0.000000
vt 0.604167 0.166667
vt 0.604167 0.250000
vt 0.604167 0.333333
vt 0.604167 0.416667
vt 0.604167 0.500000
vt 0.604167 0.583333
vt 0.604167 0.666667
vt 0.604167 0.750000
vt 0.604167 0.833333
vt 0.625000 1.000000
vt 0.625000 0.916667
vt 0.625000 0.083333
vt 0.625000 0.000000
vt 0.625000 0.166667
vt 0.625000 0.250000
vt 0.625000 0.333333
vt 0.625000 0.416667
vt 0.625000 0.500000
vt 0.625000 0.583333
vt 0.625000 0.666667
vt 0.625000 0.750000
vt 0.625000 0.833333
vt 0.645833 1.000000
vt 0.645833 0.916667
vt 0.645833 0.083333
vt 0.645833 0.000000
vt 0.645833 0.166667
vt 0.645833 0.250000
vt 0.645833 0.333333
vt 0.645833 0.416667
vt 0.645833 0.500000
vt 0.645833 0.583333
vt 0.645833 0.666667
vt 0.645833 0.750000
vt 0.645833 0.833333
vt 0.687500 1.000000
vt 0.687500 0.916667
vt 0.687500 0.083333
vt 0.687500 0.000000
vt 0.687500 0.166667
vt 0.687500 0.250000
vt 0.687500 0.333333
vt 0.687500 0.416667
vt 0.687500 0.500000
vt 0.687500 0.583333
vt 0.687500 0.666667
vt 0.687500 0.750000
vt 0.687500 0.833333
vt 0.708333 1.000000
vt 0.708333 0.916667
vt 0.708333 0.083333
vt 0.708333 0.000000
vt 0.708333 0.166667
vt 0.708333 0.250000
vt 0.708333 0.333333
vt 0.708333 0.416667
vt 0.708333 0.500000
vt 0.708333 0.583333
vt 0.708333 0.666667
vt 0.708333 0.750000
vt 0.708333 0.833333
vt 0.729167 1.000000
vt 0.729167 0.916667
vt 0.729167 0.083333
vt 0.729167 0.000000
vt 0.729167 0.166667
vt 0.729167 0.250000
vt 0.729167 0.333333
vt 0.729167 0.416667
vt 0.729167 0.500000
vt 0.729167 0.583333
vt 0.729167 0.666667
vt 0.729167 0.750000
vt 0.729167 0.833333
vt 0.770833 1.000000
vt 0.770833 0.916667
vt 0.770833 0.083333
vt 0.770833 0.000000
vt 0.770833 0.166667
vt 0.770833 0.250000
vt 0.770833 0.333333
vt 0.770833 0.416667
vt 0.770833 0.500000
vt 0.770833 0.583333
vt 0.770833 0.666667
vt 0.770833 0.750000
vt 0.770833 0.833333
vt 0.791667 1.000000
vt 0.791667 0.916667
vt 0.791667 0.083333
vt 0.791667 0.000000
vt 0.791667 0.166667
vt 0.791667 0.250000
vt 0.791667 0.333333
vt 0.791667 0.416667
vt 0.791667 0.500000
vt 0.791667 0.583333
vt 0.791667 0.666667
vt 0.791667 0.750000
vt 0.791667 0.833333
vt 0.812500 1.000000
vt 0.812500 0.916667
vt 0.812500 0.083333
vt 0.812500 0.000000
vt 0.812500 0.166667
vt 0.812500 0.250000
vt 0.812500 0.333333
vt 0.812500 0.416667
vt 0.812500 0.500000
vt 0.812500 0.583333
vt 0.812500 0.666667
vt 0.812500 0.750000
vt 0.812500 0.833333
vt 0.854167 1.000000
vt 0.854167 0.916667
vt 0.854167 0.083333
vt 0.854167 0.000000
vt 0.854167 0.166667
vt 0.854167 0.250000
vt 0.854167 0.333333
vt 0.854167 0.416667
vt 0.854167 0.500000
vt 0.854167 0.583333
vt 0.854167 0.666667
vt 0.854167 0.750000
vt 0.854167 0.833333
vt 0.875000 1.000000
vt 0.875000 0.916667
vt 0.875000 0.083333
vt 0.875000 0.000000
vt 0.875000 0.166667
vt 0.875000 0.250000
vt 0.875000 0.333333
vt 0.875000 0.416667
vt 0.875000 0.500000
vt 0.875000 0.583333
vt 0.875000 0.666667
vt 0.875000 0.750000
vt 0.875000 0.833333
vt 0.895833 1.000000
vt 0.895833 0.916667
vt 0.895833 0.083333
vt 0.895833 0.000000
vt 0.895833 0.166667
vt 0.895833 0.250000
vt 0.895833 0.333333
vt 0.895833 0.416667
vt 0.895833 0.500000
vt 0.895833 0.583333
vt 0.895833 0.666667
vt 0.895833 0.750000
vt 0.895833 0.833333
vt 0.937500 1.000000
vt 0.937500 0.916667
vt 0.937500 0.083333
vt 0.937500 0.000000
vt 0.937500 0.166667
vt 0.937500 0.250000
vt 0.937500 0.333333
vt 0.937500 0.416667
vt 0.937500 0.500000
vt 0.937500 0.583333
vt 0.937500 0.666667
vt 0.937500 0.750000
vt 0.937500 0.833333
vt 0.958333 1.000000
vt 0.958333 0.916667
vt 0.958333 0.083333
vt 0.958333 0.000000
vt 0.958333 0.166667
vt 0.958333 0.250000
vt 0.958333 0.333333
vt 0.958333 0.416667
vt 0.958333 0.500000
vt 0.958333 0.583333
vt 0.958333 0.666667
vt 0.958333 0.750000
vt 0.958333 0.833333
vt 0.979167 1.000000
vt 0.979167 0.916667
vt 0.979167 0.083333
vt 0.979167 0.000000
vt 0.979167 0.166667
vt 0.979167 0.250000
vt 0.979167 0.333333
vt 0.979167 0.416667
vt 0.979167 0.500000
vt 0.979167 0.583333
vt 0.979167 0.666667
vt 0.979167 0.750000
vt 0.979167 0.833333
vt 0.407107 0.553274
vt 0.407107 0.696726
vt 0.470651 0.690578
vt 0.470651 0.559422
vt 0.407107 0.053274
vt 0.407107 0.196726
vt 0.470651 0.190578
vt 0.470651 0.059422
vt 0.375000 0.309780
vt 0.375000 0.453539
vt 0.625000 0.460295
vt 0.625000 0.303024
vt 0.375000 0.796461
vt 0.375000 0.940220
vt 0.625000 0.946976
vt 0.625000 0.789705
vt 0.184780 0.750000
vt 0.328539 0.750000
vt 0.328539 0.500000
vt 0.184780 0.500000
vt 0.821976 0.500000
vt 0.664705 0.500000
vt 0.664706 0.750000
vt 0.821976 0.750000
s 1
usemtl Material.036
f 1/1/1 13/2/2 24/3/3 12/4/4
f 2/5/5 14/6/6 13/7/2 1/8/1
f 3/9/7 15/10/8 14/6/6 2/5/5
f 4/11/9 16/12/10 15/10/8 3/9/7
f 5/13/11 17/14/12 16/12/10 4/11/9
f 6/15/13 18/16/14 17/14/12 5/13/11
f 7/17/15 19/18/16 18/16/14 6/15/13
f 8/19/17 20/20/18 19/18/16 7/17/15
f 9/21/19 21/22/20 20/20/18 8/19/17
f 10/23/21 22/24/22 21/22/20 9/21/19
f 11/25/23 23/26/24 22/24/22 10/23/21
f 12/4/4 24/3/3 23/26/24 11/25/23
f 13/2/2 25/27/25 36/28/26 24/3/3
f 14/6/6 26/29/27 25/30/25 13/7/2
f 15/10/8 27/31/28 26/29/27 14/6/6
f 16/12/10 28/32/29 27/31/28 15/10/8
f 17/14/12 29/33/30 28/32/29 16/12/10
f 18/16/14 30/34/31 29/33/30 17/14/12
f 19/18/16 31/35/32 30/34/31 18/16/14
f 20/20/18 32/36/33 31/35/32 19/18/16
f 21/22/20 33/37/34 32/36/33 20/20/18
f 22/24/22 34/38/35 33/37/34 21/22/20
f 23/26/24 35/39/36 34/38/35 22/24/22
f 24/3/3 36/28/26 35/39/36 23/26/24
f 25/27/25 37/40/37 48/41/38 36/28/26
f 26/29/27 38/42/39 37/43/37 25/30/25
f 27/31/28 39/44/40 38/42/39 26/29/27
f 28/32/29 40/45/41 39/44/40 27/31/28
f 29/33/30 41/46/42 40/45/41 28/32/29
f 30/34/31 42/47/43 41/46/42 29/33/30
f 31/35/32 43/48/44 42/47/43 30/34/31
f 32/36/33 44/49/45 43/48/44 31/35/32
f 33/37/34 45/50/46 44/49/45 32/36/33
f 34/38/35 46/51/47 45/50/46 33/37/34
f 35/39/36 47/52/48 46/51/47 34/38/35
f 36/28/26 48/41/38 47/52/48 35/39/36
f 37/40/37 49/53/49 60/54/50 48/41/38
f 38/42/39 50/55/51 49/56/49 37/43/37
f 39/44/40 51/57/52 50/55/51 38/42/39
f 40/45/41 52/58/53 51/57/52 39/44/40
f 41/46/42 53/59/54 52/58/53 40/45/41
f 42/47/43 54/60/55 53/59/54 41/46/42
f 43/48/44 55/61/56 54/60/55 42/47/43
f 44/49/45 56/62/57 55/61/56 43/48/44
f 45/50/46 57/63/58 56/62/57 44/49/45
f 46/51/47 58/64/59 57/63/58 45/50/46
f 47/52/48 59/65/60 58/64/59 46/51/47
f 48/41/38 60/54/50 59/65/60 47/52/48
f 49/53/49 61/66/61 72/67/62 60/54/50
f 50/55/51 62/68/63 61/69/61 49/56/49
f 51/57/52 63/70/64 62/68/63 50/55/51
f 52/58/53 64/71/65 63/70/64 51/57/52
f 53/59/54 65/72/66 64/71/65 52/58/53
f 54/60/55 66/73/67 65/72/66 53/59/54
f 55/61/56 67/74/68 66/73/67 54/60/55
f 56/62/57 68/75/69 67/74/68 55/61/56
f 57/63/58 69/76/70 68/75/69 56/62/57
f 58/64/59 70/77/71 69/76/70 57/63/58
f 59/65/60 71/78/72 70/77/71 58/64/59
f 60/54/50 72/67/62 71/78/72 59/65/60
f 61/66/61 73/79/73 84/80/74 72/67/62
f 62/68/63 74/81/75 73/82/73 61/69/61
f 63/70/64 75/83/76 74/81/75 62/68/63
f 64/71/65 76/84/77 75/83/76 63/70/64
f 65/72/66 77/85/78 76/84/77 64/71/65
f 66/73/67 78/86/79 77/85/78 65/72/66
f 67/74/68 79/87/80 78/86/79 66/73/67
f 68/75/69 80/88/81 79/87/80 67/74/68
f 69/76/70 81/89/82 80/88/81 68/75/69
f 70/77/71 82/90/83 81/89/82 69/76/70
f 71/78/72 83/91/84 82/90/83 70/77/71
f 72/67/62 84/80/74 83/91/84 71/78/72
f 73/79/73 85/92/85 96/93/86 84/80/74
f 74/81/75 86/94/87 85/95/85 73/82/73
f 75/83/76 87/96/88 86/94/87 74/81/75
f 76/84/77 88/97/89 87/96/88 75/83/76
f 77/85/78 89/98/90 88/97/89 76/84/77
f 78/86/79 90/99/91 89/98/90 77/85/78
f 79/87/80 91/100/92 90/99/91 78/86/79
f 80/88/81 92/101/93 91/100/92 79/87/80
f 81/89/82 93/102/94 92/101/93 80/88/81
f 82/90/83 94/103/95 93/102/94 81/89/82
f 83/91/84 95/104/96 94/103/95 82/90/83
f 84/80/74 96/93/86 95/104/96 83/91/84
f 85/92/85 97/105/97 108/106/98 96/93/86
f 86/94/87 98/107/99 97/108/97 85/95/85
f 87/96/88 99/109/100 98/107/99 86/94/87
f 88/97/89 100/110/101 99/109/100 87/96/88
f 89/98/90 101/111/102 100/110/101 88/97/89
f 90/99/91 102/112/103 101/111/102 89/98/90
f 91/100/92 103/113/104 102/112/103 90/99/91
f 92/101/93 104/114/105 103/113/104 91/100/92
f 93/102/94 105/115/106 104/114/105 92/101/93
f 94/103/95 106/116/107 105/115/106 93/102/94
f 95/104/96 107/117/108 106/116/107 94/103/95
f 96/93/86 108/106/98 107/117/108 95/104/96
f 97/105/97 109/118/109 120/119/110 108/106/98
f 98/107/99 110/120/111 109/121/109 97/108/97
f 99/109/100 111/122/112 110/120/111 98/107/99
f 100/110/101 112/123/113 111/122/112 99/109/100
f 101/111/102 113/124/114 112/123/113 100/110/101
f 102/112/103 114/125/115 113/124/114 101/111/102
f 103/113/104 115/126/116 114/125/115 102/112/103
f 104/114/105 116/127/117 115/126/116 103/113/104
f 105/115/106 117/128/118 116/127/117 104/114/105
f 106/116/107 118/129/119 117/128/118 105/115/106
f 107/117/108 119/130/120 118/129/119 106/116/107
f 108/106/98 120/119/110 119/130/120 107/117/108
f 109/118/109 121/131/121 132/132/122 120/119/110
f 110/120/111 122/133/123 121/134/121 109/121/109
f 111/122/112 123/135/124 122/133/123 110/120/111
f 112/123/113 124/136/125 123/135/124 111/122/112
f 113/124/114 125/137/126 124/136/125 112/123/113
f 114/125/115 126/138/127 125/137/126 113/124/114
f 115/126/116 127/139/128 126/138/127 114/125/115
f 116/127/117 128/140/129 127/139/128 115/126/116
f 117/128/118 129/141/130 128/140/129 116/127/117
f 118/129/119 130/142/131 129/141/130 117/128/118
f 119/130/120 131/143/132 130/142/131 118/129/119
f 120/119/110 132/132/122 131/143/132 119/130/120
f 121/131/121 133/144/133 144/145/134 132/132/122
f 122/133/123 134/146/135 133/147/133 121/134/121
f 123/135/124 135/148/136 134/146/135 122/133/123
f 124/136/125 136/149/137 135/148/136 123/135/124
f 125/137/126 137/150/138 136/149/137 124/136/125
f 126/138/127 138/151/139 137/150/138 125/137/126
f 127/139/128 139/152/140 138/151/139 126/138/127
f 128/140/129 140/153/141 139/152/140 127/139/128
f 129/141/130 141/154/142 140/153/141 128/140/129
f 130/142/131 142/155/143 141/154/142 129/141/130
f 131/143/132 143/156/144 142/155/143 130/142/131
f 132/132/122 144/145/134 143/156/144 131/143/132
f 133/144/133 145/157/145 156/158/146 144/145/134
f 134/146/135 146/159/147 145/160/145 133/147/133
f 135/148/136 147/161/148 146/159/147 134/146/135
f 136/149/137 148/162/149 147/161/148 135/148/136
f 137/150/138 149/163/150 148/162/149 136/149/137
f 138/151/139 150/164/151 149/163/150 137/150/138
f 139/152/140 151/165/152 150/164/151 138/151/139
f 140/153/141 152/166/153 151/165/152 139/152/140
f 141/154/142 153/167/154 152/166/153 140/153/141
f 142/155/143 154/168/155 153/167/154 141/154/142
f 143/156/144 155/169/156 154/168/155 142/155/143
f 144/145/134 156/158/146 155/169/156 143/156/144
f 145/157/145 157/170/157 168/171/158 156/158/146
f 146/159/147 158/172/159 157/173/157 145/160/145
f 147/161/148 159/174/160 158/172/159 146/159/147
f 148/162/149 160/175/161 159/174/160 147/161/148
f 149/163/150 161/176/162 160/175/161 148/162/149
f 150/164/151 162/177/163 161/176/162 149/163/150
f 151/165/152 163/178/164 162/177/163 150/164/151
f 152/166/153 164/179/165 163/178/164 151/165/152
f 153/167/154 165/180/166 164/179/165 152/166/153
f 154/168/155 166/181/167 165/180/166 153/167/154
f 155/169/156 167/182/168 166/181/167 154/168/155
f 156/158/146 168/171/158 167/182/168 155/169/156
f 157/170/157 169/183/169 180/184/170 168/171/158
f 158/172/159 170/185/171 169/186/169 157/173/157
f 159/174/160 171/187/172 170/185/171 158/172/159
f 160/175/161 172/188/173 171/187/172 159/174/160
f 161/176/162 173/189/174 172/188/173 160/175/161
f 162/177/163 174/190/175 173/189/174 161/176/162
f 163/178/164 175/191/176 174/190/175 162/177/163
f 164/179/165 176/192/177 175/191/176 163/178/164
f 165/180/166 177/193/178 176/192/177 164/179/165
f 166/181/167 178/194/179 177/193/178 165/180/166
f 167/182/168 179/195/180 178/194/179 166/181/167
f 168/171/158 180/184/170 179/195/180 167/182/168
f 169/183/169 181/196/181 192/197/182 180/184/170
f 170/185/171 182/198/183 181/199/181 169/186/169
f 171/187/172 183/200/184 182/198/183 170/185/171
f 172/188/173 184/201/185 183/200/184 171/187/172
f 173/189/174 185/202/186 184/201/185 172/188/173
f 174/190/175 186/203/187 185/202/186 173/189/174
f 175/191/176 187/204/188 186/203/187 174/190/175
f 176/192/177 188/205/189 187/204/188 175/191/176
f 177/193/178 189/206/190 188/205/189 176/192/177
f 178/194/179 190/207/191 189/206/190 177/193/178
f 179/195/180 191/208/192 190/207/191 178/194/179
f 180/184/170 192/197/182 191/208/192 179/195/180
f 181/196/181 193/209/193 204/210/194 192/197/182
f 182/198/183 194/211/195 193/212/193 181/199/181
f 183/200/184 195/213/196 194/211/195 182/198/183
f 184/201/185 196/214/197 195/213/196 183/200/184
f 185/202/186 197/215/198 196/214/197 184/201/185
f 186/203/187 198/216/199 197/215/198 185/202/186
f 187/204/188 199/217/200 198/216/199 186/203/187
f 188/205/189 200/218/201 199/217/200 187/204/188
f 189/206/190 201/219/202 200/218/201 188/205/189
f 190/207/191 202/220/203 201/219/202 189/206/190
f 191/208/192 203/221/204 202/220/203 190/207/191
f 192/197/182 204/210/194 203/221/204 191/208/192
f 193/209/193 205/222/205 216/223/206 204/210/194
f 194/211/195 206/224/207 205/225/205 193/212/193
f 195/213/196 207/226/208 206/224/207 194/211/195
f 196/214/197 208/227/209 207/226/208 195/213/196
f 197/215/198 209/228/210 208/227/209 196/214/197
f 198/216/199 210/229/211 209/228/210 197/215/198
f 199/217/200 211/230/212 210/229/211 198/216/199
f 200/218/201 212/231/213 211/230/212 199/217/200
f 201/219/202 213/232/214 212/231/213 200/218/201
f 202/220/203 214/233/215 213/232/214 201/219/202
f 203/221/204 215/234/216 214/233/215 202/220/203
f 204/210/194 216/223/206 215/234/216 203/221/204
f 205/222/205 217/235/217 228/236/218 216/223/206
f 206/224/207 218/237/219 217/238/217 205/225/205
f 207/226/208 219/239/220 218/237/219 206/224/207
f 208/227/209 220/240/221 219/239/220 207/226/208
f 209/228/210 221/241/222 220/240/221 208/227/209
f 210/229/211 222/242/223 221/241/222 209/228/210
f 211/230/212 223/243/224 222/242/223 210/229/211
f 212/231/213 224/244/225 223/243/224 211/230/212
f 213/232/214 225/245/226 224/244/225 212/231/213
f 214/233/215 226/246/227 225/245/226 213/232/214
f 215/234/216 227/247/228 226/246/227 214/233/215
f 216/223/206 228/236/218 227/247/228 215/234/216
f 217/235/217 229/248/229 240/249/230 228/236/218
f 218/237/219 230/250/231 229/251/229 217/238/217
f 219/239/220 231/252/232 230/250/231 218/237/219
f 220/240/221 232/253/233 231/252/232 219/239/220
f 221/241/222 233/254/234 232/253/233 220/240/221
f 222/242/223 234/255/235 233/254/234 221/241/222
f 223/243/224 235/256/236 234/255/235 222/242/223
f 224/244/225 236/257/237 235/256/236 223/243/224
f 225/245/226 237/258/238 236/257/237 224/244/225
f 226/246/227 238/259/239 237/258/238 225/245/226
f 227/247/228 239/260/240 238/259/239 226/246/227
f 228/236/218 240/249/230 239/260/240 227/247/228
f 229/248/229 241/261/241 252/262/242 240/249/230
f 230/250/231 242/263/243 241/264/241 229/251/229
f 231/252/232 243/265/244 242/263/243 230/250/231
f 232/253/233 244/266/245 243/265/244 231/252/232
f 233/254/234 245/267/246 244/266/245 232/253/233
f 234/255/235 246/268/247 245/267/246 233/254/234
f 235/256/236 247/269/248 246/268/247 234/255/235
f 236/257/237 248/270/249 247/269/248 235/256/236
f 237/258/238 249/271/250 248/270/249 236/257/237
f 238/259/239 250/272/251 249/271/250 237/258/238
f 239/260/240 251/273/252 250/272/251 238/259/239
f 240/249/230 252/262/242 251/273/252 239/260/240
f 241/261/241 253/274/253 264/275/254 252/262/242
f 242/263/243 254/276/255 253/277/253 241/264/241
f 243/265/244 255/278/256 254/276/255 242/263/243
f 244/266/245 256/279/257 255/278/256 243/265/244
f 245/267/246 257/280/258 256/279/257 244/266/245
f 246/268/247 258/281/259 257/280/258 245/267/246
f 247/269/248 259/282/260 258/281/259 246/268/247
f 248/270/249 260/283/261 259/282/260 247/269/248
f 249/271/250 261/284/262 260/283/261 248/270/249
f 250/272/251 262/285/263 261/284/262 249/271/250
f 251/273/252 263/286/264 262/285/263 250/272/251
f 252/262/242 264/275/254 263/286/264 251/273/252
f 253/274/253 265/287/265 276/288/266 264/275/254
f 254/276/255 266/289/267 265/290/265 253/277/253
f 255/278/256 267/291/268 266/289/267 254/276/255
f 256/279/257 268/292/269 267/291/268 255/278/256
f 257/280/258 269/293/270 268/292/269 256/279/257
f 258/281/259 270/294/271 269/293/270 257/280/258
f 259/282/260 271/295/272 270/294/271 258/281/259
f 260/283/261 272/296/273 271/295/272 259/282/260
f 261/284/262 273/297/274 272/296/273 260/283/261
f 262/285/263 274/298/275 273/297/274 261/284/262
f 263/286/264 275/299/276 274/298/275 262/285/263
f 264/275/254 276/288/266 275/299/276 263/286/264
f 265/287/265 277/300/277 288/301/278 276/288/266
f 266/289/267 278/302/279 277/303/277 265/290/265
f 267/291/268 279/304/280 278/302/279 266/289/267
f 268/292/269 280/305/281 279/304/280 267/291/268
f 269/293/270 281/306/282 280/305/281 268/292/269
f 270/294/271 282/307/283 281/306/282 269/293/270
f 271/295/272 283/308/284 282/307/283 270/294/271
f 272/296/273 284/309/285 283/308/284 271/295/272
f 273/297/274 285/310/286 284/309/285 272/296/273
f 274/298/275 286/311/287 285/310/286 273/297/274
f 275/299/276 287/312/288 286/311/287 274/298/275
f 276/288/266 288/301/278 287/312/288 275/299/276
f 277/300/277 289/313/289 300/314/290 288/301/278
f 278/302/279 290/315/291 289/316/289 277/303/277
f 279/304/280 291/317/292 290/315/291 278/302/279
f 280/305/281 292/318/293 291/317/292 279/304/280
f 281/306/282 293/319/294 292/318/293 280/305/281
f 282/307/283 294/320/295 293/319/294 281/306/282
f 283/308/284 295/321/296 294/320/295 282/307/283
f 284/309/285 296/322/297 295/321/296 283/308/284
f 285/310/286 297/323/298 296/322/297 284/309/285
f 286/311/287 298/324/299 297/323/298 285/310/286
f 287/312/288 299/325/300 298/324/299 286/311/287
f 288/301/278 300/314/290 299/325/300 287/312/288
f 289/313/289 301/326/301 312/327/302 300/314/290
f 290/315/291 302/328/303 301/329/301 289/316/289
f 291/317/292 303/330/304 302/328/303 290/315/291
f 292/318/293 304/331/305 303/330/304 291/317/292
f 293/319/294 305/332/306 304/331/305 292/318/293
f 294/320/295 306/333/307 305/332/306 293/319/294
f 295/321/296 307/334/308 306/333/307 294/320/295
f 296/322/297 308/335/309 307/334/308 295/321/296
f 297/323/298 309/336/310 308/335/309 296/322/297
f 298/324/299 310/337/311 309/336/310 297/323/298
f 299/325/300 311/338/312 310/337/311 298/324/299
f 300/314/290 312/327/302 311/338/312 299/325/300
f 301/326/301 313/339/313 324/340/314 312/327/302
f 302/328/303 314/341/315 313/342/313 301/329/301
f 303/330/304 315/343/316 314/341/315 302/328/303
f 304/331/305 316/344/317 315/343/316 303/330/304
f 305/332/306 317/345/318 316/344/317 304/331/305
f 306/333/307 318/346/319 317/345/318 305/332/306
f 307/334/308 319/347/320 318/346/319 306/333/307
f 308/335/309 320/348/321 319/347/320 307/334/308
f 309/336/310 321/349/322 320/348/321 308/335/309
f 310/337/311 322/350/323 321/349/322 309/336/310
f 311/338/312 323/351/324 322/350/323 310/337/311
f 312/327/302 324/340/314 323/351/324 311/338/312
f 313/339/313 325/352/325 336/353/326 324/340/314
f 314/341/315 326/354/327 325/355/325 313/342/313
f 315/343/316 327/356/328 326/354/327 314/341/315
f 316/344/317 328/357/329 327/356/328 315/343/316
f 317/345/318 329/358/330 328/357/329 316/344/317
f 318/346/319 330/359/331 329/358/330 317/345/318
f 319/347/320 331/360/332 330/359/331 318/346/319
f 320/348/321 332/361/333 331/360/332 319/347/320
f 321/349/322 333/362/334 332/361/333 320/348/321
f 322/350/323 334/363/335 333/362/334 321/349/322
f 323/351/324 335/364/336 334/363/335 322/350/323
f 324/340/314 336/353/326 335/364/336 323/351/324
f 325/352/325 337/365/337 348/366/338 336/353/326
f 326/354/327 338/367/339 337/368/337 325/355/325
f 327/356/328 339/369/340 338/367/339 326/354/327
f 328/357/329 340/370/341 339/369/340 327/356/328
f 329/358/330 341/371/342 340/370/341 328/357/329
f 330/359/331 342/372/343 341/371/342 329/358/330
f 331/360/332 343/373/344 342/372/343 330/359/331
f 332/361/333 344/374/345 343/373/344 331/360/332
f 333/362/334 345/375/346 344/374/345 332/361/333
f 334/363/335 346/376/347 345/375/346 333/362/334
f 335/364/336 347/377/348 346/376/347 334/363/335
f 336/353/326 348/366/338 347/377/348 335/364/336
f 337/365/337 349/378/349 360/379/350 348/366/338
f 338/367/339 350/380/351 349/381/349 337/368/337
f 339/369/340 351/382/352 350/380/351 338/367/339
f 340/370/341 352/383/353 351/382/352 339/369/340
f 341/371/342 353/384/354 352/383/353 340/370/341
f 342/372/343 354/385/355 353/384/354 341/371/342
f 343/373/344 355/386/356 354/385/355 342/372/343
f 344/374/345 356/387/357 355/386/356 343/373/344
f 345/375/346 357/388/358 356/387/357 344/374/345
f 346/376/347 358/389/359 357/388/358 345/375/346
f 347/377/348 359/390/360 358/389/359 346/376/347
f 348/366/338 360/379/350 359/390/360 347/377/348
f 349/378/349 361/391/361 372/392/362 360/379/350
f 350/380/351 362/393/363 361/394/361 349/381/349
f 351/382/352 363/395/364 362/393/363 350/380/351
f 352/383/353 364/396/365 363/395/364 351/382/352
f 353/384/354 365/397/366 364/396/365 352/383/353
f 354/385/355 366/398/367 365/397/366 353/384/354
f 355/386/356 367/399/368 366/398/367 354/385/355
f 356/387/357 368/400/369 367/399/368 355/386/356
f 357/388/358 369/401/370 368/400/369 356/387/357
f 358/389/359 370/402/371 369/401/370 357/388/358
f 359/390/360 371/403/372 370/402/371 358/389/359
f 360/379/350 372/392/362 371/403/372 359/390/360
f 361/391/361 373/404/373 384/405/374 372/392/362
f 362/393/363 374/406/375 373/407/373 361/394/361
f 363/395/364 375/408/376 374/406/375 362/393/363
f 364/396/365 376/409/377 375/408/376 363/395/364
f 365/397/366 377/410/378 376/409/377 364/396/365
f 366/398/367 378/411/379 377/410/378 365/397/366
f 367/399/368 379/412/380 378/411/379 366/398/367
f 368/400/369 380/413/381 379/412/380 367/399/368
f 369/401/370 381/414/382 380/413/381 368/400/369
f 370/402/371 382/415/383 381/414/382 369/401/370
f 371/403/372 383/416/384 382/415/383 370/402/371
f 372/392/362 384/405/374 383/416/384 371/403/372
f 373/404/373 385/417/385 396/418/386 384/405/374
f 374/406/375 386/419/387 385/420/385 373/407/373
f 375/408/376 387/421/388 386/419/387 374/406/375
f 376/409/377 388/422/389 387/421/388 375/408/376
f 377/410/378 389/423/390 388/422/389 376/409/377
f 378/411/379 390/424/391 389/423/390 377/410/378
f 379/412/380 391/425/392 390/424/391 378/411/379
f 380/413/381 392/426/393 391/425/392 379/412/380
f 381/414/382 393/427/394 392/426/393 380/413/381
f 382/415/383 394/428/395 393/427/394 381/414/382
f 383/416/384 395/429/396 394/428/395 382/415/383
f 384/405/374 396/418/386 395/429/396 383/416/384
f 385/417/385 397/430/397 408/431/398 396/418/386
f 386/419/387 398/432/399 397/433/397 385/420/385
f 387/421/388 399/434/400 398/432/399 386/419/387
f 388/422/389 400/435/401 399/434/400 387/421/388
f 389/423/390 401/436/402 400/435/401 388/422/389
f 390/424/391 402/437/403 401/436/402 389/423/390
f 391/425/392 403/438/404 402/437/403 390/424/391
f 392/426/393 404/439/405 403/438/404 391/425/392
f 393/427/394 405/440/406 404/439/405 392/426/393
f 394/428/395 406/441/407 405/440/406 393/427/394
f 395/429/396 407/442/408 406/441/407 394/428/395
f 396/418/386 408/431/398 407/442/408 395/429/396
f 397/430/397 409/443/409 420/444/410 408/431/398
f 398/432/399 410/445/411 409/446/409 397/433/397
f 399/434/400 411/447/412 410/445/411 398/432/399
f 400/435/401 412/448/413 411/447/412 399/434/400
f 401/436/402 413/449/414 412/448/413 400/435/401
f 402/437/403 414/450/415 413/449/414 401/436/402
f 403/438/404 415/451/416 414/450/415 402/437/403
f 404/439/405 416/452/417 415/451/416 403/438/404
f 405/440/406 417/453/418 416/452/417 404/439/405
f 406/441/407 418/454/419 417/453/418 405/440/406
f 407/442/408 419/455/420 418/454/419 406/441/407
f 408/431/398 420/444/410 419/455/420 407/442/408
f 409/443/409 421/456/421 432/457/422 420/444/410
f 410/445/411 422/458/423 421/459/421 409/446/409
f 411/447/412 423/460/424 422/458/423 410/445/411
f 412/448/413 424/461/425 423/460/424 411/447/412
f 413/449/414 425/462/426 424/461/425 412/448/413
f 414/450/415 426/463/427 425/462/426 413/449/414
f 415/451/416 427/464/428 426/463/427 414/450/415
f 416/452/417 428/465/429 427/464/428 415/451/416
f 417/453/418 429/466/430 428/465/429 416/452/417
f 418/454/419 430/467/431 429/466/430 417/453/418
f 419/455/420 431/468/432 430/467/431 418/454/419
f 420/444/410 432/457/422 431/468/432 419/455/420
f 421/456/421 433/469/433 444/470/434 432/457/422
f 422/458/423 434/471/435 433/472/433 421/459/421
f 423/460/424 435/473/436 434/471/435 422/458/423
f 424/461/425 436/474/437 435/473/436 423/460/424
f 425/462/426 437/475/438 436/474/437 424/461/425
f 426/463/427 438/476/439 437/475/438 425/462/426
f 427/464/428 439/477/440 438/476/439 426/463/427
f 428/465/429 440/478/441 439/477/440 427/464/428
f 429/466/430 441/479/442 440/478/441 428/465/429
f 430/467/431 442/480/443 441/479/442 429/466/430
f 431/468/432 443/481/444 442/480/443 430/467/431
f 432/457/422 444/470/434 443/481/444 431/468/432
f 445/1/445 457/482/446 468/483/447 456/4/448
f 446/5/449 458/484/450 457/485/446 445/8/445
f 447/9/451 459/486/452 458/484/450 446/5/449
f 448/11/453 460/487/454 459/486/452 447/9/451
f 449/13/455 461/488/456 460/487/454 448/11/453
f 450/15/457 462/489/458 461/488/456 449/13/455
f 451/17/459 463/490/460 462/489/458 450/15/457
f 452/19/461 464/491/462 463/490/460 451/17/459
f 453/21/463 465/492/464 464/491/462 452/19/461
f 454/23/465 466/493/466 465/492/464 453/21/463
f 455/25/467 467/494/468 466/493/466 454/23/465
f 456/4/448 468/483/447 467/494/468 455/25/467
f 457/482/446 469/495/469 480/496/470 468/483/447
f 458/484/450 470/497/471 469/498/469 457/485/446
f 459/486/452 471/499/472 470/497/471 458/484/450
f 460/487/454 472/500/473 471/499/472 459/486/452
f 461/488/456 473/501/474 472/500/473 460/487/454
f 462/489/458 474/502/475 473/501/474 461/488/456
f 463/490/460 475/503/476 474/502/475 462/489/458
f 464/491/462 476/504/477 475/503/476 463/490/460
f 465/492/464 477/505/478 476/504/477 464/491/462
f 466/493/466 478/506/479 477/505/478 465/492/464
f 467/494/468 479/507/480 478/506/479 466/493/466
f 468/483/447 480/496/470 479/507/480 467/494/468
f 469/495/469 481/508/481 492/509/482 480/496/470
f 470/497/471 482/510/483 481/511/481 469/498/469
f 471/499/472 483/512/484 482/510/483 470/497/471
f 472/500/473 484/513/485 483/512/484 471/499/472
f 473/501/474 485/514/486 484/513/485 472/500/473
f 474/502/475 486/515/487 485/514/486 473/501/474
f 475/503/476 487/516/488 486/515/487 474/502/475
f 476/504/477 488/517/489 487/516/488 475/503/476
f 477/505/478 489/518/490 488/517/489 476/504/477
f 478/506/479 490/519/491 489/518/490 477/505/478
f 479/507/480 491/520/492 490/519/491 478/506/479
f 480/496/470 492/509/482 491/520/492 479/507/480
f 481/508/481 493/40/493 504/41/494 492/509/482
f 482/510/483 494/42/495 493/43/493 481/511/481
f 483/512/484 495/44/496 494/42/495 482/510/483
f 484/513/485 496/45/497 495/44/496 483/512/484
f 485/514/486 497/46/498 496/45/497 484/513/485
f 486/515/487 498/47/499 497/46/498 485/514/486
f 487/516/488 499/48/500 498/47/499 486/515/487
f 488/517/489 500/49/501 499/48/500 487/516/488
f 489/518/490 501/50/502 500/49/501 488/517/489
f 490/519/491 502/51/503 501/50/502 489/518/490
f 491/520/492 503/52/504 502/51/503 490/519/491
f 492/509/482 504/41/494 503/52/504 491/520/492
f 493/40/493 505/521/505 516/522/506 504/41/494
f 494/42/495 506/523/507 505/524/505 493/43/493
f 495/44/496 507/525/508 506/523/507 494/42/495
f 496/45/497 508/526/509 507/525/508 495/44/496
f 497/46/498 509/527/510 508/526/509 496/45/497
f 498/47/499 510/528/511 509/527/510 497/46/498
f 499/48/500 511/529/512 510/528/511 498/47/499
f 500/49/501 512/530/513 511/529/512 499/48/500
f 501/50/502 513/531/514 512/530/513 500/49/501
f 502/51/503 514/532/515 513/531/514 501/50/502
f 503/52/504 515/533/516 514/532/515 502/51/503
f 504/41/494 516/522/506 515/533/516 503/52/504
f 505/521/505 517/534/517 528/535/518 516/522/506
f 506/523/507 518/536/519 517/537/517 505/524/505
f 507/525/508 519/538/520 518/536/519 506/523/507
f 508/526/509 520/539/521 519/538/520 507/525/508
f 509/527/510 521/540/522 520/539/521 508/526/509
f 510/528/511 522/541/523 521/540/522 509/527/510
f 511/529/512 523/542/524 522/541/523 510/528/511
f 512/530/513 524/543/525 523/542/524 511/529/512
f 513/531/514 525/544/526 524/543/525 512/530/513
f 514/532/515 526/545/527 525/544/526 513/531/514
f 515/533/516 527/546/528 526/545/527 514/532/515
f 516/522/506 528/535/518 527/546/528 515/533/516
f 517/534/517 529/547/529 540/548/530 528/535/518
f 518/536/519 530/549/531 529/550/529 517/537/517
f 519/538/520 531/551/532 530/549/531 518/536/519
f 520/539/521 532/552/533 531/551/532 519/538/520
f 521/540/522 533/553/534 532/552/533 520/539/521
f 522/541/523 534/554/535 533/553/534 521/540/522
f 523/542/524 535/555/536 534/554/535 522/541/523
f 524/543/525 536/556/537 535/555/536 523/542/524
f 525/544/526 537/557/538 536/556/537 524/543/525
f 526/545/527 538/558/539 537/557/538 525/544/526
f 527/546/528 539/559/540 538/558/539 526/545/527
f 528/535/518 540/548/530 539/559/540 527/546/528
f 529/547/529 541/79/541 552/80/542 540/548/530
f 530/549/531 542/81/543 541/82/541 529/550/529
f 531/551/532 543/83/544 542/81/543 530/549/531
f 532/552/533 544/84/545 543/83/544 531/551/532
f 533/553/534 545/85/546 544/84/545 532/552/533
f 534/554/535 546/86/547 545/85/546 533/553/534
f 535/555/536 547/87/548 546/86/547 534/554/535
f 536/556/537 548/88/549 547/87/548 535/555/536
f 537/557/538 549/89/550 548/88/549 536/556/537
f 538/558/539 550/90/551 549/89/550 537/557/538
f 539/559/540 551/91/552 550/90/551 538/558/539
f 540/548/530 552/80/542 551/91/552 539/559/540
f 541/79/541 553/560/553 564/561/554 552/80/542
f 542/81/543 554/562/555 553/563/553 541/82/541
f 543/83/544 555/564/556 554/562/555 542/81/543
f 544/84/545 556/565/557 555/564/556 543/83/544
f 545/85/546 557/566/558 556/565/557 544/84/545
f 546/86/547 558/567/559 557/566/558 545/85/546
f 547/87/548 559/568/560 558/567/559 546/86/547
f 548/88/549 560/569/561 559/568/560 547/87/548
f 549/89/550 561/570/562 560/569/561 548/88/549
f 550/90/551 562/571/563 561/570/562 549/89/550
f 551/91/552 563/572/564 562/571/563 550/90/551
f 552/80/542 564/561/554 563/572/564 551/91/552
f 553/560/553 565/573/565 576/574/566 564/561/554
f 554/562/555 566/575/567 565/576/565 553/563/553
f 555/564/556 567/577/568 566/575/567 554/562/555
f 556/565/557 568/578/569 567/577/568 555/564/556
f 557/566/558 569/579/570 568/578/569 556/565/557
f 558/567/559 570/580/571 569/579/570 557/566/558
f 559/568/560 571/581/572 570/580/571 558/567/559
f 560/569/561 572/582/573 571/581/572 559/568/560
f 561/570/562 573/583/574 572/582/573 560/569/561
f 562/571/563 574/584/575 573/583/574 561/570/562
f 563/572/564 575/585/576 574/584/575 562/571/563
f 564/561/554 576/574/566 575/585/576 563/572/564
f 565/573/565 577/586/577 588/587/578 576/574/566
f 566/575/567 578/588/579 577/589/577 565/576/565
f 567/577/568 579/590/580 578/588/579 566/575/567
f 568/578/569 580/591/581 579/590/580 567/577/568
f 569/579/570 581/592/582 580/591/581 568/578/569
f 570/580/571 582/593/583 581/592/582 569/579/570
f 571/581/572 583/594/584 582/593/583 570/580/571
f 572/582/573 584/595/585 583/594/584 571/581/572
f 573/583/574 585/596/586 584/595/585 572/582/573
f 574/584/575 586/597/587 585/596/586 573/583/574
f 575/585/576 587/598/588 586/597/587 574/584/575
f 576/574/566 588/587/578 587/598/588 575/585/576
f 577/586/577 589/118/589 600/119/590 588/587/578
f 578/588/579 590/120/591 589/121/589 577/589/577
f 579/590/580 591/122/592 590/120/591 578/588/579
f 580/591/581 592/123/593 591/122/592 579/590/580
f 581/592/582 593/124/594 592/123/593 580/591/581
f 582/593/583 594/125/595 593/124/594 581/592/582
f 583/594/584 595/126/596 594/125/595 582/593/583
f 584/595/585 596/127/597 595/126/596 583/594/584
f 585/596/586 597/128/598 596/127/597 584/595/585
f 586/597/587 598/129/599 597/128/598 585/596/586
f 587/598/588 599/130/600 598/129/599 586/597/587
f 588/587/578 600/119/590 599/130/600 587/598/588
f 589/118/589 601/599/601 612/600/602 600/119/590
f 590/120/591 602/601/603 601/602/601 589/121/589
f 591/122/592 603/603/604 602/601/603 590/120/591
f 592/123/593 604/604/605 603/603/604 591/122/592
f 593/124/594 605/605/606 604/604/605 592/123/593
f 594/125/595 606/606/607 605/605/606 593/124/594
f 595/126/596 607/607/608 606/606/607 594/125/595
f 596/127/597 608/608/609 607/607/608 595/126/596
f 597/128/598 609/609/610 608/608/609 596/127/597
f 598/129/599 610/610/611 609/609/610 597/128/598
f 599/130/600 611/611/612 610/610/611 598/129/599
f 600/119/590 612/600/602 611/611/612 599/130/600
f 601/599/601 613/612/613 624/613/614 612/600/602
f 602/601/603 614/614/615 613/615/613 601/602/601
f 603/603/604 615/616/616 614/614/615 602/601/603
f 604/604/605 616/617/617 615/616/616 603/603/604
f 605/605/606 617/618/618 616/617/617 604/604/605
f 606/606/607 618/619/619 617/618/618 605/605/606
f 607/607/608 619/620/620 618/619/619 606/606/607
f 608/608/609 620/621/621 619/620/620 607/607/608
f 609/609/610 621/622/622 620/621/621 608/608/609
f 610/610/611 622/623/623 621/622/622 609/609/610
f 611/611/612 623/624/624 622/623/623 610/610/611
f 612/600/602 624/613/614 623/624/624 611/611/612
f 613/612/613 625/625/625 636/626/626 624/613/614
f 614/614/615 626/627/627 625/628/625 613/615/613
f 615/616/616 627/629/628 626/627/627 614/614/615
f 616/617/617 628/630/629 627/629/628 615/616/616
f 617/618/618 629/631/630 628/630/629 616/617/617
f 618/619/619 630/632/631 629/631/630 617/618/618
f 619/620/620 631/633/632 630/632/631 618/619/619
f 620/621/621 632/634/633 631/633/632 619/620/620
f 621/622/622 633/635/634 632/634/633 620/621/621
f 622/623/623 634/636/635 633/635/634 621/622/622
f 623/624/624 635/637/636 634/636/635 622/623/623
f 624/613/614 636/626/626 635/637/636 623/624/624
f 625/625/625 637/157/637 648/158/638 636/626/626
f 626/627/627 638/159/639 637/160/637 625/628/625
f 627/629/628 639/161/640 638/159/639 626/627/627
f 628/630/629 640/162/641 639/161/640 627/629/628
f 629/631/630 641/163/642 640/162/641 628/630/629
f 630/632/631 642/164/643 641/163/642 629/631/630
f 631/633/632 643/165/644 642/164/643 630/632/631
f 632/634/633 644/166/645 643/165/644 631/633/632
f 633/635/634 645/167/646 644/166/645 632/634/633
f 634/636/635 646/168/647 645/167/646 633/635/634
f 635/637/636 647/169/648 646/168/647 634/636/635
f 636/626/626 648/158/638 647/169/648 635/637/636
f 637/157/637 649/638/649 660/639/650 648/158/638
f 638/159/639 650/640/651 649/641/649 637/160/637
f 639/161/640 651/642/652 650/640/651 638/159/639
f 640/162/641 652/643/653 651/642/652 639/161/640
f 641/163/642 653/644/654 652/643/653 640/162/641
f 642/164/643 654/645/655 653/644/654 641/163/642
f 643/165/644 655/646/656 654/645/655 642/164/643
f 644/166/645 656/647/657 655/646/656 643/165/644
f 645/167/646 657/648/658 656/647/657 644/166/645
f 646/168/647 658/649/659 657/648/658 645/167/646
f 647/169/648 659/650/660 658/649/659 646/168/647
f 648/158/638 660/639/650 659/650/660 647/169/648
f 649/638/649 661/651/661 672/652/662 660/639/650
f 650/640/651 662/653/663 661/654/661 649/641/649
f 651/642/652 663/655/664 662/653/663 650/640/651
f 652/643/653 664/656/665 663/655/664 651/642/652
f 653/644/654 665/657/666 664/656/665 652/643/653
f 654/645/655 666/658/667 665/657/666 653/644/654
f 655/646/656 667/659/668 666/658/667 654/645/655
f 656/647/657 668/660/669 667/659/668 655/646/656
f 657/648/658 669/661/670 668/660/669 656/647/657
f 658/649/659 670/662/671 669/661/670 657/648/658
f 659/650/660 671/663/672 670/662/671 658/649/659
f 660/639/650 672/652/662 671/663/672 659/650/660
f 661/651/661 673/664/673 684/665/674 672/652/662
f 662/653/663 674/666/675 673/667/673 661/654/661
f 663/655/664 675/668/676 674/666/675 662/653/663
f 664/656/665 676/669/677 675/668/676 663/655/664
f 665/657/666 677/670/678 676/669/677 664/656/665
f 666/658/667 678/671/679 677/670/678 665/657/666
f 667/659/668 679/672/680 678/671/679 666/658/667
f 668/660/669 680/673/681 679/672/680 667/659/668
f 669/661/670 681/674/682 680/673/681 668/660/669
f 670/662/671 682/675/683 681/674/682 669/661/670
f 671/663/672 683/676/684 682/675/683 670/662/671
f 672/652/662 684/665/674 683/676/684 671/663/672
f 673/664/673 685/196/685 696/197/686 684/665/674
f 674/666/675 686/198/687 685/199/685 673/667/673
f 675/668/676 687/200/688 686/198/687 674/666/675
f 676/669/677 688/201/689 687/200/688 675/668/676
f 677/670/678 689/202/690 688/201/689 676/669/677
f 678/671/679 690/203/691 689/202/690 677/670/678
f 679/672/680 691/204/692 690/203/691 678/671/679
f 680/673/681 692/205/693 691/204/692 679/672/680
f 681/674/682 693/206/694 692/205/693 680/673/681
f 682/675/683 694/207/695 693/206/694 681/674/682
f 683/676/684 695/208/696 694/207/695 682/675/683
f 684/665/674 696/197/686 695/208/696 683/676/684
f 685/196/685 697/677/697 708/678/698 696/197/686
f 686/198/687 698/679/699 697/680/697 685/199/685
f 687/200/688 699/681/700 698/679/699 686/198/687
f 688/201/689 700/682/701 699/681/700 687/200/688
f 689/202/690 701/683/702 700/682/701 688/201/689
f 690/203/691 702/684/703 701/683/702 689/202/690
f 691/204/692 703/685/704 702/684/703 690/203/691
f 692/205/693 704/686/705 703/685/704 691/204/692
f 693/206/694 705/687/706 704/686/705 692/205/693
f 694/207/695 706/688/707 705/687/706 693/206/694
f 695/208/696 707/689/708 706/688/707 694/207/695
f 696/197/686 708/678/698 707/689/708 695/208/696
f 697/677/697 709/690/709 720/691/710 708/678/698
f 698/679/699 710/692/711 709/693/709 697/680/697
f 699/681/700 711/694/712 710/692/711 698/679/699
f 700/682/701 712/695/713 711/694/712 699/681/700
f 701/683/702 713/696/714 712/695/713 700/682/701
f 702/684/703 714/697/715 713/696/714 701/683/702
f 703/685/704 715/698/716 714/697/715 702/684/703
f 704/686/705 716/699/717 715/698/716 703/685/704
f 705/687/706 717/700/718 716/699/717 704/686/705
f 706/688/707 718/701/719 717/700/718 705/687/706
f 707/689/708 719/702/720 718/701/719 706/688/707
f 708/678/698 720/691/710 719/702/720 707/689/708
f 709/690/709 721/703/721 732/704/722 720/691/710
f 710/692/711 722/705/723 721/706/721 709/693/709
f 711/694/712 723/707/724 722/705/723 710/692/711
f 712/695/713 724/708/725 723/707/724 711/694/712
f 713/696/714 725/709/726 724/708/725 712/695/713
f 714/697/715 726/710/727 725/709/726 713/696/714
f 715/698/716 727/711/728 726/710/727 714/697/715
f 716/699/717 728/712/729 727/711/728 715/698/716
f 717/700/718 729/713/730 728/712/729 716/699/717
f 718/701/719 730/714/731 729/713/730 717/700/718
f 719/702/720 731/715/732 730/714/731 718/701/719
f 720/691/710 732/704/722 731/715/732 719/702/720
f 721/703/721 733/235/733 744/236/734 732/704/722
f 722/705/723 734/237/735 733/238/733 721/706/721
f 723/707/724 735/239/736 734/237/735 722/705/723
f 724/708/725 736/240/737 735/239/736 723/707/724
f 725/709/726 737/241/738 736/240/737 724/708/725
f 726/710/727 738/242/739 737/241/738 725/709/726
f 727/711/728 739/243/740 738/242/739 726/710/727
f 728/712/729 740/244/741 739/243/740 727/711/728
f 729/713/730 741/245/742 740/244/741 728/712/729
f 730/714/731 742/246/743 741/245/742 729/713/730
f 731/715/732 743/247/744 742/246/743 730/714/731
f 732/704/722 744/236/734 743/247/744 731/715/732
f 733/235/733 745/716/745 756/717/746 744/236/734
f 734/237/735 746/718/747 745/719/745 733/238/733
f 735/239/736 747/720/748 746/718/747 734/237/735
f 736/240/737 748/721/749 747/720/748 735/239/736
f 737/241/738 749/722/750 748/721/749 736/240/737
f 738/242/739 750/723/751 749/722/750 737/241/738
f 739/243/740 751/724/752 750/723/751 738/242/739
f 740/244/741 752/725/753 751/724/752 739/243/740
f 741/245/742 753/726/754 752/725/753 740/244/741
f 742/246/743 754/727/755 753/726/754 741/245/742
f 743/247/744 755/728/756 754/727/755 742/246/743
f 744/236/734 756/717/746 755/728/756 743/247/744
f 745/716/745 757/729/757 768/730/758 756/717/746
f 746/718/747 758/731/759 757/732/757 745/719/745
f 747/720/748 759/733/760 758/731/759 746/718/747
f 748/721/749 760/734/761 759/733/760 747/720/748
f 749/722/750 761/735/762 760/734/761 748/721/749
f 750/723/751 762/736/763 761/735/762 749/722/750
f 751/724/752 763/737/764 762/736/763 750/723/751
f 752/725/753 764/738/765 763/737/764 751/724/752
f 753/726/754 765/739/766 764/738/765 752/725/753
f 754/727/755 766/740/767 765/739/766 753/726/754
f 755/728/756 767/741/768 766/740/767 754/727/755
f 756/717/746 768/730/758 767/741/768 755/728/756
f 757/729/757 769/742/769 780/743/770 768/730/758
f 758/731/759 770/744/771 769/745/769 757/732/757
f 759/733/760 771/746/772 770/744/771 758/731/759
f 760/734/761 772/747/773 771/746/772 759/733/760
f 761/735/762 773/748/774 772/747/773 760/734/761
f 762/736/763 774/749/775 773/748/774 761/735/762
f 763/737/764 775/750/776 774/749/775 762/736/763
f 764/738/765 776/751/777 775/750/776 763/737/764
f 765/739/766 777/752/778 776/751/777 764/738/765
f 766/740/767 778/753/779 777/752/778 765/739/766
f 767/741/768 779/754/780 778/753/779 766/740/767
f 768/730/758 780/743/770 779/754/780 767/741/768
f 769/742/769 781/274/781 792/275/782 780/743/770
f 770/744/771 782/276/783 781/277/781 769/745/769
f 771/746/772 783/278/784 782/276/783 770/744/771
f 772/747/773 784/279/785 783/278/784 771/746/772
f 773/748/774 785/280/786 784/279/785 772/747/773
f 774/749/775 786/281/787 785/280/786 773/748/774
f 775/750/776 787/282/788 786/281/787 774/749/775
f 776/751/777 788/283/789 787/282/788 775/750/776
f 777/752/778 789/284/790 788/283/789 776/751/777
f 778/753/779 790/285/791 789/284/790 777/752/778
f 779/754/780 791/286/792 790/285/791 778/753/779
f 780/743/770 792/275/782 791/286/792 779/754/780
f 781/274/781 793/755/793 804/756/794 792/275/782
f 782/276/783 794/757/795 793/758/793 781/277/781
f 783/278/784 795/759/796 794/757/795 782/276/783
f 784/279/785 796/760/797 795/759/796 783/278/784
f 785/280/786 797/761/798 796/760/797 784/279/785
f 786/281/787 798/762/799 797/761/798 785/280/786
f 787/282/788 799/763/800 798/762/799 786/281/787
f 788/283/789 800/764/801 799/763/800 787/282/788
f 789/284/790 801/765/802 800/764/801 788/283/789
f 790/285/791 802/766/803 801/765/802 789/284/790
f 791/286/792 803/767/804 802/766/803 790/285/791
f 792/275/782 804/756/794 803/767/804 791/286/792
f 793/755/793 805/768/805 816/769/806 804/756/794
f 794/757/795 806/770/807 805/771/805 793/758/793
f 795/759/796 807/772/808 806/770/807 794/757/795
f 796/760/797 808/773/809 807/772/808 795/759/796
f 797/761/798 809/774/810 808/773/809 796/760/797
f 798/762/799 810/775/811 809/774/810 797/761/798
f 799/763/800 811/776/812 810/775/811 798/762/799
f 800/764/801 812/777/813 811/776/812 799/763/800
f 801/765/802 813/778/814 812/777/813 800/764/801
f 802/766/803 814/779/815 813/778/814 801/765/802
f 803/767/804 815/780/816 814/779/815 802/766/803
f 804/756/794 816/769/806 815/780/816 803/767/804
f 805/768/805 817/781/817 828/782/818 816/769/806
f 806/770/807 818/783/819 817/784/817 805/771/805
f 807/772/808 819/785/820 818/783/819 806/770/807
f 808/773/809 820/786/821 819/785/820 807/772/808
f 809/774/810 821/787/822 820/786/821 808/773/809
f 810/775/811 822/788/823 821/787/822 809/774/810
f 811/776/812 823/789/824 822/788/823 810/775/811
f 812/777/813 824/790/825 823/789/824 811/776/812
f 813/778/814 825/791/826 824/790/825 812/777/813
f 814/779/815 826/792/827 825/791/826 813/778/814
f 815/780/816 827/793/828 826/792/827 814/779/815
f 816/769/806 828/782/818 827/793/828 815/780/816
f 817/781/817 829/313/829 840/314/830 828/782/818
f 818/783/819 830/315/831 829/316/829 817/784/817
f 819/785/820 831/317/832 830/315/831 818/783/819
f 820/786/821 832/318/833 831/317/832 819/785/820
f 821/787/822 833/319/834 832/318/833 820/786/821
f 822/788/823 834/320/835 833/319/834 821/787/822
f 823/789/824 835/321/836 834/320/835 822/788/823
f 824/790/825 836/322/837 835/321/836 823/789/824
f 825/791/826 837/323/838 836/322/837 824/790/825
f 826/792/827 838/324/839 837/323/838 825/791/826
f 827/793/828 839/325/840 838/324/839 826/792/827
f 828/782/818 840/314/830 839/325/840 827/793/828
f 829/313/829 841/794/841 852/795/842 840/314/830
f 830/315/831 842/796/843 841/797/841 829/316/829
f 831/317/832 843/798/844 842/796/843 830/315/831
f 832/318/833 844/799/845 843/798/844 831/317/832
f 833/319/834 845/800/846 844/799/845 832/318/833
f 834/320/835 846/801/847 845/800/846 833/319/834
f 835/321/836 847/802/848 846/801/847 834/320/835
f 836/322/837 848/803/849 847/802/848 835/321/836
f 837/323/838 849/804/850 848/803/849 836/322/837
f 838/324/839 850/805/851 849/804/850 837/323/838
f 839/325/840 851/806/852 850/805/851 838/324/839
f 840/314/830 852/795/842 851/806/852 839/325/840
f 841/794/841 853/807/853 864/808/854 852/795/842
f 842/796/843 854/809/855 853/810/853 841/797/841
f 843/798/844 855/811/856 854/809/855 842/796/843
f 844/799/845 856/812/857 855/811/856 843/798/844
f 845/800/846 857/813/858 856/812/857 844/799/845
f 846/801/847 858/814/859 857/813/858 845/800/846
f 847/802/848 859/815/860 858/814/859 846/801/847
f 848/803/849 860/816/861 859/815/860 847/802/848
f 849/804/850 861/817/862 860/816/861 848/803/849
f 850/805/851 862/818/863 861/817/862 849/804/850
f 851/806/852 863/819/864 862/818/863 850/805/851
f 852/795/842 864/808/854 863/819/864 851/806/852
f 853/807/853 865/820/865 876/821/866 864/808/854
f 854/809/855 866/822/867 865/823/865 853/810/853
f 855/811/856 867/824/868 866/822/867 854/809/855
f 856/812/857 868/825/869 867/824/868 855/811/856
f 857/813/858 869/826/870 868/825/869 856/812/857
f 858/814/859 870/827/871 869/826/870 857/813/858
f 859/815/860 871/828/872 870/827/871 858/814/859
f 860/816/861 872/829/873 871/828/872 859/815/860
f 861/817/862 873/830/874 872/829/873 860/816/861
f 862/818/863 874/831/875 873/830/874 861/817/862
f 863/819/864 875/832/876 874/831/875 862/818/863
f 864/808/854 876/821/866 875/832/876 863/819/864
f 865/820/865 877/352/877 888/353/878 876/821/866
f 866/822/867 878/354/879 877/355/877 865/823/865
f 867/824/868 879/356/880 878/354/879 866/822/867
f 868/825/869 880/357/881 879/356/880 867/824/868
f 869/826/870 881/358/882 880/357/881 868/825/869
f 870/827/871 882/359/883 881/358/882 869/826/870
f 871/828/872 883/360/884 882/359/883 870/827/871
f 872/829/873 884/361/885 883/360/884 871/828/872
f 873/830/874 885/362/886 884/361/885 872/829/873
f 874/831/875 886/363/887 885/362/886 873/830/874
f 875/832/876 887/364/888 886/363/887 874/831/875
f 876/821/866 888/353/878 887/364/888 875/832/876
f 877/352/877 889/833/889 900/834/890 888/353/878
f 878/354/879 890/835/891 889/836/889 877/355/877
f 879/356/880 891/837/892 890/835/891 878/354/879
f 880/357/881 892/838/893 891/837/892 879/356/880
f 881/358/882 893/839/894 892/838/893 880/357/881
f 882/359/883 894/840/895 893/839/894 881/358/882
f 883/360/884 895/841/896 894/840/895 882/359/883
f 884/361/885 896/842/897 895/841/896 883/360/884
f 885/362/886 897/843/898 896/842/897 884/361/885
f 886/363/887 898/844/899 897/843/898 885/362/886
f 887/364/888 899/845/900 898/844/899 886/363/887
f 888/353/878 900/834/890 899/845/900 887/364/888
f 889/833/889 901/846/901 912/847/902 900/834/890
f 890/835/891 902/848/903 901/849/901 889/836/889
f 891/837/892 903/850/904 902/848/903 890/835/891
f 892/838/893 904/851/905 903/850/904 891/837/892
f 893/839/894 905/852/906 904/851/905 892/838/893
f 894/840/895 906/853/907 905/852/906 893/839/894
f 895/841/896 907/854/908 906/853/907 894/840/895
f 896/842/897 908/855/909 907/854/908 895/841/896
f 897/843/898 909/856/910 908/855/909 896/842/897
f 898/844/899 910/857/911 909/856/910 897/843/898
f 899/845/900 911/858/912 910/857/911 898/844/899
f 900/834/890 912/847/902 911/858/912 899/845/900
f 901/846/901 913/859/913 924/860/914 912/847/902
f 902/848/903 914/861/915 913/862/913 901/849/901
f 903/850/904 915/863/916 914/861/915 902/848/903
f 904/851/905 916/864/917 915/863/916 903/850/904
f 905/852/906 917/865/918 916/864/917 904/851/905
f 906/853/907 918/866/919 917/865/918 905/852/906
f 907/854/908 919/867/920 918/866/919 906/853/907
f 908/855/909 920/868/921 919/867/920 907/854/908
f 909/856/910 921/869/922 920/868/921 908/855/909
f 910/857/911 922/870/923 921/869/922 909/856/910
f 911/858/912 923/871/924 922/870/923 910/857/911
f 912/847/902 924/860/914 923/871/924 911/858/912
f 913/859/913 925/391/925 936/392/926 924/860/914
f 914/861/915 926/393/927 925/394/925 913/862/913
f 915/863/916 927/395/928 926/393/927 914/861/915
f 916/864/917 928/396/929 927/395/928 915/863/916
f 917/865/918 929/397/930 928/396/929 916/864/917
f 918/866/919 930/398/931 929/397/930 917/865/918
f 919/867/920 931/399/932 930/398/931 918/866/919
f 920/868/921 932/400/933 931/399/932 919/867/920
f 921/869/922 933/401/934 932/400/933 920/868/921
f 922/870/923 934/402/935 933/401/934 921/869/922
f 923/871/924 935/403/936 934/402/935 922/870/923
f 924/860/914 936/392/926 935/403/936 923/871/924
f 925/391/925 937/872/937 948/873/938 936/392/926
f 926/393/927 938/874/939 937/875/937 925/394/925
f 927/395/928 939/876/940 938/874/939 926/393/927
f 928/396/929 940/877/941 939/876/940 927/395/928
f 929/397/930 941/878/942 940/877/941 928/396/929
f 930/398/931 942/879/943 941/878/942 929/397/930
f 931/399/932 943/880/944 942/879/943 930/398/931
f 932/400/933 944/881/945 943/880/944 931/399/932
f 933/401/934 945/882/946 944/881/945 932/400/933
f 934/402/935 946/883/947 945/882/946 933/401/934
f 935/403/936 947/884/948 946/883/947 934/402/935
f 936/392/926 948/873/938 947/884/948 935/403/936
f 937/872/937 949/885/949 960/886/950 948/873/938
f 938/874/939 950/887/951 949/888/949 937/875/937
f 939/876/940 951/889/952 950/887/951 938/874/939
f 940/877/941 952/890/953 951/889/952 939/876/940
f 941/878/942 953/891/954 952/890/953 940/877/941
f 942/879/943 954/892/955 953/891/954 941/878/942
f 943/880/944 955/893/956 954/892/955 942/879/943
f 944/881/945 956/894/957 955/893/956 943/880/944
f 945/882/946 957/895/958 956/894/957 944/881/945
f 946/883/947 958/896/959 957/895/958 945/882/946
f 947/884/948 959/897/960 958/896/959 946/883/947
f 948/873/938 960/886/950 959/897/960 947/884/948
f 949/885/949 961/898/961 972/899/962 960/886/950
f 950/887/951 962/900/963 961/901/961 949/888/949
f 951/889/952 963/902/964 962/900/963 950/887/951
f 952/890/953 964/903/965 963/902/964 951/889/952
f 953/891/954 965/904/966 964/903/965 952/890/953
f 954/892/955 966/905/967 965/904/966 953/891/954
f 955/893/956 967/906/968 966/905/967 954/892/955
f 956/894/957 968/907/969 967/906/968 955/893/956
f 957/895/958 969/908/970 968/907/969 956/894/957
f 958/896/959 970/909/971 969/908/970 957/895/958
f 959/897/960 971/910/972 970/909/971 958/896/959
f 960/886/950 972/899/962 971/910/972 959/897/960
f 961/898/961 973/430/973 984/431/974 972/899/962
f 962/900/963 974/432/975 973/433/973 961/901/961
f 963/902/964 975/434/976 974/432/975 962/900/963
f 964/903/965 976/435/977 975/434/976 963/902/964
f 965/904/966 977/436/978 976/435/977 964/903/965
f 966/905/967 978/437/979 977/436/978 965/904/966
f 967/906/968 979/438/980 978/437/979 966/905/967
f 968/907/969 980/439/981 979/438/980 967/906/968
f 969/908/970 981/440/982 980/439/981 968/907/969
f 970/909/971 982/441/983 981/440/982 969/908/970
f 971/910/972 983/442/984 982/441/983 970/909/971
f 972/899/962 984/431/974 983/442/984 971/910/972
f 973/430/973 985/911/985 996/912/986 984/431/974
f 974/432/975 986/913/987 985/914/985 973/433/973
f 975/434/976 987/915/988 986/913/987 974/432/975
f 976/435/977 988/916/989 987/915/988 975/434/976
f 977/436/978 989/917/990 988/916/989 976/435/977
f 978/437/979 990/918/991 989/917/990 977/436/978
f 979/438/980 991/919/992 990/918/991 978/437/979
f 980/439/981 992/920/993 991/919/992 979/438/980
f 981/440/982 993/921/994 992/920/993 980/439/981
f 982/441/983 994/922/995 993/921/994 981/440/982
f 983/442/984 995/923/996 994/922/995 982/441/983
f 984/431/974 996/912/986 995/923/996 983/442/984
f 985/911/985 997/924/997 1008/925/998 996/912/986
f 986/913/987 998/926/999 997/927/997 985/914/985
f 987/915/988 999/928/1000 998/926/999 986/913/987
f 988/916/989 1000/929/1001 999/928/1000 987/915/988
f 989/917/990 1001/930/1002 1000/929/1001 988/916/989
f 990/918/991 1002/931/1003 1001/930/1002 989/917/990
f 991/919/992 1003/932/1004 1002/931/1003 990/918/991
f 992/920/993 1004/933/1005 1003/932/1004 991/919/992
f 993/921/994 1005/934/1006 1004/933/1005 992/920/993
f 994/922/995 1006/935/1007 1005/934/1006 993/921/994
f 995/923/996 1007/936/1008 1006/935/1007 994/922/995
f 996/912/986 1008/925/998 1007/936/1008 995/923/996
f 997/924/997 1009/937/1009 1020/938/1010 1008/925/998
f 998/926/999 1010/939/1011 1009/940/1009 997/927/997
f 999/928/1000 1011/941/1012 1010/939/1011 998/926/999
f 1000/929/1001 1012/942/1013 1011/941/1012 999/928/1000
f 1001/930/1002 1013/943/1014 1012/942/1013 1000/929/1001
f 1002/931/1003 1014/944/1015 1013/943/1014 1001/930/1002
f 1003/932/1004 1015/945/1016 1014/944/1015 1002/931/1003
f 1004/933/1005 1016/946/1017 1015/945/1016 1003/932/1004
f 1005/934/1006 1017/947/1018 1016/946/1017 1004/933/1005
f 1006/935/1007 1018/948/1019 1017/947/1018 1005/934/1006
f 1007/936/1008 1019/949/1020 1018/948/1019 1006/935/1007
f 1008/925/998 1020/938/1010 1019/949/1020 1007/936/1008
f 1009/937/1009 1021/469/1021 1032/470/1022 1020/938/1010
f 1010/939/1011 1022/471/1023 1021/472/1021 1009/940/1009
f 1011/941/1012 1023/473/1024 1022/471/1023 1010/939/1011
f 1012/942/1013 1024/474/1025 1023/473/1024 1011/941/1012
f 1013/943/1014 1025/475/1026 1024/474/1025 1012/942/1013
f 1014/944/1015 1026/476/1027 1025/475/1026 1013/943/1014
f 1015/945/1016 1027/477/1028 1026/476/1027 1014/944/1015
f 1016/946/1017 1028/478/1029 1027/477/1028 1015/945/1016
f 1017/947/1018 1029/479/1030 1028/478/1029 1016/946/1017
f 1018/948/1019 1030/480/1031 1029/479/1030 1017/947/1018
f 1019/949/1020 1031/481/1032 1030/480/1031 1018/948/1019
f 1020/938/1010 1032/470/1022 1031/481/1032 1019/949/1020
f 1033/1/1033 1045/2/1034 1056/3/1035 1044/4/1036
f 1034/5/1037 1046/6/1038 1045/7/1034 1033/8/1033
f 1035/9/1039 1047/10/1040 1046/6/1038 1034/5/1037
f 1036/11/1041 1048/12/1042 1047/10/1040 1035/9/1039
f 1037/13/1043 1049/14/1044 1048/12/1042 1036/11/1041
f 1038/15/1045 1050/16/1046 1049/14/1044 1037/13/1043
f 1039/17/1047 1051/18/1048 1050/16/1046 1038/15/1045
f 1040/19/1049 1052/20/1050 1051/18/1048 1039/17/1047
f 1041/21/1051 1053/22/1052 1052/20/1050 1040/19/1049
f 1042/23/1053 1054/24/1054 1053/22/1052 1041/21/1051
f 1043/25/1055 1055/26/1056 1054/24/1054 1042/23/1053
f 1044/4/1036 1056/3/1035 1055/26/1056 1043/25/1055
f 1045/2/1034 1057/27/1057 1068/28/1058 1056/3/1035
f 1046/6/1038 1058/29/1059 1057/30/1057 1045/7/1034
f 1047/10/1040 1059/31/1060 1058/29/1059 1046/6/1038
f 1048/12/1042 1060/32/1061 1059/31/1060 1047/10/1040
f 1049/14/1044 1061/33/1062 1060/32/1061 1048/12/1042
f 1050/16/1046 1062/34/1063 1061/33/1062 1049/14/1044
f 1051/18/1048 1063/35/1064 1062/34/1063 1050/16/1046
f 1052/20/1050 1064/36/1065 1063/35/1064 1051/18/1048
f 1053/22/1052 1065/37/1066 1064/36/1065 1052/20/1050
f 1054/24/1054 1066/38/1067 1065/37/1066 1053/22/1052
f 1055/26/1056 1067/39/1068 1066/38/1067 1054/24/1054
f 1056/3/1035 1068/28/1058 1067/39/1068 1055/26/1056
f 1057/27/1057 1069/40/1069 1080/41/1070 1068/28/1058
f 1058/29/1059 1070/42/1071 1069/43/1069 1057/30/1057
f 1059/31/1060 1071/44/1072 1070/42/1071 1058/29/1059
f 1060/32/1061 1072/45/1073 1071/44/1072 1059/31/1060
f 1061/33/1062 1073/46/1074 1072/45/1073 1060/32/1061
f 1062/34/1063 1074/47/1075 1073/46/1074 1061/33/1062
f 1063/35/1064 1075/48/1076 1074/47/1075 1062/34/1063
f 1064/36/1065 1076/49/1077 1075/48/1076 1063/35/1064
f 1065/37/1066 1077/50/1078 1076/49/1077 1064/36/1065
f 1066/38/1067 1078/51/1079 1077/50/1078 1065/37/1066
f 1067/39/1068 1079/52/1080 1078/51/1079 1066/38/1067
f 1068/28/1058 1080/41/1070 1079/52/1080 1067/39/1068
f 1069/40/1069 1081/53/1081 1092/54/1082 1080/41/1070
f 1070/42/1071 1082/55/1083 1081/56/1081 1069/43/1069
f 1071/44/1072 1083/57/1084 1082/55/1083 1070/42/1071
f 1072/45/1073 1084/58/1085 1083/57/1084 1071/44/1072
f 1073/46/1074 1085/59/1086 1084/58/1085 1072/45/1073
f 1074/47/1075 1086/60/1087 1085/59/1086 1073/46/1074
f 1075/48/1076 1087/61/1088 1086/60/1087 1074/47/1075
f 1076/49/1077 1088/62/1089 1087/61/1088 1075/48/1076
f 1077/50/1078 1089/63/1090 1088/62/1089 1076/49/1077
f 1078/51/1079 1090/64/1091 1089/63/1090 1077/50/1078
f 1079/52/1080 1091/65/1092 1090/64/1091 1078/51/1079
f 1080/41/1070 1092/54/1082 1091/65/1092 1079/52/1080
f 1081/53/1081 1093/66/1093 1104/67/1094 1092/54/1082
f 1082/55/1083 1094/68/1095 1093/69/1093 1081/56/1081
f 1083/57/1084 1095/70/1096 1094/68/1095 1082/55/1083
f 1084/58/1085 1096/71/1097 1095/70/1096 1083/57/1084
f 1085/59/1086 1097/72/1098 1096/71/1097 1084/58/1085
f 1086/60/1087 1098/73/1099 1097/72/1098 1085/59/1086
f 1087/61/1088 1099/74/1100 1098/73/1099 1086/60/1087
f 1088/62/1089 1100/75/1101 1099/74/1100 1087/61/1088
f 1089/63/1090 1101/76/1102 1100/75/1101 1088/62/1089
f 1090/64/1091 1102/77/1103 1101/76/1102 1089/63/1090
f 1091/65/1092 1103/78/1104 1102/77/1103 1090/64/1091
f 1092/54/1082 1104/67/1094 1103/78/1104 1091/65/1092
f 1093/66/1093 1105/79/1105 1116/80/1106 1104/67/1094
f 1094/68/1095 1106/81/1107 1105/82/1105 1093/69/1093
f 1095/70/1096 1107/83/1108 1106/81/1107 1094/68/1095
f 1096/71/1097 1108/84/1109 1107/83/1108 1095/70/1096
f 1097/72/1098 1109/85/1110 1108/84/1109 1096/71/1097
f 1098/73/1099 1110/86/1111 1109/85/1110 1097/72/1098
f 1099/74/1100 1111/87/1112 1110/86/1111 1098/73/1099
f 1100/75/1101 1112/88/1113 1111/87/1112 1099/74/1100
f 1101/76/1102 1113/89/1114 1112/88/1113 1100/75/1101
f 1102/77/1103 1114/90/1115 1113/89/1114 1101/76/1102
f 1103/78/1104 1115/91/1116 1114/90/1115 1102/77/1103
f 1104/67/1094 1116/80/1106 1115/91/1116 1103/78/1104
f 1105/79/1105 1117/92/1117 1128/93/1118 1116/80/1106
f 1106/81/1107 1118/94/1119 1117/95/1117 1105/82/1105
f 1107/83/1108 1119/96/1120 1118/94/1119 1106/81/1107
f 1108/84/1109 1120/97/1121 1119/96/1120 1107/83/1108
f 1109/85/1110 1121/98/1122 1120/97/1121 1108/84/1109
f 1110/86/1111 1122/99/1123 1121/98/1122 1109/85/1110
f 1111/87/1112 1123/100/1124 1122/99/1123 1110/86/1111
f 1112/88/1113 1124/101/1125 1123/100/1124 1111/87/1112
f 1113/89/1114 1125/102/1126 1124/101/1125 1112/88/1113
f 1114/90/1115 1126/103/1127 1125/102/1126 1113/89/1114
f 1115/91/1116 1127/104/1128 1126/103/1127 1114/90/1115
f 1116/80/1106 1128/93/1118 1127/104/1128 1115/91/1116
f 1117/92/1117 1129/105/1129 1140/106/1130 1128/93/1118
f 1118/94/1119 1130/107/1131 1129/108/1129 1117/95/1117
f 1119/96/1120 1131/109/1132 1130/107/1131 1118/94/1119
f 1120/97/1121 1132/110/1133 1131/109/1132 1119/96/1120
f 1121/98/1122 1133/111/1134 1132/110/1133 1120/97/1121
f 1122/99/1123 1134/112/1135 1133/111/1134 1121/98/1122
f 1123/100/1124 1135/113/1136 1134/112/1135 1122/99/1123
f 1124/101/1125 1136/114/1137 1135/113/1136 1123/100/1124
f 1125/102/1126 1137/115/1138 1136/114/1137 1124/101/1125
f 1126/103/1127 1138/116/1139 1137/115/1138 1125/102/1126
f 1127/104/1128 1139/117/1140 1138/116/1139 1126/103/1127
f 1128/93/1118 1140/106/1130 1139/117/1140 1127/104/1128
f 1129/105/1129 1141/118/1141 1152/119/1142 1140/106/1130
f 1130/107/1131 1142/120/1143 1141/121/1141 1129/108/1129
f 1131/109/1132 1143/122/1144 1142/120/1143 1130/107/1131
f 1132/110/1133 1144/123/1145 1143/122/1144 1131/109/1132
f 1133/111/1134 1145/124/1146 1144/123/1145 1132/110/1133
f 1134/112/1135 1146/125/1147 1145/124/1146 1133/111/1134
f 1135/113/1136 1147/126/1148 1146/125/1147 1134/112/1135
f 1136/114/1137 1148/127/1149 1147/126/1148 1135/113/1136
f 1137/115/1138 1149/128/1150 1148/127/1149 1136/114/1137
f 1138/116/1139 1150/129/1151 1149/128/1150 1137/115/1138
f 1139/117/1140 1151/130/1152 1150/129/1151 1138/116/1139
f 1140/106/1130 1152/119/1142 1151/130/1152 1139/117/1140
f 1141/118/1141 1153/131/1153 1164/132/1154 1152/119/1142
f 1142/120/1143 1154/133/1155 1153/134/1153 1141/121/1141
f 1143/122/1144 1155/135/1156 1154/133/1155 1142/120/1143
f 1144/123/1145 1156/136/1157 1155/135/1156 1143/122/1144
f 1145/124/1146 1157/137/1158 1156/136/1157 1144/123/1145
f 1146/125/1147 1158/138/1159 1157/137/1158 1145/124/1146
f 1147/126/1148 1159/139/1160 1158/138/1159 1146/125/1147
f 1148/127/1149 1160/140/1161 1159/139/1160 1147/126/1148
f 1149/128/1150 1161/141/1162 1160/140/1161 1148/127/1149
f 1150/129/1151 1162/142/1163 1161/141/1162 1149/128/1150
f 1151/130/1152 1163/143/1164 1162/142/1163 1150/129/1151
f 1152/119/1142 1164/132/1154 1163/143/1164 1151/130/1152
f 1153/131/1153 1165/144/1165 1176/145/1166 1164/132/1154
f 1154/133/1155 1166/146/1167 1165/147/1165 1153/134/1153
f 1155/135/1156 1167/148/1168 1166/146/1167 1154/133/1155
f 1156/136/1157 1168/149/1169 1167/148/1168 1155/135/1156
f 1157/137/1158 1169/150/1170 1168/149/1169 1156/136/1157
f 1158/138/1159 1170/151/1171 1169/150/1170 1157/137/1158
f 1159/139/1160 1171/152/1172 1170/151/1171 1158/138/1159
f 1160/140/1161 1172/153/1173 1171/152/1172 1159/139/1160
f 1161/141/1162 1173/154/1174 1172/153/1173 1160/140/1161
f 1162/142/1163 1174/155/1175 1173/154/1174 1161/141/1162
f 1163/143/1164 1175/156/1176 1174/155/1175 1162/142/1163
f 1164/132/1154 1176/145/1166 1175/156/1176 1163/143/1164
f 1165/144/1165 1177/157/1177 1188/158/1178 1176/145/1166
f 1166/146/1167 1178/159/1179 1177/160/1177 1165/147/1165
f 1167/148/1168 1179/161/1180 1178/159/1179 1166/146/1167
f 1168/149/1169 1180/162/1181 1179/161/1180 1167/148/1168
f 1169/150/1170 1181/163/1182 1180/162/1181 1168/149/1169
f 1170/151/1171 1182/164/1183 1181/163/1182 1169/150/1170
f 1171/152/1172 1183/165/1184 1182/164/1183 1170/151/1171
f 1172/153/1173 1184/166/1185 1183/165/1184 1171/152/1172
f 1173/154/1174 1185/167/1186 1184/166/1185 1172/153/1173
f 1174/155/1175 1186/168/1187 1185/167/1186 1173/154/1174
f 1175/156/1176 1187/169/1188 1186/168/1187 1174/155/1175
f 1176/145/1166 1188/158/1178 1187/169/1188 1175/156/1176
f 1177/157/1177 1189/170/1189 1200/171/1190 1188/158/1178
f 1178/159/1179 1190/172/1191 1189/173/1189 1177/160/1177
f 1179/161/1180 1191/174/1192 1190/172/1191 1178/159/1179
f 1180/162/1181 1192/175/1193 1191/174/1192 1179/161/1180
f 1181/163/1182 1193/176/1194 1192/175/1193 1180/162/1181
f 1182/164/1183 1194/177/1195 1193/176/1194 1181/163/1182
f 1183/165/1184 1195/178/1196 1194/177/1195 1182/164/1183
f 1184/166/1185 1196/179/1197 1195/178/1196 1183/165/1184
f 1185/167/1186 1197/180/1198 1196/179/1197 1184/166/1185
f 1186/168/1187 1198/181/1199 1197/180/1198 1185/167/1186
f 1187/169/1188 1199/182/1200 1198/181/1199 1186/168/1187
f 1188/158/1178 1200/171/1190 1199/182/1200 1187/169/1188
f 1189/170/1189 1201/183/1201 1212/184/1202 1200/171/1190
f 1190/172/1191 1202/185/1203 1201/186/1201 1189/173/1189
f 1191/174/1192 1203/187/1204 1202/185/1203 1190/172/1191
f 1192/175/1193 1204/188/1205 1203/187/1204 1191/174/1192
f 1193/176/1194 1205/189/1206 1204/188/1205 1192/175/1193
f 1194/177/1195 1206/190/1207 1205/189/1206 1193/176/1194
f 1195/178/1196 1207/191/1208 1206/190/1207 1194/177/1195
f 1196/179/1197 1208/192/1209 1207/191/1208 1195/178/1196
f 1197/180/1198 1209/193/1210 1208/192/1209 1196/179/1197
f 1198/181/1199 1210/194/1211 1209/193/1210 1197/180/1198
f 1199/182/1200 1211/195/1212 1210/194/1211 1198/181/1199
f 1200/171/1190 1212/184/1202 1211/195/1212 1199/182/1200
f 1201/183/1201 1213/196/1213 1224/197/1214 1212/184/1202
f 1202/185/1203 1214/198/1215 1213/199/1213 1201/186/1201
f 1203/187/1204 1215/200/1216 1214/198/1215 1202/185/1203
f 1204/188/1205 1216/201/1217 1215/200/1216 1203/187/1204
f 1205/189/1206 1217/202/1218 1216/201/1217 1204/188/1205
f 1206/190/1207 1218/203/1219 1217/202/1218 1205/189/1206
f 1207/191/1208 1219/204/1220 1218/203/1219 1206/190/1207
f 1208/192/1209 1220/205/1221 1219/204/1220 1207/191/1208
f 1209/193/1210 1221/206/1222 1220/205/1221 1208/192/1209
f 1210/194/1211 1222/207/1223 1221/206/1222 1209/193/1210
f 1211/195/1212 1223/208/1224 1222/207/1223 1210/194/1211
f 1212/184/1202 1224/197/1214 1223/208/1224 1211/195/1212
f 1213/196/1213 1225/209/1225 1236/210/1226 1224/197/1214
f 1214/198/1215 1226/211/1227 1225/212/1225 1213/199/1213
f 1215/200/1216 1227/213/1228 1226/211/1227 1214/198/1215
f 1216/201/1217 1228/214/1229 1227/213/1228 1215/200/1216
f 1217/202/1218 1229/215/1230 1228/214/1229 1216/201/1217
f 1218/203/1219 1230/216/1231 1229/215/1230 1217/202/1218
f 1219/204/1220 1231/217/1232 1230/216/1231 1218/203/1219
f 1220/205/1221 1232/218/1233 1231/217/1232 1219/204/1220
f 1221/206/1222 1233/219/1234 1232/218/1233 1220/205/1221
f 1222/207/1223 1234/220/1235 1233/219/1234 1221/206/1222
f 1223/208/1224 1235/221/1236 1234/220/1235 1222/207/1223
f 1224/197/1214 1236/210/1226 1235/221/1236 1223/208/1224
f 1225/209/1225 1237/222/1237 1248/223/1238 1236/210/1226
f 1226/211/1227 1238/224/1239 1237/225/1237 1225/212/1225
f 1227/213/1228 1239/226/1240 1238/224/1239 1226/211/1227
f 1228/214/1229 1240/227/1241 1239/226/1240 1227/213/1228
f 1229/215/1230 1241/228/1242 1240/227/1241 1228/214/1229
f 1230/216/1231 1242/229/1243 1241/228/1242 1229/215/1230
f 1231/217/1232 1243/230/1244 1242/229/1243 1230/216/1231
f 1232/218/1233 1244/231/1245 1243/230/1244 1231/217/1232
f 1233/219/1234 1245/232/1246 1244/231/1245 1232/218/1233
f 1234/220/1235 1246/233/1247 1245/232/1246 1233/219/1234
f 1235/221/1236 1247/234/1248 1246/233/1247 1234/220/1235
f 1236/210/1226 1248/223/1238 1247/234/1248 1235/221/1236
f 1237/222/1237 1249/235/1249 1260/236/1250 1248/223/1238
f 1238/224/1239 1250/237/1251 1249/238/1249 1237/225/1237
f 1239/226/1240 1251/239/1252 1250/237/1251 1238/224/1239
f 1240/227/1241 1252/240/1253 1251/239/1252 1239/226/1240
f 1241/228/1242 1253/241/1254 1252/240/1253 1240/227/1241
f 1242/229/1243 1254/242/1255 1253/241/1254 1241/228/1242
f 1243/230/1244 1255/243/1256 1254/242/1255 1242/229/1243
f 1244/231/1245 1256/244/1257 1255/243/1256 1243/230/1244
f 1245/232/1246 1257/245/1258 1256/244/1257 1244/231/1245
f 1246/233/1247 1258/246/1259 1257/245/1258 1245/232/1246
f 1247/234/1248 1259/247/1260 1258/246/1259 1246/233/1247
f 1248/223/1238 1260/236/1250 1259/247/1260 1247/234/1248
f 1249/235/1249 1261/248/1261 1272/249/1262 1260/236/1250
f 1250/237/1251 1262/250/1263 1261/251/1261 1249/238/1249
f 1251/239/1252 1263/252/1264 1262/250/1263 1250/237/1251
f 1252/240/1253 1264/253/1265 1263/252/1264 1251/239/1252
f 1253/241/1254 1265/254/1266 1264/253/1265 1252/240/1253
f 1254/242/1255 1266/255/1267 1265/254/1266 1253/241/1254
f 1255/243/1256 1267/256/1268 1266/255/1267 1254/242/1255
f 1256/244/1257 1268/257/1269 1267/256/1268 1255/243/1256
f 1257/245/1258 1269/258/1270 1268/257/1269 1256/244/1257
f 1258/246/1259 1270/259/1271 1269/258/1270 1257/245/1258
f 1259/247/1260 1271/260/1272 1270/259/1271 1258/246/1259
f 1260/236/1250 1272/249/1262 1271/260/1272 1259/247/1260
f 1261/248/1261 1273/261/1273 1284/262/1274 1272/249/1262
f 1262/250/1263 1274/263/1275 1273/264/1273 1261/251/1261
f 1263/252/1264 1275/265/1276 1274/263/1275 1262/250/1263
f 1264/253/1265 1276/266/1277 1275/265/1276 1263/252/1264
f 1265/254/1266 1277/267/1278 1276/266/1277 1264/253/1265
f 1266/255/1267 1278/268/1279 1277/267/1278 1265/254/1266
f 1267/256/1268 1279/269/1280 1278/268/1279 1266/255/1267
f 1268/257/1269 1280/270/1281 1279/269/1280 1267/256/1268
f 1269/258/1270 1281/271/1282 1280/270/1281 1268/257/1269
f 1270/259/1271 1282/272/1283 1281/271/1282 1269/258/1270
f 1271/260/1272 1283/273/1284 1282/272/1283 1270/259/1271
f 1272/249/1262 1284/262/1274 1283/273/1284 1271/260/1272
f 1273/261/1273 1285/274/1285 1296/275/1286 1284/262/1274
f 1274/263/1275 1286/276/1287 1285/277/1285 1273/264/1273
f 1275/265/1276 1287/278/1288 1286/276/1287 1274/263/1275
f 1276/266/1277 1288/279/1289 1287/278/1288 1275/265/1276
f 1277/267/1278 1289/280/1290 1288/279/1289 1276/266/1277
f 1278/268/1279 1290/281/1291 1289/280/1290 1277/267/1278
f 1279/269/1280 1291/282/1292 1290/281/1291 1278/268/1279
f 1280/270/1281 1292/283/1293 1291/282/1292 1279/269/1280
f 1281/271/1282 1293/284/1294 1292/283/1293 1280/270/1281
f 1282/272/1283 1294/285/1295 1293/284/1294 1281/271/1282
f 1283/273/1284 1295/286/1296 1294/285/1295 1282/272/1283
f 1284/262/1274 1296/275/1286 1295/286/1296 1283/273/1284
f 1285/274/1285 1297/287/1297 1308/288/1298 1296/275/1286
f 1286/276/1287 1298/289/1299 1297/290/1297 1285/277/1285
f 1287/278/1288 1299/291/1300 1298/289/1299 1286/276/1287
f 1288/279/1289 1300/292/1301 1299/291/1300 1287/278/1288
f 1289/280/1290 1301/293/1302 1300/292/1301 1288/279/1289
f 1290/281/1291 1302/294/1303 1301/293/1302 1289/280/1290
f 1291/282/1292 1303/295/1304 1302/294/1303 1290/281/1291
f 1292/283/1293 1304/296/1305 1303/295/1304 1291/282/1292
f 1293/284/1294 1305/297/1306 1304/296/1305 1292/283/1293
f 1294/285/1295 1306/298/1307 1305/297/1306 1293/284/1294
f 1295/286/1296 1307/299/1308 1306/298/1307 1294/285/1295
f 1296/275/1286 1308/288/1298 1307/299/1308 1295/286/1296
f 1297/287/1297 1309/300/1309 1320/301/1310 1308/288/1298
f 1298/289/1299 1310/302/1311 1309/303/1309 1297/290/1297
f 1299/291/1300 1311/304/1312 1310/302/1311 1298/289/1299
f 1300/292/1301 1312/305/1313 1311/304/1312 1299/291/1300
f 1301/293/1302 1313/306/1314 1312/305/1313 1300/292/1301
f 1302/294/1303 1314/307/1315 1313/306/1314 1301/293/1302
f 1303/295/1304 1315/308/1316 1314/307/1315 1302/294/1303
f 1304/296/1305 1316/309/1317 1315/308/1316 1303/295/1304
f 1305/297/1306 1317/310/1318 1316/309/1317 1304/296/1305
f 1306/298/1307 1318/311/1319 1317/310/1318 1305/297/1306
f 1307/299/1308 1319/312/1320 1318/311/1319 1306/298/1307
f 1308/288/1298 1320/301/1310 1319/312/1320 1307/299/1308
f 1309/300/1309 1321/313/1321 1332/314/1322 1320/301/1310
f 1310/302/1311 1322/315/1323 1321/316/1321 1309/303/1309
f 1311/304/1312 1323/317/1324 1322/315/1323 1310/302/1311
f 1312/305/1313 1324/318/1325 1323/317/1324 1311/304/1312
f 1313/306/1314 1325/319/1326 1324/318/1325 1312/305/1313
f 1314/307/1315 1326/320/1327 1325/319/1326 1313/306/1314
f 1315/308/1316 1327/321/1328 1326/320/1327 1314/307/1315
f 1316/309/1317 1328/322/1329 1327/321/1328 1315/308/1316
f 1317/310/1318 1329/323/1330 1328/322/1329 1316/309/1317
f 1318/311/1319 1330/324/1331 1329/323/1330 1317/310/1318
f 1319/312/1320 1331/325/1332 1330/324/1331 1318/311/1319
f 1320/301/1310 1332/314/1322 1331/325/1332 1319/312/1320
f 1321/313/1321 1333/326/1333 1344/327/1334 1332/314/1322
f 1322/315/1323 1334/328/1335 1333/329/1333 1321/316/1321
f 1323/317/1324 1335/330/1336 1334/328/1335 1322/315/1323
f 1324/318/1325 1336/331/1337 1335/330/1336 1323/317/1324
f 1325/319/1326 1337/332/1338 1336/331/1337 1324/318/1325
f 1326/320/1327 1338/333/1339 1337/332/1338 1325/319/1326
f 1327/321/1328 1339/334/1340 1338/333/1339 1326/320/1327
f 1328/322/1329 1340/335/1341 1339/334/1340 1327/321/1328
f 1329/323/1330 1341/336/1342 1340/335/1341 1328/322/1329
f 1330/324/1331 1342/337/1343 1341/336/1342 1329/323/1330
f 1331/325/1332 1343/338/1344 1342/337/1343 1330/324/1331
f 1332/314/1322 1344/327/1334 1343/338/1344 1331/325/1332
f 1333/326/1333 1345/339/1345 1356/340/1346 1344/327/1334
f 1334/328/1335 1346/341/1347 1345/342/1345 1333/329/1333
f 1335/330/1336 1347/343/1348 1346/341/1347 1334/328/1335
f 1336/331/1337 1348/344/1349 1347/343/1348 1335/330/1336
f 1337/332/1338 1349/345/1350 1348/344/1349 1336/331/1337
f 1338/333/1339 1350/346/1351 1349/345/1350 1337/332/1338
f 1339/334/1340 1351/347/1352 1350/346/1351 1338/333/1339
f 1340/335/1341 1352/348/1353 1351/347/1352 1339/334/1340
f 1341/336/1342 1353/349/1354 1352/348/1353 1340/335/1341
f 1342/337/1343 1354/350/1355 1353/349/1354 1341/336/1342
f 1343/338/1344 1355/351/1356 1354/350/1355 1342/337/1343
f 1344/327/1334 1356/340/1346 1355/351/1356 1343/338/1344
f 1345/339/1345 1357/352/1357 1368/353/1358 1356/340/1346
f 1346/341/1347 1358/354/1359 1357/355/1357 1345/342/1345
f 1347/343/1348 1359/356/1360 1358/354/1359 1346/341/1347
f 1348/344/1349 1360/357/1361 1359/356/1360 1347/343/1348
f 1349/345/1350 1361/358/1362 1360/357/1361 1348/344/1349
f 1350/346/1351 1362/359/1363 1361/358/1362 1349/345/1350
f 1351/347/1352 1363/360/1364 1362/359/1363 1350/346/1351
f 1352/348/1353 1364/361/1365 1363/360/1364 1351/347/1352
f 1353/349/1354 1365/362/1366 1364/361/1365 1352/348/1353
f 1354/350/1355 1366/363/1367 1365/362/1366 1353/349/1354
f 1355/351/1356 1367/364/1368 1366/363/1367 1354/350/1355
f 1356/340/1346 1368/353/1358 1367/364/1368 1355/351/1356
f 1357/352/1357 1369/365/1369 1380/366/1370 1368/353/1358
f 1358/354/1359 1370/367/1371 1369/368/1369 1357/355/1357
f 1359/356/1360 1371/369/1372 1370/367/1371 1358/354/1359
f 1360/357/1361 1372/370/1373 1371/369/1372 1359/356/1360
f 1361/358/1362 1373/371/1374 1372/370/1373 1360/357/1361
f 1362/359/1363 1374/372/1375 1373/371/1374 1361/358/1362
f 1363/360/1364 1375/373/1376 1374/372/1375 1362/359/1363
f 1364/361/1365 1376/374/1377 1375/373/1376 1363/360/1364
f 1365/362/1366 1377/375/1378 1376/374/1377 1364/361/1365
f 1366/363/1367 1378/376/1379 1377/375/1378 1365/362/1366
f 1367/364/1368 1379/377/1380 1378/376/1379 1366/363/1367
f 1368/353/1358 1380/366/1370 1379/377/1380 1367/364/1368
f 1369/365/1369 1381/378/1381 1392/379/1382 1380/366/1370
f 1370/367/1371 1382/380/1383 1381/381/1381 1369/368/1369
f 1371/369/1372 1383/382/1384 1382/380/1383 1370/367/1371
f 1372/370/1373 1384/383/1385 1383/382/1384 1371/369/1372
f 1373/371/1374 1385/384/1386 1384/383/1385 1372/370/1373
f 1374/372/1375 1386/385/1387 1385/384/1386 1373/371/1374
f 1375/373/1376 1387/386/1388 1386/385/1387 1374/372/1375
f 1376/374/1377 1388/387/1389 1387/386/1388 1375/373/1376
f 1377/375/1378 1389/388/1390 1388/387/1389 1376/374/1377
f 1378/376/1379 1390/389/1391 1389/388/1390 1377/375/1378
f 1379/377/1380 1391/390/1392 1390/389/1391 1378/376/1379
f 1380/366/1370 1392/379/1382 1391/390/1392 1379/377/1380
f 1381/378/1381 1393/391/1393 1404/392/1394 1392/379/1382
f 1382/380/1383 1394/393/1395 1393/394/1393 1381/381/1381
f 1383/382/1384 1395/395/1396 1394/393/1395 1382/380/1383
f 1384/383/1385 1396/396/1397 1395/395/1396 1383/382/1384
f 1385/384/1386 1397/397/1398 1396/396/1397 1384/383/1385
f 1386/385/1387 1398/398/1399 1397/397/1398 1385/384/1386
f 1387/386/1388 1399/399/1400 1398/398/1399 1386/385/1387
f 1388/387/1389 1400/400/1401 1399/399/1400 1387/386/1388
f 1389/388/1390 1401/401/1402 1400/400/1401 1388/387/1389
f 1390/389/1391 1402/402/1403 1401/401/1402 1389/388/1390
f 1391/390/1392 1403/403/1404 1402/402/1403 1390/389/1391
f 1392/379/1382 1404/392/1394 1403/403/1404 1391/390/1392
f 1393/391/1393 1405/404/1405 1416/405/1406 1404/392/1394
f 1394/393/1395 1406/406/1407 1405/407/1405 1393/394/1393
f 1395/395/1396 1407/408/1408 1406/406/1407 1394/393/1395
f 1396/396/1397 1408/409/1409 1407/408/1408 1395/395/1396
f 1397/397/1398 1409/410/1410 1408/409/1409 1396/396/1397
f 1398/398/1399 1410/411/1411 1409/410/1410 1397/397/1398
f 1399/399/1400 1411/412/1412 1410/411/1411 1398/398/1399
f 1400/400/1401 1412/413/1413 1411/412/1412 1399/399/1400
f 1401/401/1402 1413/414/1414 1412/413/1413 1400/400/1401
f 1402/402/1403 1414/415/1415 1413/414/1414 1401/401/1402
f 1403/403/1404 1415/416/1416 1414/415/1415 1402/402/1403
f 1404/392/1394 1416/405/1406 1415/416/1416 1403/403/1404
f 1405/404/1405 1417/417/1417 1428/418/1418 1416/405/1406
f 1406/406/1407 1418/419/1419 1417/420/1417 1405/407/1405
f 1407/408/1408 1419/421/1420 1418/419/1419 1406/406/1407
f 1408/409/1409 1420/422/1421 1419/421/1420 1407/408/1408
f 1409/410/1410 1421/423/1422 1420/422/1421 1408/409/1409
f 1410/411/1411 1422/424/1423 1421/423/1422 1409/410/1410
f 1411/412/1412 1423/425/1424 1422/424/1423 1410/411/1411
f 1412/413/1413 1424/426/1425 1423/425/1424 1411/412/1412
f 1413/414/1414 1425/427/1426 1424/426/1425 1412/413/1413
f 1414/415/1415 1426/428/1427 1425/427/1426 1413/414/1414
f 1415/416/1416 1427/429/1428 1426/428/1427 1414/415/1415
f 1416/405/1406 1428/418/1418 1427/429/1428 1415/416/1416
f 1417/417/1417 1429/430/1417 1440/431/1429 1428/418/1418
f 1418/419/1419 1430/432/1430 1429/433/1417 1417/420/1417
f 1419/421/1420 1431/434/1431 1430/432/1430 1418/419/1419
f 1420/422/1421 1432/435/1432 1431/434/1431 1419/421/1420
f 1421/423/1422 1433/436/1433 1432/435/1432 1420/422/1421
f 1422/424/1423 1434/437/1434 1433/436/1433 1421/423/1422
f 1423/425/1424 1435/438/1424 1434/437/1434 1422/424/1423
f 1424/426/1425 1436/439/1435 1435/438/1424 1423/425/1424
f 1425/427/1426 1437/440/1436 1436/439/1435 1424/426/1425
f 1426/428/1427 1438/441/1437 1437/440/1436 1425/427/1426
f 1427/429/1428 1439/442/1438 1438/441/1437 1426/428/1427
f 1428/418/1418 1440/431/1429 1439/442/1438 1427/429/1428
f 1429/430/1417 1441/443/1439 1452/444/1440 1440/431/1429
f 1430/432/1430 1442/445/1441 1441/446/1439 1429/433/1417
f 1431/434/1431 1443/447/1442 1442/445/1441 1430/432/1430
f 1432/435/1432 1444/448/1443 1443/447/1442 1431/434/1431
f 1433/436/1433 1445/449/1444 1444/448/1443 1432/435/1432
f 1434/437/1434 1446/450/1445 1445/449/1444 1433/436/1433
f 1435/438/1424 1447/451/1446 1446/450/1445 1434/437/1434
f 1436/439/1435 1448/452/1447 1447/451/1446 1435/438/1424
f 1437/440/1436 1449/453/1448 1448/452/1447 1436/439/1435
f 1438/441/1437 1450/454/1449 1449/453/1448 1437/440/1436
f 1439/442/1438 1451/455/1450 1450/454/1449 1438/441/1437
f 1440/431/1429 1452/444/1440 1451/455/1450 1439/442/1438
f 1441/443/1439 1453/456/1451 1464/457/1452 1452/444/1440
f 1442/445/1441 1454/458/1453 1453/459/1451 1441/446/1439
f 1443/447/1442 1455/460/1454 1454/458/1453 1442/445/1441
f 1444/448/1443 1456/461/1455 1455/460/1454 1443/447/1442
f 1445/449/1444 1457/462/1456 1456/461/1455 1444/448/1443
f 1446/450/1445 1458/463/1457 1457/462/1456 1445/449/1444
f 1447/451/1446 1459/464/1458 1458/463/1457 1446/450/1445
f 1448/452/1447 1460/465/1459 1459/464/1458 1447/451/1446
f 1449/453/1448 1461/466/1460 1460/465/1459 1448/452/1447
f 1450/454/1449 1462/467/1461 1461/466/1460 1449/453/1448
f 1451/455/1450 1463/468/1462 1462/467/1461 1450/454/1449
f 1452/444/1440 1464/457/1452 1463/468/1462 1451/455/1450
f 1453/456/1451 1465/469/1463 1476/470/1464 1464/457/1452
f 1454/458/1453 1466/471/1465 1465/472/1463 1453/459/1451
f 1455/460/1454 1467/473/1466 1466/471/1465 1454/458/1453
f 1456/461/1455 1468/474/1467 1467/473/1466 1455/460/1454
f 1457/462/1456 1469/475/1468 1468/474/1467 1456/461/1455
f 1458/463/1457 1470/476/1469 1469/475/1468 1457/462/1456
f 1459/464/1458 1471/477/1470 1470/476/1469 1458/463/1457
f 1460/465/1459 1472/478/1471 1471/477/1470 1459/464/1458
f 1461/466/1460 1473/479/1472 1472/478/1471 1460/465/1459
f 1462/467/1461 1474/480/1473 1473/479/1472 1461/466/1460
f 1463/468/1462 1475/481/1474 1474/480/1473 1462/467/1461
f 1464/457/1452 1476/470/1464 1475/481/1474 1463/468/1462
f 1477/1/1475 1489/2/1476 1500/3/1477 1488/4/1478
f 1478/5/1479 1490/6/1480 1489/7/1476 1477/8/1475
f 1479/9/1481 1491/10/1482 1490/6/1480 1478/5/1479
f 1480/11/1483 1492/12/1484 1491/10/1482 1479/9/1481
f 1481/13/1485 1493/14/1486 1492/12/1484 1480/11/1483
f 1482/15/1487 1494/16/1488 1493/14/1486 1481/13/1485
f 1483/17/1489 1495/18/1490 1494/16/1488 1482/15/1487
f 1484/19/1491 1496/20/1492 1495/18/1490 1483/17/1489
f 1485/21/1493 1497/22/1494 1496/20/1492 1484/19/1491
f 1486/23/1495 1498/24/1496 1497/22/1494 1485/21/1493
f 1487/25/1497 1499/26/1498 1498/24/1496 1486/23/1495
f 1488/4/1478 1500/3/1477 1499/26/1498 1487/25/1497
f 1489/2/1476 1501/27/1499 1512/28/1500 1500/3/1477
f 1490/6/1480 1502/29/1501 1501/30/1499 1489/7/1476
f 1491/10/1482 1503/31/1502 1502/29/1501 1490/6/1480
f 1492/12/1484 1504/32/1503 1503/31/1502 1491/10/1482
f 1493/14/1486 1505/33/1504 1504/32/1503 1492/12/1484
f 1494/16/1488 1506/34/1505 1505/33/1504 1493/14/1486
f 1495/18/1490 1507/35/1506 1506/34/1505 1494/16/1488
f 1496/20/1492 1508/36/1507 1507/35/1506 1495/18/1490
f 1497/22/1494 1509/37/1508 1508/36/1507 1496/20/1492
f 1498/24/1496 1510/38/1509 1509/37/1508 1497/22/1494
f 1499/26/1498 1511/39/1510 1510/38/1509 1498/24/1496
f 1500/3/1477 1512/28/1500 1511/39/1510 1499/26/1498
f 1501/27/1499 1513/40/1511 1524/41/1512 1512/28/1500
f 1502/29/1501 1514/42/1513 1513/43/1511 1501/30/1499
f 1503/31/1502 1515/44/1514 1514/42/1513 1502/29/1501
f 1504/32/1503 1516/45/1515 1515/44/1514 1503/31/1502
f 1505/33/1504 1517/46/1516 1516/45/1515 1504/32/1503
f 1506/34/1505 1518/47/1517 1517/46/1516 1505/33/1504
f 1507/35/1506 1519/48/1518 1518/47/1517 1506/34/1505
f 1508/36/1507 1520/49/1519 1519/48/1518 1507/35/1506
f 1509/37/1508 1521/50/1520 1520/49/1519 1508/36/1507
f 1510/38/1509 1522/51/1521 1521/50/1520 1509/37/1508
f 1511/39/1510 1523/52/1522 1522/51/1521 1510/38/1509
f 1512/28/1500 1524/41/1512 1523/52/1522 1511/39/1510
f 1513/40/1511 1525/53/1523 1536/54/1524 1524/41/1512
f 1514/42/1513 1526/55/1525 1525/56/1523 1513/43/1511
f 1515/44/1514 1527/57/1526 1526/55/1525 1514/42/1513
f 1516/45/1515 1528/58/1527 1527/57/1526 1515/44/1514
f 1517/46/1516 1529/59/1528 1528/58/1527 1516/45/1515
f 1518/47/1517 1530/60/1529 1529/59/1528 1517/46/1516
f 1519/48/1518 1531/61/1530 1530/60/1529 1518/47/1517
f 1520/49/1519 1532/62/1531 1531/61/1530 1519/48/1518
f 1521/50/1520 1533/63/1532 1532/62/1531 1520/49/1519
f 1522/51/1521 1534/64/1533 1533/63/1532 1521/50/1520
f 1523/52/1522 1535/65/1534 1534/64/1533 1522/51/1521
f 1524/41/1512 1536/54/1524 1535/65/1534 1523/52/1522
f 1525/53/1523 1537/66/1535 1548/67/1536 1536/54/1524
f 1526/55/1525 1538/68/1537 1537/69/1535 1525/56/1523
f 1527/57/1526 1539/70/1538 1538/68/1537 1526/55/1525
f 1528/58/1527 1540/71/1539 1539/70/1538 1527/57/1526
f 1529/59/1528 1541/72/1540 1540/71/1539 1528/58/1527
f 1530/60/1529 1542/73/1541 1541/72/1540 1529/59/1528
f 1531/61/1530 1543/74/1542 1542/73/1541 1530/60/1529
f 1532/62/1531 1544/75/1543 1543/74/1542 1531/61/1530
f 1533/63/1532 1545/76/1544 1544/75/1543 1532/62/1531
f 1534/64/1533 1546/77/1545 1545/76/1544 1533/63/1532
f 1535/65/1534 1547/78/1546 1546/77/1545 1534/64/1533
f 1536/54/1524 1548/67/1536 1547/78/1546 1535/65/1534
f 1537/66/1535 1549/79/1547 1560/80/1548 1548/67/1536
f 1538/68/1537 1550/81/1549 1549/82/1547 1537/69/1535
f 1539/70/1538 1551/83/1550 1550/81/1549 1538/68/1537
f 1540/71/1539 1552/84/1551 1551/83/1550 1539/70/1538
f 1541/72/1540 1553/85/1552 1552/84/1551 1540/71/1539
f 1542/73/1541 1554/86/1553 1553/85/1552 1541/72/1540
f 1543/74/1542 1555/87/1554 1554/86/1553 1542/73/1541
f 1544/75/1543 1556/88/1555 1555/87/1554 1543/74/1542
f 1545/76/1544 1557/89/1556 1556/88/1555 1544/75/1543
f 1546/77/1545 1558/90/1557 1557/89/1556 1545/76/1544
f 1547/78/1546 1559/91/1558 1558/90/1557 1546/77/1545
f 1548/67/1536 1560/80/1548 1559/91/1558 1547/78/1546
f 1549/79/1547 1561/92/1559 1572/93/1560 1560/80/1548
f 1550/81/1549 1562/94/1561 1561/95/1559 1549/82/1547
f 1551/83/1550 1563/96/1562 1562/94/1561 1550/81/1549
f 1552/84/1551 1564/97/1563 1563/96/1562 1551/83/1550
f 1553/85/1552 1565/98/1564 1564/97/1563 1552/84/1551
f 1554/86/1553 1566/99/1565 1565/98/1564 1553/85/1552
f 1555/87/1554 1567/100/1566 1566/99/1565 1554/86/1553
f 1556/88/1555 1568/101/1567 1567/100/1566 1555/87/1554
f 1557/89/1556 1569/102/1568 1568/101/1567 1556/88/1555
f 1558/90/1557 1570/103/1569 1569/102/1568 1557/89/1556
f 1559/91/1558 1571/104/1570 1570/103/1569 1558/90/1557
f 1560/80/1548 1572/93/1560 1571/104/1570 1559/91/1558
f 1561/92/1559 1573/105/1571 1584/106/1572 1572/93/1560
f 1562/94/1561 1574/107/1573 1573/108/1571 1561/95/1559
f 1563/96/1562 1575/109/1574 1574/107/1573 1562/94/1561
f 1564/97/1563 1576/110/1575 1575/109/1574 1563/96/1562
f 1565/98/1564 1577/111/1576 1576/110/1575 1564/97/1563
f 1566/99/1565 1578/112/1577 1577/111/1576 1565/98/1564
f 1567/100/1566 1579/113/1578 1578/112/1577 1566/99/1565
f 1568/101/1567 1580/114/1579 1579/113/1578 1567/100/1566
f 1569/102/1568 1581/115/1580 1580/114/1579 1568/101/1567
f 1570/103/1569 1582/116/1581 1581/115/1580 1569/102/1568
f 1571/104/1570 1583/117/1582 1582/116/1581 1570/103/1569
f 1572/93/1560 1584/106/1572 1583/117/1582 1571/104/1570
f 1573/105/1571 1585/118/1583 1596/119/1584 1584/106/1572
f 1574/107/1573 1586/120/1585 1585/121/1583 1573/108/1571
f 1575/109/1574 1587/122/1586 1586/120/1585 1574/107/1573
f 1576/110/1575 1588/123/1587 1587/122/1586 1575/109/1574
f 1577/111/1576 1589/124/1588 1588/123/1587 1576/110/1575
f 1578/112/1577 1590/125/1589 1589/124/1588 1577/111/1576
f 1579/113/1578 1591/126/1590 1590/125/1589 1578/112/1577
f 1580/114/1579 1592/127/1591 1591/126/1590 1579/113/1578
f 1581/115/1580 1593/128/1592 1592/127/1591 1580/114/1579
f 1582/116/1581 1594/129/1593 1593/128/1592 1581/115/1580
f 1583/117/1582 1595/130/1594 1594/129/1593 1582/116/1581
f 1584/106/1572 1596/119/1584 1595/130/1594 1583/117/1582
f 1585/118/1583 1597/131/1595 1608/132/1596 1596/119/1584
f 1586/120/1585 1598/133/1597 1597/134/1595 1585/121/1583
f 1587/122/1586 1599/135/1598 1598/133/1597 1586/120/1585
f 1588/123/1587 1600/136/1599 1599/135/1598 1587/122/1586
f 1589/124/1588 1601/137/1600 1600/136/1599 1588/123/1587
f 1590/125/1589 1602/138/1601 1601/137/1600 1589/124/1588
f 1591/126/1590 1603/139/1602 1602/138/1601 1590/125/1589
f 1592/127/1591 1604/140/1603 1603/139/1602 1591/126/1590
f 1593/128/1592 1605/141/1604 1604/140/1603 1592/127/1591
f 1594/129/1593 1606/142/1605 1605/141/1604 1593/128/1592
f 1595/130/1594 1607/143/1606 1606/142/1605 1594/129/1593
f 1596/119/1584 1608/132/1596 1607/143/1606 1595/130/1594
f 1597/131/1595 1609/144/1607 1620/145/1608 1608/132/1596
f 1598/133/1597 1610/146/1609 1609/147/1607 1597/134/1595
f 1599/135/1598 1611/148/1610 1610/146/1609 1598/133/1597
f 1600/136/1599 1612/149/1611 1611/148/1610 1599/135/1598
f 1601/137/1600 1613/150/1612 1612/149/1611 1600/136/1599
f 1602/138/1601 1614/151/1613 1613/150/1612 1601/137/1600
f 1603/139/1602 1615/152/1614 1614/151/1613 1602/138/1601
f 1604/140/1603 1616/153/1615 1615/152/1614 1603/139/1602
f 1605/141/1604 1617/154/1616 1616/153/1615 1604/140/1603
f 1606/142/1605 1618/155/1617 1617/154/1616 1605/141/1604
f 1607/143/1606 1619/156/1618 1618/155/1617 1606/142/1605
f 1608/132/1596 1620/145/1608 1619/156/1618 1607/143/1606
f 1609/144/1607 1621/157/1619 1632/158/1620 1620/145/1608
f 1610/146/1609 1622/159/1621 1621/160/1619 1609/147/1607
f 1611/148/1610 1623/161/1622 1622/159/1621 1610/146/1609
f 1612/149/1611 1624/162/1623 1623/161/1622 1611/148/1610
f 1613/150/1612 1625/163/1624 1624/162/1623 1612/149/1611
f 1614/151/1613 1626/164/1625 1625/163/1624 1613/150/1612
f 1615/152/1614 1627/165/1626 1626/164/1625 1614/151/1613
f 1616/153/1615 1628/166/1627 1627/165/1626 1615/152/1614
f 1617/154/1616 1629/167/1628 1628/166/1627 1616/153/1615
f 1618/155/1617 1630/168/1629 1629/167/1628 1617/154/1616
f 1619/156/1618 1631/169/1630 1630/168/1629 1618/155/1617
f 1620/145/1608 1632/158/1620 1631/169/1630 1619/156/1618
f 1621/157/1619 1633/170/1631 1644/171/1632 1632/158/1620
f 1622/159/1621 1634/172/1633 1633/173/1631 1621/160/1619
f 1623/161/1622 1635/174/1634 1634/172/1633 1622/159/1621
f 1624/162/1623 1636/175/1635 1635/174/1634 1623/161/1622
f 1625/163/1624 1637/176/1636 1636/175/1635 1624/162/1623
f 1626/164/1625 1638/177/1637 1637/176/1636 1625/163/1624
f 1627/165/1626 1639/178/1638 1638/177/1637 1626/164/1625
f 1628/166/1627 1640/179/1639 1639/178/1638 1627/165/1626
f 1629/167/1628 1641/180/1640 1640/179/1639 1628/166/1627
f 1630/168/1629 1642/181/1641 1641/180/1640 1629/167/1628
f 1631/169/1630 1643/182/1642 1642/181/1641 1630/168/1629
f 1632/158/1620 1644/171/1632 1643/182/1642 1631/169/1630
f 1633/170/1631 1645/183/1643 1656/184/1644 1644/171/1632
f 1634/172/1633 1646/185/1645 1645/186/1643 1633/173/1631
f 1635/174/1634 1647/187/1646 1646/185/1645 1634/172/1633
f 1636/175/1635 1648/188/1647 1647/187/1646 1635/174/1634
f 1637/176/1636 1649/189/1648 1648/188/1647 1636/175/1635
f 1638/177/1637 1650/190/1649 1649/189/1648 1637/176/1636
f 1639/178/1638 1651/191/1650 1650/190/1649 1638/177/1637
f 1640/179/1639 1652/192/1651 1651/191/1650 1639/178/1638
f 1641/180/1640 1653/193/1652 1652/192/1651 1640/179/1639
f 1642/181/1641 1654/194/1653 1653/193/1652 1641/180/1640
f 1643/182/1642 1655/195/1654 1654/194/1653 1642/181/1641
f 1644/171/1632 1656/184/1644 1655/195/1654 1643/182/1642
f 1645/183/1643 1657/196/1655 1668/197/1656 1656/184/1644
f 1646/185/1645 1658/198/1657 1657/199/1655 1645/186/1643
f 1647/187/1646 1659/200/1658 1658/198/1657 1646/185/1645
f 1648/188/1647 1660/201/1659 1659/200/1658 1647/187/1646
f 1649/189/1648 1661/202/1660 1660/201/1659 1648/188/1647
f 1650/190/1649 1662/203/1661 1661/202/1660 1649/189/1648
f 1651/191/1650 1663/204/1662 1662/203/1661 1650/190/1649
f 1652/192/1651 1664/205/1663 1663/204/1662 1651/191/1650
f 1653/193/1652 1665/206/1664 1664/205/1663 1652/192/1651
f 1654/194/1653 1666/207/1665 1665/206/1664 1653/193/1652
f 1655/195/1654 1667/208/1666 1666/207/1665 1654/194/1653
f 1656/184/1644 1668/197/1656 1667/208/1666 1655/195/1654
f 1657/196/1655 1669/209/1667 1680/210/1668 1668/197/1656
f 1658/198/1657 1670/211/1669 1669/212/1667 1657/199/1655
f 1659/200/1658 1671/213/1670 1670/211/1669 1658/198/1657
f 1660/201/1659 1672/214/1671 1671/213/1670 1659/200/1658
f 1661/202/1660 1673/215/1672 1672/214/1671 1660/201/1659
f 1662/203/1661 1674/216/1673 1673/215/1672 1661/202/1660
f 1663/204/1662 1675/217/1674 1674/216/1673 1662/203/1661
f 1664/205/1663 1676/218/1675 1675/217/1674 1663/204/1662
f 1665/206/1664 1677/219/1676 1676/218/1675 1664/205/1663
f 1666/207/1665 1678/220/1677 1677/219/1676 1665/206/1664
f 1667/208/1666 1679/221/1678 1678/220/1677 1666/207/1665
f 1668/197/1656 1680/210/1668 1679/221/1678 1667/208/1666
f 1669/209/1667 1681/222/1679 1692/223/1680 1680/210/1668
f 1670/211/1669 1682/224/1681 1681/225/1679 1669/212/1667
f 1671/213/1670 1683/226/1682 1682/224/1681 1670/211/1669
f 1672/214/1671 1684/227/1683 1683/226/1682 1671/213/1670
f 1673/215/1672 1685/228/1684 1684/227/1683 1672/214/1671
f 1674/216/1673 1686/229/1685 1685/228/1684 1673/215/1672
f 1675/217/1674 1687/230/1686 1686/229/1685 1674/216/1673
f 1676/218/1675 1688/231/1687 1687/230/1686 1675/217/1674
f 1677/219/1676 1689/232/1688 1688/231/1687 1676/218/1675
f 1678/220/1677 1690/233/1689 1689/232/1688 1677/219/1676
f 1679/221/1678 1691/234/1690 1690/233/1689 1678/220/1677
f 1680/210/1668 1692/223/1680 1691/234/1690 1679/221/1678
f 1681/222/1679 1693/235/1691 1704/236/1692 1692/223/1680
f 1682/224/1681 1694/237/1693 1693/238/1691 1681/225/1679
f 1683/226/1682 1695/239/1694 1694/237/1693 1682/224/1681
f 1684/227/1683 1696/240/1695 1695/239/1694 1683/226/1682
f 1685/228/1684 1697/241/1696 1696/240/1695 1684/227/1683
f 1686/229/1685 1698/242/1697 1697/241/1696 1685/228/1684
f 1687/230/1686 1699/243/1698 1698/242/1697 1686/229/1685
f 1688/231/1687 1700/244/1699 1699/243/1698 1687/230/1686
f 1689/232/1688 1701/245/1700 1700/244/1699 1688/231/1687
f 1690/233/1689 1702/246/1701 1701/245/1700 1689/232/1688
f 1691/234/1690 1703/247/1702 1702/246/1701 1690/233/1689
f 1692/223/1680 1704/236/1692 1703/247/1702 1691/234/1690
f 1693/235/1691 1705/248/1703 1716/249/1704 1704/236/1692
f 1694/237/1693 1706/250/1705 1705/251/1703 1693/238/1691
f 1695/239/1694 1707/252/1706 1706/250/1705 1694/237/1693
f 1696/240/1695 1708/253/1707 1707/252/1706 1695/239/1694
f 1697/241/1696 1709/254/1708 1708/253/1707 1696/240/1695
f 1698/242/1697 1710/255/1709 1709/254/1708 1697/241/1696
f 1699/243/1698 1711/256/1710 1710/255/1709 1698/242/1697
f 1700/244/1699 1712/257/1711 1711/256/1710 1699/243/1698
f 1701/245/1700 1713/258/1712 1712/257/1711 1700/244/1699
f 1702/246/1701 1714/259/1713 1713/258/1712 1701/245/1700
f 1703/247/1702 1715/260/1714 1714/259/1713 1702/246/1701
f 1704/236/1692 1716/249/1704 1715/260/1714 1703/247/1702
f 1705/248/1703 1717/261/1715 1728/262/1716 1716/249/1704
f 1706/250/1705 1718/263/1717 1717/264/1715 1705/251/1703
f 1707/252/1706 1719/265/1718 1718/263/1717 1706/250/1705
f 1708/253/1707 1720/266/1719 1719/265/1718 1707/252/1706
f 1709/254/1708 1721/267/1720 1720/266/1719 1708/253/1707
f 1710/255/1709 1722/268/1721 1721/267/1720 1709/254/1708
f 1711/256/1710 1723/269/1722 1722/268/1721 1710/255/1709
f 1712/257/1711 1724/270/1723 1723/269/1722 1711/256/1710
f 1713/258/1712 1725/271/1724 1724/270/1723 1712/257/1711
f 1714/259/1713 1726/272/1725 1725/271/1724 1713/258/1712
f 1715/260/1714 1727/273/1726 1726/272/1725 1714/259/1713
f 1716/249/1704 1728/262/1716 1727/273/1726 1715/260/1714
f 1717/261/1715 1729/274/1727 1740/275/1728 1728/262/1716
f 1718/263/1717 1730/276/1729 1729/277/1727 1717/264/1715
f 1719/265/1718 1731/278/1730 1730/276/1729 1718/263/1717
f 1720/266/1719 1732/279/1731 1731/278/1730 1719/265/1718
f 1721/267/1720 1733/280/1732 1732/279/1731 1720/266/1719
f 1722/268/1721 1734/281/1733 1733/280/1732 1721/267/1720
f 1723/269/1722 1735/282/1734 1734/281/1733 1722/268/1721
f 1724/270/1723 1736/283/1735 1735/282/1734 1723/269/1722
f 1725/271/1724 1737/284/1736 1736/283/1735 1724/270/1723
f 1726/272/1725 1738/285/1737 1737/284/1736 1725/271/1724
f 1727/273/1726 1739/286/1738 1738/285/1737 1726/272/1725
f 1728/262/1716 1740/275/1728 1739/286/1738 1727/273/1726
f 1729/274/1727 1741/287/1739 1752/288/1740 1740/275/1728
f 1730/276/1729 1742/289/1741 1741/290/1739 1729/277/1727
f 1731/278/1730 1743/291/1742 1742/289/1741 1730/276/1729
f 1732/279/1731 1744/292/1743 1743/291/1742 1731/278/1730
f 1733/280/1732 1745/293/1744 1744/292/1743 1732/279/1731
f 1734/281/1733 1746/294/1745 1745/293/1744 1733/280/1732
f 1735/282/1734 1747/295/1746 1746/294/1745 1734/281/1733
f 1736/283/1735 1748/296/1747 1747/295/1746 1735/282/1734
f 1737/284/1736 1749/297/1748 1748/296/1747 1736/283/1735
f 1738/285/1737 1750/298/1749 1749/297/1748 1737/284/1736
f 1739/286/1738 1751/299/1750 1750/298/1749 1738/285/1737
f 1740/275/1728 1752/288/1740 1751/299/1750 1739/286/1738
f 1741/287/1739 1753/300/1751 1764/301/1752 1752/288/1740
f 1742/289/1741 1754/302/1753 1753/303/1751 1741/290/1739
f 1743/291/1742 1755/304/1754 1754/302/1753 1742/289/1741
f 1744/292/1743 1756/305/1755 1755/304/1754 1743/291/1742
f 1745/293/1744 1757/306/1756 1756/305/1755 1744/292/1743
f 1746/294/1745 1758/307/1757 1757/306/1756 1745/293/1744
f 1747/295/1746 1759/308/1758 1758/307/1757 1746/294/1745
f 1748/296/1747 1760/309/1759 1759/308/1758 1747/295/1746
f 1749/297/1748 1761/310/1760 1760/309/1759 1748/296/1747
f 1750/298/1749 1762/311/1761 1761/310/1760 1749/297/1748
f 1751/299/1750 1763/312/1762 1762/311/1761 1750/298/1749
f 1752/288/1740 1764/301/1752 1763/312/1762 1751/299/1750
f 1753/300/1751 1765/313/1763 1776/314/1764 1764/301/1752
f 1754/302/1753 1766/315/1765 1765/316/1763 1753/303/1751
f 1755/304/1754 1767/317/1766 1766/315/1765 1754/302/1753
f 1756/305/1755 1768/318/1767 1767/317/1766 1755/304/1754
f 1757/306/1756 1769/319/1768 1768/318/1767 1756/305/1755
f 1758/307/1757 1770/320/1769 1769/319/1768 1757/306/1756
f 1759/308/1758 1771/321/1770 1770/320/1769 1758/307/1757
f 1760/309/1759 1772/322/1771 1771/321/1770 1759/308/1758
f 1761/310/1760 1773/323/1772 1772/322/1771 1760/309/1759
f 1762/311/1761 1774/324/1773 1773/323/1772 1761/310/1760
f 1763/312/1762 1775/325/1774 1774/324/1773 1762/311/1761
f 1764/301/1752 1776/314/1764 1775/325/1774 1763/312/1762
f 1765/313/1763 1777/326/1775 1788/327/1776 1776/314/1764
f 1766/315/1765 1778/328/1777 1777/329/1775 1765/316/1763
f 1767/317/1766 1779/330/1778 1778/328/1777 1766/315/1765
f 1768/318/1767 1780/331/1779 1779/330/1778 1767/317/1766
f 1769/319/1768 1781/332/1780 1780/331/1779 1768/318/1767
f 1770/320/1769 1782/333/1781 1781/332/1780 1769/319/1768
f 1771/321/1770 1783/334/1782 1782/333/1781 1770/320/1769
f 1772/322/1771 1784/335/1783 1783/334/1782 1771/321/1770
f 1773/323/1772 1785/336/1784 1784/335/1783 1772/322/1771
f 1774/324/1773 1786/337/1785 1785/336/1784 1773/323/1772
f 1775/325/1774 1787/338/1786 1786/337/1785 1774/324/1773
f 1776/314/1764 1788/327/1776 1787/338/1786 1775/325/1774
f 1777/326/1775 1789/339/1787 1800/340/1788 1788/327/1776
f 1778/328/1777 1790/341/1789 1789/342/1787 1777/329/1775
f 1779/330/1778 1791/343/1790 1790/341/1789 1778/328/1777
f 1780/331/1779 1792/344/1791 1791/343/1790 1779/330/1778
f 1781/332/1780 1793/345/1792 1792/344/1791 1780/331/1779
f 1782/333/1781 1794/346/1793 1793/345/1792 1781/332/1780
f 1783/334/1782 1795/347/1794 1794/346/1793 1782/333/1781
f 1784/335/1783 1796/348/1795 1795/347/1794 1783/334/1782
f 1785/336/1784 1797/349/1796 1796/348/1795 1784/335/1783
f 1786/337/1785 1798/350/1797 1797/349/1796 1785/336/1784
f 1787/338/1786 1799/351/1798 1798/350/1797 1786/337/1785
f 1788/327/1776 1800/340/1788 1799/351/1798 1787/338/1786
f 1789/339/1787 1801/352/1799 1812/353/1800 1800/340/1788
f 1790/341/1789 1802/354/1801 1801/355/1799 1789/342/1787
f 1791/343/1790 1803/356/1802 1802/354/1801 1790/341/1789
f 1792/344/1791 1804/357/1803 1803/356/1802 1791/343/1790
f 1793/345/1792 1805/358/1804 1804/357/1803 1792/344/1791
f 1794/346/1793 1806/359/1805 1805/358/1804 1793/345/1792
f 1795/347/1794 1807/360/1806 1806/359/1805 1794/346/1793
f 1796/348/1795 1808/361/1807 1807/360/1806 1795/347/1794
f 1797/349/1796 1809/362/1808 1808/361/1807 1796/348/1795
f 1798/350/1797 1810/363/1809 1809/362/1808 1797/349/1796
f 1799/351/1798 1811/364/1810 1810/363/1809 1798/350/1797
f 1800/340/1788 1812/353/1800 1811/364/1810 1799/351/1798
f 1801/352/1799 1813/365/1811 1824/366/1812 1812/353/1800
f 1802/354/1801 1814/367/1813 1813/368/1811 1801/355/1799
f 1803/356/1802 1815/369/1814 1814/367/1813 1802/354/1801
f 1804/357/1803 1816/370/1815 1815/369/1814 1803/356/1802
f 1805/358/1804 1817/371/1816 1816/370/1815 1804/357/1803
f 1806/359/1805 1818/372/1817 1817/371/1816 1805/358/1804
f 1807/360/1806 1819/373/1818 1818/372/1817 1806/359/1805
f 1808/361/1807 1820/374/1819 1819/373/1818 1807/360/1806
f 1809/362/1808 1821/375/1820 1820/374/1819 1808/361/1807
f 1810/363/1809 1822/376/1821 1821/375/1820 1809/362/1808
f 1811/364/1810 1823/377/1822 1822/376/1821 1810/363/1809
f 1812/353/1800 1824/366/1812 1823/377/1822 1811/364/1810
f 1813/365/1811 1825/378/1823 1836/379/1824 1824/366/1812
f 1814/367/1813 1826/380/1825 1825/381/1823 1813/368/1811
f 1815/369/1814 1827/382/1826 1826/380/1825 1814/367/1813
f 1816/370/1815 1828/383/1827 1827/382/1826 1815/369/1814
f 1817/371/1816 1829/384/1828 1828/383/1827 1816/370/1815
f 1818/372/1817 1830/385/1829 1829/384/1828 1817/371/1816
f 1819/373/1818 1831/386/1830 1830/385/1829 1818/372/1817
f 1820/374/1819 1832/387/1831 1831/386/1830 1819/373/1818
f 1821/375/1820 1833/388/1832 1832/387/1831 1820/374/1819
f 1822/376/1821 1834/389/1833 1833/388/1832 1821/375/1820
f 1823/377/1822 1835/390/1834 1834/389/1833 1822/376/1821
f 1824/366/1812 1836/379/1824 1835/390/1834 1823/377/1822
f 1825/378/1823 1837/391/1835 1848/392/1836 1836/379/1824
f 1826/380/1825 1838/393/1837 1837/394/1835 1825/381/1823
f 1827/382/1826 1839/395/1838 1838/393/1837 1826/380/1825
f 1828/383/1827 1840/396/1839 1839/395/1838 1827/382/1826
f 1829/384/1828 1841/397/1840 1840/396/1839 1828/383/1827
f 1830/385/1829 1842/398/1841 1841/397/1840 1829/384/1828
f 1831/386/1830 1843/399/1842 1842/398/1841 1830/385/1829
f 1832/387/1831 1844/400/1843 1843/399/1842 1831/386/1830
f 1833/388/1832 1845/401/1844 1844/400/1843 1832/387/1831
f 1834/389/1833 1846/402/1845 1845/401/1844 1833/388/1832
f 1835/390/1834 1847/403/1846 1846/402/1845 1834/389/1833
f 1836/379/1824 1848/392/1836 1847/403/1846 1835/390/1834
f 1837/391/1835 1849/404/1847 1860/405/1848 1848/392/1836
f 1838/393/1837 1850/406/1849 1849/407/1847 1837/394/1835
f 1839/395/1838 1851/408/1850 1850/406/1849 1838/393/1837
f 1840/396/1839 1852/409/1851 1851/408/1850 1839/395/1838
f 1841/397/1840 1853/410/1852 1852/409/1851 1840/396/1839
f 1842/398/1841 1854/411/1853 1853/410/1852 1841/397/1840
f 1843/399/1842 1855/412/1854 1854/411/1853 1842/398/1841
f 1844/400/1843 1856/413/1855 1855/412/1854 1843/399/1842
f 1845/401/1844 1857/414/1856 1856/413/1855 1844/400/1843
f 1846/402/1845 1858/415/1857 1857/414/1856 1845/401/1844
f 1847/403/1846 1859/416/1858 1858/415/1857 1846/402/1845
f 1848/392/1836 1860/405/1848 1859/416/1858 1847/403/1846
f 1849/404/1847 1861/417/1859 1872/418/1860 1860/405/1848
f 1850/406/1849 1862/419/1861 1861/420/1859 1849/407/1847
f 1851/408/1850 1863/421/1862 1862/419/1861 1850/406/1849
f 1852/409/1851 1864/422/1863 1863/421/1862 1851/408/1850
f 1853/410/1852 1865/423/1864 1864/422/1863 1852/409/1851
f 1854/411/1853 1866/424/1865 1865/423/1864 1853/410/1852
f 1855/412/1854 1867/425/1866 1866/424/1865 1854/411/1853
f 1856/413/1855 1868/426/1867 1867/425/1866 1855/412/1854
f 1857/414/1856 1869/427/1868 1868/426/1867 1856/413/1855
f 1858/415/1857 1870/428/1869 1869/427/1868 1857/414/1856
f 1859/416/1858 1871/429/1870 1870/428/1869 1858/415/1857
f 1860/405/1848 1872/418/1860 1871/429/1870 1859/416/1858
f 1861/417/1859 1873/430/1871 1884/431/1872 1872/418/1860
f 1862/419/1861 1874/432/1873 1873/433/1871 1861/420/1859
f 1863/421/1862 1875/434/1874 1874/432/1873 1862/419/1861
f 1864/422/1863 1876/435/1875 1875/434/1874 1863/421/1862
f 1865/423/1864 1877/436/1876 1876/435/1875 1864/422/1863
f 1866/424/1865 1878/437/1877 1877/436/1876 1865/423/1864
f 1867/425/1866 1879/438/1878 1878/437/1877 1866/424/1865
f 1868/426/1867 1880/439/1879 1879/438/1878 1867/425/1866
f 1869/427/1868 1881/440/1880 1880/439/1879 1868/426/1867
f 1870/428/1869 1882/441/1881 1881/440/1880 1869/427/1868
f 1871/429/1870 1883/442/1882 1882/441/1881 1870/428/1869
f 1872/418/1860 1884/431/1872 1883/442/1882 1871/429/1870
f 1873/430/1871 1885/443/1883 1896/444/1884 1884/431/1872
f 1874/432/1873 1886/445/1885 1885/446/1883 1873/433/1871
f 1875/434/1874 1887/447/1886 1886/445/1885 1874/432/1873
f 1876/435/1875 1888/448/1887 1887/447/1886 1875/434/1874
f 1877/436/1876 1889/449/1888 1888/448/1887 1876/435/1875
f 1878/437/1877 1890/450/1889 1889/449/1888 1877/436/1876
f 1879/438/1878 1891/451/1890 1890/450/1889 1878/437/1877
f 1880/439/1879 1892/452/1891 1891/451/1890 1879/438/1878
f 1881/440/1880 1893/453/1892 1892/452/1891 1880/439/1879
f 1882/441/1881 1894/454/1893 1893/453/1892 1881/440/1880
f 1883/442/1882 1895/455/1894 1894/454/1893 1882/441/1881
f 1884/431/1872 1896/444/1884 1895/455/1894 1883/442/1882
f 1885/443/1883 1897/456/1895 1908/457/1896 1896/444/1884
f 1886/445/1885 1898/458/1897 1897/459/1895 1885/446/1883
f 1887/447/1886 1899/460/1898 1898/458/1897 1886/445/1885
f 1888/448/1887 1900/461/1899 1899/460/1898 1887/447/1886
f 1889/449/1888 1901/462/1900 1900/461/1899 1888/448/1887
f 1890/450/1889 1902/463/1901 1901/462/1900 1889/449/1888
f 1891/451/1890 1903/464/1902 1902/463/1901 1890/450/1889
f 1892/452/1891 1904/465/1903 1903/464/1902 1891/451/1890
f 1893/453/1892 1905/466/1904 1904/465/1903 1892/452/1891
f 1894/454/1893 1906/467/1905 1905/466/1904 1893/453/1892
f 1895/455/1894 1907/468/1906 1906/467/1905 1894/454/1893
f 1896/444/1884 1908/457/1896 1907/468/1906 1895/455/1894
f 1897/456/1895 1909/469/1907 1920/470/1908 1908/457/1896
f 1898/458/1897 1910/471/1909 1909/472/1907 1897/459/1895
f 1899/460/1898 1911/473/1910 1910/471/1909 1898/458/1897
f 1900/461/1899 1912/474/1911 1911/473/1910 1899/460/1898
f 1901/462/1900 1913/475/1912 1912/474/1911 1900/461/1899
f 1902/463/1901 1914/476/1913 1913/475/1912 1901/462/1900
f 1903/464/1902 1915/477/1914 1914/476/1913 1902/463/1901
f 1904/465/1903 1916/478/1915 1915/477/1914 1903/464/1902
f 1905/466/1904 1917/479/1916 1916/478/1915 1904/465/1903
f 1906/467/1905 1918/480/1917 1917/479/1916 1905/466/1904
f 1907/468/1906 1919/481/1918 1918/480/1917 1906/467/1905
f 1908/457/1896 1920/470/1908 1919/481/1918 1907/468/1906
f 1921/1/1919 1933/482/1920 1944/483/1921 1932/4/1922
f 1922/5/1923 1934/484/1924 1933/485/1920 1921/8/1919
f 1923/9/1925 1935/486/1926 1934/484/1924 1922/5/1923
f 1924/11/1927 1936/487/1928 1935/486/1926 1923/9/1925
f 1925/13/1929 1937/488/1930 1936/487/1928 1924/11/1927
f 1926/15/1931 1938/489/1932 1937/488/1930 1925/13/1929
f 1927/17/1933 1939/490/1934 1938/489/1932 1926/15/1931
f 1928/19/1935 1940/491/1936 1939/490/1934 1927/17/1933
f 1929/21/1937 1941/492/1938 1940/491/1936 1928/19/1935
f 1930/23/1939 1942/493/1940 1941/492/1938 1929/21/1937
f 1931/25/1941 1943/494/1942 1942/493/1940 1930/23/1939
f 1932/4/1922 1944/483/1921 1943/494/1942 1931/25/1941
f 1933/482/1920 1945/495/1943 1956/496/1944 1944/483/1921
f 1934/484/1924 1946/497/1945 1945/498/1943 1933/485/1920
f 1935/486/1926 1947/499/1946 1946/497/1945 1934/484/1924
f 1936/487/1928 1948/500/1947 1947/499/1946 1935/486/1926
f 1937/488/1930 1949/501/1948 1948/500/1947 1936/487/1928
f 1938/489/1932 1950/502/1949 1949/501/1948 1937/488/1930
f 1939/490/1934 1951/503/1950 1950/502/1949 1938/489/1932
f 1940/491/1936 1952/504/1951 1951/503/1950 1939/490/1934
f 1941/492/1938 1953/505/1952 1952/504/1951 1940/491/1936
f 1942/493/1940 1954/506/1953 1953/505/1952 1941/492/1938
f 1943/494/1942 1955/507/1954 1954/506/1953 1942/493/1940
f 1944/483/1921 1956/496/1944 1955/507/1954 1943/494/1942
f 1945/495/1943 1957/508/1955 1968/509/1956 1956/496/1944
f 1946/497/1945 1958/510/1957 1957/511/1955 1945/498/1943
f 1947/499/1946 1959/512/1958 1958/510/1957 1946/497/1945
f 1948/500/1947 1960/513/1959 1959/512/1958 1947/499/1946
f 1949/501/1948 1961/514/1960 1960/513/1959 1948/500/1947
f 1950/502/1949 1962/515/1961 1961/514/1960 1949/501/1948
f 1951/503/1950 1963/516/1962 1962/515/1961 1950/502/1949
f 1952/504/1951 1964/517/1963 1963/516/1962 1951/503/1950
f 1953/505/1952 1965/518/1964 1964/517/1963 1952/504/1951
f 1954/506/1953 1966/519/1965 1965/518/1964 1953/505/1952
f 1955/507/1954 1967/520/1966 1966/519/1965 1954/506/1953
f 1956/496/1944 1968/509/1956 1967/520/1966 1955/507/1954
f 1957/508/1955 1969/40/1967 1980/41/1968 1968/509/1956
f 1958/510/1957 1970/42/1969 1969/43/1967 1957/511/1955
f 1959/512/1958 1971/44/1970 1970/42/1969 1958/510/1957
f 1960/513/1959 1972/45/1971 1971/44/1970 1959/512/1958
f 1961/514/1960 1973/46/1972 1972/45/1971 1960/513/1959
f 1962/515/1961 1974/47/1973 1973/46/1972 1961/514/1960
f 1963/516/1962 1975/48/1974 1974/47/1973 1962/515/1961
f 1964/517/1963 1976/49/1975 1975/48/1974 1963/516/1962
f 1965/518/1964 1977/50/1976 1976/49/1975 1964/517/1963
f 1966/519/1965 1978/51/1977 1977/50/1976 1965/518/1964
f 1967/520/1966 1979/52/1978 1978/51/1977 1966/519/1965
f 1968/509/1956 1980/41/1968 1979/52/1978 1967/520/1966
f 1969/40/1967 1981/521/1979 1992/522/1980 1980/41/1968
f 1970/42/1969 1982/523/1981 1981/524/1979 1969/43/1967
f 1971/44/1970 1983/525/1982 1982/523/1981 1970/42/1969
f 1972/45/1971 1984/526/1983 1983/525/1982 1971/44/1970
f 1973/46/1972 1985/527/1984 1984/526/1983 1972/45/1971
f 1974/47/1973 1986/528/1985 1985/527/1984 1973/46/1972
f 1975/48/1974 1987/529/1986 1986/528/1985 1974/47/1973
f 1976/49/1975 1988/530/1987 1987/529/1986 1975/48/1974
f 1977/50/1976 1989/531/1988 1988/530/1987 1976/49/1975
f 1978/51/1977 1990/532/1989 1989/531/1988 1977/50/1976
f 1979/52/1978 1991/533/1990 1990/532/1989 1978/51/1977
f 1980/41/1968 1992/522/1980 1991/533/1990 1979/52/1978
f 1981/521/1979 1993/534/1991 2004/535/1992 1992/522/1980
f 1982/523/1981 1994/536/1993 1993/537/1991 1981/524/1979
f 1983/525/1982 1995/538/1994 1994/536/1993 1982/523/1981
f 1984/526/1983 1996/539/1995 1995/538/1994 1983/525/1982
f 1985/527/1984 1997/540/1996 1996/539/1995 1984/526/1983
f 1986/528/1985 1998/541/1997 1997/540/1996 1985/527/1984
f 1987/529/1986 1999/542/1998 1998/541/1997 1986/528/1985
f 1988/530/1987 2000/543/1999 1999/542/1998 1987/529/1986
f 1989/531/1988 2001/544/2000 2000/543/1999 1988/530/1987
f 1990/532/1989 2002/545/2001 2001/544/2000 1989/531/1988
f 1991/533/1990 2003/546/2002 2002/545/2001 1990/532/1989
f 1992/522/1980 2004/535/1992 2003/546/2002 1991/533/1990
f 1993/534/1991 2005/547/2003 2016/548/2004 2004/535/1992
f 1994/536/1993 2006/549/2005 2005/550/2003 1993/537/1991
f 1995/538/1994 2007/551/2006 2006/549/2005 1994/536/1993
f 1996/539/1995 2008/552/2007 2007/551/2006 1995/538/1994
f 1997/540/1996 2009/553/2008 2008/552/2007 1996/539/1995
f 1998/541/1997 2010/554/2009 2009/553/2008 1997/540/1996
f 1999/542/1998 2011/555/2010 2010/554/2009 1998/541/1997
f 2000/543/1999 2012/556/2011 2011/555/2010 1999/542/1998
f 2001/544/2000 2013/557/2012 2012/556/2011 2000/543/1999
f 2002/545/2001 2014/558/2013 2013/557/2012 2001/544/2000
f 2003/546/2002 2015/559/2014 2014/558/2013 2002/545/2001
f 2004/535/1992 2016/548/2004 2015/559/2014 2003/546/2002
f 2005/547/2003 2017/79/2015 2028/80/2016 2016/548/2004
f 2006/549/2005 2018/81/2017 2017/82/2015 2005/550/2003
f 2007/551/2006 2019/83/2018 2018/81/2017 2006/549/2005
f 2008/552/2007 2020/84/2019 2019/83/2018 2007/551/2006
f 2009/553/2008 2021/85/2020 2020/84/2019 2008/552/2007
f 2010/554/2009 2022/86/2021 2021/85/2020 2009/553/2008
f 2011/555/2010 2023/87/2022 2022/86/2021 2010/554/2009
f 2012/556/2011 2024/88/2023 2023/87/2022 2011/555/2010
f 2013/557/2012 2025/89/2024 2024/88/2023 2012/556/2011
f 2014/558/2013 2026/90/2025 2025/89/2024 2013/557/2012
f 2015/559/2014 2027/91/2026 2026/90/2025 2014/558/2013
f 2016/548/2004 2028/80/2016 2027/91/2026 2015/559/2014
f 2017/79/2015 2029/560/2027 2040/561/2028 2028/80/2016
f 2018/81/2017 2030/562/2029 2029/563/2027 2017/82/2015
f 2019/83/2018 2031/564/2030 2030/562/2029 2018/81/2017
f 2020/84/2019 2032/565/2031 2031/564/2030 2019/83/2018
f 2021/85/2020 2033/566/2032 2032/565/2031 2020/84/2019
f 2022/86/2021 2034/567/2033 2033/566/2032 2021/85/2020
f 2023/87/2022 2035/568/2034 2034/567/2033 2022/86/2021
f 2024/88/2023 2036/569/2035 2035/568/2034 2023/87/2022
f 2025/89/2024 2037/570/2036 2036/569/2035 2024/88/2023
f 2026/90/2025 2038/571/2037 2037/570/2036 2025/89/2024
f 2027/91/2026 2039/572/2038 2038/571/2037 2026/90/2025
f 2028/80/2016 2040/561/2028 2039/572/2038 2027/91/2026
f 2029/560/2027 2041/573/2039 2052/574/2040 2040/561/2028
f 2030/562/2029 2042/575/2041 2041/576/2039 2029/563/2027
f 2031/564/2030 2043/577/2042 2042/575/2041 2030/562/2029
f 2032/565/2031 2044/578/2043 2043/577/2042 2031/564/2030
f 2033/566/2032 2045/579/2044 2044/578/2043 2032/565/2031
f 2034/567/2033 2046/580/2045 2045/579/2044 2033/566/2032
f 2035/568/2034 2047/581/2046 2046/580/2045 2034/567/2033
f 2036/569/2035 2048/582/2047 2047/581/2046 2035/568/2034
f 2037/570/2036 2049/583/2048 2048/582/2047 2036/569/2035
f 2038/571/2037 2050/584/2049 2049/583/2048 2037/570/2036
f 2039/572/2038 2051/585/2050 2050/584/2049 2038/571/2037
f 2040/561/2028 2052/574/2040 2051/585/2050 2039/572/2038
f 2041/573/2039 2053/586/2051 2064/587/2052 2052/574/2040
f 2042/575/2041 2054/588/2053 2053/589/2051 2041/576/2039
f 2043/577/2042 2055/590/2054 2054/588/2053 2042/575/2041
f 2044/578/2043 2056/591/2055 2055/590/2054 2043/577/2042
f 2045/579/2044 2057/592/2056 2056/591/2055 2044/578/2043
f 2046/580/2045 2058/593/2057 2057/592/2056 2045/579/2044
f 2047/581/2046 2059/594/2058 2058/593/2057 2046/580/2045
f 2048/582/2047 2060/595/2059 2059/594/2058 2047/581/2046
f 2049/583/2048 2061/596/2060 2060/595/2059 2048/582/2047
f 2050/584/2049 2062/597/2061 2061/596/2060 2049/583/2048
f 2051/585/2050 2063/598/2062 2062/597/2061 2050/584/2049
f 2052/574/2040 2064/587/2052 2063/598/2062 2051/585/2050
f 2053/586/2051 2065/118/2063 2076/119/2064 2064/587/2052
f 2054/588/2053 2066/120/2065 2065/121/2063 2053/589/2051
f 2055/590/2054 2067/122/2066 2066/120/2065 2054/588/2053
f 2056/591/2055 2068/123/2067 2067/122/2066 2055/590/2054
f 2057/592/2056 2069/124/2068 2068/123/2067 2056/591/2055
f 2058/593/2057 2070/125/2069 2069/124/2068 2057/592/2056
f 2059/594/2058 2071/126/2070 2070/125/2069 2058/593/2057
f 2060/595/2059 2072/127/2071 2071/126/2070 2059/594/2058
f 2061/596/2060 2073/128/2072 2072/127/2071 2060/595/2059
f 2062/597/2061 2074/129/2073 2073/128/2072 2061/596/2060
f 2063/598/2062 2075/130/2074 2074/129/2073 2062/597/2061
f 2064/587/2052 2076/119/2064 2075/130/2074 2063/598/2062
f 2065/118/2063 2077/599/2075 2088/600/2076 2076/119/2064
f 2066/120/2065 2078/601/2077 2077/602/2075 2065/121/2063
f 2067/122/2066 2079/603/2078 2078/601/2077 2066/120/2065
f 2068/123/2067 2080/604/2079 2079/603/2078 2067/122/2066
f 2069/124/2068 2081/605/2080 2080/604/2079 2068/123/2067
f 2070/125/2069 2082/606/2081 2081/605/2080 2069/124/2068
f 2071/126/2070 2083/607/2082 2082/606/2081 2070/125/2069
f 2072/127/2071 2084/608/2083 2083/607/2082 2071/126/2070
f 2073/128/2072 2085/609/2084 2084/608/2083 2072/127/2071
f 2074/129/2073 2086/610/2085 2085/609/2084 2073/128/2072
f 2075/130/2074 2087/611/2086 2086/610/2085 2074/129/2073
f 2076/119/2064 2088/600/2076 2087/611/2086 2075/130/2074
f 2077/599/2075 2089/612/2087 2100/613/2088 2088/600/2076
f 2078/601/2077 2090/614/2089 2089/615/2087 2077/602/2075
f 2079/603/2078 2091/616/2090 2090/614/2089 2078/601/2077
f 2080/604/2079 2092/617/2091 2091/616/2090 2079/603/2078
f 2081/605/2080 2093/618/2092 2092/617/2091 2080/604/2079
f 2082/606/2081 2094/619/2093 2093/618/2092 2081/605/2080
f 2083/607/2082 2095/620/2094 2094/619/2093 2082/606/2081
f 2084/608/2083 2096/621/2095 2095/620/2094 2083/607/2082
f 2085/609/2084 2097/622/2096 2096/621/2095 2084/608/2083
f 2086/610/2085 2098/623/2097 2097/622/2096 2085/609/2084
f 2087/611/2086 2099/624/2098 2098/623/2097 2086/610/2085
f 2088/600/2076 2100/613/2088 2099/624/2098 2087/611/2086
f 2089/612/2087 2101/625/2099 2112/626/2100 2100/613/2088
f 2090/614/2089 2102/627/2101 2101/628/2099 2089/615/2087
f 2091/616/2090 2103/629/2102 2102/627/2101 2090/614/2089
f 2092/617/2091 2104/630/2103 2103/629/2102 2091/616/2090
f 2093/618/2092 2105/631/2104 2104/630/2103 2092/617/2091
f 2094/619/2093 2106/632/2105 2105/631/2104 2093/618/2092
f 2095/620/2094 2107/633/2106 2106/632/2105 2094/619/2093
f 2096/621/2095 2108/634/2107 2107/633/2106 2095/620/2094
f 2097/622/2096 2109/635/2108 2108/634/2107 2096/621/2095
f 2098/623/2097 2110/636/2109 2109/635/2108 2097/622/2096
f 2099/624/2098 2111/637/2110 2110/636/2109 2098/623/2097
f 2100/613/2088 2112/626/2100 2111/637/2110 2099/624/2098
f 2101/625/2099 2113/157/2111 2124/158/2112 2112/626/2100
f 2102/627/2101 2114/159/2113 2113/160/2111 2101/628/2099
f 2103/629/2102 2115/161/2114 2114/159/2113 2102/627/2101
f 2104/630/2103 2116/162/2115 2115/161/2114 2103/629/2102
f 2105/631/2104 2117/163/2116 2116/162/2115 2104/630/2103
f 2106/632/2105 2118/164/2117 2117/163/2116 2105/631/2104
f 2107/633/2106 2119/165/2118 2118/164/2117 2106/632/2105
f 2108/634/2107 2120/166/2119 2119/165/2118 2107/633/2106
f 2109/635/2108 2121/167/2120 2120/166/2119 2108/634/2107
f 2110/636/2109 2122/168/2121 2121/167/2120 2109/635/2108
f 2111/637/2110 2123/169/2122 2122/168/2121 2110/636/2109
f 2112/626/2100 2124/158/2112 2123/169/2122 2111/637/2110
f 2113/157/2111 2125/638/2123 2136/639/2124 2124/158/2112
f 2114/159/2113 2126/640/2125 2125/641/2123 2113/160/2111
f 2115/161/2114 2127/642/2126 2126/640/2125 2114/159/2113
f 2116/162/2115 2128/643/2127 2127/642/2126 2115/161/2114
f 2117/163/2116 2129/644/2128 2128/643/2127 2116/162/2115
f 2118/164/2117 2130/645/2129 2129/644/2128 2117/163/2116
f 2119/165/2118 2131/646/2130 2130/645/2129 2118/164/2117
f 2120/166/2119 2132/647/2131 2131/646/2130 2119/165/2118
f 2121/167/2120 2133/648/2132 2132/647/2131 2120/166/2119
f 2122/168/2121 2134/649/2133 2133/648/2132 2121/167/2120
f 2123/169/2122 2135/650/2134 2134/649/2133 2122/168/2121
f 2124/158/2112 2136/639/2124 2135/650/2134 2123/169/2122
f 2125/638/2123 2137/651/2135 2148/652/2136 2136/639/2124
f 2126/640/2125 2138/653/2137 2137/654/2135 2125/641/2123
f 2127/642/2126 2139/655/2138 2138/653/2137 2126/640/2125
f 2128/643/2127 2140/656/2139 2139/655/2138 2127/642/2126
f 2129/644/2128 2141/657/2140 2140/656/2139 2128/643/2127
f 2130/645/2129 2142/658/2141 2141/657/2140 2129/644/2128
f 2131/646/2130 2143/659/2142 2142/658/2141 2130/645/2129
f 2132/647/2131 2144/660/2143 2143/659/2142 2131/646/2130
f 2133/648/2132 2145/661/2144 2144/660/2143 2132/647/2131
f 2134/649/2133 2146/662/2145 2145/661/2144 2133/648/2132
f 2135/650/2134 2147/663/2146 2146/662/2145 2134/649/2133
f 2136/639/2124 2148/652/2136 2147/663/2146 2135/650/2134
f 2137/651/2135 2149/664/2147 2160/665/2148 2148/652/2136
f 2138/653/2137 2150/666/2149 2149/667/2147 2137/654/2135
f 2139/655/2138 2151/668/2150 2150/666/2149 2138/653/2137
f 2140/656/2139 2152/669/2151 2151/668/2150 2139/655/2138
f 2141/657/2140 2153/670/2152 2152/669/2151 2140/656/2139
f 2142/658/2141 2154/671/2153 2153/670/2152 2141/657/2140
f 2143/659/2142 2155/672/2154 2154/671/2153 2142/658/2141
f 2144/660/2143 2156/673/2155 2155/672/2154 2143/659/2142
f 2145/661/2144 2157/674/2156 2156/673/2155 2144/660/2143
f 2146/662/2145 2158/675/2157 2157/674/2156 2145/661/2144
f 2147/663/2146 2159/676/2158 2158/675/2157 2146/662/2145
f 2148/652/2136 2160/665/2148 2159/676/2158 2147/663/2146
f 2149/664/2147 2161/196/2159 2172/197/2160 2160/665/2148
f 2150/666/2149 2162/198/2161 2161/199/2159 2149/667/2147
f 2151/668/2150 2163/200/2162 2162/198/2161 2150/666/2149
f 2152/669/2151 2164/201/2163 2163/200/2162 2151/668/2150
f 2153/670/2152 2165/202/2164 2164/201/2163 2152/669/2151
f 2154/671/2153 2166/203/2165 2165/202/2164 2153/670/2152
f 2155/672/2154 2167/204/2166 2166/203/2165 2154/671/2153
f 2156/673/2155 2168/205/2167 2167/204/2166 2155/672/2154
f 2157/674/2156 2169/206/2168 2168/205/2167 2156/673/2155
f 2158/675/2157 2170/207/2169 2169/206/2168 2157/674/2156
f 2159/676/2158 2171/208/2170 2170/207/2169 2158/675/2157
f 2160/665/2148 2172/197/2160 2171/208/2170 2159/676/2158
f 2161/196/2159 2173/677/2171 2184/678/2172 2172/197/2160
f 2162/198/2161 2174/679/2173 2173/680/2171 2161/199/2159
f 2163/200/2162 2175/681/2174 2174/679/2173 2162/198/2161
f 2164/201/2163 2176/682/2175 2175/681/2174 2163/200/2162
f 2165/202/2164 2177/683/2176 2176/682/2175 2164/201/2163
f 2166/203/2165 2178/684/2177 2177/683/2176 2165/202/2164
f 2167/204/2166 2179/685/2178 2178/684/2177 2166/203/2165
f 2168/205/2167 2180/686/2179 2179/685/2178 2167/204/2166
f 2169/206/2168 2181/687/2180 2180/686/2179 2168/205/2167
f 2170/207/2169 2182/688/2181 2181/687/2180 2169/206/2168
f 2171/208/2170 2183/689/2182 2182/688/2181 2170/207/2169
f 2172/197/2160 2184/678/2172 2183/689/2182 2171/208/2170
f 2173/677/2171 2185/690/2183 2196/691/2184 2184/678/2172
f 2174/679/2173 2186/692/2185 2185/693/2183 2173/680/2171
f 2175/681/2174 2187/694/2186 2186/692/2185 2174/679/2173
f 2176/682/2175 2188/695/2187 2187/694/2186 2175/681/2174
f 2177/683/2176 2189/696/2188 2188/695/2187 2176/682/2175
f 2178/684/2177 2190/697/2189 2189/696/2188 2177/683/2176
f 2179/685/2178 2191/698/2190 2190/697/2189 2178/684/2177
f 2180/686/2179 2192/699/2191 2191/698/2190 2179/685/2178
f 2181/687/2180 2193/700/2192 2192/699/2191 2180/686/2179
f 2182/688/2181 2194/701/2193 2193/700/2192 2181/687/2180
f 2183/689/2182 2195/702/2194 2194/701/2193 2182/688/2181
f 2184/678/2172 2196/691/2184 2195/702/2194 2183/689/2182
f 2185/690/2183 2197/703/2195 2208/704/2196 2196/691/2184
f 2186/692/2185 2198/705/2197 2197/706/2195 2185/693/2183
f 2187/694/2186 2199/707/2198 2198/705/2197 2186/692/2185
f 2188/695/2187 2200/708/2199 2199/707/2198 2187/694/2186
f 2189/696/2188 2201/709/2200 2200/708/2199 2188/695/2187
f 2190/697/2189 2202/710/2201 2201/709/2200 2189/696/2188
f 2191/698/2190 2203/711/2202 2202/710/2201 2190/697/2189
f 2192/699/2191 2204/712/2203 2203/711/2202 2191/698/2190
f 2193/700/2192 2205/713/2204 2204/712/2203 2192/699/2191
f 2194/701/2193 2206/714/2205 2205/713/2204 2193/700/2192
f 2195/702/2194 2207/715/2206 2206/714/2205 2194/701/2193
f 2196/691/2184 2208/704/2196 2207/715/2206 2195/702/2194
f 2197/703/2195 2209/235/2207 2220/236/2208 2208/704/2196
f 2198/705/2197 2210/237/2209 2209/238/2207 2197/706/2195
f 2199/707/2198 2211/239/2210 2210/237/2209 2198/705/2197
f 2200/708/2199 2212/240/2211 2211/239/2210 2199/707/2198
f 2201/709/2200 2213/241/2212 2212/240/2211 2200/708/2199
f 2202/710/2201 2214/242/2213 2213/241/2212 2201/709/2200
f 2203/711/2202 2215/243/2214 2214/242/2213 2202/710/2201
f 2204/712/2203 2216/244/2215 2215/243/2214 2203/711/2202
f 2205/713/2204 2217/245/2216 2216/244/2215 2204/712/2203
f 2206/714/2205 2218/246/2217 2217/245/2216 2205/713/2204
f 2207/715/2206 2219/247/2218 2218/246/2217 2206/714/2205
f 2208/704/2196 2220/236/2208 2219/247/2218 2207/715/2206
f 2209/235/2207 2221/716/2219 2232/717/2220 2220/236/2208
f 2210/237/2209 2222/718/2221 2221/719/2219 2209/238/2207
f 2211/239/2210 2223/720/2222 2222/718/2221 2210/237/2209
f 2212/240/2211 2224/721/2223 2223/720/2222 2211/239/2210
f 2213/241/2212 2225/722/2224 2224/721/2223 2212/240/2211
f 2214/242/2213 2226/723/2225 2225/722/2224 2213/241/2212
f 2215/243/2214 2227/724/2226 2226/723/2225 2214/242/2213
f 2216/244/2215 2228/725/2227 2227/724/2226 2215/243/2214
f 2217/245/2216 2229/726/2228 2228/725/2227 2216/244/2215
f 2218/246/2217 2230/727/2229 2229/726/2228 2217/245/2216
f 2219/247/2218 2231/728/2230 2230/727/2229 2218/246/2217
f 2220/236/2208 2232/717/2220 2231/728/2230 2219/247/2218
f 2221/716/2219 2233/729/2231 2244/730/2232 2232/717/2220
f 2222/718/2221 2234/731/2233 2233/732/2231 2221/719/2219
f 2223/720/2222 2235/733/2234 2234/731/2233 2222/718/2221
f 2224/721/2223 2236/734/2235 2235/733/2234 2223/720/2222
f 2225/722/2224 2237/735/2236 2236/734/2235 2224/721/2223
f 2226/723/2225 2238/736/2237 2237/735/2236 2225/722/2224
f 2227/724/2226 2239/737/2238 2238/736/2237 2226/723/2225
f 2228/725/2227 2240/738/2239 2239/737/2238 2227/724/2226
f 2229/726/2228 2241/739/2240 2240/738/2239 2228/725/2227
f 2230/727/2229 2242/740/2241 2241/739/2240 2229/726/2228
f 2231/728/2230 2243/741/2242 2242/740/2241 2230/727/2229
f 2232/717/2220 2244/730/2232 2243/741/2242 2231/728/2230
f 2233/729/2231 2245/742/2243 2256/743/2244 2244/730/2232
f 2234/731/2233 2246/744/2245 2245/745/2243 2233/732/2231
f 2235/733/2234 2247/746/2246 2246/744/2245 2234/731/2233
f 2236/734/2235 2248/747/2247 2247/746/2246 2235/733/2234
f 2237/735/2236 2249/748/2248 2248/747/2247 2236/734/2235
f 2238/736/2237 2250/749/2249 2249/748/2248 2237/735/2236
f 2239/737/2238 2251/750/2250 2250/749/2249 2238/736/2237
f 2240/738/2239 2252/751/2251 2251/750/2250 2239/737/2238
f 2241/739/2240 2253/752/2252 2252/751/2251 2240/738/2239
f 2242/740/2241 2254/753/2253 2253/752/2252 2241/739/2240
f 2243/741/2242 2255/754/2254 2254/753/2253 2242/740/2241
f 2244/730/2232 2256/743/2244 2255/754/2254 2243/741/2242
f 2245/742/2243 2257/274/2255 2268/275/2256 2256/743/2244
f 2246/744/2245 2258/276/2257 2257/277/2255 2245/745/2243
f 2247/746/2246 2259/278/2258 2258/276/2257 2246/744/2245
f 2248/747/2247 2260/279/2259 2259/278/2258 2247/746/2246
f 2249/748/2248 2261/280/2260 2260/279/2259 2248/747/2247
f 2250/749/2249 2262/281/2261 2261/280/2260 2249/748/2248
f 2251/750/2250 2263/282/2262 2262/281/2261 2250/749/2249
f 2252/751/2251 2264/283/2263 2263/282/2262 2251/750/2250
f 2253/752/2252 2265/284/2264 2264/283/2263 2252/751/2251
f 2254/753/2253 2266/285/2265 2265/284/2264 2253/752/2252
f 2255/754/2254 2267/286/2266 2266/285/2265 2254/753/2253
f 2256/743/2244 2268/275/2256 2267/286/2266 2255/754/2254
f 2257/274/2255 2269/755/2267 2280/756/2268 2268/275/2256
f 2258/276/2257 2270/757/2269 2269/758/2267 2257/277/2255
f 2259/278/2258 2271/759/2270 2270/757/2269 2258/276/2257
f 2260/279/2259 2272/760/2271 2271/759/2270 2259/278/2258
f 2261/280/2260 2273/761/2272 2272/760/2271 2260/279/2259
f 2262/281/2261 2274/762/2273 2273/761/2272 2261/280/2260
f 2263/282/2262 2275/763/2274 2274/762/2273 2262/281/2261
f 2264/283/2263 2276/764/2275 2275/763/2274 2263/282/2262
f 2265/284/2264 2277/765/2276 2276/764/2275 2264/283/2263
f 2266/285/2265 2278/766/2277 2277/765/2276 2265/284/2264
f 2267/286/2266 2279/767/2278 2278/766/2277 2266/285/2265
f 2268/275/2256 2280/756/2268 2279/767/2278 2267/286/2266
f 2269/755/2267 2281/768/2279 2292/769/2280 2280/756/2268
f 2270/757/2269 2282/770/2281 2281/771/2279 2269/758/2267
f 2271/759/2270 2283/772/2282 2282/770/2281 2270/757/2269
f 2272/760/2271 2284/773/2283 2283/772/2282 2271/759/2270
f 2273/761/2272 2285/774/2284 2284/773/2283 2272/760/2271
f 2274/762/2273 2286/775/2285 2285/774/2284 2273/761/2272
f 2275/763/2274 2287/776/2286 2286/775/2285 2274/762/2273
f 2276/764/2275 2288/777/2287 2287/776/2286 2275/763/2274
f 2277/765/2276 2289/778/2288 2288/777/2287 2276/764/2275
f 2278/766/2277 2290/779/2289 2289/778/2288 2277/765/2276
f 2279/767/2278 2291/780/2290 2290/779/2289 2278/766/2277
f 2280/756/2268 2292/769/2280 2291/780/2290 2279/767/2278
f 2281/768/2279 2293/781/2291 2304/782/2292 2292/769/2280
f 2282/770/2281 2294/783/2293 2293/784/2291 2281/771/2279
f 2283/772/2282 2295/785/2294 2294/783/2293 2282/770/2281
f 2284/773/2283 2296/786/2295 2295/785/2294 2283/772/2282
f 2285/774/2284 2297/787/2296 2296/786/2295 2284/773/2283
f 2286/775/2285 2298/788/2297 2297/787/2296 2285/774/2284
f 2287/776/2286 2299/789/2298 2298/788/2297 2286/775/2285
f 2288/777/2287 2300/790/2299 2299/789/2298 2287/776/2286
f 2289/778/2288 2301/791/2300 2300/790/2299 2288/777/2287
f 2290/779/2289 2302/792/2301 2301/791/2300 2289/778/2288
f 2291/780/2290 2303/793/2302 2302/792/2301 2290/779/2289
f 2292/769/2280 2304/782/2292 2303/793/2302 2291/780/2290
f 2293/781/2291 2305/313/2303 2316/314/2304 2304/782/2292
f 2294/783/2293 2306/315/2305 2305/316/2303 2293/784/2291
f 2295/785/2294 2307/317/2306 2306/315/2305 2294/783/2293
f 2296/786/2295 2308/318/2307 2307/317/2306 2295/785/2294
f 2297/787/2296 2309/319/2308 2308/318/2307 2296/786/2295
f 2298/788/2297 2310/320/2309 2309/319/2308 2297/787/2296
f 2299/789/2298 2311/321/2310 2310/320/2309 2298/788/2297
f 2300/790/2299 2312/322/2311 2311/321/2310 2299/789/2298
f 2301/791/2300 2313/323/2312 2312/322/2311 2300/790/2299
f 2302/792/2301 2314/324/2313 2313/323/2312 2301/791/2300
f 2303/793/2302 2315/325/2314 2314/324/2313 2302/792/2301
f 2304/782/2292 2316/314/2304 2315/325/2314 2303/793/2302
f 2305/313/2303 2317/794/2315 2328/795/2316 2316/314/2304
f 2306/315/2305 2318/796/2317 2317/797/2315 2305/316/2303
f 2307/317/2306 2319/798/2318 2318/796/2317 2306/315/2305
f 2308/318/2307 2320/799/2319 2319/798/2318 2307/317/2306
f 2309/319/2308 2321/800/2320 2320/799/2319 2308/318/2307
f 2310/320/2309 2322/801/2321 2321/800/2320 2309/319/2308
f 2311/321/2310 2323/802/2322 2322/801/2321 2310/320/2309
f 2312/322/2311 2324/803/2323 2323/802/2322 2311/321/2310
f 2313/323/2312 2325/804/2324 2324/803/2323 2312/322/2311
f 2314/324/2313 2326/805/2325 2325/804/2324 2313/323/2312
f 2315/325/2314 2327/806/2326 2326/805/2325 2314/324/2313
f 2316/314/2304 2328/795/2316 2327/806/2326 2315/325/2314
f 2317/794/2315 2329/807/2327 2340/808/2328 2328/795/2316
f 2318/796/2317 2330/809/2329 2329/810/2327 2317/797/2315
f 2319/798/2318 2331/811/2330 2330/809/2329 2318/796/2317
f 2320/799/2319 2332/812/2331 2331/811/2330 2319/798/2318
f 2321/800/2320 2333/813/2332 2332/812/2331 2320/799/2319
f 2322/801/2321 2334/814/2333 2333/813/2332 2321/800/2320
f 2323/802/2322 2335/815/2334 2334/814/2333 2322/801/2321
f 2324/803/2323 2336/816/2335 2335/815/2334 2323/802/2322
f 2325/804/2324 2337/817/2336 2336/816/2335 2324/803/2323
f 2326/805/2325 2338/818/2337 2337/817/2336 2325/804/2324
f 2327/806/2326 2339/819/2338 2338/818/2337 2326/805/2325
f 2328/795/2316 2340/808/2328 2339/819/2338 2327/806/2326
f 2329/807/2327 2341/820/2339 2352/821/2340 2340/808/2328
f 2330/809/2329 2342/822/2341 2341/823/2339 2329/810/2327
f 2331/811/2330 2343/824/2342 2342/822/2341 2330/809/2329
f 2332/812/2331 2344/825/2343 2343/824/2342 2331/811/2330
f 2333/813/2332 2345/826/2344 2344/825/2343 2332/812/2331
f 2334/814/2333 2346/827/2345 2345/826/2344 2333/813/2332
f 2335/815/2334 2347/828/2346 2346/827/2345 2334/814/2333
f 2336/816/2335 2348/829/2347 2347/828/2346 2335/815/2334
f 2337/817/2336 2349/830/2348 2348/829/2347 2336/816/2335
f 2338/818/2337 2350/831/2349 2349/830/2348 2337/817/2336
f 2339/819/2338 2351/832/2350 2350/831/2349 2338/818/2337
f 2340/808/2328 2352/821/2340 2351/832/2350 2339/819/2338
f 2341/820/2339 2353/352/2351 2364/353/2352 2352/821/2340
f 2342/822/2341 2354/354/2353 2353/355/2351 2341/823/2339
f 2343/824/2342 2355/356/2354 2354/354/2353 2342/822/2341
f 2344/825/2343 2356/357/2355 2355/356/2354 2343/824/2342
f 2345/826/2344 2357/358/2356 2356/357/2355 2344/825/2343
f 2346/827/2345 2358/359/2357 2357/358/2356 2345/826/2344
f 2347/828/2346 2359/360/2358 2358/359/2357 2346/827/2345
f 2348/829/2347 2360/361/2359 2359/360/2358 2347/828/2346
f 2349/830/2348 2361/362/2360 2360/361/2359 2348/829/2347
f 2350/831/2349 2362/363/2361 2361/362/2360 2349/830/2348
f 2351/832/2350 2363/364/2362 2362/363/2361 2350/831/2349
f 2352/821/2340 2364/353/2352 2363/364/2362 2351/832/2350
f 2353/352/2351 2365/833/2363 2376/834/2364 2364/353/2352
f 2354/354/2353 2366/835/2365 2365/836/2363 2353/355/2351
f 2355/356/2354 2367/837/2366 2366/835/2365 2354/354/2353
f 2356/357/2355 2368/838/2367 2367/837/2366 2355/356/2354
f 2357/358/2356 2369/839/2368 2368/838/2367 2356/357/2355
f 2358/359/2357 2370/840/2369 2369/839/2368 2357/358/2356
f 2359/360/2358 2371/841/2370 2370/840/2369 2358/359/2357
f 2360/361/2359 2372/842/2371 2371/841/2370 2359/360/2358
f 2361/362/2360 2373/843/2372 2372/842/2371 2360/361/2359
f 2362/363/2361 2374/844/2373 2373/843/2372 2361/362/2360
f 2363/364/2362 2375/845/2374 2374/844/2373 2362/363/2361
f 2364/353/2352 2376/834/2364 2375/845/2374 2363/364/2362
f 2365/833/2363 2377/846/2375 2388/847/2376 2376/834/2364
f 2366/835/2365 2378/848/2377 2377/849/2375 2365/836/2363
f 2367/837/2366 2379/850/2378 2378/848/2377 2366/835/2365
f 2368/838/2367 2380/851/2379 2379/850/2378 2367/837/2366
f 2369/839/2368 2381/852/2380 2380/851/2379 2368/838/2367
f 2370/840/2369 2382/853/2381 2381/852/2380 2369/839/2368
f 2371/841/2370 2383/854/2382 2382/853/2381 2370/840/2369
f 2372/842/2371 2384/855/2383 2383/854/2382 2371/841/2370
f 2373/843/2372 2385/856/2384 2384/855/2383 2372/842/2371
f 2374/844/2373 2386/857/2385 2385/856/2384 2373/843/2372
f 2375/845/2374 2387/858/2386 2386/857/2385 2374/844/2373
f 2376/834/2364 2388/847/2376 2387/858/2386 2375/845/2374
f 2377/846/2375 2389/859/2387 2400/860/2388 2388/847/2376
f 2378/848/2377 2390/861/2389 2389/862/2387 2377/849/2375
f 2379/850/2378 2391/863/2390 2390/861/2389 2378/848/2377
f 2380/851/2379 2392/864/2391 2391/863/2390 2379/850/2378
f 2381/852/2380 2393/865/2392 2392/864/2391 2380/851/2379
f 2382/853/2381 2394/866/2393 2393/865/2392 2381/852/2380
f 2383/854/2382 2395/867/2394 2394/866/2393 2382/853/2381
f 2384/855/2383 2396/868/2395 2395/867/2394 2383/854/2382
f 2385/856/2384 2397/869/2396 2396/868/2395 2384/855/2383
f 2386/857/2385 2398/870/2397 2397/869/2396 2385/856/2384
f 2387/858/2386 2399/871/2398 2398/870/2397 2386/857/2385
f 2388/847/2376 2400/860/2388 2399/871/2398 2387/858/2386
f 2389/859/2387 2401/391/2399 2412/392/2400 2400/860/2388
f 2390/861/2389 2402/393/2401 2401/394/2399 2389/862/2387
f 2391/863/2390 2403/395/2402 2402/393/2401 2390/861/2389
f 2392/864/2391 2404/396/2403 2403/395/2402 2391/863/2390
f 2393/865/2392 2405/397/2404 2404/396/2403 2392/864/2391
f 2394/866/2393 2406/398/2405 2405/397/2404 2393/865/2392
f 2395/867/2394 2407/399/2406 2406/398/2405 2394/866/2393
f 2396/868/2395 2408/400/2407 2407/399/2406 2395/867/2394
f 2397/869/2396 2409/401/2408 2408/400/2407 2396/868/2395
f 2398/870/2397 2410/402/2409 2409/401/2408 2397/869/2396
f 2399/871/2398 2411/403/2410 2410/402/2409 2398/870/2397
f 2400/860/2388 2412/392/2400 2411/403/2410 2399/871/2398
f 2401/391/2399 2413/872/2411 2424/873/2412 2412/392/2400
f 2402/393/2401 2414/874/2413 2413/875/2411 2401/394/2399
f 2403/395/2402 2415/876/2414 2414/874/2413 2402/393/2401
f 2404/396/2403 2416/877/2415 2415/876/2414 2403/395/2402
f 2405/397/2404 2417/878/2416 2416/877/2415 2404/396/2403
f 2406/398/2405 2418/879/2417 2417/878/2416 2405/397/2404
f 2407/399/2406 2419/880/2418 2418/879/2417 2406/398/2405
f 2408/400/2407 2420/881/2419 2419/880/2418 2407/399/2406
f 2409/401/2408 2421/882/2420 2420/881/2419 2408/400/2407
f 2410/402/2409 2422/883/2421 2421/882/2420 2409/401/2408
f 2411/403/2410 2423/884/2422 2422/883/2421 2410/402/2409
f 2412/392/2400 2424/873/2412 2423/884/2422 2411/403/2410
f 2413/872/2411 2425/885/2423 2436/886/2424 2424/873/2412
f 2414/874/2413 2426/887/2425 2425/888/2423 2413/875/2411
f 2415/876/2414 2427/889/2426 2426/887/2425 2414/874/2413
f 2416/877/2415 2428/890/2427 2427/889/2426 2415/876/2414
f 2417/878/2416 2429/891/2428 2428/890/2427 2416/877/2415
f 2418/879/2417 2430/892/2429 2429/891/2428 2417/878/2416
f 2419/880/2418 2431/893/2430 2430/892/2429 2418/879/2417
f 2420/881/2419 2432/894/2431 2431/893/2430 2419/880/2418
f 2421/882/2420 2433/895/2432 2432/894/2431 2420/881/2419
f 2422/883/2421 2434/896/2433 2433/895/2432 2421/882/2420
f 2423/884/2422 2435/897/2434 2434/896/2433 2422/883/2421
f 2424/873/2412 2436/886/2424 2435/897/2434 2423/884/2422
f 2425/885/2423 2437/898/2435 2448/899/2436 2436/886/2424
f 2426/887/2425 2438/900/2437 2437/901/2435 2425/888/2423
f 2427/889/2426 2439/902/2438 2438/900/2437 2426/887/2425
f 2428/890/2427 2440/903/2439 2439/902/2438 2427/889/2426
f 2429/891/2428 2441/904/2440 2440/903/2439 2428/890/2427
f 2430/892/2429 2442/905/2441 2441/904/2440 2429/891/2428
f 2431/893/2430 2443/906/2442 2442/905/2441 2430/892/2429
f 2432/894/2431 2444/907/2443 2443/906/2442 2431/893/2430
f 2433/895/2432 2445/908/2444 2444/907/2443 2432/894/2431
f 2434/896/2433 2446/909/2445 2445/908/2444 2433/895/2432
f 2435/897/2434 2447/910/2446 2446/909/2445 2434/896/2433
f 2436/886/2424 2448/899/2436 2447/910/2446 2435/897/2434
f 2437/898/2435 2449/430/2447 2460/431/2448 2448/899/2436
f 2438/900/2437 2450/432/2449 2449/433/2447 2437/901/2435
f 2439/902/2438 2451/434/2450 2450/432/2449 2438/900/2437
f 2440/903/2439 2452/435/2451 2451/434/2450 2439/902/2438
f 2441/904/2440 2453/436/2452 2452/435/2451 2440/903/2439
f 2442/905/2441 2454/437/2453 2453/436/2452 2441/904/2440
f 2443/906/2442 2455/438/2454 2454/437/2453 2442/905/2441
f 2444/907/2443 2456/439/2455 2455/438/2454 2443/906/2442
f 2445/908/2444 2457/440/2456 2456/439/2455 2444/907/2443
f 2446/909/2445 2458/441/2457 2457/440/2456 2445/908/2444
f 2447/910/2446 2459/442/2458 2458/441/2457 2446/909/2445
f 2448/899/2436 2460/431/2448 2459/442/2458 2447/910/2446
f 2449/430/2447 2461/911/2459 2472/912/2460 2460/431/2448
f 2450/432/2449 2462/913/2461 2461/914/2459 2449/433/2447
f 2451/434/2450 2463/915/2462 2462/913/2461 2450/432/2449
f 2452/435/2451 2464/916/2463 2463/915/2462 2451/434/2450
f 2453/436/2452 2465/917/2464 2464/916/2463 2452/435/2451
f 2454/437/2453 2466/918/2465 2465/917/2464 2453/436/2452
f 2455/438/2454 2467/919/2466 2466/918/2465 2454/437/2453
f 2456/439/2455 2468/920/2467 2467/919/2466 2455/438/2454
f 2457/440/2456 2469/921/2468 2468/920/2467 2456/439/2455
f 2458/441/2457 2470/922/2469 2469/921/2468 2457/440/2456
f 2459/442/2458 2471/923/2470 2470/922/2469 2458/441/2457
f 2460/431/2448 2472/912/2460 2471/923/2470 2459/442/2458
f 2461/911/2459 2473/924/2471 2484/925/2472 2472/912/2460
f 2462/913/2461 2474/926/2473 2473/927/2471 2461/914/2459
f 2463/915/2462 2475/928/2474 2474/926/2473 2462/913/2461
f 2464/916/2463 2476/929/2475 2475/928/2474 2463/915/2462
f 2465/917/2464 2477/930/2476 2476/929/2475 2464/916/2463
f 2466/918/2465 2478/931/2477 2477/930/2476 2465/917/2464
f 2467/919/2466 2479/932/2478 2478/931/2477 2466/918/2465
f 2468/920/2467 2480/933/2479 2479/932/2478 2467/919/2466
f 2469/921/2468 2481/934/2480 2480/933/2479 2468/920/2467
f 2470/922/2469 2482/935/2481 2481/934/2480 2469/921/2468
f 2471/923/2470 2483/936/2482 2482/935/2481 2470/922/2469
f 2472/912/2460 2484/925/2472 2483/936/2482 2471/923/2470
f 2473/924/2471 2485/937/2483 2496/938/2484 2484/925/2472
f 2474/926/2473 2486/939/2485 2485/940/2483 2473/927/2471
f 2475/928/2474 2487/941/2486 2486/939/2485 2474/926/2473
f 2476/929/2475 2488/942/2487 2487/941/2486 2475/928/2474
f 2477/930/2476 2489/943/2488 2488/942/2487 2476/929/2475
f 2478/931/2477 2490/944/2489 2489/943/2488 2477/930/2476
f 2479/932/2478 2491/945/2490 2490/944/2489 2478/931/2477
f 2480/933/2479 2492/946/2491 2491/945/2490 2479/932/2478
f 2481/934/2480 2493/947/2492 2492/946/2491 2480/933/2479
f 2482/935/2481 2494/948/2493 2493/947/2492 2481/934/2480
f 2483/936/2482 2495/949/2494 2494/948/2493 2482/935/2481
f 2484/925/2472 2496/938/2484 2495/949/2494 2483/936/2482
f 2485/937/2483 2497/469/2495 2508/470/2496 2496/938/2484
f 2486/939/2485 2498/471/2497 2497/472/2495 2485/940/2483
f 2487/941/2486 2499/473/2498 2498/471/2497 2486/939/2485
f 2488/942/2487 2500/474/2499 2499/473/2498 2487/941/2486
f 2489/943/2488 2501/475/2500 2500/474/2499 2488/942/2487
f 2490/944/2489 2502/476/2501 2501/475/2500 2489/943/2488
f 2491/945/2490 2503/477/2502 2502/476/2501 2490/944/2489
f 2492/946/2491 2504/478/2503 2503/477/2502 2491/945/2490
f 2493/947/2492 2505/479/2504 2504/478/2503 2492/946/2491
f 2494/948/2493 2506/480/2505 2505/479/2504 2493/947/2492
f 2495/949/2494 2507/481/2506 2506/480/2505 2494/948/2493
f 2496/938/2484 2508/470/2496 2507/481/2506 2495/949/2494
f 2509/1/2507 2521/2/2508 2532/3/2509 2520/4/2510
f 2510/5/2511 2522/6/2512 2521/7/2508 2509/8/2507
f 2511/9/2513 2523/10/2514 2522/6/2512 2510/5/2511
f 2512/11/2515 2524/12/2516 2523/10/2514 2511/9/2513
f 2513/13/2517 2525/14/2518 2524/12/2516 2512/11/2515
f 2514/15/2519 2526/16/2520 2525/14/2518 2513/13/2517
f 2515/17/2521 2527/18/2522 2526/16/2520 2514/15/2519
f 2516/19/2523 2528/20/2524 2527/18/2522 2515/17/2521
f 2517/21/2525 2529/22/2526 2528/20/2524 2516/19/2523
f 2518/23/2527 2530/24/2528 2529/22/2526 2517/21/2525
f 2519/25/2529 2531/26/2530 2530/24/2528 2518/23/2527
f 2520/4/2510 2532/3/2509 2531/26/2530 2519/25/2529
f 2521/2/2508 2533/27/2531 2544/28/2532 2532/3/2509
f 2522/6/2512 2534/29/2533 2533/30/2531 2521/7/2508
f 2523/10/2514 2535/31/2534 2534/29/2533 2522/6/2512
f 2524/12/2516 2536/32/2535 2535/31/2534 2523/10/2514
f 2525/14/2518 2537/33/2536 2536/32/2535 2524/12/2516
f 2526/16/2520 2538/34/2537 2537/33/2536 2525/14/2518
f 2527/18/2522 2539/35/2538 2538/34/2537 2526/16/2520
f 2528/20/2524 2540/36/2539 2539/35/2538 2527/18/2522
f 2529/22/2526 2541/37/2540 2540/36/2539 2528/20/2524
f 2530/24/2528 2542/38/2541 2541/37/2540 2529/22/2526
f 2531/26/2530 2543/39/2542 2542/38/2541 2530/24/2528
f 2532/3/2509 2544/28/2532 2543/39/2542 2531/26/2530
f 2533/27/2531 2545/40/2543 2556/41/2544 2544/28/2532
f 2534/29/2533 2546/42/2545 2545/43/2543 2533/30/2531
f 2535/31/2534 2547/44/2546 2546/42/2545 2534/29/2533
f 2536/32/2535 2548/45/2547 2547/44/2546 2535/31/2534
f 2537/33/2536 2549/46/2548 2548/45/2547 2536/32/2535
f 2538/34/2537 2550/47/2549 2549/46/2548 2537/33/2536
f 2539/35/2538 2551/48/2550 2550/47/2549 2538/34/2537
f 2540/36/2539 2552/49/2551 2551/48/2550 2539/35/2538
f 2541/37/2540 2553/50/2552 2552/49/2551 2540/36/2539
f 2542/38/2541 2554/51/2553 2553/50/2552 2541/37/2540
f 2543/39/2542 2555/52/2554 2554/51/2553 2542/38/2541
f 2544/28/2532 2556/41/2544 2555/52/2554 2543/39/2542
f 2545/40/2543 2557/53/2555 2568/54/2556 2556/41/2544
f 2546/42/2545 2558/55/2557 2557/56/2555 2545/43/2543
f 2547/44/2546 2559/57/2558 2558/55/2557 2546/42/2545
f 2548/45/2547 2560/58/2559 2559/57/2558 2547/44/2546
f 2549/46/2548 2561/59/2560 2560/58/2559 2548/45/2547
f 2550/47/2549 2562/60/2561 2561/59/2560 2549/46/2548
f 2551/48/2550 2563/61/2562 2562/60/2561 2550/47/2549
f 2552/49/2551 2564/62/2563 2563/61/2562 2551/48/2550
f 2553/50/2552 2565/63/2564 2564/62/2563 2552/49/2551
f 2554/51/2553 2566/64/2565 2565/63/2564 2553/50/2552
f 2555/52/2554 2567/65/2566 2566/64/2565 2554/51/2553
f 2556/41/2544 2568/54/2556 2567/65/2566 2555/52/2554
f 2557/53/2555 2569/66/2567 2580/67/2568 2568/54/2556
f 2558/55/2557 2570/68/2569 2569/69/2567 2557/56/2555
f 2559/57/2558 2571/70/2570 2570/68/2569 2558/55/2557
f 2560/58/2559 2572/71/2571 2571/70/2570 2559/57/2558
f 2561/59/2560 2573/72/2572 2572/71/2571 2560/58/2559
f 2562/60/2561 2574/73/2573 2573/72/2572 2561/59/2560
f 2563/61/2562 2575/74/2574 2574/73/2573 2562/60/2561
f 2564/62/2563 2576/75/2575 2575/74/2574 2563/61/2562
f 2565/63/2564 2577/76/2576 2576/75/2575 2564/62/2563
f 2566/64/2565 2578/77/2577 2577/76/2576 2565/63/2564
f 2567/65/2566 2579/78/2578 2578/77/2577 2566/64/2565
f 2568/54/2556 2580/67/2568 2579/78/2578 2567/65/2566
f 2569/66/2567 2581/79/2579 2592/80/2580 2580/67/2568
f 2570/68/2569 2582/81/2581 2581/82/2579 2569/69/2567
f 2571/70/2570 2583/83/2582 2582/81/2581 2570/68/2569
f 2572/71/2571 2584/84/2583 2583/83/2582 2571/70/2570
f 2573/72/2572 2585/85/2584 2584/84/2583 2572/71/2571
f 2574/73/2573 2586/86/2585 2585/85/2584 2573/72/2572
f 2575/74/2574 2587/87/2586 2586/86/2585 2574/73/2573
f 2576/75/2575 2588/88/2587 2587/87/2586 2575/74/2574
f 2577/76/2576 2589/89/2588 2588/88/2587 2576/75/2575
f 2578/77/2577 2590/90/2589 2589/89/2588 2577/76/2576
f 2579/78/2578 2591/91/2590 2590/90/2589 2578/77/2577
f 2580/67/2568 2592/80/2580 2591/91/2590 2579/78/2578
f 2581/79/2579 2593/92/2591 2604/93/2592 2592/80/2580
f 2582/81/2581 2594/94/2593 2593/95/2591 2581/82/2579
f 2583/83/2582 2595/96/2594 2594/94/2593 2582/81/2581
f 2584/84/2583 2596/97/2595 2595/96/2594 2583/83/2582
f 2585/85/2584 2597/98/2596 2596/97/2595 2584/84/2583
f 2586/86/2585 2598/99/2597 2597/98/2596 2585/85/2584
f 2587/87/2586 2599/100/2598 2598/99/2597 2586/86/2585
f 2588/88/2587 2600/101/2599 2599/100/2598 2587/87/2586
f 2589/89/2588 2601/102/2600 2600/101/2599 2588/88/2587
f 2590/90/2589 2602/103/2601 2601/102/2600 2589/89/2588
f 2591/91/2590 2603/104/2602 2602/103/2601 2590/90/2589
f 2592/80/2580 2604/93/2592 2603/104/2602 2591/91/2590
f 2593/92/2591 2605/105/2603 2616/106/2604 2604/93/2592
f 2594/94/2593 2606/107/2605 2605/108/2603 2593/95/2591
f 2595/96/2594 2607/109/2606 2606/107/2605 2594/94/2593
f 2596/97/2595 2608/110/2607 2607/109/2606 2595/96/2594
f 2597/98/2596 2609/111/2608 2608/110/2607 2596/97/2595
f 2598/99/2597 2610/112/2609 2609/111/2608 2597/98/2596
f 2599/100/2598 2611/113/2610 2610/112/2609 2598/99/2597
f 2600/101/2599 2612/114/2611 2611/113/2610 2599/100/2598
f 2601/102/2600 2613/115/2612 2612/114/2611 2600/101/2599
f 2602/103/2601 2614/116/2613 2613/115/2612 2601/102/2600
f 2603/104/2602 2615/117/2614 2614/116/2613 2602/103/2601
f 2604/93/2592 2616/106/2604 2615/117/2614 2603/104/2602
f 2605/105/2603 2617/118/2615 2628/119/2616 2616/106/2604
f 2606/107/2605 2618/120/2617 2617/121/2615 2605/108/2603
f 2607/109/2606 2619/122/2618 2618/120/2617 2606/107/2605
f 2608/110/2607 2620/123/2619 2619/122/2618 2607/109/2606
f 2609/111/2608 2621/124/2620 2620/123/2619 2608/110/2607
f 2610/112/2609 2622/125/2621 2621/124/2620 2609/111/2608
f 2611/113/2610 2623/126/2622 2622/125/2621 2610/112/2609
f 2612/114/2611 2624/127/2623 2623/126/2622 2611/113/2610
f 2613/115/2612 2625/128/2624 2624/127/2623 2612/114/2611
f 2614/116/2613 2626/129/2625 2625/128/2624 2613/115/2612
f 2615/117/2614 2627/130/2626 2626/129/2625 2614/116/2613
f 2616/106/2604 2628/119/2616 2627/130/2626 2615/117/2614
f 2617/118/2615 2629/131/2627 2640/132/2628 2628/119/2616
f 2618/120/2617 2630/133/2629 2629/134/2627 2617/121/2615
f 2619/122/2618 2631/135/2630 2630/133/2629 2618/120/2617
f 2620/123/2619 2632/136/2631 2631/135/2630 2619/122/2618
f 2621/124/2620 2633/137/2632 2632/136/2631 2620/123/2619
f 2622/125/2621 2634/138/2633 2633/137/2632 2621/124/2620
f 2623/126/2622 2635/139/2634 2634/138/2633 2622/125/2621
f 2624/127/2623 2636/140/2635 2635/139/2634 2623/126/2622
f 2625/128/2624 2637/141/2636 2636/140/2635 2624/127/2623
f 2626/129/2625 2638/142/2637 2637/141/2636 2625/128/2624
f 2627/130/2626 2639/143/2638 2638/142/2637 2626/129/2625
f 2628/119/2616 2640/132/2628 2639/143/2638 2627/130/2626
f 2629/131/2627 2641/144/2639 2652/145/2640 2640/132/2628
f 2630/133/2629 2642/146/2641 2641/147/2639 2629/134/2627
f 2631/135/2630 2643/148/2642 2642/146/2641 2630/133/2629
f 2632/136/2631 2644/149/2643 2643/148/2642 2631/135/2630
f 2633/137/2632 2645/150/2644 2644/149/2643 2632/136/2631
f 2634/138/2633 2646/151/2645 2645/150/2644 2633/137/2632
f 2635/139/2634 2647/152/2646 2646/151/2645 2634/138/2633
f 2636/140/2635 2648/153/2647 2647/152/2646 2635/139/2634
f 2637/141/2636 2649/154/2648 2648/153/2647 2636/140/2635
f 2638/142/2637 2650/155/2649 2649/154/2648 2637/141/2636
f 2639/143/2638 2651/156/2650 2650/155/2649 2638/142/2637
f 2640/132/2628 2652/145/2640 2651/156/2650 2639/143/2638
f 2641/144/2639 2653/157/2651 2664/158/2652 2652/145/2640
f 2642/146/2641 2654/159/2653 2653/160/2651 2641/147/2639
f 2643/148/2642 2655/161/2654 2654/159/2653 2642/146/2641
f 2644/149/2643 2656/162/2655 2655/161/2654 2643/148/2642
f 2645/150/2644 2657/163/2656 2656/162/2655 2644/149/2643
f 2646/151/2645 2658/164/2657 2657/163/2656 2645/150/2644
f 2647/152/2646 2659/165/2658 2658/164/2657 2646/151/2645
f 2648/153/2647 2660/166/2659 2659/165/2658 2647/152/2646
f 2649/154/2648 2661/167/2660 2660/166/2659 2648/153/2647
f 2650/155/2649 2662/168/2661 2661/167/2660 2649/154/2648
f 2651/156/2650 2663/169/2662 2662/168/2661 2650/155/2649
f 2652/145/2640 2664/158/2652 2663/169/2662 2651/156/2650
f 2653/157/2651 2665/170/2663 2676/171/2664 2664/158/2652
f 2654/159/2653 2666/172/2665 2665/173/2663 2653/160/2651
f 2655/161/2654 2667/174/2666 2666/172/2665 2654/159/2653
f 2656/162/2655 2668/175/2667 2667/174/2666 2655/161/2654
f 2657/163/2656 2669/176/2668 2668/175/2667 2656/162/2655
f 2658/164/2657 2670/177/2669 2669/176/2668 2657/163/2656
f 2659/165/2658 2671/178/2670 2670/177/2669 2658/164/2657
f 2660/166/2659 2672/179/2671 2671/178/2670 2659/165/2658
f 2661/167/2660 2673/180/2672 2672/179/2671 2660/166/2659
f 2662/168/2661 2674/181/2673 2673/180/2672 2661/167/2660
f 2663/169/2662 2675/182/2674 2674/181/2673 2662/168/2661
f 2664/158/2652 2676/171/2664 2675/182/2674 2663/169/2662
f 2665/170/2663 2677/183/2675 2688/184/2676 2676/171/2664
f 2666/172/2665 2678/185/2677 2677/186/2675 2665/173/2663
f 2667/174/2666 2679/187/2678 2678/185/2677 2666/172/2665
f 2668/175/2667 2680/188/2679 2679/187/2678 2667/174/2666
f 2669/176/2668 2681/189/2680 2680/188/2679 2668/175/2667
f 2670/177/2669 2682/190/2681 2681/189/2680 2669/176/2668
f 2671/178/2670 2683/191/2682 2682/190/2681 2670/177/2669
f 2672/179/2671 2684/192/2683 2683/191/2682 2671/178/2670
f 2673/180/2672 2685/193/2684 2684/192/2683 2672/179/2671
f 2674/181/2673 2686/194/2685 2685/193/2684 2673/180/2672
f 2675/182/2674 2687/195/2686 2686/194/2685 2674/181/2673
f 2676/171/2664 2688/184/2676 2687/195/2686 2675/182/2674
f 2677/183/2675 2689/196/2687 2700/197/2688 2688/184/2676
f 2678/185/2677 2690/198/2689 2689/199/2687 2677/186/2675
f 2679/187/2678 2691/200/2690 2690/198/2689 2678/185/2677
f 2680/188/2679 2692/201/2691 2691/200/2690 2679/187/2678
f 2681/189/2680 2693/202/2692 2692/201/2691 2680/188/2679
f 2682/190/2681 2694/203/2693 2693/202/2692 2681/189/2680
f 2683/191/2682 2695/204/2694 2694/203/2693 2682/190/2681
f 2684/192/2683 2696/205/2695 2695/204/2694 2683/191/2682
f 2685/193/2684 2697/206/2696 2696/205/2695 2684/192/2683
f 2686/194/2685 2698/207/2697 2697/206/2696 2685/193/2684
f 2687/195/2686 2699/208/2698 2698/207/2697 2686/194/2685
f 2688/184/2676 2700/197/2688 2699/208/2698 2687/195/2686
f 2689/196/2687 2701/209/2699 2712/210/2700 2700/197/2688
f 2690/198/2689 2702/211/2701 2701/212/2699 2689/199/2687
f 2691/200/2690 2703/213/2702 2702/211/2701 2690/198/2689
f 2692/201/2691 2704/214/2703 2703/213/2702 2691/200/2690
f 2693/202/2692 2705/215/2704 2704/214/2703 2692/201/2691
f 2694/203/2693 2706/216/2705 2705/215/2704 2693/202/2692
f 2695/204/2694 2707/217/2706 2706/216/2705 2694/203/2693
f 2696/205/2695 2708/218/2707 2707/217/2706 2695/204/2694
f 2697/206/2696 2709/219/2708 2708/218/2707 2696/205/2695
f 2698/207/2697 2710/220/2709 2709/219/2708 2697/206/2696
f 2699/208/2698 2711/221/2710 2710/220/2709 2698/207/2697
f 2700/197/2688 2712/210/2700 2711/221/2710 2699/208/2698
f 2701/209/2699 2713/222/2711 2724/223/2712 2712/210/2700
f 2702/211/2701 2714/224/2713 2713/225/2711 2701/212/2699
f 2703/213/2702 2715/226/2714 2714/224/2713 2702/211/2701
f 2704/214/2703 2716/227/2715 2715/226/2714 2703/213/2702
f 2705/215/2704 2717/228/2716 2716/227/2715 2704/214/2703
f 2706/216/2705 2718/229/2717 2717/228/2716 2705/215/2704
f 2707/217/2706 2719/230/2718 2718/229/2717 2706/216/2705
f 2708/218/2707 2720/231/2719 2719/230/2718 2707/217/2706
f 2709/219/2708 2721/232/2720 2720/231/2719 2708/218/2707
f 2710/220/2709 2722/233/2721 2721/232/2720 2709/219/2708
f 2711/221/2710 2723/234/2722 2722/233/2721 2710/220/2709
f 2712/210/2700 2724/223/2712 2723/234/2722 2711/221/2710
f 2713/222/2711 2725/235/2723 2736/236/2724 2724/223/2712
f 2714/224/2713 2726/237/2725 2725/238/2723 2713/225/2711
f 2715/226/2714 2727/239/2726 2726/237/2725 2714/224/2713
f 2716/227/2715 2728/240/2727 2727/239/2726 2715/226/2714
f 2717/228/2716 2729/241/2728 2728/240/2727 2716/227/2715
f 2718/229/2717 2730/242/2729 2729/241/2728 2717/228/2716
f 2719/230/2718 2731/243/2730 2730/242/2729 2718/229/2717
f 2720/231/2719 2732/244/2731 2731/243/2730 2719/230/2718
f 2721/232/2720 2733/245/2732 2732/244/2731 2720/231/2719
f 2722/233/2721 2734/246/2733 2733/245/2732 2721/232/2720
f 2723/234/2722 2735/247/2734 2734/246/2733 2722/233/2721
f 2724/223/2712 2736/236/2724 2735/247/2734 2723/234/2722
f 2725/235/2723 2737/248/2735 2748/249/2736 2736/236/2724
f 2726/237/2725 2738/250/2737 2737/251/2735 2725/238/2723
f 2727/239/2726 2739/252/2738 2738/250/2737 2726/237/2725
f 2728/240/2727 2740/253/2739 2739/252/2738 2727/239/2726
f 2729/241/2728 2741/254/2740 2740/253/2739 2728/240/2727
f 2730/242/2729 2742/255/2741 2741/254/2740 2729/241/2728
f 2731/243/2730 2743/256/2742 2742/255/2741 2730/242/2729
f 2732/244/2731 2744/257/2743 2743/256/2742 2731/243/2730
f 2733/245/2732 2745/258/2744 2744/257/2743 2732/244/2731
f 2734/246/2733 2746/259/2745 2745/258/2744 2733/245/2732
f 2735/247/2734 2747/260/2746 2746/259/2745 2734/246/2733
f 2736/236/2724 2748/249/2736 2747/260/2746 2735/247/2734
f 2737/248/2735 2749/261/2747 2760/262/2748 2748/249/2736
f 2738/250/2737 2750/263/2749 2749/264/2747 2737/251/2735
f 2739/252/2738 2751/265/2750 2750/263/2749 2738/250/2737
f 2740/253/2739 2752/266/2751 2751/265/2750 2739/252/2738
f 2741/254/2740 2753/267/2752 2752/266/2751 2740/253/2739
f 2742/255/2741 2754/268/2753 2753/267/2752 2741/254/2740
f 2743/256/2742 2755/269/2754 2754/268/2753 2742/255/2741
f 2744/257/2743 2756/270/2755 2755/269/2754 2743/256/2742
f 2745/258/2744 2757/271/2756 2756/270/2755 2744/257/2743
f 2746/259/2745 2758/272/2757 2757/271/2756 2745/258/2744
f 2747/260/2746 2759/273/2758 2758/272/2757 2746/259/2745
f 2748/249/2736 2760/262/2748 2759/273/2758 2747/260/2746
f 2749/261/2747 2761/274/2759 2772/275/2760 2760/262/2748
f 2750/263/2749 2762/276/2761 2761/277/2759 2749/264/2747
f 2751/265/2750 2763/278/2762 2762/276/2761 2750/263/2749
f 2752/266/2751 2764/279/2763 2763/278/2762 2751/265/2750
f 2753/267/2752 2765/280/2764 2764/279/2763 2752/266/2751
f 2754/268/2753 2766/281/2765 2765/280/2764 2753/267/2752
f 2755/269/2754 2767/282/2766 2766/281/2765 2754/268/2753
f 2756/270/2755 2768/283/2767 2767/282/2766 2755/269/2754
f 2757/271/2756 2769/284/2768 2768/283/2767 2756/270/2755
f 2758/272/2757 2770/285/2769 2769/284/2768 2757/271/2756
f 2759/273/2758 2771/286/2770 2770/285/2769 2758/272/2757
f 2760/262/2748 2772/275/2760 2771/286/2770 2759/273/2758
f 2761/274/2759 2773/287/2771 2784/288/2772 2772/275/2760
f 2762/276/2761 2774/289/2773 2773/290/2771 2761/277/2759
f 2763/278/2762 2775/291/2774 2774/289/2773 2762/276/2761
f 2764/279/2763 2776/292/2775 2775/291/2774 2763/278/2762
f 2765/280/2764 2777/293/2776 2776/292/2775 2764/279/2763
f 2766/281/2765 2778/294/2777 2777/293/2776 2765/280/2764
f 2767/282/2766 2779/295/2778 2778/294/2777 2766/281/2765
f 2768/283/2767 2780/296/2779 2779/295/2778 2767/282/2766
f 2769/284/2768 2781/297/2780 2780/296/2779 2768/283/2767
f 2770/285/2769 2782/298/2781 2781/297/2780 2769/284/2768
f 2771/286/2770 2783/299/2782 2782/298/2781 2770/285/2769
f 2772/275/2760 2784/288/2772 2783/299/2782 2771/286/2770
f 2773/287/2771 2785/300/2783 2796/301/2784 2784/288/2772
f 2774/289/2773 2786/302/2785 2785/303/2783 2773/290/2771
f 2775/291/2774 2787/304/2786 2786/302/2785 2774/289/2773
f 2776/292/2775 2788/305/2787 2787/304/2786 2775/291/2774
f 2777/293/2776 2789/306/2788 2788/305/2787 2776/292/2775
f 2778/294/2777 2790/307/2789 2789/306/2788 2777/293/2776
f 2779/295/2778 2791/308/2790 2790/307/2789 2778/294/2777
f 2780/296/2779 2792/309/2791 2791/308/2790 2779/295/2778
f 2781/297/2780 2793/310/2792 2792/309/2791 2780/296/2779
f 2782/298/2781 2794/311/2793 2793/310/2792 2781/297/2780
f 2783/299/2782 2795/312/2794 2794/311/2793 2782/298/2781
f 2784/288/2772 2796/301/2784 2795/312/2794 2783/299/2782
f 2785/300/2783 2797/313/2795 2808/314/2796 2796/301/2784
f 2786/302/2785 2798/315/2797 2797/316/2795 2785/303/2783
f 2787/304/2786 2799/317/2798 2798/315/2797 2786/302/2785
f 2788/305/2787 2800/318/2799 2799/317/2798 2787/304/2786
f 2789/306/2788 2801/319/2800 2800/318/2799 2788/305/2787
f 2790/307/2789 2802/320/2801 2801/319/2800 2789/306/2788
f 2791/308/2790 2803/321/2802 2802/320/2801 2790/307/2789
f 2792/309/2791 2804/322/2803 2803/321/2802 2791/308/2790
f 2793/310/2792 2805/323/2804 2804/322/2803 2792/309/2791
f 2794/311/2793 2806/324/2805 2805/323/2804 2793/310/2792
f 2795/312/2794 2807/325/2806 2806/324/2805 2794/311/2793
f 2796/301/2784 2808/314/2796 2807/325/2806 2795/312/2794
f 2797/313/2795 2809/326/2807 2820/327/2808 2808/314/2796
f 2798/315/2797 2810/328/2809 2809/329/2807 2797/316/2795
f 2799/317/2798 2811/330/2810 2810/328/2809 2798/315/2797
f 2800/318/2799 2812/331/2811 2811/330/2810 2799/317/2798
f 2801/319/2800 2813/332/2812 2812/331/2811 2800/318/2799
f 2802/320/2801 2814/333/2813 2813/332/2812 2801/319/2800
f 2803/321/2802 2815/334/2814 2814/333/2813 2802/320/2801
f 2804/322/2803 2816/335/2815 2815/334/2814 2803/321/2802
f 2805/323/2804 2817/336/2816 2816/335/2815 2804/322/2803
f 2806/324/2805 2818/337/2817 2817/336/2816 2805/323/2804
f 2807/325/2806 2819/338/2818 2818/337/2817 2806/324/2805
f 2808/314/2796 2820/327/2808 2819/338/2818 2807/325/2806
f 2809/326/2807 2821/339/2819 2832/340/2820 2820/327/2808
f 2810/328/2809 2822/341/2821 2821/342/2819 2809/329/2807
f 2811/330/2810 2823/343/2822 2822/341/2821 2810/328/2809
f 2812/331/2811 2824/344/2823 2823/343/2822 2811/330/2810
f 2813/332/2812 2825/345/2824 2824/344/2823 2812/331/2811
f 2814/333/2813 2826/346/2825 2825/345/2824 2813/332/2812
f 2815/334/2814 2827/347/2826 2826/346/2825 2814/333/2813
f 2816/335/2815 2828/348/2827 2827/347/2826 2815/334/2814
f 2817/336/2816 2829/349/2828 2828/348/2827 2816/335/2815
f 2818/337/2817 2830/350/2829 2829/349/2828 2817/336/2816
f 2819/338/2818 2831/351/2830 2830/350/2829 2818/337/2817
f 2820/327/2808 2832/340/2820 2831/351/2830 2819/338/2818
f 2821/339/2819 2833/352/2831 2844/353/2832 2832/340/2820
f 2822/341/2821 2834/354/2833 2833/355/2831 2821/342/2819
f 2823/343/2822 2835/356/2834 2834/354/2833 2822/341/2821
f 2824/344/2823 2836/357/2835 2835/356/2834 2823/343/2822
f 2825/345/2824 2837/358/2836 2836/357/2835 2824/344/2823
f 2826/346/2825 2838/359/2837 2837/358/2836 2825/345/2824
f 2827/347/2826 2839/360/2838 2838/359/2837 2826/346/2825
f 2828/348/2827 2840/361/2839 2839/360/2838 2827/347/2826
f 2829/349/2828 2841/362/2840 2840/361/2839 2828/348/2827
f 2830/350/2829 2842/363/2841 2841/362/2840 2829/349/2828
f 2831/351/2830 2843/364/2842 2842/363/2841 2830/350/2829
f 2832/340/2820 2844/353/2832 2843/364/2842 2831/351/2830
f 2833/352/2831 2845/365/2843 2856/366/2844 2844/353/2832
f 2834/354/2833 2846/367/2845 2845/368/2843 2833/355/2831
f 2835/356/2834 2847/369/2846 2846/367/2845 2834/354/2833
f 2836/357/2835 2848/370/2847 2847/369/2846 2835/356/2834
f 2837/358/2836 2849/371/2848 2848/370/2847 2836/357/2835
f 2838/359/2837 2850/372/2849 2849/371/2848 2837/358/2836
f 2839/360/2838 2851/373/2850 2850/372/2849 2838/359/2837
f 2840/361/2839 2852/374/2851 2851/373/2850 2839/360/2838
f 2841/362/2840 2853/375/2852 2852/374/2851 2840/361/2839
f 2842/363/2841 2854/376/2853 2853/375/2852 2841/362/2840
f 2843/364/2842 2855/377/2854 2854/376/2853 2842/363/2841
f 2844/353/2832 2856/366/2844 2855/377/2854 2843/364/2842
f 2845/365/2843 2857/378/2855 2868/379/2856 2856/366/2844
f 2846/367/2845 2858/380/2857 2857/381/2855 2845/368/2843
f 2847/369/2846 2859/382/2858 2858/380/2857 2846/367/2845
f 2848/370/2847 2860/383/2859 2859/382/2858 2847/369/2846
f 2849/371/2848 2861/384/2860 2860/383/2859 2848/370/2847
f 2850/372/2849 2862/385/2861 2861/384/2860 2849/371/2848
f 2851/373/2850 2863/386/2862 2862/385/2861 2850/372/2849
f 2852/374/2851 2864/387/2863 2863/386/2862 2851/373/2850
f 2853/375/2852 2865/388/2864 2864/387/2863 2852/374/2851
f 2854/376/2853 2866/389/2865 2865/388/2864 2853/375/2852
f 2855/377/2854 2867/390/2866 2866/389/2865 2854/376/2853
f 2856/366/2844 2868/379/2856 2867/390/2866 2855/377/2854
f 2857/378/2855 2869/391/2867 2880/392/2868 2868/379/2856
f 2858/380/2857 2870/393/2869 2869/394/2867 2857/381/2855
f 2859/382/2858 2871/395/2870 2870/393/2869 2858/380/2857
f 2860/383/2859 2872/396/2871 2871/395/2870 2859/382/2858
f 2861/384/2860 2873/397/2872 2872/396/2871 2860/383/2859
f 2862/385/2861 2874/398/2873 2873/397/2872 2861/384/2860
f 2863/386/2862 2875/399/2874 2874/398/2873 2862/385/2861
f 2864/387/2863 2876/400/2875 2875/399/2874 2863/386/2862
f 2865/388/2864 2877/401/2876 2876/400/2875 2864/387/2863
f 2866/389/2865 2878/402/2877 2877/401/2876 2865/388/2864
f 2867/390/2866 2879/403/2878 2878/402/2877 2866/389/2865
f 2868/379/2856 2880/392/2868 2879/403/2878 2867/390/2866
f 2869/391/2867 2881/404/2879 2892/405/2880 2880/392/2868
f 2870/393/2869 2882/406/2881 2881/407/2879 2869/394/2867
f 2871/395/2870 2883/408/2882 2882/406/2881 2870/393/2869
f 2872/396/2871 2884/409/2883 2883/408/2882 2871/395/2870
f 2873/397/2872 2885/410/2884 2884/409/2883 2872/396/2871
f 2874/398/2873 2886/411/2885 2885/410/2884 2873/397/2872
f 2875/399/2874 2887/412/2886 2886/411/2885 2874/398/2873
f 2876/400/2875 2888/413/2887 2887/412/2886 2875/399/2874
f 2877/401/2876 2889/414/2888 2888/413/2887 2876/400/2875
f 2878/402/2877 2890/415/2889 2889/414/2888 2877/401/2876
f 2879/403/2878 2891/416/2890 2890/415/2889 2878/402/2877
f 2880/392/2868 2892/405/2880 2891/416/2890 2879/403/2878
f 2881/404/2879 2893/417/2891 2904/418/2892 2892/405/2880
f 2882/406/2881 2894/419/2893 2893/420/2891 2881/407/2879
f 2883/408/2882 2895/421/2894 2894/419/2893 2882/406/2881
f 2884/409/2883 2896/422/2895 2895/421/2894 2883/408/2882
f 2885/410/2884 2897/423/2896 2896/422/2895 2884/409/2883
f 2886/411/2885 2898/424/2897 2897/423/2896 2885/410/2884
f 2887/412/2886 2899/425/2898 2898/424/2897 2886/411/2885
f 2888/413/2887 2900/426/2899 2899/425/2898 2887/412/2886
f 2889/414/2888 2901/427/2900 2900/426/2899 2888/413/2887
f 2890/415/2889 2902/428/2901 2901/427/2900 2889/414/2888
f 2891/416/2890 2903/429/2902 2902/428/2901 2890/415/2889
f 2892/405/2880 2904/418/2892 2903/429/2902 2891/416/2890
f 2893/417/2891 2905/430/2903 2916/431/2904 2904/418/2892
f 2894/419/2893 2906/432/2905 2905/433/2903 2893/420/2891
f 2895/421/2894 2907/434/2906 2906/432/2905 2894/419/2893
f 2896/422/2895 2908/435/2907 2907/434/2906 2895/421/2894
f 2897/423/2896 2909/436/2908 2908/435/2907 2896/422/2895
f 2898/424/2897 2910/437/2909 2909/436/2908 2897/423/2896
f 2899/425/2898 2911/438/2910 2910/437/2909 2898/424/2897
f 2900/426/2899 2912/439/2911 2911/438/2910 2899/425/2898
f 2901/427/2900 2913/440/2912 2912/439/2911 2900/426/2899
f 2902/428/2901 2914/441/2913 2913/440/2912 2901/427/2900
f 2903/429/2902 2915/442/2914 2914/441/2913 2902/428/2901
f 2904/418/2892 2916/431/2904 2915/442/2914 2903/429/2902
f 2905/430/2903 2917/443/2915 2928/444/2916 2916/431/2904
f 2906/432/2905 2918/445/2917 2917/446/2915 2905/433/2903
f 2907/434/2906 2919/447/2918 2918/445/2917 2906/432/2905
f 2908/435/2907 2920/448/2919 2919/447/2918 2907/434/2906
f 2909/436/2908 2921/449/2920 2920/448/2919 2908/435/2907
f 2910/437/2909 2922/450/2921 2921/449/2920 2909/436/2908
f 2911/438/2910 2923/451/2922 2922/450/2921 2910/437/2909
f 2912/439/2911 2924/452/2923 2923/451/2922 2911/438/2910
f 2913/440/2912 2925/453/2924 2924/452/2923 2912/439/2911
f 2914/441/2913 2926/454/2925 2925/453/2924 2913/440/2912
f 2915/442/2914 2927/455/2926 2926/454/2925 2914/441/2913
f 2916/431/2904 2928/444/2916 2927/455/2926 2915/442/2914
f 2917/443/2915 2929/456/2927 2940/457/2928 2928/444/2916
f 2918/445/2917 2930/458/2929 2929/459/2927 2917/446/2915
f 2919/447/2918 2931/460/2930 2930/458/2929 2918/445/2917
f 2920/448/2919 2932/461/2931 2931/460/2930 2919/447/2918
f 2921/449/2920 2933/462/2932 2932/461/2931 2920/448/2919
f 2922/450/2921 2934/463/2933 2933/462/2932 2921/449/2920
f 2923/451/2922 2935/464/2934 2934/463/2933 2922/450/2921
f 2924/452/2923 2936/465/2935 2935/464/2934 2923/451/2922
f 2925/453/2924 2937/466/2936 2936/465/2935 2924/452/2923
f 2926/454/2925 2938/467/2937 2937/466/2936 2925/453/2924
f 2927/455/2926 2939/468/2938 2938/467/2937 2926/454/2925
f 2928/444/2916 2940/457/2928 2939/468/2938 2927/455/2926
f 2929/456/2927 2941/469/2939 2952/470/2940 2940/457/2928
f 2930/458/2929 2942/471/2941 2941/472/2939 2929/459/2927
f 2931/460/2930 2943/473/2942 2942/471/2941 2930/458/2929
f 2932/461/2931 2944/474/2943 2943/473/2942 2931/460/2930
f 2933/462/2932 2945/475/2944 2944/474/2943 2932/461/2931
f 2934/463/2933 2946/476/2945 2945/475/2944 2933/462/2932
f 2935/464/2934 2947/477/2946 2946/476/2945 2934/463/2933
f 2936/465/2935 2948/478/2947 2947/477/2946 2935/464/2934
f 2937/466/2936 2949/479/2948 2948/478/2947 2936/465/2935
f 2938/467/2937 2950/480/2949 2949/479/2948 2937/466/2936
f 2939/468/2938 2951/481/2950 2950/480/2949 2938/467/2937
f 2940/457/2928 2952/470/2940 2951/481/2950 2939/468/2938
f 2953/1/2951 2965/2/2952 2976/3/2953 2964/4/2954
f 2954/5/2955 2966/6/2956 2965/7/2952 2953/8/2951
f 2955/9/2957 2967/10/2958 2966/6/2956 2954/5/2955
f 2956/11/2959 2968/12/2960 2967/10/2958 2955/9/2957
f 2957/13/2961 2969/14/2962 2968/12/2960 2956/11/2959
f 2958/15/2963 2970/16/2964 2969/14/2962 2957/13/2961
f 2959/17/2965 2971/18/2966 2970/16/2964 2958/15/2963
f 2960/19/2967 2972/20/2968 2971/18/2966 2959/17/2965
f 2961/21/2969 2973/22/2970 2972/20/2968 2960/19/2967
f 2962/23/2971 2974/24/2972 2973/22/2970 2961/21/2969
f 2963/25/2973 2975/26/2974 2974/24/2972 2962/23/2971
f 2964/4/2954 2976/3/2953 2975/26/2974 2963/25/2973
f 2965/2/2952 2977/27/2975 2988/28/2976 2976/3/2953
f 2966/6/2956 2978/29/2977 2977/30/2975 2965/7/2952
f 2967/10/2958 2979/31/2978 2978/29/2977 2966/6/2956
f 2968/12/2960 2980/32/2979 2979/31/2978 2967/10/2958
f 2969/14/2962 2981/33/2980 2980/32/2979 2968/12/2960
f 2970/16/2964 2982/34/2981 2981/33/2980 2969/14/2962
f 2971/18/2966 2983/35/2982 2982/34/2981 2970/16/2964
f 2972/20/2968 2984/36/2983 2983/35/2982 2971/18/2966
f 2973/22/2970 2985/37/2984 2984/36/2983 2972/20/2968
f 2974/24/2972 2986/38/2985 2985/37/2984 2973/22/2970
f 2975/26/2974 2987/39/2986 2986/38/2985 2974/24/2972
f 2976/3/2953 2988/28/2976 2987/39/2986 2975/26/2974
f 2977/27/2975 2989/40/2987 3000/41/2988 2988/28/2976
f 2978/29/2977 2990/42/2989 2989/43/2987 2977/30/2975
f 2979/31/2978 2991/44/2990 2990/42/2989 2978/29/2977
f 2980/32/2979 2992/45/2991 2991/44/2990 2979/31/2978
f 2981/33/2980 2993/46/2992 2992/45/2991 2980/32/2979
f 2982/34/2981 2994/47/2993 2993/46/2992 2981/33/2980
f 2983/35/2982 2995/48/2994 2994/47/2993 2982/34/2981
f 2984/36/2983 2996/49/2995 2995/48/2994 2983/35/2982
f 2985/37/2984 2997/50/2996 2996/49/2995 2984/36/2983
f 2986/38/2985 2998/51/2997 2997/50/2996 2985/37/2984
f 2987/39/2986 2999/52/2998 2998/51/2997 2986/38/2985
f 2988/28/2976 3000/41/2988 2999/52/2998 2987/39/2986
f 2989/40/2987 3001/53/2999 3012/54/3000 3000/41/2988
f 2990/42/2989 3002/55/3001 3001/56/2999 2989/43/2987
f 2991/44/2990 3003/57/3002 3002/55/3001 2990/42/2989
f 2992/45/2991 3004/58/3003 3003/57/3002 2991/44/2990
f 2993/46/2992 3005/59/3004 3004/58/3003 2992/45/2991
f 2994/47/2993 3006/60/3005 3005/59/3004 2993/46/2992
f 2995/48/2994 3007/61/3006 3006/60/3005 2994/47/2993
f 2996/49/2995 3008/62/3007 3007/61/3006 2995/48/2994
f 2997/50/2996 3009/63/3008 3008/62/3007 2996/49/2995
f 2998/51/2997 3010/64/3009 3009/63/3008 2997/50/2996
f 2999/52/2998 3011/65/3010 3010/64/3009 2998/51/2997
f 3000/41/2988 3012/54/3000 3011/65/3010 2999/52/2998
f 3001/53/2999 3013/66/3011 3024/67/3012 3012/54/3000
f 3002/55/3001 3014/68/3013 3013/69/3011 3001/56/2999
f 3003/57/3002 3015/70/3014 3014/68/3013 3002/55/3001
f 3004/58/3003 3016/71/3015 3015/70/3014 3003/57/3002
f 3005/59/3004 3017/72/3016 3016/71/3015 3004/58/3003
f 3006/60/3005 3018/73/3017 3017/72/3016 3005/59/3004
f 3007/61/3006 3019/74/3018 3018/73/3017 3006/60/3005
f 3008/62/3007 3020/75/3019 3019/74/3018 3007/61/3006
f 3009/63/3008 3021/76/3020 3020/75/3019 3008/62/3007
f 3010/64/3009 3022/77/3021 3021/76/3020 3009/63/3008
f 3011/65/3010 3023/78/3022 3022/77/3021 3010/64/3009
f 3012/54/3000 3024/67/3012 3023/78/3022 3011/65/3010
f 3013/66/3011 3025/79/3023 3036/80/3024 3024/67/3012
f 3014/68/3013 3026/81/3025 3025/82/3023 3013/69/3011
f 3015/70/3014 3027/83/3026 3026/81/3025 3014/68/3013
f 3016/71/3015 3028/84/3027 3027/83/3026 3015/70/3014
f 3017/72/3016 3029/85/3028 3028/84/3027 3016/71/3015
f 3018/73/3017 3030/86/3029 3029/85/3028 3017/72/3016
f 3019/74/3018 3031/87/3030 3030/86/3029 3018/73/3017
f 3020/75/3019 3032/88/3031 3031/87/3030 3019/74/3018
f 3021/76/3020 3033/89/3032 3032/88/3031 3020/75/3019
f 3022/77/3021 3034/90/3033 3033/89/3032 3021/76/3020
f 3023/78/3022 3035/91/3034 3034/90/3033 3022/77/3021
f 3024/67/3012 3036/80/3024 3035/91/3034 3023/78/3022
f 3025/79/3023 3037/92/3035 3048/93/3036 3036/80/3024
f 3026/81/3025 3038/94/3037 3037/95/3035 3025/82/3023
f 3027/83/3026 3039/96/3038 3038/94/3037 3026/81/3025
f 3028/84/3027 3040/97/3039 3039/96/3038 3027/83/3026
f 3029/85/3028 3041/98/3040 3040/97/3039 3028/84/3027
f 3030/86/3029 3042/99/3041 3041/98/3040 3029/85/3028
f 3031/87/3030 3043/100/3042 3042/99/3041 3030/86/3029
f 3032/88/3031 3044/101/3043 3043/100/3042 3031/87/3030
f 3033/89/3032 3045/102/3044 3044/101/3043 3032/88/3031
f 3034/90/3033 3046/103/3045 3045/102/3044 3033/89/3032
f 3035/91/3034 3047/104/3046 3046/103/3045 3034/90/3033
f 3036/80/3024 3048/93/3036 3047/104/3046 3035/91/3034
f 3037/92/3035 3049/105/3047 3060/106/3048 3048/93/3036
f 3038/94/3037 3050/107/3049 3049/108/3047 3037/95/3035
f 3039/96/3038 3051/109/3050 3050/107/3049 3038/94/3037
f 3040/97/3039 3052/110/3051 3051/109/3050 3039/96/3038
f 3041/98/3040 3053/111/3052 3052/110/3051 3040/97/3039
f 3042/99/3041 3054/112/3053 3053/111/3052 3041/98/3040
f 3043/100/3042 3055/113/3054 3054/112/3053 3042/99/3041
f 3044/101/3043 3056/114/3055 3055/113/3054 3043/100/3042
f 3045/102/3044 3057/115/3056 3056/114/3055 3044/101/3043
f 3046/103/3045 3058/116/3057 3057/115/3056 3045/102/3044
f 3047/104/3046 3059/117/3058 3058/116/3057 3046/103/3045
f 3048/93/3036 3060/106/3048 3059/117/3058 3047/104/3046
f 3049/105/3047 3061/118/3059 3072/119/3060 3060/106/3048
f 3050/107/3049 3062/120/3061 3061/121/3059 3049/108/3047
f 3051/109/3050 3063/122/3062 3062/120/3061 3050/107/3049
f 3052/110/3051 3064/123/3063 3063/122/3062 3051/109/3050
f 3053/111/3052 3065/124/3064 3064/123/3063 3052/110/3051
f 3054/112/3053 3066/125/3065 3065/124/3064 3053/111/3052
f 3055/113/3054 3067/126/3066 3066/125/3065 3054/112/3053
f 3056/114/3055 3068/127/3067 3067/126/3066 3055/113/3054
f 3057/115/3056 3069/128/3068 3068/127/3067 3056/114/3055
f 3058/116/3057 3070/129/3069 3069/128/3068 3057/115/3056
f 3059/117/3058 3071/130/3070 3070/129/3069 3058/116/3057
f 3060/106/3048 3072/119/3060 3071/130/3070 3059/117/3058
f 3061/118/3059 3073/131/3071 3084/132/3072 3072/119/3060
f 3062/120/3061 3074/133/3073 3073/134/3071 3061/121/3059
f 3063/122/3062 3075/135/3074 3074/133/3073 3062/120/3061
f 3064/123/3063 3076/136/3075 3075/135/3074 3063/122/3062
f 3065/124/3064 3077/137/3076 3076/136/3075 3064/123/3063
f 3066/125/3065 3078/138/3077 3077/137/3076 3065/124/3064
f 3067/126/3066 3079/139/3078 3078/138/3077 3066/125/3065
f 3068/127/3067 3080/140/3079 3079/139/3078 3067/126/3066
f 3069/128/3068 3081/141/3080 3080/140/3079 3068/127/3067
f 3070/129/3069 3082/142/3081 3081/141/3080 3069/128/3068
f 3071/130/3070 3083/143/3082 3082/142/3081 3070/129/3069
f 3072/119/3060 3084/132/3072 3083/143/3082 3071/130/3070
f 3073/131/3071 3085/144/3083 3096/145/3084 3084/132/3072
f 3074/133/3073 3086/146/3085 3085/147/3083 3073/134/3071
f 3075/135/3074 3087/148/3086 3086/146/3085 3074/133/3073
f 3076/136/3075 3088/149/3087 3087/148/3086 3075/135/3074
f 3077/137/3076 3089/150/3088 3088/149/3087 3076/136/3075
f 3078/138/3077 3090/151/3089 3089/150/3088 3077/137/3076
f 3079/139/3078 3091/152/3090 3090/151/3089 3078/138/3077
f 3080/140/3079 3092/153/3091 3091/152/3090 3079/139/3078
f 3081/141/3080 3093/154/3092 3092/153/3091 3080/140/3079
f 3082/142/3081 3094/155/3093 3093/154/3092 3081/141/3080
f 3083/143/3082 3095/156/3094 3094/155/3093 3082/142/3081
f 3084/132/3072 3096/145/3084 3095/156/3094 3083/143/3082
f 3085/144/3083 3097/157/3095 3108/158/3096 3096/145/3084
f 3086/146/3085 3098/159/3097 3097/160/3095 3085/147/3083
f 3087/148/3086 3099/161/3098 3098/159/3097 3086/146/3085
f 3088/149/3087 3100/162/3099 3099/161/3098 3087/148/3086
f 3089/150/3088 3101/163/3100 3100/162/3099 3088/149/3087
f 3090/151/3089 3102/164/3101 3101/163/3100 3089/150/3088
f 3091/152/3090 3103/165/3102 3102/164/3101 3090/151/3089
f 3092/153/3091 3104/166/3103 3103/165/3102 3091/152/3090
f 3093/154/3092 3105/167/3104 3104/166/3103 3092/153/3091
f 3094/155/3093 3106/168/3105 3105/167/3104 3093/154/3092
f 3095/156/3094 3107/169/3106 3106/168/3105 3094/155/3093
f 3096/145/3084 3108/158/3096 3107/169/3106 3095/156/3094
f 3097/157/3095 3109/170/3107 3120/171/3108 3108/158/3096
f 3098/159/3097 3110/172/3109 3109/173/3107 3097/160/3095
f 3099/161/3098 3111/174/3110 3110/172/3109 3098/159/3097
f 3100/162/3099 3112/175/3111 3111/174/3110 3099/161/3098
f 3101/163/3100 3113/176/3112 3112/175/3111 3100/162/3099
f 3102/164/3101 3114/177/3113 3113/176/3112 3101/163/3100
f 3103/165/3102 3115/178/3114 3114/177/3113 3102/164/3101
f 3104/166/3103 3116/179/3115 3115/178/3114 3103/165/3102
f 3105/167/3104 3117/180/3116 3116/179/3115 3104/166/3103
f 3106/168/3105 3118/181/3117 3117/180/3116 3105/167/3104
f 3107/169/3106 3119/182/3118 3118/181/3117 3106/168/3105
f 3108/158/3096 3120/171/3108 3119/182/3118 3107/169/3106
f 3109/170/3107 3121/183/3119 3132/184/3120 3120/171/3108
f 3110/172/3109 3122/185/3121 3121/186/3119 3109/173/3107
f 3111/174/3110 3123/187/3122 3122/185/3121 3110/172/3109
f 3112/175/3111 3124/188/3123 3123/187/3122 3111/174/3110
f 3113/176/3112 3125/189/3124 3124/188/3123 3112/175/3111
f 3114/177/3113 3126/190/3125 3125/189/3124 3113/176/3112
f 3115/178/3114 3127/191/3126 3126/190/3125 3114/177/3113
f 3116/179/3115 3128/192/3127 3127/191/3126 3115/178/3114
f 3117/180/3116 3129/193/3128 3128/192/3127 3116/179/3115
f 3118/181/3117 3130/194/3129 3129/193/3128 3117/180/3116
f 3119/182/3118 3131/195/3130 3130/194/3129 3118/181/3117
f 3120/171/3108 3132/184/3120 3131/195/3130 3119/182/3118
f 3121/183/3119 3133/196/3131 3144/197/3132 3132/184/3120
f 3122/185/3121 3134/198/3133 3133/199/3131 3121/186/3119
f 3123/187/3122 3135/200/3134 3134/198/3133 3122/185/3121
f 3124/188/3123 3136/201/3135 3135/200/3134 3123/187/3122
f 3125/189/3124 3137/202/3136 3136/201/3135 3124/188/3123
f 3126/190/3125 3138/203/3137 3137/202/3136 3125/189/3124
f 3127/191/3126 3139/204/3138 3138/203/3137 3126/190/3125
f 3128/192/3127 3140/205/3139 3139/204/3138 3127/191/3126
f 3129/193/3128 3141/206/3140 3140/205/3139 3128/192/3127
f 3130/194/3129 3142/207/3141 3141/206/3140 3129/193/3128
f 3131/195/3130 3143/208/3142 3142/207/3141 3130/194/3129
f 3132/184/3120 3144/197/3132 3143/208/3142 3131/195/3130
f 3133/196/3131 3145/209/3143 3156/210/3144 3144/197/3132
f 3134/198/3133 3146/211/3145 3145/212/3143 3133/199/3131
f 3135/200/3134 3147/213/3146 3146/211/3145 3134/198/3133
f 3136/201/3135 3148/214/3147 3147/213/3146 3135/200/3134
f 3137/202/3136 3149/215/3148 3148/214/3147 3136/201/3135
f 3138/203/3137 3150/216/3149 3149/215/3148 3137/202/3136
f 3139/204/3138 3151/217/3150 3150/216/3149 3138/203/3137
f 3140/205/3139 3152/218/3151 3151/217/3150 3139/204/3138
f 3141/206/3140 3153/219/3152 3152/218/3151 3140/205/3139
f 3142/207/3141 3154/220/3153 3153/219/3152 3141/206/3140
f 3143/208/3142 3155/221/3154 3154/220/3153 3142/207/3141
f 3144/197/3132 3156/210/3144 3155/221/3154 3143/208/3142
f 3145/209/3143 3157/222/3155 3168/223/3156 3156/210/3144
f 3146/211/3145 3158/224/3157 3157/225/3155 3145/212/3143
f 3147/213/3146 3159/226/3158 3158/224/3157 3146/211/3145
f 3148/214/3147 3160/227/3159 3159/226/3158 3147/213/3146
f 3149/215/3148 3161/228/3160 3160/227/3159 3148/214/3147
f 3150/216/3149 3162/229/3161 3161/228/3160 3149/215/3148
f 3151/217/3150 3163/230/3162 3162/229/3161 3150/216/3149
f 3152/218/3151 3164/231/3163 3163/230/3162 3151/217/3150
f 3153/219/3152 3165/232/3164 3164/231/3163 3152/218/3151
f 3154/220/3153 3166/233/3165 3165/232/3164 3153/219/3152
f 3155/221/3154 3167/234/3166 3166/233/3165 3154/220/3153
f 3156/210/3144 3168/223/3156 3167/234/3166 3155/221/3154
f 3157/222/3155 3169/235/3167 3180/236/3168 3168/223/3156
f 3158/224/3157 3170/237/3169 3169/238/3167 3157/225/3155
f 3159/226/3158 3171/239/3170 3170/237/3169 3158/224/3157
f 3160/227/3159 3172/240/3171 3171/239/3170 3159/226/3158
f 3161/228/3160 3173/241/3172 3172/240/3171 3160/227/3159
f 3162/229/3161 3174/242/3173 3173/241/3172 3161/228/3160
f 3163/230/3162 3175/243/3174 3174/242/3173 3162/229/3161
f 3164/231/3163 3176/244/3175 3175/243/3174 3163/230/3162
f 3165/232/3164 3177/245/3176 3176/244/3175 3164/231/3163
f 3166/233/3165 3178/246/3177 3177/245/3176 3165/232/3164
f 3167/234/3166 3179/247/3178 3178/246/3177 3166/233/3165
f 3168/223/3156 3180/236/3168 3179/247/3178 3167/234/3166
f 3169/235/3167 3181/248/3179 3192/249/3180 3180/236/3168
f 3170/237/3169 3182/250/3181 3181/251/3179 3169/238/3167
f 3171/239/3170 3183/252/3182 3182/250/3181 3170/237/3169
f 3172/240/3171 3184/253/3183 3183/252/3182 3171/239/3170
f 3173/241/3172 3185/254/3184 3184/253/3183 3172/240/3171
f 3174/242/3173 3186/255/3185 3185/254/3184 3173/241/3172
f 3175/243/3174 3187/256/3186 3186/255/3185 3174/242/3173
f 3176/244/3175 3188/257/3187 3187/256/3186 3175/243/3174
f 3177/245/3176 3189/258/3188 3188/257/3187 3176/244/3175
f 3178/246/3177 3190/259/3189 3189/258/3188 3177/245/3176
f 3179/247/3178 3191/260/3190 3190/259/3189 3178/246/3177
f 3180/236/3168 3192/249/3180 3191/260/3190 3179/247/3178
f 3181/248/3179 3193/261/3191 3204/262/3192 3192/249/3180
f 3182/250/3181 3194/263/3193 3193/264/3191 3181/251/3179
f 3183/252/3182 3195/265/3194 3194/263/3193 3182/250/3181
f 3184/253/3183 3196/266/3195 3195/265/3194 3183/252/3182
f 3185/254/3184 3197/267/3196 3196/266/3195 3184/253/3183
f 3186/255/3185 3198/268/3197 3197/267/3196 3185/254/3184
f 3187/256/3186 3199/269/3198 3198/268/3197 3186/255/3185
f 3188/257/3187 3200/270/3199 3199/269/3198 3187/256/3186
f 3189/258/3188 3201/271/3200 3200/270/3199 3188/257/3187
f 3190/259/3189 3202/272/3201 3201/271/3200 3189/258/3188
f 3191/260/3190 3203/273/3202 3202/272/3201 3190/259/3189
f 3192/249/3180 3204/262/3192 3203/273/3202 3191/260/3190
f 3193/261/3191 3205/274/3203 3216/275/3204 3204/262/3192
f 3194/263/3193 3206/276/3205 3205/277/3203 3193/264/3191
f 3195/265/3194 3207/278/3206 3206/276/3205 3194/263/3193
f 3196/266/3195 3208/279/3207 3207/278/3206 3195/265/3194
f 3197/267/3196 3209/280/3208 3208/279/3207 3196/266/3195
f 3198/268/3197 3210/281/3209 3209/280/3208 3197/267/3196
f 3199/269/3198 3211/282/3210 3210/281/3209 3198/268/3197
f 3200/270/3199 3212/283/3211 3211/282/3210 3199/269/3198
f 3201/271/3200 3213/284/3212 3212/283/3211 3200/270/3199
f 3202/272/3201 3214/285/3213 3213/284/3212 3201/271/3200
f 3203/273/3202 3215/286/3214 3214/285/3213 3202/272/3201
f 3204/262/3192 3216/275/3204 3215/286/3214 3203/273/3202
f 3205/274/3203 3217/287/3215 3228/288/3216 3216/275/3204
f 3206/276/3205 3218/289/3217 3217/290/3215 3205/277/3203
f 3207/278/3206 3219/291/3218 3218/289/3217 3206/276/3205
f 3208/279/3207 3220/292/3219 3219/291/3218 3207/278/3206
f 3209/280/3208 3221/293/3220 3220/292/3219 3208/279/3207
f 3210/281/3209 3222/294/3221 3221/293/3220 3209/280/3208
f 3211/282/3210 3223/295/3222 3222/294/3221 3210/281/3209
f 3212/283/3211 3224/296/3223 3223/295/3222 3211/282/3210
f 3213/284/3212 3225/297/3224 3224/296/3223 3212/283/3211
f 3214/285/3213 3226/298/3225 3225/297/3224 3213/284/3212
f 3215/286/3214 3227/299/3226 3226/298/3225 3214/285/3213
f 3216/275/3204 3228/288/3216 3227/299/3226 3215/286/3214
f 3217/287/3215 3229/300/3227 3240/301/3228 3228/288/3216
f 3218/289/3217 3230/302/3229 3229/303/3227 3217/290/3215
f 3219/291/3218 3231/304/3230 3230/302/3229 3218/289/3217
f 3220/292/3219 3232/305/3231 3231/304/3230 3219/291/3218
f 3221/293/3220 3233/306/3232 3232/305/3231 3220/292/3219
f 3222/294/3221 3234/307/3233 3233/306/3232 3221/293/3220
f 3223/295/3222 3235/308/3234 3234/307/3233 3222/294/3221
f 3224/296/3223 3236/309/3235 3235/308/3234 3223/295/3222
f 3225/297/3224 3237/310/3236 3236/309/3235 3224/296/3223
f 3226/298/3225 3238/311/3237 3237/310/3236 3225/297/3224
f 3227/299/3226 3239/312/3238 3238/311/3237 3226/298/3225
f 3228/288/3216 3240/301/3228 3239/312/3238 3227/299/3226
f 3229/300/3227 3241/313/3239 3252/314/3240 3240/301/3228
f 3230/302/3229 3242/315/3241 3241/316/3239 3229/303/3227
f 3231/304/3230 3243/317/3242 3242/315/3241 3230/302/3229
f 3232/305/3231 3244/318/3243 3243/317/3242 3231/304/3230
f 3233/306/3232 3245/319/3244 3244/318/3243 3232/305/3231
f 3234/307/3233 3246/320/3245 3245/319/3244 3233/306/3232
f 3235/308/3234 3247/321/3246 3246/320/3245 3234/307/3233
f 3236/309/3235 3248/322/3247 3247/321/3246 3235/308/3234
f 3237/310/3236 3249/323/3248 3248/322/3247 3236/309/3235
f 3238/311/3237 3250/324/3249 3249/323/3248 3237/310/3236
f 3239/312/3238 3251/325/3250 3250/324/3249 3238/311/3237
f 3240/301/3228 3252/314/3240 3251/325/3250 3239/312/3238
f 3241/313/3239 3253/326/3251 3264/327/3252 3252/314/3240
f 3242/315/3241 3254/328/3253 3253/329/3251 3241/316/3239
f 3243/317/3242 3255/330/3254 3254/328/3253 3242/315/3241
f 3244/318/3243 3256/331/3255 3255/330/3254 3243/317/3242
f 3245/319/3244 3257/332/3256 3256/331/3255 3244/318/3243
f 3246/320/3245 3258/333/3257 3257/332/3256 3245/319/3244
f 3247/321/3246 3259/334/3258 3258/333/3257 3246/320/3245
f 3248/322/3247 3260/335/3259 3259/334/3258 3247/321/3246
f 3249/323/3248 3261/336/3260 3260/335/3259 3248/322/3247
f 3250/324/3249 3262/337/3261 3261/336/3260 3249/323/3248
f 3251/325/3250 3263/338/3262 3262/337/3261 3250/324/3249
f 3252/314/3240 3264/327/3252 3263/338/3262 3251/325/3250
f 3253/326/3251 3265/339/3263 3276/340/3264 3264/327/3252
f 3254/328/3253 3266/341/3265 3265/342/3263 3253/329/3251
f 3255/330/3254 3267/343/3266 3266/341/3265 3254/328/3253
f 3256/331/3255 3268/344/3267 3267/343/3266 3255/330/3254
f 3257/332/3256 3269/345/3268 3268/344/3267 3256/331/3255
f 3258/333/3257 3270/346/3269 3269/345/3268 3257/332/3256
f 3259/334/3258 3271/347/3270 3270/346/3269 3258/333/3257
f 3260/335/3259 3272/348/3271 3271/347/3270 3259/334/3258
f 3261/336/3260 3273/349/3272 3272/348/3271 3260/335/3259
f 3262/337/3261 3274/350/3273 3273/349/3272 3261/336/3260
f 3263/338/3262 3275/351/3274 3274/350/3273 3262/337/3261
f 3264/327/3252 3276/340/3264 3275/351/3274 3263/338/3262
f 3265/339/3263 3277/352/3275 3288/353/3276 3276/340/3264
f 3266/341/3265 3278/354/3277 3277/355/3275 3265/342/3263
f 3267/343/3266 3279/356/3278 3278/354/3277 3266/341/3265
f 3268/344/3267 3280/357/3279 3279/356/3278 3267/343/3266
f 3269/345/3268 3281/358/3280 3280/357/3279 3268/344/3267
f 3270/346/3269 3282/359/3281 3281/358/3280 3269/345/3268
f 3271/347/3270 3283/360/3282 3282/359/3281 3270/346/3269
f 3272/348/3271 3284/361/3283 3283/360/3282 3271/347/3270
f 3273/349/3272 3285/362/3284 3284/361/3283 3272/348/3271
f 3274/350/3273 3286/363/3285 3285/362/3284 3273/349/3272
f 3275/351/3274 3287/364/3286 3286/363/3285 3274/350/3273
f 3276/340/3264 3288/353/3276 3287/364/3286 3275/351/3274
f 3277/352/3275 3289/365/3287 3300/366/3288 3288/353/3276
f 3278/354/3277 3290/367/3289 3289/368/3287 3277/355/3275
f 3279/356/3278 3291/369/3290 3290/367/3289 3278/354/3277
f 3280/357/3279 3292/370/3291 3291/369/3290 3279/356/3278
f 3281/358/3280 3293/371/3292 3292/370/3291 3280/357/3279
f 3282/359/3281 3294/372/3293 3293/371/3292 3281/358/3280
f 3283/360/3282 3295/373/3294 3294/372/3293 3282/359/3281
f 3284/361/3283 3296/374/3295 3295/373/3294 3283/360/3282
f 3285/362/3284 3297/375/3296 3296/374/3295 3284/361/3283
f 3286/363/3285 3298/376/3297 3297/375/3296 3285/362/3284
f 3287/364/3286 3299/377/3298 3298/376/3297 3286/363/3285
f 3288/353/3276 3300/366/3288 3299/377/3298 3287/364/3286
f 3289/365/3287 3301/378/3299 3312/379/3300 3300/366/3288
f 3290/367/3289 3302/380/3301 3301/381/3299 3289/368/3287
f 3291/369/3290 3303/382/3302 3302/380/3301 3290/367/3289
f 3292/370/3291 3304/383/3303 3303/382/3302 3291/369/3290
f 3293/371/3292 3305/384/3304 3304/383/3303 3292/370/3291
f 3294/372/3293 3306/385/3305 3305/384/3304 3293/371/3292
f 3295/373/3294 3307/386/3306 3306/385/3305 3294/372/3293
f 3296/374/3295 3308/387/3307 3307/386/3306 3295/373/3294
f 3297/375/3296 3309/388/3308 3308/387/3307 3296/374/3295
f 3298/376/3297 3310/389/3309 3309/388/3308 3297/375/3296
f 3299/377/3298 3311/390/3310 3310/389/3309 3298/376/3297
f 3300/366/3288 3312/379/3300 3311/390/3310 3299/377/3298
f 3301/378/3299 3313/391/3311 3324/392/3312 3312/379/3300
f 3302/380/3301 3314/393/3313 3313/394/3311 3301/381/3299
f 3303/382/3302 3315/395/3314 3314/393/3313 3302/380/3301
f 3304/383/3303 3316/396/3315 3315/395/3314 3303/382/3302
f 3305/384/3304 3317/397/3316 3316/396/3315 3304/383/3303
f 3306/385/3305 3318/398/3317 3317/397/3316 3305/384/3304
f 3307/386/3306 3319/399/3318 3318/398/3317 3306/385/3305
f 3308/387/3307 3320/400/3319 3319/399/3318 3307/386/3306
f 3309/388/3308 3321/401/3320 3320/400/3319 3308/387/3307
f 3310/389/3309 3322/402/3321 3321/401/3320 3309/388/3308
f 3311/390/3310 3323/403/3322 3322/402/3321 3310/389/3309
f 3312/379/3300 3324/392/3312 3323/403/3322 3311/390/3310
f 3313/391/3311 3325/404/3323 3336/405/3324 3324/392/3312
f 3314/393/3313 3326/406/3325 3325/407/3323 3313/394/3311
f 3315/395/3314 3327/408/3326 3326/406/3325 3314/393/3313
f 3316/396/3315 3328/409/3327 3327/408/3326 3315/395/3314
f 3317/397/3316 3329/410/3328 3328/409/3327 3316/396/3315
f 3318/398/3317 3330/411/3329 3329/410/3328 3317/397/3316
f 3319/399/3318 3331/412/3330 3330/411/3329 3318/398/3317
f 3320/400/3319 3332/413/3331 3331/412/3330 3319/399/3318
f 3321/401/3320 3333/414/3332 3332/413/3331 3320/400/3319
f 3322/402/3321 3334/415/3333 3333/414/3332 3321/401/3320
f 3323/403/3322 3335/416/3334 3334/415/3333 3322/402/3321
f 3324/392/3312 3336/405/3324 3335/416/3334 3323/403/3322
f 3325/404/3323 3337/417/3335 3348/418/3336 3336/405/3324
f 3326/406/3325 3338/419/3337 3337/420/3335 3325/407/3323
f 3327/408/3326 3339/421/3338 3338/419/3337 3326/406/3325
f 3328/409/3327 3340/422/3339 3339/421/3338 3327/408/3326
f 3329/410/3328 3341/423/3340 3340/422/3339 3328/409/3327
f 3330/411/3329 3342/424/3341 3341/423/3340 3329/410/3328
f 3331/412/3330 3343/425/3342 3342/424/3341 3330/411/3329
f 3332/413/3331 3344/426/3343 3343/425/3342 3331/412/3330
f 3333/414/3332 3345/427/3344 3344/426/3343 3332/413/3331
f 3334/415/3333 3346/428/3345 3345/427/3344 3333/414/3332
f 3335/416/3334 3347/429/3346 3346/428/3345 3334/415/3333
f 3336/405/3324 3348/418/3336 3347/429/3346 3335/416/3334
f 3337/417/3335 3349/430/3347 3360/431/3348 3348/418/3336
f 3338/419/3337 3350/432/3349 3349/433/3347 3337/420/3335
f 3339/421/3338 3351/434/3350 3350/432/3349 3338/419/3337
f 3340/422/3339 3352/435/3351 3351/434/3350 3339/421/3338
f 3341/423/3340 3353/436/3352 3352/435/3351 3340/422/3339
f 3342/424/3341 3354/437/3353 3353/436/3352 3341/423/3340
f 3343/425/3342 3355/438/3354 3354/437/3353 3342/424/3341
f 3344/426/3343 3356/439/3355 3355/438/3354 3343/425/3342
f 3345/427/3344 3357/440/3356 3356/439/3355 3344/426/3343
f 3346/428/3345 3358/441/3357 3357/440/3356 3345/427/3344
f 3347/429/3346 3359/442/3358 3358/441/3357 3346/428/3345
f 3348/418/3336 3360/431/3348 3359/442/3358 3347/429/3346
f 3349/430/3347 3361/443/3359 3372/444/3360 3360/431/3348
f 3350/432/3349 3362/445/3361 3361/446/3359 3349/433/3347
f 3351/434/3350 3363/447/3362 3362/445/3361 3350/432/3349
f 3352/435/3351 3364/448/3363 3363/447/3362 3351/434/3350
f 3353/436/3352 3365/449/3364 3364/448/3363 3352/435/3351
f 3354/437/3353 3366/450/3365 3365/449/3364 3353/436/3352
f 3355/438/3354 3367/451/3366 3366/450/3365 3354/437/3353
f 3356/439/3355 3368/452/3367 3367/451/3366 3355/438/3354
f 3357/440/3356 3369/453/3368 3368/452/3367 3356/439/3355
f 3358/441/3357 3370/454/3369 3369/453/3368 3357/440/3356
f 3359/442/3358 3371/455/3370 3370/454/3369 3358/441/3357
f 3360/431/3348 3372/444/3360 3371/455/3370 3359/442/3358
f 3361/443/3359 3373/456/3371 3384/457/3372 3372/444/3360
f 3362/445/3361 3374/458/3373 3373/459/3371 3361/446/3359
f 3363/447/3362 3375/460/3374 3374/458/3373 3362/445/3361
f 3364/448/3363 3376/461/3375 3375/460/3374 3363/447/3362
f 3365/449/3364 3377/462/3376 3376/461/3375 3364/448/3363
f 3366/450/3365 3378/463/3377 3377/462/3376 3365/449/3364
f 3367/451/3366 3379/464/3378 3378/463/3377 3366/450/3365
f 3368/452/3367 3380/465/3379 3379/464/3378 3367/451/3366
f 3369/453/3368 3381/466/3380 3380/465/3379 3368/452/3367
f 3370/454/3369 3382/467/3381 3381/466/3380 3369/453/3368
f 3371/455/3370 3383/468/3382 3382/467/3381 3370/454/3369
f 3372/444/3360 3384/457/3372 3383/468/3382 3371/455/3370
f 3373/456/3371 3385/469/3383 3396/470/3384 3384/457/3372
f 3374/458/3373 3386/471/3385 3385/472/3383 3373/459/3371
f 3375/460/3374 3387/473/3386 3386/471/3385 3374/458/3373
f 3376/461/3375 3388/474/3387 3387/473/3386 3375/460/3374
f 3377/462/3376 3389/475/3388 3388/474/3387 3376/461/3375
f 3378/463/3377 3390/476/3389 3389/475/3388 3377/462/3376
f 3379/464/3378 3391/477/3390 3390/476/3389 3378/463/3377
f 3380/465/3379 3392/478/3391 3391/477/3390 3379/464/3378
f 3381/466/3380 3393/479/3392 3392/478/3391 3380/465/3379
f 3382/467/3381 3394/480/3393 3393/479/3392 3381/466/3380
f 3383/468/3382 3395/481/3394 3394/480/3393 3382/467/3381
f 3384/457/3372 3396/470/3384 3395/481/3394 3383/468/3382
f 3417/1/1 3429/2/3417 3440/3/3 3428/4/4
f 3418/5/3418 3430/6/6 3429/7/3417 3417/8/1
f 3419/9/7 3431/10/8 3430/6/6 3418/5/3418
f 3420/11/9 3432/12/3419 3431/10/8 3419/9/7
f 3421/13/11 3433/14/12 3432/12/3419 3420/11/9
f 3422/15/13 3434/16/14 3433/14/12 3421/13/11
f 3423/17/15 3435/18/16 3434/16/14 3422/15/13
f 3424/19/17 3436/20/18 3435/18/16 3423/17/15
f 3425/21/19 3437/22/20 3436/20/18 3424/19/17
f 3426/23/3420 3438/24/22 3437/22/20 3425/21/19
f 3427/25/23 3439/26/24 3438/24/22 3426/23/3420
f 3428/4/4 3440/3/3 3439/26/24 3427/25/23
f 3429/2/3417 3441/27/25 3452/28/26 3440/3/3
f 3430/6/6 3442/29/27 3441/30/25 3429/7/3417
f 3431/10/8 3443/31/28 3442/29/27 3430/6/6
f 3432/12/3419 3444/32/29 3443/31/28 3431/10/8
f 3433/14/12 3445/33/30 3444/32/29 3432/12/3419
f 3434/16/14 3446/34/31 3445/33/30 3433/14/12
f 3435/18/16 3447/35/32 3446/34/31 3434/16/14
f 3436/20/18 3448/36/33 3447/35/32 3435/18/16
f 3437/22/20 3449/37/34 3448/36/33 3436/20/18
f 3438/24/22 3450/38/35 3449/37/34 3437/22/20
f 3439/26/24 3451/39/36 3450/38/35 3438/24/22
f 3440/3/3 3452/28/26 3451/39/36 3439/26/24
f 3441/27/25 3453/40/3421 3464/41/3422 3452/28/26
f 3442/29/27 3454/42/39 3453/43/3421 3441/30/25
f 3443/31/28 3455/44/40 3454/42/39 3442/29/27
f 3444/32/29 3456/45/41 3455/44/40 3443/31/28
f 3445/33/30 3457/46/42 3456/45/41 3444/32/29
f 3446/34/31 3458/47/43 3457/46/42 3445/33/30
f 3447/35/32 3459/48/3423 3458/47/43 3446/34/31
f 3448/36/33 3460/49/45 3459/48/3423 3447/35/32
f 3449/37/34 3461/50/46 3460/49/45 3448/36/33
f 3450/38/35 3462/51/47 3461/50/46 3449/37/34
f 3451/39/36 3463/52/48 3462/51/47 3450/38/35
f 3452/28/26 3464/41/3422 3463/52/48 3451/39/36
f 3453/40/3421 3465/53/49 3476/54/50 3464/41/3422
f 3454/42/39 3466/55/51 3465/56/49 3453/43/3421
f 3455/44/40 3467/57/52 3466/55/51 3454/42/39
f 3456/45/41 3468/58/53 3467/57/52 3455/44/40
f 3457/46/42 3469/59/54 3468/58/53 3456/45/41
f 3458/47/43 3470/60/55 3469/59/54 3457/46/42
f 3459/48/3423 3471/61/3424 3470/60/55 3458/47/43
f 3460/49/45 3472/62/57 3471/61/3424 3459/48/3423
f 3461/50/46 3473/63/58 3472/62/57 3460/49/45
f 3462/51/47 3474/64/59 3473/63/58 3461/50/46
f 3463/52/48 3475/65/60 3474/64/59 3462/51/47
f 3464/41/3422 3476/54/50 3475/65/60 3463/52/48
f 3465/53/49 3477/66/3425 3488/67/62 3476/54/50
f 3466/55/51 3478/68/63 3477/69/3425 3465/56/49
f 3467/57/52 3479/70/3426 3478/68/63 3466/55/51
f 3468/58/53 3480/71/65 3479/70/3426 3467/57/52
f 3469/59/54 3481/72/66 3480/71/65 3468/58/53
f 3470/60/55 3482/73/67 3481/72/66 3469/59/54
f 3471/61/3424 3483/74/3427 3482/73/67 3470/60/55
f 3472/62/57 3484/75/3428 3483/74/3427 3471/61/3424
f 3473/63/58 3485/76/70 3484/75/3428 3472/62/57
f 3474/64/59 3486/77/71 3485/76/70 3473/63/58
f 3475/65/60 3487/78/72 3486/77/71 3474/64/59
f 3476/54/50 3488/67/62 3487/78/72 3475/65/60
f 3477/66/3425 3489/79/3429 3500/80/74 3488/67/62
f 3478/68/63 3490/81/75 3489/82/3429 3477/69/3425
f 3479/70/3426 3491/83/3430 3490/81/75 3478/68/63
f 3480/71/65 3492/84/3431 3491/83/3430 3479/70/3426
f 3481/72/66 3493/85/78 3492/84/3431 3480/71/65
f 3482/73/67 3494/86/79 3493/85/78 3481/72/66
f 3483/74/3427 3495/87/80 3494/86/79 3482/73/67
f 3484/75/3428 3496/88/81 3495/87/80 3483/74/3427
f 3485/76/70 3497/89/82 3496/88/81 3484/75/3428
f 3486/77/71 3498/90/83 3497/89/82 3485/76/70
f 3487/78/72 3499/91/84 3498/90/83 3486/77/71
f 3488/67/62 3500/80/74 3499/91/84 3487/78/72
f 3489/79/3429 3501/92/85 3512/93/86 3500/80/74
f 3490/81/75 3502/94/3432 3501/95/85 3489/82/3429
f 3491/83/3430 3503/96/3433 3502/94/3432 3490/81/75
f 3492/84/3431 3504/97/89 3503/96/3433 3491/83/3430
f 3493/85/78 3505/98/90 3504/97/89 3492/84/3431
f 3494/86/79 3506/99/91 3505/98/90 3493/85/78
f 3495/87/80 3507/100/92 3506/99/91 3494/86/79
f 3496/88/81 3508/101/93 3507/100/92 3495/87/80
f 3497/89/82 3509/102/94 3508/101/93 3496/88/81
f 3498/90/83 3510/103/95 3509/102/94 3497/89/82
f 3499/91/84 3511/104/96 3510/103/95 3498/90/83
f 3500/80/74 3512/93/86 3511/104/96 3499/91/84
f 3501/92/85 3513/105/97 3524/106/98 3512/93/86
f 3502/94/3432 3514/107/99 3513/108/97 3501/95/85
f 3503/96/3433 3515/109/100 3514/107/99 3502/94/3432
f 3504/97/89 3516/110/101 3515/109/100 3503/96/3433
f 3505/98/90 3517/111/102 3516/110/101 3504/97/89
f 3506/99/91 3518/112/103 3517/111/102 3505/98/90
f 3507/100/92 3519/113/104 3518/112/103 3506/99/91
f 3508/101/93 3520/114/105 3519/113/104 3507/100/92
f 3509/102/94 3521/115/106 3520/114/105 3508/101/93
f 3510/103/95 3522/116/107 3521/115/106 3509/102/94
f 3511/104/96 3523/117/108 3522/116/107 3510/103/95
f 3512/93/86 3524/106/98 3523/117/108 3511/104/96
f 3513/105/97 3525/118/109 3536/119/110 3524/106/98
f 3514/107/99 3526/120/111 3525/121/109 3513/108/97
f 3515/109/100 3527/122/112 3526/120/111 3514/107/99
f 3516/110/101 3528/123/113 3527/122/112 3515/109/100
f 3517/111/102 3529/124/114 3528/123/113 3516/110/101
f 3518/112/103 3530/125/115 3529/124/114 3517/111/102
f 3519/113/104 3531/126/3434 3530/125/115 3518/112/103
f 3520/114/105 3532/127/3435 3531/126/3434 3519/113/104
f 3521/115/106 3533/128/118 3532/127/3435 3520/114/105
f 3522/116/107 3534/129/119 3533/128/118 3521/115/106
f 3523/117/108 3535/130/120 3534/129/119 3522/116/107
f 3524/106/98 3536/119/110 3535/130/120 3523/117/108
f 3525/118/109 3537/131/121 3548/132/122 3536/119/110
f 3526/120/111 3538/133/123 3537/134/121 3525/121/109
f 3527/122/112 3539/135/124 3538/133/123 3526/120/111
f 3528/123/113 3540/136/125 3539/135/124 3527/122/112
f 3529/124/114 3541/137/3436 3540/136/125 3528/123/113
f 3530/125/115 3542/138/127 3541/137/3436 3529/124/114
f 3531/126/3434 3543/139/128 3542/138/127 3530/125/115
f 3532/127/3435 3544/140/129 3543/139/128 3531/126/3434
f 3533/128/118 3545/141/130 3544/140/129 3532/127/3435
f 3534/129/119 3546/142/131 3545/141/130 3533/128/118
f 3535/130/120 3547/143/132 3546/142/131 3534/129/119
f 3536/119/110 3548/132/122 3547/143/132 3535/130/120
f 3537/131/121 3549/144/3437 3560/145/134 3548/132/122
f 3538/133/123 3550/146/135 3549/147/3437 3537/134/121
f 3539/135/124 3551/148/3438 3550/146/135 3538/133/123
f 3540/136/125 3552/149/137 3551/148/3438 3539/135/124
f 3541/137/3436 3553/150/3439 3552/149/137 3540/136/125
f 3542/138/127 3554/151/3440 3553/150/3439 3541/137/3436
f 3543/139/128 3555/152/140 3554/151/3440 3542/138/127
f 3544/140/129 3556/153/141 3555/152/140 3543/139/128
f 3545/141/130 3557/154/142 3556/153/141 3544/140/129
f 3546/142/131 3558/155/143 3557/154/142 3545/141/130
f 3547/143/132 3559/156/3441 3558/155/143 3546/142/131
f 3548/132/122 3560/145/134 3559/156/3441 3547/143/132
f 3549/144/3437 3561/157/145 3572/158/3442 3560/145/134
f 3550/146/135 3562/159/3443 3561/160/145 3549/147/3437
f 3551/148/3438 3563/161/148 3562/159/3443 3550/146/135
f 3552/149/137 3564/162/3444 3563/161/148 3551/148/3438
f 3553/150/3439 3565/163/150 3564/162/3444 3552/149/137
f 3554/151/3440 3566/164/3445 3565/163/150 3553/150/3439
f 3555/152/140 3567/165/152 3566/164/3445 3554/151/3440
f 3556/153/141 3568/166/153 3567/165/152 3555/152/140
f 3557/154/142 3569/167/154 3568/166/153 3556/153/141
f 3558/155/143 3570/168/155 3569/167/154 3557/154/142
f 3559/156/3441 3571/169/156 3570/168/155 3558/155/143
f 3560/145/134 3572/158/3442 3571/169/156 3559/156/3441
f 3561/157/145 3573/170/157 3584/171/158 3572/158/3442
f 3562/159/3443 3574/172/159 3573/173/157 3561/160/145
f 3563/161/148 3575/174/160 3574/172/159 3562/159/3443
f 3564/162/3444 3576/175/161 3575/174/160 3563/161/148
f 3565/163/150 3577/176/3446 3576/175/161 3564/162/3444
f 3566/164/3445 3578/177/163 3577/176/3446 3565/163/150
f 3567/165/152 3579/178/164 3578/177/163 3566/164/3445
f 3568/166/153 3580/179/165 3579/178/164 3567/165/152
f 3569/167/154 3581/180/166 3580/179/165 3568/166/153
f 3570/168/155 3582/181/167 3581/180/166 3569/167/154
f 3571/169/156 3583/182/168 3582/181/167 3570/168/155
f 3572/158/3442 3584/171/158 3583/182/168 3571/169/156
f 3573/170/157 3585/183/169 3596/184/170 3584/171/158
f 3574/172/159 3586/185/171 3585/186/169 3573/173/157
f 3575/174/160 3587/187/172 3586/185/171 3574/172/159
f 3576/175/161 3588/188/173 3587/187/172 3575/174/160
f 3577/176/3446 3589/189/174 3588/188/173 3576/175/161
f 3578/177/163 3590/190/175 3589/189/174 3577/176/3446
f 3579/178/164 3591/191/176 3590/190/175 3578/177/163
f 3580/179/165 3592/192/177 3591/191/176 3579/178/164
f 3581/180/166 3593/193/178 3592/192/177 3580/179/165
f 3582/181/167 3594/194/179 3593/193/178 3581/180/166
f 3583/182/168 3595/195/180 3594/194/179 3582/181/167
f 3584/171/158 3596/184/170 3595/195/180 3583/182/168
f 3585/183/169 3597/196/181 3608/197/182 3596/184/170
f 3586/185/171 3598/198/183 3597/199/181 3585/186/169
f 3587/187/172 3599/200/184 3598/198/183 3586/185/171
f 3588/188/173 3600/201/185 3599/200/184 3587/187/172
f 3589/189/174 3601/202/3447 3600/201/185 3588/188/173
f 3590/190/175 3602/203/187 3601/202/3447 3589/189/174
f 3591/191/176 3603/204/188 3602/203/187 3590/190/175
f 3592/192/177 3604/205/3448 3603/204/188 3591/191/176
f 3593/193/178 3605/206/190 3604/205/3448 3592/192/177
f 3594/194/179 3606/207/3449 3605/206/190 3593/193/178
f 3595/195/180 3607/208/192 3606/207/3449 3594/194/179
f 3596/184/170 3608/197/182 3607/208/192 3595/195/180
f 3597/196/181 3609/209/193 3620/210/194 3608/197/182
f 3598/198/183 3610/211/3450 3609/212/193 3597/199/181
f 3599/200/184 3611/213/196 3610/211/3450 3598/198/183
f 3600/201/185 3612/214/197 3611/213/196 3599/200/184
f 3601/202/3447 3613/215/198 3612/214/197 3600/201/185
f 3602/203/187 3614/216/199 3613/215/198 3601/202/3447
f 3603/204/188 3615/217/200 3614/216/199 3602/203/187
f 3604/205/3448 3616/218/3451 3615/217/200 3603/204/188
f 3605/206/190 3617/219/202 3616/218/3451 3604/205/3448
f 3606/207/3449 3618/220/203 3617/219/202 3605/206/190
f 3607/208/192 3619/221/3452 3618/220/203 3606/207/3449
f 3608/197/182 3620/210/194 3619/221/3452 3607/208/192
f 3609/209/193 3621/222/205 3632/223/206 3620/210/194
f 3610/211/3450 3622/224/207 3621/225/205 3609/212/193
f 3611/213/196 3623/226/3453 3622/224/207 3610/211/3450
f 3612/214/197 3624/227/209 3623/226/3453 3611/213/196
f 3613/215/198 3625/228/210 3624/227/209 3612/214/197
f 3614/216/199 3626/229/3454 3625/228/210 3613/215/198
f 3615/217/200 3627/230/3455 3626/229/3454 3614/216/199
f 3616/218/3451 3628/231/213 3627/230/3455 3615/217/200
f 3617/219/202 3629/232/214 3628/231/213 3616/218/3451
f 3618/220/203 3630/233/215 3629/232/214 3617/219/202
f 3619/221/3452 3631/234/216 3630/233/215 3618/220/203
f 3620/210/194 3632/223/206 3631/234/216 3619/221/3452
f 3621/222/205 3633/235/217 3644/236/218 3632/223/206
f 3622/224/207 3634/237/219 3633/238/217 3621/225/205
f 3623/226/3453 3635/239/220 3634/237/219 3622/224/207
f 3624/227/209 3636/240/221 3635/239/220 3623/226/3453
f 3625/228/210 3637/241/222 3636/240/221 3624/227/209
f 3626/229/3454 3638/242/223 3637/241/222 3625/228/210
f 3627/230/3455 3639/243/3456 3638/242/223 3626/229/3454
f 3628/231/213 3640/244/225 3639/243/3456 3627/230/3455
f 3629/232/214 3641/245/226 3640/244/225 3628/231/213
f 3630/233/215 3642/246/227 3641/245/226 3629/232/214
f 3631/234/216 3643/247/3457 3642/246/227 3630/233/215
f 3632/223/206 3644/236/218 3643/247/3457 3631/234/216
f 3633/235/217 3645/248/229 3656/249/230 3644/236/218
f 3634/237/219 3646/250/231 3645/251/229 3633/238/217
f 3635/239/220 3647/252/3458 3646/250/231 3634/237/219
f 3636/240/221 3648/253/233 3647/252/3458 3635/239/220
f 3637/241/222 3649/254/234 3648/253/233 3636/240/221
f 3638/242/223 3650/255/235 3649/254/234 3637/241/222
f 3639/243/3456 3651/256/236 3650/255/235 3638/242/223
f 3640/244/225 3652/257/3459 3651/256/236 3639/243/3456
f 3641/245/226 3653/258/238 3652/257/3459 3640/244/225
f 3642/246/227 3654/259/239 3653/258/238 3641/245/226
f 3643/247/3457 3655/260/240 3654/259/239 3642/246/227
f 3644/236/218 3656/249/230 3655/260/240 3643/247/3457
f 3645/248/229 3657/261/241 3668/262/242 3656/249/230
f 3646/250/231 3658/263/243 3657/264/241 3645/251/229
f 3647/252/3458 3659/265/3460 3658/263/243 3646/250/231
f 3648/253/233 3660/266/245 3659/265/3460 3647/252/3458
f 3649/254/234 3661/267/246 3660/266/245 3648/253/233
f 3650/255/235 3662/268/247 3661/267/246 3649/254/234
f 3651/256/236 3663/269/248 3662/268/247 3650/255/235
f 3652/257/3459 3664/270/249 3663/269/248 3651/256/236
f 3653/258/238 3665/271/250 3664/270/249 3652/257/3459
f 3654/259/239 3666/272/251 3665/271/250 3653/258/238
f 3655/260/240 3667/273/252 3666/272/251 3654/259/239
f 3656/249/230 3668/262/242 3667/273/252 3655/260/240
f 3657/261/241 3669/274/253 3680/275/254 3668/262/242
f 3658/263/243 3670/276/3461 3669/277/253 3657/264/241
f 3659/265/3460 3671/278/256 3670/276/3461 3658/263/243
f 3660/266/245 3672/279/257 3671/278/256 3659/265/3460
f 3661/267/246 3673/280/258 3672/279/257 3660/266/245
f 3662/268/247 3674/281/3462 3673/280/258 3661/267/246
f 3663/269/248 3675/282/260 3674/281/3462 3662/268/247
f 3664/270/249 3676/283/261 3675/282/260 3663/269/248
f 3665/271/250 3677/284/262 3676/283/261 3664/270/249
f 3666/272/251 3678/285/263 3677/284/262 3665/271/250
f 3667/273/252 3679/286/264 3678/285/263 3666/272/251
f 3668/262/242 3680/275/254 3679/286/264 3667/273/252
f 3669/274/253 3681/287/265 3692/288/266 3680/275/254
f 3670/276/3461 3682/289/3463 3681/290/265 3669/277/253
f 3671/278/256 3683/291/268 3682/289/3463 3670/276/3461
f 3672/279/257 3684/292/269 3683/291/268 3671/278/256
f 3673/280/258 3685/293/3464 3684/292/269 3672/279/257
f 3674/281/3462 3686/294/3465 3685/293/3464 3673/280/258
f 3675/282/260 3687/295/272 3686/294/3465 3674/281/3462
f 3676/283/261 3688/296/273 3687/295/272 3675/282/260
f 3677/284/262 3689/297/274 3688/296/273 3676/283/261
f 3678/285/263 3690/298/275 3689/297/274 3677/284/262
f 3679/286/264 3691/299/276 3690/298/275 3678/285/263
f 3680/275/254 3692/288/266 3691/299/276 3679/286/264
f 3681/287/265 3693/300/277 3704/301/278 3692/288/266
f 3682/289/3463 3694/302/279 3693/303/277 3681/290/265
f 3683/291/268 3695/304/280 3694/302/279 3682/289/3463
f 3684/292/269 3696/305/281 3695/304/280 3683/291/268
f 3685/293/3464 3697/306/282 3696/305/281 3684/292/269
f 3686/294/3465 3698/307/283 3697/306/282 3685/293/3464
f 3687/295/272 3699/308/284 3698/307/283 3686/294/3465
f 3688/296/273 3700/309/285 3699/308/284 3687/295/272
f 3689/297/274 3701/310/286 3700/309/285 3688/296/273
f 3690/298/275 3702/311/287 3701/310/286 3689/297/274
f 3691/299/276 3703/312/288 3702/311/287 3690/298/275
f 3692/288/266 3704/301/278 3703/312/288 3691/299/276
f 3693/300/277 3705/313/289 3716/314/290 3704/301/278
f 3694/302/279 3706/315/291 3705/316/289 3693/303/277
f 3695/304/280 3707/317/292 3706/315/291 3694/302/279
f 3696/305/281 3708/318/293 3707/317/292 3695/304/280
f 3697/306/282 3709/319/294 3708/318/293 3696/305/281
f 3698/307/283 3710/320/3466 3709/319/294 3697/306/282
f 3699/308/284 3711/321/296 3710/320/3466 3698/307/283
f 3700/309/285 3712/322/297 3711/321/296 3699/308/284
f 3701/310/286 3713/323/298 3712/322/297 3700/309/285
f 3702/311/287 3714/324/299 3713/323/298 3701/310/286
f 3703/312/288 3715/325/300 3714/324/299 3702/311/287
f 3704/301/278 3716/314/290 3715/325/300 3703/312/288
f 3705/313/289 3717/326/301 3728/327/302 3716/314/290
f 3706/315/291 3718/328/303 3717/329/301 3705/316/289
f 3707/317/292 3719/330/304 3718/328/303 3706/315/291
f 3708/318/293 3720/331/3467 3719/330/304 3707/317/292
f 3709/319/294 3721/332/306 3720/331/3467 3708/318/293
f 3710/320/3466 3722/333/307 3721/332/306 3709/319/294
f 3711/321/296 3723/334/308 3722/333/307 3710/320/3466
f 3712/322/297 3724/335/3468 3723/334/308 3711/321/296
f 3713/323/298 3725/336/310 3724/335/3468 3712/322/297
f 3714/324/299 3726/337/311 3725/336/310 3713/323/298
f 3715/325/300 3727/338/312 3726/337/311 3714/324/299
f 3716/314/290 3728/327/302 3727/338/312 3715/325/300
f 3717/326/301 3729/339/313 3740/340/314 3728/327/302
f 3718/328/303 3730/341/315 3729/342/313 3717/329/301
f 3719/330/304 3731/343/316 3730/341/315 3718/328/303
f 3720/331/3467 3732/344/317 3731/343/316 3719/330/304
f 3721/332/306 3733/345/318 3732/344/317 3720/331/3467
f 3722/333/307 3734/346/319 3733/345/318 3721/332/306
f 3723/334/308 3735/347/320 3734/346/319 3722/333/307
f 3724/335/3468 3736/348/3469 3735/347/320 3723/334/308
f 3725/336/310 3737/349/322 3736/348/3469 3724/335/3468
f 3726/337/311 3738/350/323 3737/349/322 3725/336/310
f 3727/338/312 3739/351/324 3738/350/323 3726/337/311
f 3728/327/302 3740/340/314 3739/351/324 3727/338/312
f 3729/339/313 3741/352/325 3752/353/326 3740/340/314
f 3730/341/315 3742/354/327 3741/355/325 3729/342/313
f 3731/343/316 3743/356/328 3742/354/327 3730/341/315
f 3732/344/317 3744/357/329 3743/356/328 3731/343/316
f 3733/345/318 3745/358/330 3744/357/329 3732/344/317
f 3734/346/319 3746/359/331 3745/358/330 3733/345/318
f 3735/347/320 3747/360/332 3746/359/331 3734/346/319
f 3736/348/3469 3748/361/333 3747/360/332 3735/347/320
f 3737/349/322 3749/362/334 3748/361/333 3736/348/3469
f 3738/350/323 3750/363/335 3749/362/334 3737/349/322
f 3739/351/324 3751/364/336 3750/363/335 3738/350/323
f 3740/340/314 3752/353/326 3751/364/336 3739/351/324
f 3741/352/325 3753/365/337 3764/366/338 3752/353/326
f 3742/354/327 3754/367/339 3753/368/337 3741/355/325
f 3743/356/328 3755/369/340 3754/367/339 3742/354/327
f 3744/357/329 3756/370/341 3755/369/340 3743/356/328
f 3745/358/330 3757/371/342 3756/370/341 3744/357/329
f 3746/359/331 3758/372/343 3757/371/342 3745/358/330
f 3747/360/332 3759/373/3470 3758/372/343 3746/359/331
f 3748/361/333 3760/374/345 3759/373/3470 3747/360/332
f 3749/362/334 3761/375/346 3760/374/345 3748/361/333
f 3750/363/335 3762/376/347 3761/375/346 3749/362/334
f 3751/364/336 3763/377/348 3762/376/347 3750/363/335
f 3752/353/326 3764/366/338 3763/377/348 3751/364/336
f 3753/365/337 3765/378/349 3776/379/350 3764/366/338
f 3754/367/339 3766/380/351 3765/381/349 3753/368/337
f 3755/369/340 3767/382/352 3766/380/351 3754/367/339
f 3756/370/341 3768/383/353 3767/382/352 3755/369/340
f 3757/371/342 3769/384/354 3768/383/353 3756/370/341
f 3758/372/343 3770/385/355 3769/384/354 3757/371/342
f 3759/373/3470 3771/386/356 3770/385/355 3758/372/343
f 3760/374/345 3772/387/357 3771/386/356 3759/373/3470
f 3761/375/346 3773/388/358 3772/387/357 3760/374/345
f 3762/376/347 3774/389/359 3773/388/358 3761/375/346
f 3763/377/348 3775/390/3471 3774/389/359 3762/376/347
f 3764/366/338 3776/379/350 3775/390/3471 3763/377/348
f 3765/378/349 3777/391/361 3788/392/3472 3776/379/350
f 3766/380/351 3778/393/363 3777/394/361 3765/381/349
f 3767/382/352 3779/395/364 3778/393/363 3766/380/351
f 3768/383/353 3780/396/365 3779/395/364 3767/382/352
f 3769/384/354 3781/397/366 3780/396/365 3768/383/353
f 3770/385/355 3782/398/367 3781/397/366 3769/384/354
f 3771/386/356 3783/399/368 3782/398/367 3770/385/355
f 3772/387/357 3784/400/369 3783/399/368 3771/386/356
f 3773/388/358 3785/401/370 3784/400/369 3772/387/357
f 3774/389/359 3786/402/371 3785/401/370 3773/388/358
f 3775/390/3471 3787/403/372 3786/402/371 3774/389/359
f 3776/379/350 3788/392/3472 3787/403/372 3775/390/3471
f 3777/391/361 3789/404/373 3800/405/374 3788/392/3472
f 3778/393/363 3790/406/375 3789/407/373 3777/394/361
f 3779/395/364 3791/408/3473 3790/406/375 3778/393/363
f 3780/396/365 3792/409/377 3791/408/3473 3779/395/364
f 3781/397/366 3793/410/3474 3792/409/377 3780/396/365
f 3782/398/367 3794/411/3475 3793/410/3474 3781/397/366
f 3783/399/368 3795/412/3476 3794/411/3475 3782/398/367
f 3784/400/369 3796/413/381 3795/412/3476 3783/399/368
f 3785/401/370 3797/414/382 3796/413/381 3784/400/369
f 3786/402/371 3798/415/383 3797/414/382 3785/401/370
f 3787/403/372 3799/416/384 3798/415/383 3786/402/371
f 3788/392/3472 3800/405/374 3799/416/384 3787/403/372
f 3789/404/373 3801/417/3477 3812/418/3478 3800/405/374
f 3790/406/375 3802/419/387 3801/420/3477 3789/407/373
f 3791/408/3473 3803/421/388 3802/419/387 3790/406/375
f 3792/409/377 3804/422/389 3803/421/388 3791/408/3473
f 3793/410/3474 3805/423/3479 3804/422/389 3792/409/377
f 3794/411/3475 3806/424/3480 3805/423/3479 3793/410/3474
f 3795/412/3476 3807/425/392 3806/424/3480 3794/411/3475
f 3796/413/381 3808/426/393 3807/425/392 3795/412/3476
f 3797/414/382 3809/427/394 3808/426/393 3796/413/381
f 3798/415/383 3810/428/395 3809/427/394 3797/414/382
f 3799/416/384 3811/429/396 3810/428/395 3798/415/383
f 3800/405/374 3812/418/3478 3811/429/396 3799/416/384
f 3801/417/3477 3813/430/3481 3824/431/398 3812/418/3478
f 3802/419/387 3814/432/399 3813/433/3481 3801/420/3477
f 3803/421/388 3815/434/400 3814/432/399 3802/419/387
f 3804/422/389 3816/435/401 3815/434/400 3803/421/388
f 3805/423/3479 3817/436/402 3816/435/401 3804/422/389
f 3806/424/3480 3818/437/403 3817/436/402 3805/423/3479
f 3807/425/392 3819/438/404 3818/437/403 3806/424/3480
f 3808/426/393 3820/439/405 3819/438/404 3807/425/392
f 3809/427/394 3821/440/406 3820/439/405 3808/426/393
f 3810/428/395 3822/441/407 3821/440/406 3809/427/394
f 3811/429/396 3823/442/408 3822/441/407 3810/428/395
f 3812/418/3478 3824/431/398 3823/442/408 3811/429/396
f 3813/430/3481 3825/443/409 3836/444/410 3824/431/398
f 3814/432/399 3826/445/411 3825/446/409 3813/433/3481
f 3815/434/400 3827/447/412 3826/445/411 3814/432/399
f 3816/435/401 3828/448/413 3827/447/412 3815/434/400
f 3817/436/402 3829/449/414 3828/448/413 3816/435/401
f 3818/437/403 3830/450/415 3829/449/414 3817/436/402
f 3819/438/404 3831/451/3482 3830/450/415 3818/437/403
f 3820/439/405 3832/452/417 3831/451/3482 3819/438/404
f 3821/440/406 3833/453/3483 3832/452/417 3820/439/405
f 3822/441/407 3834/454/419 3833/453/3483 3821/440/406
f 3823/442/408 3835/455/420 3834/454/419 3822/441/407
f 3824/431/398 3836/444/410 3835/455/420 3823/442/408
f 3825/443/409 3837/456/3484 3848/457/422 3836/444/410
f 3826/445/411 3838/458/423 3837/459/3484 3825/446/409
f 3827/447/412 3839/460/424 3838/458/423 3826/445/411
f 3828/448/413 3840/461/425 3839/460/424 3827/447/412
f 3829/449/414 3841/462/426 3840/461/425 3828/448/413
f 3830/450/415 3842/463/427 3841/462/426 3829/449/414
f 3831/451/3482 3843/464/428 3842/463/427 3830/450/415
f 3832/452/417 3844/465/429 3843/464/428 3831/451/3482
f 3833/453/3483 3845/466/430 3844/465/429 3832/452/417
f 3834/454/419 3846/467/431 3845/466/430 3833/453/3483
f 3835/455/420 3847/468/3485 3846/467/431 3834/454/419
f 3836/444/410 3848/457/422 3847/468/3485 3835/455/420
f 3837/456/3484 3849/469/433 3860/470/434 3848/457/422
f 3838/458/423 3850/471/435 3849/472/433 3837/459/3484
f 3839/460/424 3851/473/436 3850/471/435 3838/458/423
f 3840/461/425 3852/474/437 3851/473/436 3839/460/424
f 3841/462/426 3853/475/438 3852/474/437 3840/461/425
f 3842/463/427 3854/476/439 3853/475/438 3841/462/426
f 3843/464/428 3855/477/3486 3854/476/439 3842/463/427
f 3844/465/429 3856/478/441 3855/477/3486 3843/464/428
f 3845/466/430 3857/479/442 3856/478/441 3844/465/429
f 3846/467/431 3858/480/443 3857/479/442 3845/466/430
f 3847/468/3485 3859/481/3487 3858/480/443 3846/467/431
f 3848/457/422 3860/470/434 3859/481/3487 3847/468/3485
f 3861/1/3488 3873/482/3489 3884/483/447 3872/4/448
f 3862/5/449 3874/484/450 3873/485/3489 3861/8/3488
f 3863/9/451 3875/486/452 3874/484/450 3862/5/449
f 3864/11/453 3876/487/454 3875/486/452 3863/9/451
f 3865/13/455 3877/488/456 3876/487/454 3864/11/453
f 3866/15/457 3878/489/458 3877/488/456 3865/13/455
f 3867/17/459 3879/490/460 3878/489/458 3866/15/457
f 3868/19/461 3880/491/462 3879/490/460 3867/17/459
f 3869/21/463 3881/492/464 3880/491/462 3868/19/461
f 3870/23/3490 3882/493/3491 3881/492/464 3869/21/463
f 3871/25/467 3883/494/468 3882/493/3491 3870/23/3490
f 3872/4/448 3884/483/447 3883/494/468 3871/25/467
f 3873/482/3489 3885/495/3492 3896/496/470 3884/483/447
f 3874/484/450 3886/497/471 3885/498/3492 3873/485/3489
f 3875/486/452 3887/499/472 3886/497/471 3874/484/450
f 3876/487/454 3888/500/473 3887/499/472 3875/486/452
f 3877/488/456 3889/501/474 3888/500/473 3876/487/454
f 3878/489/458 3890/502/475 3889/501/474 3877/488/456
f 3879/490/460 3891/503/476 3890/502/475 3878/489/458
f 3880/491/462 3892/504/477 3891/503/476 3879/490/460
f 3881/492/464 3893/505/478 3892/504/477 3880/491/462
f 3882/493/3491 3894/506/479 3893/505/478 3881/492/464
f 3883/494/468 3895/507/480 3894/506/479 3882/493/3491
f 3884/483/447 3896/496/470 3895/507/480 3883/494/468
f 3885/495/3492 3897/508/481 3908/509/3493 3896/496/470
f 3886/497/471 3898/510/483 3897/511/481 3885/498/3492
f 3887/499/472 3899/512/484 3898/510/483 3886/497/471
f 3888/500/473 3900/513/485 3899/512/484 3887/499/472
f 3889/501/474 3901/514/486 3900/513/485 3888/500/473
f 3890/502/475 3902/515/487 3901/514/486 3889/501/474
f 3891/503/476 3903/516/488 3902/515/487 3890/502/475
f 3892/504/477 3904/517/489 3903/516/488 3891/503/476
f 3893/505/478 3905/518/490 3904/517/489 3892/504/477
f 3894/506/479 3906/519/491 3905/518/490 3893/505/478
f 3895/507/480 3907/520/492 3906/519/491 3894/506/479
f 3896/496/470 3908/509/3493 3907/520/492 3895/507/480
f 3897/508/481 3909/40/493 3920/41/494 3908/509/3493
f 3898/510/483 3910/42/495 3909/43/493 3897/511/481
f 3899/512/484 3911/44/496 3910/42/495 3898/510/483
f 3900/513/485 3912/45/497 3911/44/496 3899/512/484
f 3901/514/486 3913/46/498 3912/45/497 3900/513/485
f 3902/515/487 3914/47/499 3913/46/498 3901/514/486
f 3903/516/488 3915/48/500 3914/47/499 3902/515/487
f 3904/517/489 3916/49/501 3915/48/500 3903/516/488
f 3905/518/490 3917/50/502 3916/49/501 3904/517/489
f 3906/519/491 3918/51/503 3917/50/502 3905/518/490
f 3907/520/492 3919/52/3494 3918/51/503 3906/519/491
f 3908/509/3493 3920/41/494 3919/52/3494 3907/520/492
f 3909/40/493 3921/521/505 3932/522/506 3920/41/494
f 3910/42/495 3922/523/507 3921/524/505 3909/43/493
f 3911/44/496 3923/525/508 3922/523/507 3910/42/495
f 3912/45/497 3924/526/509 3923/525/508 3911/44/496
f 3913/46/498 3925/527/510 3924/526/509 3912/45/497
f 3914/47/499 3926/528/511 3925/527/510 3913/46/498
f 3915/48/500 3927/529/512 3926/528/511 3914/47/499
f 3916/49/501 3928/530/513 3927/529/512 3915/48/500
f 3917/50/502 3929/531/514 3928/530/513 3916/49/501
f 3918/51/503 3930/532/515 3929/531/514 3917/50/502
f 3919/52/3494 3931/533/516 3930/532/515 3918/51/503
f 3920/41/494 3932/522/506 3931/533/516 3919/52/3494
f 3921/521/505 3933/534/517 3944/535/518 3932/522/506
f 3922/523/507 3934/536/519 3933/537/517 3921/524/505
f 3923/525/508 3935/538/520 3934/536/519 3922/523/507
f 3924/526/509 3936/539/521 3935/538/520 3923/525/508
f 3925/527/510 3937/540/522 3936/539/521 3924/526/509
f 3926/528/511 3938/541/523 3937/540/522 3925/527/510
f 3927/529/512 3939/542/524 3938/541/523 3926/528/511
f 3928/530/513 3940/543/3495 3939/542/524 3927/529/512
f 3929/531/514 3941/544/526 3940/543/3495 3928/530/513
f 3930/532/515 3942/545/527 3941/544/526 3929/531/514
f 3931/533/516 3943/546/3496 3942/545/527 3930/532/515
f 3932/522/506 3944/535/518 3943/546/3496 3931/533/516
f 3933/534/517 3945/547/529 3956/548/530 3944/535/518
f 3934/536/519 3946/549/531 3945/550/529 3933/537/517
f 3935/538/520 3947/551/532 3946/549/531 3934/536/519
f 3936/539/521 3948/552/533 3947/551/532 3935/538/520
f 3937/540/522 3949/553/534 3948/552/533 3936/539/521
f 3938/541/523 3950/554/535 3949/553/534 3937/540/522
f 3939/542/524 3951/555/536 3950/554/535 3938/541/523
f 3940/543/3495 3952/556/537 3951/555/536 3939/542/524
f 3941/544/526 3953/557/538 3952/556/537 3940/543/3495
f 3942/545/527 3954/558/539 3953/557/538 3941/544/526
f 3943/546/3496 3955/559/540 3954/558/539 3942/545/527
f 3944/535/518 3956/548/530 3955/559/540 3943/546/3496
f 3945/547/529 3957/79/541 3968/80/542 3956/548/530
f 3946/549/531 3958/81/543 3957/82/541 3945/550/529
f 3947/551/532 3959/83/544 3958/81/543 3946/549/531
f 3948/552/533 3960/84/545 3959/83/544 3947/551/532
f 3949/553/534 3961/85/546 3960/84/545 3948/552/533
f 3950/554/535 3962/86/547 3961/85/546 3949/553/534
f 3951/555/536 3963/87/548 3962/86/547 3950/554/535
f 3952/556/537 3964/88/549 3963/87/548 3951/555/536
f 3953/557/538 3965/89/550 3964/88/549 3952/556/537
f 3954/558/539 3966/90/551 3965/89/550 3953/557/538
f 3955/559/540 3967/91/552 3966/90/551 3954/558/539
f 3956/548/530 3968/80/542 3967/91/552 3955/559/540
f 3957/79/541 3969/560/553 3980/561/554 3968/80/542
f 3958/81/543 3970/562/555 3969/563/553 3957/82/541
f 3959/83/544 3971/564/556 3970/562/555 3958/81/543
f 3960/84/545 3972/565/557 3971/564/556 3959/83/544
f 3961/85/546 3973/566/558 3972/565/557 3960/84/545
f 3962/86/547 3974/567/559 3973/566/558 3961/85/546
f 3963/87/548 3975/568/560 3974/567/559 3962/86/547
f 3964/88/549 3976/569/561 3975/568/560 3963/87/548
f 3965/89/550 3977/570/562 3976/569/561 3964/88/549
f 3966/90/551 3978/571/563 3977/570/562 3965/89/550
f 3967/91/552 3979/572/3497 3978/571/563 3966/90/551
f 3968/80/542 3980/561/554 3979/572/3497 3967/91/552
f 3969/560/553 3981/573/565 3992/574/566 3980/561/554
f 3970/562/555 3982/575/3498 3981/576/565 3969/563/553
f 3971/564/556 3983/577/568 3982/575/3498 3970/562/555
f 3972/565/557 3984/578/3499 3983/577/568 3971/564/556
f 3973/566/558 3985/579/570 3984/578/3499 3972/565/557
f 3974/567/559 3986/580/571 3985/579/570 3973/566/558
f 3975/568/560 3987/581/572 3986/580/571 3974/567/559
f 3976/569/561 3988/582/3500 3987/581/572 3975/568/560
f 3977/570/562 3989/583/574 3988/582/3500 3976/569/561
f 3978/571/563 3990/584/575 3989/583/574 3977/570/562
f 3979/572/3497 3991/585/576 3990/584/575 3978/571/563
f 3980/561/554 3992/574/566 3991/585/576 3979/572/3497
f 3981/573/565 3993/586/577 4004/587/3501 3992/574/566
f 3982/575/3498 3994/588/579 3993/589/577 3981/576/565
f 3983/577/568 3995/590/580 3994/588/579 3982/575/3498
f 3984/578/3499 3996/591/581 3995/590/580 3983/577/568
f 3985/579/570 3997/592/582 3996/591/581 3984/578/3499
f 3986/580/571 3998/593/583 3997/592/582 3985/579/570
f 3987/581/572 3999/594/584 3998/593/583 3986/580/571
f 3988/582/3500 4000/595/3502 3999/594/584 3987/581/572
f 3989/583/574 4001/596/586 4000/595/3502 3988/582/3500
f 3990/584/575 4002/597/587 4001/596/586 3989/583/574
f 3991/585/576 4003/598/588 4002/597/587 3990/584/575
f 3992/574/566 4004/587/3501 4003/598/588 3991/585/576
f 3993/586/577 4005/118/589 4016/119/590 4004/587/3501
f 3994/588/579 4006/120/591 4005/121/589 3993/589/577
f 3995/590/580 4007/122/592 4006/120/591 3994/588/579
f 3996/591/581 4008/123/593 4007/122/592 3995/590/580
f 3997/592/582 4009/124/594 4008/123/593 3996/591/581
f 3998/593/583 4010/125/3503 4009/124/594 3997/592/582
f 3999/594/584 4011/126/596 4010/125/3503 3998/593/583
f 4000/595/3502 4012/127/597 4011/126/596 3999/594/584
f 4001/596/586 4013/128/598 4012/127/597 4000/595/3502
f 4002/597/587 4014/129/599 4013/128/598 4001/596/586
f 4003/598/588 4015/130/600 4014/129/599 4002/597/587
f 4004/587/3501 4016/119/590 4015/130/600 4003/598/588
f 4005/118/589 4017/599/601 4028/600/602 4016/119/590
f 4006/120/591 4018/601/603 4017/602/601 4005/121/589
f 4007/122/592 4019/603/604 4018/601/603 4006/120/591
f 4008/123/593 4020/604/605 4019/603/604 4007/122/592
f 4009/124/594 4021/605/606 4020/604/605 4008/123/593
f 4010/125/3503 4022/606/607 4021/605/606 4009/124/594
f 4011/126/596 4023/607/608 4022/606/607 4010/125/3503
f 4012/127/597 4024/608/609 4023/607/608 4011/126/596
f 4013/128/598 4025/609/610 4024/608/609 4012/127/597
f 4014/129/599 4026/610/611 4025/609/610 4013/128/598
f 4015/130/600 4027/611/612 4026/610/611 4014/129/599
f 4016/119/590 4028/600/602 4027/611/612 4015/130/600
f 4017/599/601 4029/612/613 4040/613/614 4028/600/602
f 4018/601/603 4030/614/615 4029/615/613 4017/602/601
f 4019/603/604 4031/616/616 4030/614/615 4018/601/603
f 4020/604/605 4032/617/617 4031/616/616 4019/603/604
f 4021/605/606 4033/618/618 4032/617/617 4020/604/605
f 4022/606/607 4034/619/619 4033/618/618 4021/605/606
f 4023/607/608 4035/620/620 4034/619/619 4022/606/607
f 4024/608/609 4036/621/621 4035/620/620 4023/607/608
f 4025/609/610 4037/622/622 4036/621/621 4024/608/609
f 4026/610/611 4038/623/623 4037/622/622 4025/609/610
f 4027/611/612 4039/624/624 4038/623/623 4026/610/611
f 4028/600/602 4040/613/614 4039/624/624 4027/611/612
f 4029/612/613 4041/625/625 4052/626/626 4040/613/614
f 4030/614/615 4042/627/3504 4041/628/625 4029/615/613
f 4031/616/616 4043/629/628 4042/627/3504 4030/614/615
f 4032/617/617 4044/630/3505 4043/629/628 4031/616/616
f 4033/618/618 4045/631/630 4044/630/3505 4032/617/617
f 4034/619/619 4046/632/631 4045/631/630 4033/618/618
f 4035/620/620 4047/633/632 4046/632/631 4034/619/619
f 4036/621/621 4048/634/633 4047/633/632 4035/620/620
f 4037/622/622 4049/635/634 4048/634/633 4036/621/621
f 4038/623/623 4050/636/635 4049/635/634 4037/622/622
f 4039/624/624 4051/637/636 4050/636/635 4038/623/623
f 4040/613/614 4052/626/626 4051/637/636 4039/624/624
f 4041/625/625 4053/157/637 4064/158/3506 4052/626/626
f 4042/627/3504 4054/159/639 4053/160/637 4041/628/625
f 4043/629/628 4055/161/640 4054/159/639 4042/627/3504
f 4044/630/3505 4056/162/641 4055/161/640 4043/629/628
f 4045/631/630 4057/163/642 4056/162/641 4044/630/3505
f 4046/632/631 4058/164/643 4057/163/642 4045/631/630
f 4047/633/632 4059/165/644 4058/164/643 4046/632/631
f 4048/634/633 4060/166/3507 4059/165/644 4047/633/632
f 4049/635/634 4061/167/646 4060/166/3507 4048/634/633
f 4050/636/635 4062/168/647 4061/167/646 4049/635/634
f 4051/637/636 4063/169/648 4062/168/647 4050/636/635
f 4052/626/626 4064/158/3506 4063/169/648 4051/637/636
f 4053/157/637 4065/638/649 4076/639/650 4064/158/3506
f 4054/159/639 4066/640/651 4065/641/649 4053/160/637
f 4055/161/640 4067/642/652 4066/640/651 4054/159/639
f 4056/162/641 4068/643/653 4067/642/652 4055/161/640
f 4057/163/642 4069/644/3508 4068/643/653 4056/162/641
f 4058/164/643 4070/645/3509 4069/644/3508 4057/163/642
f 4059/165/644 4071/646/656 4070/645/3509 4058/164/643
f 4060/166/3507 4072/647/657 4071/646/656 4059/165/644
f 4061/167/646 4073/648/658 4072/647/657 4060/166/3507
f 4062/168/647 4074/649/659 4073/648/658 4061/167/646
f 4063/169/648 4075/650/660 4074/649/659 4062/168/647
f 4064/158/3506 4076/639/650 4075/650/660 4063/169/648
f 4065/638/649 4077/651/661 4088/652/662 4076/639/650
f 4066/640/651 4078/653/663 4077/654/661 4065/641/649
f 4067/642/652 4079/655/664 4078/653/663 4066/640/651
f 4068/643/653 4080/656/665 4079/655/664 4067/642/652
f 4069/644/3508 4081/657/666 4080/656/665 4068/643/653
f 4070/645/3509 4082/658/667 4081/657/666 4069/644/3508
f 4071/646/656 4083/659/668 4082/658/667 4070/645/3509
f 4072/647/657 4084/660/669 4083/659/668 4071/646/656
f 4073/648/658 4085/661/670 4084/660/669 4072/647/657
f 4074/649/659 4086/662/671 4085/661/670 4073/648/658
f 4075/650/660 4087/663/3510 4086/662/671 4074/649/659
f 4076/639/650 4088/652/662 4087/663/3510 4075/650/660
f 4077/651/661 4089/664/673 4100/665/674 4088/652/662
f 4078/653/663 4090/666/675 4089/667/673 4077/654/661
f 4079/655/664 4091/668/676 4090/666/675 4078/653/663
f 4080/656/665 4092/669/677 4091/668/676 4079/655/664
f 4081/657/666 4093/670/678 4092/669/677 4080/656/665
f 4082/658/667 4094/671/679 4093/670/678 4081/657/666
f 4083/659/668 4095/672/3511 4094/671/679 4082/658/667
f 4084/660/669 4096/673/681 4095/672/3511 4083/659/668
f 4085/661/670 4097/674/682 4096/673/681 4084/660/669
f 4086/662/671 4098/675/683 4097/674/682 4085/661/670
f 4087/663/3510 4099/676/684 4098/675/683 4086/662/671
f 4088/652/662 4100/665/674 4099/676/684 4087/663/3510
f 4089/664/673 4101/196/685 4112/197/686 4100/665/674
f 4090/666/675 4102/198/687 4101/199/685 4089/667/673
f 4091/668/676 4103/200/688 4102/198/687 4090/666/675
f 4092/669/677 4104/201/689 4103/200/688 4091/668/676
f 4093/670/678 4105/202/690 4104/201/689 4092/669/677
f 4094/671/679 4106/203/3512 4105/202/690 4093/670/678
f 4095/672/3511 4107/204/692 4106/203/3512 4094/671/679
f 4096/673/681 4108/205/693 4107/204/692 4095/672/3511
f 4097/674/682 4109/206/694 4108/205/693 4096/673/681
f 4098/675/683 4110/207/695 4109/206/694 4097/674/682
f 4099/676/684 4111/208/696 4110/207/695 4098/675/683
f 4100/665/674 4112/197/686 4111/208/696 4099/676/684
f 4101/196/685 4113/677/697 4124/678/698 4112/197/686
f 4102/198/687 4114/679/699 4113/680/697 4101/199/685
f 4103/200/688 4115/681/700 4114/679/699 4102/198/687
f 4104/201/689 4116/682/701 4115/681/700 4103/200/688
f 4105/202/690 4117/683/702 4116/682/701 4104/201/689
f 4106/203/3512 4118/684/3513 4117/683/702 4105/202/690
f 4107/204/692 4119/685/704 4118/684/3513 4106/203/3512
f 4108/205/693 4120/686/3514 4119/685/704 4107/204/692
f 4109/206/694 4121/687/706 4120/686/3514 4108/205/693
f 4110/207/695 4122/688/707 4121/687/706 4109/206/694
f 4111/208/696 4123/689/708 4122/688/707 4110/207/695
f 4112/197/686 4124/678/698 4123/689/708 4111/208/696
f 4113/677/697 4125/690/709 4136/691/710 4124/678/698
f 4114/679/699 4126/692/711 4125/693/709 4113/680/697
f 4115/681/700 4127/694/712 4126/692/711 4114/679/699
f 4116/682/701 4128/695/713 4127/694/712 4115/681/700
f 4117/683/702 4129/696/3515 4128/695/713 4116/682/701
f 4118/684/3513 4130/697/715 4129/696/3515 4117/683/702
f 4119/685/704 4131/698/716 4130/697/715 4118/684/3513
f 4120/686/3514 4132/699/717 4131/698/716 4119/685/704
f 4121/687/706 4133/700/718 4132/699/717 4120/686/3514
f 4122/688/707 4134/701/719 4133/700/718 4121/687/706
f 4123/689/708 4135/702/720 4134/701/719 4122/688/707
f 4124/678/698 4136/691/710 4135/702/720 4123/689/708
f 4125/690/709 4137/703/721 4148/704/722 4136/691/710
f 4126/692/711 4138/705/723 4137/706/721 4125/693/709
f 4127/694/712 4139/707/724 4138/705/723 4126/692/711
f 4128/695/713 4140/708/725 4139/707/724 4127/694/712
f 4129/696/3515 4141/709/726 4140/708/725 4128/695/713
f 4130/697/715 4142/710/727 4141/709/726 4129/696/3515
f 4131/698/716 4143/711/728 4142/710/727 4130/697/715
f 4132/699/717 4144/712/729 4143/711/728 4131/698/716
f 4133/700/718 4145/713/730 4144/712/729 4132/699/717
f 4134/701/719 4146/714/731 4145/713/730 4133/700/718
f 4135/702/720 4147/715/732 4146/714/731 4134/701/719
f 4136/691/710 4148/704/722 4147/715/732 4135/702/720
f 4137/703/721 4149/235/733 4160/236/734 4148/704/722
f 4138/705/723 4150/237/735 4149/238/733 4137/706/721
f 4139/707/724 4151/239/736 4150/237/735 4138/705/723
f 4140/708/725 4152/240/737 4151/239/736 4139/707/724
f 4141/709/726 4153/241/738 4152/240/737 4140/708/725
f 4142/710/727 4154/242/739 4153/241/738 4141/709/726
f 4143/711/728 4155/243/740 4154/242/739 4142/710/727
f 4144/712/729 4156/244/741 4155/243/740 4143/711/728
f 4145/713/730 4157/245/742 4156/244/741 4144/712/729
f 4146/714/731 4158/246/743 4157/245/742 4145/713/730
f 4147/715/732 4159/247/744 4158/246/743 4146/714/731
f 4148/704/722 4160/236/734 4159/247/744 4147/715/732
f 4149/235/733 4161/716/745 4172/717/746 4160/236/734
f 4150/237/735 4162/718/747 4161/719/745 4149/238/733
f 4151/239/736 4163/720/748 4162/718/747 4150/237/735
f 4152/240/737 4164/721/749 4163/720/748 4151/239/736
f 4153/241/738 4165/722/750 4164/721/749 4152/240/737
f 4154/242/739 4166/723/3516 4165/722/750 4153/241/738
f 4155/243/740 4167/724/752 4166/723/3516 4154/242/739
f 4156/244/741 4168/725/753 4167/724/752 4155/243/740
f 4157/245/742 4169/726/754 4168/725/753 4156/244/741
f 4158/246/743 4170/727/755 4169/726/754 4157/245/742
f 4159/247/744 4171/728/756 4170/727/755 4158/246/743
f 4160/236/734 4172/717/746 4171/728/756 4159/247/744
f 4161/716/745 4173/729/757 4184/730/758 4172/717/746
f 4162/718/747 4174/731/759 4173/732/757 4161/719/745
f 4163/720/748 4175/733/760 4174/731/759 4162/718/747
f 4164/721/749 4176/734/761 4175/733/760 4163/720/748
f 4165/722/750 4177/735/3517 4176/734/761 4164/721/749
f 4166/723/3516 4178/736/763 4177/735/3517 4165/722/750
f 4167/724/752 4179/737/764 4178/736/763 4166/723/3516
f 4168/725/753 4180/738/765 4179/737/764 4167/724/752
f 4169/726/754 4181/739/766 4180/738/765 4168/725/753
f 4170/727/755 4182/740/767 4181/739/766 4169/726/754
f 4171/728/756 4183/741/3518 4182/740/767 4170/727/755
f 4172/717/746 4184/730/758 4183/741/3518 4171/728/756
f 4173/729/757 4185/742/769 4196/743/770 4184/730/758
f 4174/731/759 4186/744/771 4185/745/769 4173/732/757
f 4175/733/760 4187/746/772 4186/744/771 4174/731/759
f 4176/734/761 4188/747/773 4187/746/772 4175/733/760
f 4177/735/3517 4189/748/774 4188/747/773 4176/734/761
f 4178/736/763 4190/749/775 4189/748/774 4177/735/3517
f 4179/737/764 4191/750/776 4190/749/775 4178/736/763
f 4180/738/765 4192/751/777 4191/750/776 4179/737/764
f 4181/739/766 4193/752/778 4192/751/777 4180/738/765
f 4182/740/767 4194/753/779 4193/752/778 4181/739/766
f 4183/741/3518 4195/754/780 4194/753/779 4182/740/767
f 4184/730/758 4196/743/770 4195/754/780 4183/741/3518
f 4185/742/769 4197/274/781 4208/275/782 4196/743/770
f 4186/744/771 4198/276/783 4197/277/781 4185/745/769
f 4187/746/772 4199/278/784 4198/276/783 4186/744/771
f 4188/747/773 4200/279/785 4199/278/784 4187/746/772
f 4189/748/774 4201/280/786 4200/279/785 4188/747/773
f 4190/749/775 4202/281/3519 4201/280/786 4189/748/774
f 4191/750/776 4203/282/788 4202/281/3519 4190/749/775
f 4192/751/777 4204/283/789 4203/282/788 4191/750/776
f 4193/752/778 4205/284/3520 4204/283/789 4192/751/777
f 4194/753/779 4206/285/791 4205/284/3520 4193/752/778
f 4195/754/780 4207/286/792 4206/285/791 4194/753/779
f 4196/743/770 4208/275/782 4207/286/792 4195/754/780
f 4197/274/781 4209/755/793 4220/756/3521 4208/275/782
f 4198/276/783 4210/757/795 4209/758/793 4197/277/781
f 4199/278/784 4211/759/796 4210/757/795 4198/276/783
f 4200/279/785 4212/760/797 4211/759/796 4199/278/784
f 4201/280/786 4213/761/798 4212/760/797 4200/279/785
f 4202/281/3519 4214/762/799 4213/761/798 4201/280/786
f 4203/282/788 4215/763/800 4214/762/799 4202/281/3519
f 4204/283/789 4216/764/801 4215/763/800 4203/282/788
f 4205/284/3520 4217/765/802 4216/764/801 4204/283/789
f 4206/285/791 4218/766/803 4217/765/802 4205/284/3520
f 4207/286/792 4219/767/804 4218/766/803 4206/285/791
f 4208/275/782 4220/756/3521 4219/767/804 4207/286/792
f 4209/755/793 4221/768/805 4232/769/806 4220/756/3521
f 4210/757/795 4222/770/807 4221/771/805 4209/758/793
f 4211/759/796 4223/772/808 4222/770/807 4210/757/795
f 4212/760/797 4224/773/809 4223/772/808 4211/759/796
f 4213/761/798 4225/774/3522 4224/773/809 4212/760/797
f 4214/762/799 4226/775/811 4225/774/3522 4213/761/798
f 4215/763/800 4227/776/812 4226/775/811 4214/762/799
f 4216/764/801 4228/777/813 4227/776/812 4215/763/800
f 4217/765/802 4229/778/814 4228/777/813 4216/764/801
f 4218/766/803 4230/779/3523 4229/778/814 4217/765/802
f 4219/767/804 4231/780/816 4230/779/3523 4218/766/803
f 4220/756/3521 4232/769/806 4231/780/816 4219/767/804
f 4221/768/805 4233/781/3524 4244/782/818 4232/769/806
f 4222/770/807 4234/783/819 4233/784/3524 4221/771/805
f 4223/772/808 4235/785/820 4234/783/819 4222/770/807
f 4224/773/809 4236/786/821 4235/785/820 4223/772/808
f 4225/774/3522 4237/787/822 4236/786/821 4224/773/809
f 4226/775/811 4238/788/3525 4237/787/822 4225/774/3522
f 4227/776/812 4239/789/824 4238/788/3525 4226/775/811
f 4228/777/813 4240/790/825 4239/789/824 4227/776/812
f 4229/778/814 4241/791/826 4240/790/825 4228/777/813
f 4230/779/3523 4242/792/827 4241/791/826 4229/778/814
f 4231/780/816 4243/793/828 4242/792/827 4230/779/3523
f 4232/769/806 4244/782/818 4243/793/828 4231/780/816
f 4233/781/3524 4245/313/829 4256/314/3526 4244/782/818
f 4234/783/819 4246/315/831 4245/316/829 4233/784/3524
f 4235/785/820 4247/317/832 4246/315/831 4234/783/819
f 4236/786/821 4248/318/3527 4247/317/832 4235/785/820
f 4237/787/822 4249/319/3528 4248/318/3527 4236/786/821
f 4238/788/3525 4250/320/835 4249/319/3528 4237/787/822
f 4239/789/824 4251/321/836 4250/320/835 4238/788/3525
f 4240/790/825 4252/322/837 4251/321/836 4239/789/824
f 4241/791/826 4253/323/838 4252/322/837 4240/790/825
f 4242/792/827 4254/324/839 4253/323/838 4241/791/826
f 4243/793/828 4255/325/840 4254/324/839 4242/792/827
f 4244/782/818 4256/314/3526 4255/325/840 4243/793/828
f 4245/313/829 4257/794/841 4268/795/842 4256/314/3526
f 4246/315/831 4258/796/843 4257/797/841 4245/316/829
f 4247/317/832 4259/798/844 4258/796/843 4246/315/831
f 4248/318/3527 4260/799/845 4259/798/844 4247/317/832
f 4249/319/3528 4261/800/3529 4260/799/845 4248/318/3527
f 4250/320/835 4262/801/847 4261/800/3529 4249/319/3528
f 4251/321/836 4263/802/848 4262/801/847 4250/320/835
f 4252/322/837 4264/803/3530 4263/802/848 4251/321/836
f 4253/323/838 4265/804/3531 4264/803/3530 4252/322/837
f 4254/324/839 4266/805/851 4265/804/3531 4253/323/838
f 4255/325/840 4267/806/852 4266/805/851 4254/324/839
f 4256/314/3526 4268/795/842 4267/806/852 4255/325/840
f 4257/794/841 4269/807/3532 4280/808/854 4268/795/842
f 4258/796/843 4270/809/855 4269/810/3532 4257/797/841
f 4259/798/844 4271/811/3533 4270/809/855 4258/796/843
f 4260/799/845 4272/812/857 4271/811/3533 4259/798/844
f 4261/800/3529 4273/813/858 4272/812/857 4260/799/845
f 4262/801/847 4274/814/859 4273/813/858 4261/800/3529
f 4263/802/848 4275/815/860 4274/814/859 4262/801/847
f 4264/803/3530 4276/816/861 4275/815/860 4263/802/848
f 4265/804/3531 4277/817/3534 4276/816/861 4264/803/3530
f 4266/805/851 4278/818/863 4277/817/3534 4265/804/3531
f 4267/806/852 4279/819/864 4278/818/863 4266/805/851
f 4268/795/842 4280/808/854 4279/819/864 4267/806/852
f 4269/807/3532 4281/820/865 4292/821/866 4280/808/854
f 4270/809/855 4282/822/867 4281/823/865 4269/810/3532
f 4271/811/3533 4283/824/868 4282/822/867 4270/809/855
f 4272/812/857 4284/825/869 4283/824/868 4271/811/3533
f 4273/813/858 4285/826/870 4284/825/869 4272/812/857
f 4274/814/859 4286/827/871 4285/826/870 4273/813/858
f 4275/815/860 4287/828/872 4286/827/871 4274/814/859
f 4276/816/861 4288/829/873 4287/828/872 4275/815/860
f 4277/817/3534 4289/830/874 4288/829/873 4276/816/861
f 4278/818/863 4290/831/875 4289/830/874 4277/817/3534
f 4279/819/864 4291/832/876 4290/831/875 4278/818/863
f 4280/808/854 4292/821/866 4291/832/876 4279/819/864
f 4281/820/865 4293/352/877 4304/353/878 4292/821/866
f 4282/822/867 4294/354/879 4293/355/877 4281/823/865
f 4283/824/868 4295/356/880 4294/354/879 4282/822/867
f 4284/825/869 4296/357/881 4295/356/880 4283/824/868
f 4285/826/870 4297/358/882 4296/357/881 4284/825/869
f 4286/827/871 4298/359/883 4297/358/882 4285/826/870
f 4287/828/872 4299/360/884 4298/359/883 4286/827/871
f 4288/829/873 4300/361/885 4299/360/884 4287/828/872
f 4289/830/874 4301/362/886 4300/361/885 4288/829/873
f 4290/831/875 4302/363/887 4301/362/886 4289/830/874
f 4291/832/876 4303/364/888 4302/363/887 4290/831/875
f 4292/821/866 4304/353/878 4303/364/888 4291/832/876
f 4293/352/877 4305/833/889 4316/834/890 4304/353/878
f 4294/354/879 4306/835/891 4305/836/889 4293/355/877
f 4295/356/880 4307/837/892 4306/835/891 4294/354/879
f 4296/357/881 4308/838/893 4307/837/892 4295/356/880
f 4297/358/882 4309/839/894 4308/838/893 4296/357/881
f 4298/359/883 4310/840/3535 4309/839/894 4297/358/882
f 4299/360/884 4311/841/896 4310/840/3535 4298/359/883
f 4300/361/885 4312/842/897 4311/841/896 4299/360/884
f 4301/362/886 4313/843/898 4312/842/897 4300/361/885
f 4302/363/887 4314/844/899 4313/843/898 4301/362/886
f 4303/364/888 4315/845/900 4314/844/899 4302/363/887
f 4304/353/878 4316/834/890 4315/845/900 4303/364/888
f 4305/833/889 4317/846/901 4328/847/902 4316/834/890
f 4306/835/891 4318/848/903 4317/849/901 4305/836/889
f 4307/837/892 4319/850/904 4318/848/903 4306/835/891
f 4308/838/893 4320/851/905 4319/850/904 4307/837/892
f 4309/839/894 4321/852/906 4320/851/905 4308/838/893
f 4310/840/3535 4322/853/907 4321/852/906 4309/839/894
f 4311/841/896 4323/854/908 4322/853/907 4310/840/3535
f 4312/842/897 4324/855/909 4323/854/908 4311/841/896
f 4313/843/898 4325/856/910 4324/855/909 4312/842/897
f 4314/844/899 4326/857/3536 4325/856/910 4313/843/898
f 4315/845/900 4327/858/912 4326/857/3536 4314/844/899
f 4316/834/890 4328/847/902 4327/858/912 4315/845/900
f 4317/846/901 4329/859/3537 4340/860/3538 4328/847/902
f 4318/848/903 4330/861/915 4329/862/3537 4317/849/901
f 4319/850/904 4331/863/916 4330/861/915 4318/848/903
f 4320/851/905 4332/864/917 4331/863/916 4319/850/904
f 4321/852/906 4333/865/918 4332/864/917 4320/851/905
f 4322/853/907 4334/866/919 4333/865/918 4321/852/906
f 4323/854/908 4335/867/920 4334/866/919 4322/853/907
f 4324/855/909 4336/868/921 4335/867/920 4323/854/908
f 4325/856/910 4337/869/3539 4336/868/921 4324/855/909
f 4326/857/3536 4338/870/3540 4337/869/3539 4325/856/910
f 4327/858/912 4339/871/3541 4338/870/3540 4326/857/3536
f 4328/847/902 4340/860/3538 4339/871/3541 4327/858/912
f 4329/859/3537 4341/391/3542 4352/392/926 4340/860/3538
f 4330/861/915 4342/393/927 4341/394/3542 4329/862/3537
f 4331/863/916 4343/395/928 4342/393/927 4330/861/915
f 4332/864/917 4344/396/929 4343/395/928 4331/863/916
f 4333/865/918 4345/397/930 4344/396/929 4332/864/917
f 4334/866/919 4346/398/931 4345/397/930 4333/865/918
f 4335/867/920 4347/399/932 4346/398/931 4334/866/919
f 4336/868/921 4348/400/933 4347/399/932 4335/867/920
f 4337/869/3539 4349/401/934 4348/400/933 4336/868/921
f 4338/870/3540 4350/402/935 4349/401/934 4337/869/3539
f 4339/871/3541 4351/403/936 4350/402/935 4338/870/3540
f 4340/860/3538 4352/392/926 4351/403/936 4339/871/3541
f 4341/391/3542 4353/872/937 4364/873/938 4352/392/926
f 4342/393/927 4354/874/939 4353/875/937 4341/394/3542
f 4343/395/928 4355/876/940 4354/874/939 4342/393/927
f 4344/396/929 4356/877/941 4355/876/940 4343/395/928
f 4345/397/930 4357/878/942 4356/877/941 4344/396/929
f 4346/398/931 4358/879/943 4357/878/942 4345/397/930
f 4347/399/932 4359/880/944 4358/879/943 4346/398/931
f 4348/400/933 4360/881/945 4359/880/944 4347/399/932
f 4349/401/934 4361/882/946 4360/881/945 4348/400/933
f 4350/402/935 4362/883/947 4361/882/946 4349/401/934
f 4351/403/936 4363/884/948 4362/883/947 4350/402/935
f 4352/392/926 4364/873/938 4363/884/948 4351/403/936
f 4353/872/937 4365/885/949 4376/886/950 4364/873/938
f 4354/874/939 4366/887/951 4365/888/949 4353/875/937
f 4355/876/940 4367/889/952 4366/887/951 4354/874/939
f 4356/877/941 4368/890/3543 4367/889/952 4355/876/940
f 4357/878/942 4369/891/954 4368/890/3543 4356/877/941
f 4358/879/943 4370/892/955 4369/891/954 4357/878/942
f 4359/880/944 4371/893/956 4370/892/955 4358/879/943
f 4360/881/945 4372/894/957 4371/893/956 4359/880/944
f 4361/882/946 4373/895/958 4372/894/957 4360/881/945
f 4362/883/947 4374/896/959 4373/895/958 4361/882/946
f 4363/884/948 4375/897/960 4374/896/959 4362/883/947
f 4364/873/938 4376/886/950 4375/897/960 4363/884/948
f 4365/885/949 4377/898/961 4388/899/962 4376/886/950
f 4366/887/951 4378/900/3544 4377/901/961 4365/888/949
f 4367/889/952 4379/902/964 4378/900/3544 4366/887/951
f 4368/890/3543 4380/903/3545 4379/902/964 4367/889/952
f 4369/891/954 4381/904/966 4380/903/3545 4368/890/3543
f 4370/892/955 4382/905/967 4381/904/966 4369/891/954
f 4371/893/956 4383/906/968 4382/905/967 4370/892/955
f 4372/894/957 4384/907/3546 4383/906/968 4371/893/956
f 4373/895/958 4385/908/970 4384/907/3546 4372/894/957
f 4374/896/959 4386/909/971 4385/908/970 4373/895/958
f 4375/897/960 4387/910/972 4386/909/971 4374/896/959
f 4376/886/950 4388/899/962 4387/910/972 4375/897/960
f 4377/898/961 4389/430/973 4400/431/974 4388/899/962
f 4378/900/3544 4390/432/975 4389/433/973 4377/901/961
f 4379/902/964 4391/434/976 4390/432/975 4378/900/3544
f 4380/903/3545 4392/435/977 4391/434/976 4379/902/964
f 4381/904/966 4393/436/978 4392/435/977 4380/903/3545
f 4382/905/967 4394/437/979 4393/436/978 4381/904/966
f 4383/906/968 4395/438/980 4394/437/979 4382/905/967
f 4384/907/3546 4396/439/981 4395/438/980 4383/906/968
f 4385/908/970 4397/440/982 4396/439/981 4384/907/3546
f 4386/909/971 4398/441/983 4397/440/982 4385/908/970
f 4387/910/972 4399/442/984 4398/441/983 4386/909/971
f 4388/899/962 4400/431/974 4399/442/984 4387/910/972
f 4389/430/973 4401/911/985 4412/912/986 4400/431/974
f 4390/432/975 4402/913/987 4401/914/985 4389/433/973
f 4391/434/976 4403/915/988 4402/913/987 4390/432/975
f 4392/435/977 4404/916/989 4403/915/988 4391/434/976
f 4393/436/978 4405/917/990 4404/916/989 4392/435/977
f 4394/437/979 4406/918/991 4405/917/990 4393/436/978
f 4395/438/980 4407/919/992 4406/918/991 4394/437/979
f 4396/439/981 4408/920/993 4407/919/992 4395/438/980
f 4397/440/982 4409/921/994 4408/920/993 4396/439/981
f 4398/441/983 4410/922/3547 4409/921/994 4397/440/982
f 4399/442/984 4411/923/996 4410/922/3547 4398/441/983
f 4400/431/974 4412/912/986 4411/923/996 4399/442/984
f 4401/911/985 4413/924/997 4424/925/3548 4412/912/986
f 4402/913/987 4414/926/999 4413/927/997 4401/914/985
f 4403/915/988 4415/928/1000 4414/926/999 4402/913/987
f 4404/916/989 4416/929/1001 4415/928/1000 4403/915/988
f 4405/917/990 4417/930/3549 4416/929/1001 4404/916/989
f 4406/918/991 4418/931/1003 4417/930/3549 4405/917/990
f 4407/919/992 4419/932/1004 4418/931/1003 4406/918/991
f 4408/920/993 4420/933/1005 4419/932/1004 4407/919/992
f 4409/921/994 4421/934/1006 4420/933/1005 4408/920/993
f 4410/922/3547 4422/935/1007 4421/934/1006 4409/921/994
f 4411/923/996 4423/936/1008 4422/935/1007 4410/922/3547
f 4412/912/986 4424/925/3548 4423/936/1008 4411/923/996
f 4413/924/997 4425/937/1009 4436/938/1010 4424/925/3548
f 4414/926/999 4426/939/1011 4425/940/1009 4413/927/997
f 4415/928/1000 4427/941/1012 4426/939/1011 4414/926/999
f 4416/929/1001 4428/942/1013 4427/941/1012 4415/928/1000
f 4417/930/3549 4429/943/1014 4428/942/1013 4416/929/1001
f 4418/931/1003 4430/944/1015 4429/943/1014 4417/930/3549
f 4419/932/1004 4431/945/1016 4430/944/1015 4418/931/1003
f 4420/933/1005 4432/946/1017 4431/945/1016 4419/932/1004
f 4421/934/1006 4433/947/1018 4432/946/1017 4420/933/1005
f 4422/935/1007 4434/948/1019 4433/947/1018 4421/934/1006
f 4423/936/1008 4435/949/1020 4434/948/1019 4422/935/1007
f 4424/925/3548 4436/938/1010 4435/949/1020 4423/936/1008
f 4425/937/1009 4437/469/1021 4448/470/1022 4436/938/1010
f 4426/939/1011 4438/471/1023 4437/472/1021 4425/940/1009
f 4427/941/1012 4439/473/1024 4438/471/1023 4426/939/1011
f 4428/942/1013 4440/474/1025 4439/473/1024 4427/941/1012
f 4429/943/1014 4441/475/1026 4440/474/1025 4428/942/1013
f 4430/944/1015 4442/476/1027 4441/475/1026 4429/943/1014
f 4431/945/1016 4443/477/1028 4442/476/1027 4430/944/1015
f 4432/946/1017 4444/478/1029 4443/477/1028 4431/945/1016
f 4433/947/1018 4445/479/1030 4444/478/1029 4432/946/1017
f 4434/948/1019 4446/480/1031 4445/479/1030 4433/947/1018
f 4435/949/1020 4447/481/1032 4446/480/1031 4434/948/1019
f 4436/938/1010 4448/470/1022 4447/481/1032 4435/949/1020
f 4449/1/1033 4461/2/1034 4472/3/1035 4460/4/3550
f 4450/5/1037 4462/6/3551 4461/7/1034 4449/8/1033
f 4451/9/1039 4463/10/1040 4462/6/3551 4450/5/1037
f 4452/11/1041 4464/12/3552 4463/10/1040 4451/9/1039
f 4453/13/1043 4465/14/1044 4464/12/3552 4452/11/1041
f 4454/15/1045 4466/16/1046 4465/14/1044 4453/13/1043
f 4455/17/1047 4467/18/3553 4466/16/1046 4454/15/1045
f 4456/19/3554 4468/20/1050 4467/18/3553 4455/17/1047
f 4457/21/1051 4469/22/1052 4468/20/1050 4456/19/3554
f 4458/23/3555 4470/24/1054 4469/22/1052 4457/21/1051
f 4459/25/1055 4471/26/1056 4470/24/1054 4458/23/3555
f 4460/4/3550 4472/3/1035 4471/26/1056 4459/25/1055
f 4461/2/1034 4473/27/1057 4484/28/1058 4472/3/1035
f 4462/6/3551 4474/29/1059 4473/30/1057 4461/7/1034
f 4463/10/1040 4475/31/1060 4474/29/1059 4462/6/3551
f 4464/12/3552 4476/32/1061 4475/31/1060 4463/10/1040
f 4465/14/1044 4477/33/1062 4476/32/1061 4464/12/3552
f 4466/16/1046 4478/34/1063 4477/33/1062 4465/14/1044
f 4467/18/3553 4479/35/1064 4478/34/1063 4466/16/1046
f 4468/20/1050 4480/36/3556 4479/35/1064 4467/18/3553
f 4469/22/1052 4481/37/1066 4480/36/3556 4468/20/1050
f 4470/24/1054 4482/38/1067 4481/37/1066 4469/22/1052
f 4471/26/1056 4483/39/1068 4482/38/1067 4470/24/1054
f 4472/3/1035 4484/28/1058 4483/39/1068 4471/26/1056
f 4473/27/1057 4485/40/1069 4496/41/3557 4484/28/1058
f 4474/29/1059 4486/42/3558 4485/43/1069 4473/30/1057
f 4475/31/1060 4487/44/1072 4486/42/3558 4474/29/1059
f 4476/32/1061 4488/45/3559 4487/44/1072 4475/31/1060
f 4477/33/1062 4489/46/1074 4488/45/3559 4476/32/1061
f 4478/34/1063 4490/47/3560 4489/46/1074 4477/33/1062
f 4479/35/1064 4491/48/3561 4490/47/3560 4478/34/1063
f 4480/36/3556 4492/49/1077 4491/48/3561 4479/35/1064
f 4481/37/1066 4493/50/1078 4492/49/1077 4480/36/3556
f 4482/38/1067 4494/51/1079 4493/50/1078 4481/37/1066
f 4483/39/1068 4495/52/1080 4494/51/1079 4482/38/1067
f 4484/28/1058 4496/41/3557 4495/52/1080 4483/39/1068
f 4485/40/1069 4497/53/1081 4508/54/1082 4496/41/3557
f 4486/42/3558 4498/55/1083 4497/56/1081 4485/43/1069
f 4487/44/1072 4499/57/1084 4498/55/1083 4486/42/3558
f 4488/45/3559 4500/58/1085 4499/57/1084 4487/44/1072
f 4489/46/1074 4501/59/1086 4500/58/1085 4488/45/3559
f 4490/47/3560 4502/60/1087 4501/59/1086 4489/46/1074
f 4491/48/3561 4503/61/1088 4502/60/1087 4490/47/3560
f 4492/49/1077 4504/62/1089 4503/61/1088 4491/48/3561
f 4493/50/1078 4505/63/1090 4504/62/1089 4492/49/1077
f 4494/51/1079 4506/64/1091 4505/63/1090 4493/50/1078
f 4495/52/1080 4507/65/1092 4506/64/1091 4494/51/1079
f 4496/41/3557 4508/54/1082 4507/65/1092 4495/52/1080
f 4497/53/1081 4509/66/1093 4520/67/1094 4508/54/1082
f 4498/55/1083 4510/68/1095 4509/69/1093 4497/56/1081
f 4499/57/1084 4511/70/1096 4510/68/1095 4498/55/1083
f 4500/58/1085 4512/71/1097 4511/70/1096 4499/57/1084
f 4501/59/1086 4513/72/1098 4512/71/1097 4500/58/1085
f 4502/60/1087 4514/73/1099 4513/72/1098 4501/59/1086
f 4503/61/1088 4515/74/1100 4514/73/1099 4502/60/1087
f 4504/62/1089 4516/75/1101 4515/74/1100 4503/61/1088
f 4505/63/1090 4517/76/1102 4516/75/1101 4504/62/1089
f 4506/64/1091 4518/77/1103 4517/76/1102 4505/63/1090
f 4507/65/1092 4519/78/1104 4518/77/1103 4506/64/1091
f 4508/54/1082 4520/67/1094 4519/78/1104 4507/65/1092
f 4509/66/1093 4521/79/3562 4532/80/1106 4520/67/1094
f 4510/68/1095 4522/81/1107 4521/82/3562 4509/69/1093
f 4511/70/1096 4523/83/1108 4522/81/1107 4510/68/1095
f 4512/71/1097 4524/84/3563 4523/83/1108 4511/70/1096
f 4513/72/1098 4525/85/1110 4524/84/3563 4512/71/1097
f 4514/73/1099 4526/86/1111 4525/85/1110 4513/72/1098
f 4515/74/1100 4527/87/3564 4526/86/1111 4514/73/1099
f 4516/75/1101 4528/88/3565 4527/87/3564 4515/74/1100
f 4517/76/1102 4529/89/1114 4528/88/3565 4516/75/1101
f 4518/77/1103 4530/90/3566 4529/89/1114 4517/76/1102
f 4519/78/1104 4531/91/1116 4530/90/3566 4518/77/1103
f 4520/67/1094 4532/80/1106 4531/91/1116 4519/78/1104
f 4521/79/3562 4533/92/1117 4544/93/1118 4532/80/1106
f 4522/81/1107 4534/94/1119 4533/95/1117 4521/82/3562
f 4523/83/1108 4535/96/1120 4534/94/1119 4522/81/1107
f 4524/84/3563 4536/97/1121 4535/96/1120 4523/83/1108
f 4525/85/1110 4537/98/1122 4536/97/1121 4524/84/3563
f 4526/86/1111 4538/99/1123 4537/98/1122 4525/85/1110
f 4527/87/3564 4539/100/1124 4538/99/1123 4526/86/1111
f 4528/88/3565 4540/101/1125 4539/100/1124 4527/87/3564
f 4529/89/1114 4541/102/1126 4540/101/1125 4528/88/3565
f 4530/90/3566 4542/103/1127 4541/102/1126 4529/89/1114
f 4531/91/1116 4543/104/1128 4542/103/1127 4530/90/3566
f 4532/80/1106 4544/93/1118 4543/104/1128 4531/91/1116
f 4533/92/1117 4545/105/1129 4556/106/1130 4544/93/1118
f 4534/94/1119 4546/107/1131 4545/108/1129 4533/95/1117
f 4535/96/1120 4547/109/1132 4546/107/1131 4534/94/1119
f 4536/97/1121 4548/110/1133 4547/109/1132 4535/96/1120
f 4537/98/1122 4549/111/1134 4548/110/1133 4536/97/1121
f 4538/99/1123 4550/112/1135 4549/111/1134 4537/98/1122
f 4539/100/1124 4551/113/1136 4550/112/1135 4538/99/1123
f 4540/101/1125 4552/114/1137 4551/113/1136 4539/100/1124
f 4541/102/1126 4553/115/1138 4552/114/1137 4540/101/1125
f 4542/103/1127 4554/116/3567 4553/115/1138 4541/102/1126
f 4543/104/1128 4555/117/1140 4554/116/3567 4542/103/1127
f 4544/93/1118 4556/106/1130 4555/117/1140 4543/104/1128
f 4545/105/1129 4557/118/1141 4568/119/1142 4556/106/1130
f 4546/107/1131 4558/120/1143 4557/121/1141 4545/108/1129
f 4547/109/1132 4559/122/1144 4558/120/1143 4546/107/1131
f 4548/110/1133 4560/123/1145 4559/122/1144 4547/109/1132
f 4549/111/1134 4561/124/1146 4560/123/1145 4548/110/1133
f 4550/112/1135 4562/125/3568 4561/124/1146 4549/111/1134
f 4551/113/1136 4563/126/1148 4562/125/3568 4550/112/1135
f 4552/114/1137 4564/127/1149 4563/126/1148 4551/113/1136
f 4553/115/1138 4565/128/1150 4564/127/1149 4552/114/1137
f 4554/116/3567 4566/129/1151 4565/128/1150 4553/115/1138
f 4555/117/1140 4567/130/3569 4566/129/1151 4554/116/3567
f 4556/106/1130 4568/119/1142 4567/130/3569 4555/117/1140
f 4557/118/1141 4569/131/1153 4580/132/1154 4568/119/1142
f 4558/120/1143 4570/133/1155 4569/134/1153 4557/121/1141
f 4559/122/1144 4571/135/1156 4570/133/1155 4558/120/1143
f 4560/123/1145 4572/136/1157 4571/135/1156 4559/122/1144
f 4561/124/1146 4573/137/1158 4572/136/1157 4560/123/1145
f 4562/125/3568 4574/138/1159 4573/137/1158 4561/124/1146
f 4563/126/1148 4575/139/1160 4574/138/1159 4562/125/3568
f 4564/127/1149 4576/140/1161 4575/139/1160 4563/126/1148
f 4565/128/1150 4577/141/1162 4576/140/1161 4564/127/1149
f 4566/129/1151 4578/142/3570 4577/141/1162 4565/128/1150
f 4567/130/3569 4579/143/1164 4578/142/3570 4566/129/1151
f 4568/119/1142 4580/132/1154 4579/143/1164 4567/130/3569
f 4569/131/1153 4581/144/1165 4592/145/1166 4580/132/1154
f 4570/133/1155 4582/146/1167 4581/147/1165 4569/134/1153
f 4571/135/1156 4583/148/1168 4582/146/1167 4570/133/1155
f 4572/136/1157 4584/149/1169 4583/148/1168 4571/135/1156
f 4573/137/1158 4585/150/1170 4584/149/1169 4572/136/1157
f 4574/138/1159 4586/151/1171 4585/150/1170 4573/137/1158
f 4575/139/1160 4587/152/1172 4586/151/1171 4574/138/1159
f 4576/140/1161 4588/153/1173 4587/152/1172 4575/139/1160
f 4577/141/1162 4589/154/1174 4588/153/1173 4576/140/1161
f 4578/142/3570 4590/155/1175 4589/154/1174 4577/141/1162
f 4579/143/1164 4591/156/1176 4590/155/1175 4578/142/3570
f 4580/132/1154 4592/145/1166 4591/156/1176 4579/143/1164
f 4581/144/1165 4593/157/1177 4604/158/1178 4592/145/1166
f 4582/146/1167 4594/159/3571 4593/160/1177 4581/147/1165
f 4583/148/1168 4595/161/3572 4594/159/3571 4582/146/1167
f 4584/149/1169 4596/162/1181 4595/161/3572 4583/148/1168
f 4585/150/1170 4597/163/1182 4596/162/1181 4584/149/1169
f 4586/151/1171 4598/164/3573 4597/163/1182 4585/150/1170
f 4587/152/1172 4599/165/1184 4598/164/3573 4586/151/1171
f 4588/153/1173 4600/166/1185 4599/165/1184 4587/152/1172
f 4589/154/1174 4601/167/1186 4600/166/1185 4588/153/1173
f 4590/155/1175 4602/168/1187 4601/167/1186 4589/154/1174
f 4591/156/1176 4603/169/1188 4602/168/1187 4590/155/1175
f 4592/145/1166 4604/158/1178 4603/169/1188 4591/156/1176
f 4593/157/1177 4605/170/1189 4616/171/1190 4604/158/1178
f 4594/159/3571 4606/172/1191 4605/173/1189 4593/160/1177
f 4595/161/3572 4607/174/1192 4606/172/1191 4594/159/3571
f 4596/162/1181 4608/175/1193 4607/174/1192 4595/161/3572
f 4597/163/1182 4609/176/1194 4608/175/1193 4596/162/1181
f 4598/164/3573 4610/177/1195 4609/176/1194 4597/163/1182
f 4599/165/1184 4611/178/1196 4610/177/1195 4598/164/3573
f 4600/166/1185 4612/179/3574 4611/178/1196 4599/165/1184
f 4601/167/1186 4613/180/1198 4612/179/3574 4600/166/1185
f 4602/168/1187 4614/181/1199 4613/180/1198 4601/167/1186
f 4603/169/1188 4615/182/1200 4614/181/1199 4602/168/1187
f 4604/158/1178 4616/171/1190 4615/182/1200 4603/169/1188
f 4605/170/1189 4617/183/1201 4628/184/1202 4616/171/1190
f 4606/172/1191 4618/185/1203 4617/186/1201 4605/173/1189
f 4607/174/1192 4619/187/1204 4618/185/1203 4606/172/1191
f 4608/175/1193 4620/188/1205 4619/187/1204 4607/174/1192
f 4609/176/1194 4621/189/1206 4620/188/1205 4608/175/1193
f 4610/177/1195 4622/190/1207 4621/189/1206 4609/176/1194
f 4611/178/1196 4623/191/1208 4622/190/1207 4610/177/1195
f 4612/179/3574 4624/192/3575 4623/191/1208 4611/178/1196
f 4613/180/1198 4625/193/1210 4624/192/3575 4612/179/3574
f 4614/181/1199 4626/194/1211 4625/193/1210 4613/180/1198
f 4615/182/1200 4627/195/1212 4626/194/1211 4614/181/1199
f 4616/171/1190 4628/184/1202 4627/195/1212 4615/182/1200
f 4617/183/1201 4629/196/1213 4640/197/1214 4628/184/1202
f 4618/185/1203 4630/198/1215 4629/199/1213 4617/186/1201
f 4619/187/1204 4631/200/1216 4630/198/1215 4618/185/1203
f 4620/188/1205 4632/201/1217 4631/200/1216 4619/187/1204
f 4621/189/1206 4633/202/1218 4632/201/1217 4620/188/1205
f 4622/190/1207 4634/203/1219 4633/202/1218 4621/189/1206
f 4623/191/1208 4635/204/1220 4634/203/1219 4622/190/1207
f 4624/192/3575 4636/205/1221 4635/204/1220 4623/191/1208
f 4625/193/1210 4637/206/1222 4636/205/1221 4624/192/3575
f 4626/194/1211 4638/207/1223 4637/206/1222 4625/193/1210
f 4627/195/1212 4639/208/1224 4638/207/1223 4626/194/1211
f 4628/184/1202 4640/197/1214 4639/208/1224 4627/195/1212
f 4629/196/1213 4641/209/3576 4652/210/1226 4640/197/1214
f 4630/198/1215 4642/211/1227 4641/212/3576 4629/199/1213
f 4631/200/1216 4643/213/1228 4642/211/1227 4630/198/1215
f 4632/201/1217 4644/214/1229 4643/213/1228 4631/200/1216
f 4633/202/1218 4645/215/1230 4644/214/1229 4632/201/1217
f 4634/203/1219 4646/216/3577 4645/215/1230 4633/202/1218
f 4635/204/1220 4647/217/1232 4646/216/3577 4634/203/1219
f 4636/205/1221 4648/218/1233 4647/217/1232 4635/204/1220
f 4637/206/1222 4649/219/1234 4648/218/1233 4636/205/1221
f 4638/207/1223 4650/220/3578 4649/219/1234 4637/206/1222
f 4639/208/1224 4651/221/1236 4650/220/3578 4638/207/1223
f 4640/197/1214 4652/210/1226 4651/221/1236 4639/208/1224
f 4641/209/3576 4653/222/3579 4664/223/1238 4652/210/1226
f 4642/211/1227 4654/224/1239 4653/225/3579 4641/212/3576
f 4643/213/1228 4655/226/1240 4654/224/1239 4642/211/1227
f 4644/214/1229 4656/227/1241 4655/226/1240 4643/213/1228
f 4645/215/1230 4657/228/1242 4656/227/1241 4644/214/1229
f 4646/216/3577 4658/229/1243 4657/228/1242 4645/215/1230
f 4647/217/1232 4659/230/1244 4658/229/1243 4646/216/3577
f 4648/218/1233 4660/231/1245 4659/230/1244 4647/217/1232
f 4649/219/1234 4661/232/3580 4660/231/1245 4648/218/1233
f 4650/220/3578 4662/233/1247 4661/232/3580 4649/219/1234
f 4651/221/1236 4663/234/1248 4662/233/1247 4650/220/3578
f 4652/210/1226 4664/223/1238 4663/234/1248 4651/221/1236
f 4653/222/3579 4665/235/1249 4676/236/1250 4664/223/1238
f 4654/224/1239 4666/237/1251 4665/238/1249 4653/225/3579
f 4655/226/1240 4667/239/1252 4666/237/1251 4654/224/1239
f 4656/227/1241 4668/240/1253 4667/239/1252 4655/226/1240
f 4657/228/1242 4669/241/3581 4668/240/1253 4656/227/1241
f 4658/229/1243 4670/242/1255 4669/241/3581 4657/228/1242
f 4659/230/1244 4671/243/1256 4670/242/1255 4658/229/1243
f 4660/231/1245 4672/244/1257 4671/243/1256 4659/230/1244
f 4661/232/3580 4673/245/1258 4672/244/1257 4660/231/1245
f 4662/233/1247 4674/246/1259 4673/245/1258 4661/232/3580
f 4663/234/1248 4675/247/3582 4674/246/1259 4662/233/1247
f 4664/223/1238 4676/236/1250 4675/247/3582 4663/234/1248
f 4665/235/1249 4677/248/3583 4688/249/3584 4676/236/1250
f 4666/237/1251 4678/250/1263 4677/251/3583 4665/238/1249
f 4667/239/1252 4679/252/1264 4678/250/1263 4666/237/1251
f 4668/240/1253 4680/253/3585 4679/252/1264 4667/239/1252
f 4669/241/3581 4681/254/1266 4680/253/3585 4668/240/1253
f 4670/242/1255 4682/255/1267 4681/254/1266 4669/241/3581
f 4671/243/1256 4683/256/1268 4682/255/1267 4670/242/1255
f 4672/244/1257 4684/257/1269 4683/256/1268 4671/243/1256
f 4673/245/1258 4685/258/3586 4684/257/1269 4672/244/1257
f 4674/246/1259 4686/259/1271 4685/258/3586 4673/245/1258
f 4675/247/3582 4687/260/1272 4686/259/1271 4674/246/1259
f 4676/236/1250 4688/249/3584 4687/260/1272 4675/247/3582
f 4677/248/3583 4689/261/1273 4700/262/1274 4688/249/3584
f 4678/250/1263 4690/263/1275 4689/264/1273 4677/251/3583
f 4679/252/1264 4691/265/1276 4690/263/1275 4678/250/1263
f 4680/253/3585 4692/266/1277 4691/265/1276 4679/252/1264
f 4681/254/1266 4693/267/1278 4692/266/1277 4680/253/3585
f 4682/255/1267 4694/268/1279 4693/267/1278 4681/254/1266
f 4683/256/1268 4695/269/3587 4694/268/1279 4682/255/1267
f 4684/257/1269 4696/270/1281 4695/269/3587 4683/256/1268
f 4685/258/3586 4697/271/1282 4696/270/1281 4684/257/1269
f 4686/259/1271 4698/272/1283 4697/271/1282 4685/258/3586
f 4687/260/1272 4699/273/3588 4698/272/1283 4686/259/1271
f 4688/249/3584 4700/262/1274 4699/273/3588 4687/260/1272
f 4689/261/1273 4701/274/1285 4712/275/1286 4700/262/1274
f 4690/263/1275 4702/276/1287 4701/277/1285 4689/264/1273
f 4691/265/1276 4703/278/1288 4702/276/1287 4690/263/1275
f 4692/266/1277 4704/279/1289 4703/278/1288 4691/265/1276
f 4693/267/1278 4705/280/1290 4704/279/1289 4692/266/1277
f 4694/268/1279 4706/281/1291 4705/280/1290 4693/267/1278
f 4695/269/3587 4707/282/1292 4706/281/1291 4694/268/1279
f 4696/270/1281 4708/283/1293 4707/282/1292 4695/269/3587
f 4697/271/1282 4709/284/1294 4708/283/1293 4696/270/1281
f 4698/272/1283 4710/285/1295 4709/284/1294 4697/271/1282
f 4699/273/3588 4711/286/1296 4710/285/1295 4698/272/1283
f 4700/262/1274 4712/275/1286 4711/286/1296 4699/273/3588
f 4701/274/1285 4713/287/1297 4724/288/1298 4712/275/1286
f 4702/276/1287 4714/289/1299 4713/290/1297 4701/277/1285
f 4703/278/1288 4715/291/1300 4714/289/1299 4702/276/1287
f 4704/279/1289 4716/292/1301 4715/291/1300 4703/278/1288
f 4705/280/1290 4717/293/3589 4716/292/1301 4704/279/1289
f 4706/281/1291 4718/294/1303 4717/293/3589 4705/280/1290
f 4707/282/1292 4719/295/1304 4718/294/1303 4706/281/1291
f 4708/283/1293 4720/296/1305 4719/295/1304 4707/282/1292
f 4709/284/1294 4721/297/3590 4720/296/1305 4708/283/1293
f 4710/285/1295 4722/298/1307 4721/297/3590 4709/284/1294
f 4711/286/1296 4723/299/1308 4722/298/1307 4710/285/1295
f 4712/275/1286 4724/288/1298 4723/299/1308 4711/286/1296
f 4713/287/1297 4725/300/1309 4736/301/1310 4724/288/1298
f 4714/289/1299 4726/302/1311 4725/303/1309 4713/290/1297
f 4715/291/1300 4727/304/1312 4726/302/1311 4714/289/1299
f 4716/292/1301 4728/305/1313 4727/304/1312 4715/291/1300
f 4717/293/3589 4729/306/1314 4728/305/1313 4716/292/1301
f 4718/294/1303 4730/307/3591 4729/306/1314 4717/293/3589
f 4719/295/1304 4731/308/1316 4730/307/3591 4718/294/1303
f 4720/296/1305 4732/309/1317 4731/308/1316 4719/295/1304
f 4721/297/3590 4733/310/1318 4732/309/1317 4720/296/1305
f 4722/298/1307 4734/311/1319 4733/310/1318 4721/297/3590
f 4723/299/1308 4735/312/1320 4734/311/1319 4722/298/1307
f 4724/288/1298 4736/301/1310 4735/312/1320 4723/299/1308
f 4725/300/1309 4737/313/1321 4748/314/1322 4736/301/1310
f 4726/302/1311 4738/315/1323 4737/316/1321 4725/303/1309
f 4727/304/1312 4739/317/1324 4738/315/1323 4726/302/1311
f 4728/305/1313 4740/318/1325 4739/317/1324 4727/304/1312
f 4729/306/1314 4741/319/1326 4740/318/1325 4728/305/1313
f 4730/307/3591 4742/320/1327 4741/319/1326 4729/306/1314
f 4731/308/1316 4743/321/1328 4742/320/1327 4730/307/3591
f 4732/309/1317 4744/322/1329 4743/321/1328 4731/308/1316
f 4733/310/1318 4745/323/1330 4744/322/1329 4732/309/1317
f 4734/311/1319 4746/324/1331 4745/323/1330 4733/310/1318
f 4735/312/1320 4747/325/3592 4746/324/1331 4734/311/1319
f 4736/301/1310 4748/314/1322 4747/325/3592 4735/312/1320
f 4737/313/1321 4749/326/1333 4760/327/1334 4748/314/1322
f 4738/315/1323 4750/328/1335 4749/329/1333 4737/316/1321
f 4739/317/1324 4751/330/3593 4750/328/1335 4738/315/1323
f 4740/318/1325 4752/331/1337 4751/330/3593 4739/317/1324
f 4741/319/1326 4753/332/1338 4752/331/1337 4740/318/1325
f 4742/320/1327 4754/333/1339 4753/332/1338 4741/319/1326
f 4743/321/1328 4755/334/1340 4754/333/1339 4742/320/1327
f 4744/322/1329 4756/335/1341 4755/334/1340 4743/321/1328
f 4745/323/1330 4757/336/3594 4756/335/1341 4744/322/1329
f 4746/324/1331 4758/337/1343 4757/336/3594 4745/323/1330
f 4747/325/3592 4759/338/1344 4758/337/1343 4746/324/1331
f 4748/314/1322 4760/327/1334 4759/338/1344 4747/325/3592
f 4749/326/1333 4761/339/1345 4772/340/1346 4760/327/1334
f 4750/328/1335 4762/341/1347 4761/342/1345 4749/329/1333
f 4751/330/3593 4763/343/1348 4762/341/1347 4750/328/1335
f 4752/331/1337 4764/344/3595 4763/343/1348 4751/330/3593
f 4753/332/1338 4765/345/1350 4764/344/3595 4752/331/1337
f 4754/333/1339 4766/346/1351 4765/345/1350 4753/332/1338
f 4755/334/1340 4767/347/1352 4766/346/1351 4754/333/1339
f 4756/335/1341 4768/348/1353 4767/347/1352 4755/334/1340
f 4757/336/3594 4769/349/1354 4768/348/1353 4756/335/1341
f 4758/337/1343 4770/350/1355 4769/349/1354 4757/336/3594
f 4759/338/1344 4771/351/1356 4770/350/1355 4758/337/1343
f 4760/327/1334 4772/340/1346 4771/351/1356 4759/338/1344
f 4761/339/1345 4773/352/1357 4784/353/1358 4772/340/1346
f 4762/341/1347 4774/354/1359 4773/355/1357 4761/342/1345
f 4763/343/1348 4775/356/1360 4774/354/1359 4762/341/1347
f 4764/344/3595 4776/357/1361 4775/356/1360 4763/343/1348
f 4765/345/1350 4777/358/1362 4776/357/1361 4764/344/3595
f 4766/346/1351 4778/359/3596 4777/358/1362 4765/345/1350
f 4767/347/1352 4779/360/1364 4778/359/3596 4766/346/1351
f 4768/348/1353 4780/361/1365 4779/360/1364 4767/347/1352
f 4769/349/1354 4781/362/1366 4780/361/1365 4768/348/1353
f 4770/350/1355 4782/363/1367 4781/362/1366 4769/349/1354
f 4771/351/1356 4783/364/1368 4782/363/1367 4770/350/1355
f 4772/340/1346 4784/353/1358 4783/364/1368 4771/351/1356
f 4773/352/1357 4785/365/1369 4796/366/1370 4784/353/1358
f 4774/354/1359 4786/367/1371 4785/368/1369 4773/355/1357
f 4775/356/1360 4787/369/1372 4786/367/1371 4774/354/1359
f 4776/357/1361 4788/370/1373 4787/369/1372 4775/356/1360
f 4777/358/1362 4789/371/1374 4788/370/1373 4776/357/1361
f 4778/359/3596 4790/372/1375 4789/371/1374 4777/358/1362
f 4779/360/1364 4791/373/3597 4790/372/1375 4778/359/3596
f 4780/361/1365 4792/374/1377 4791/373/3597 4779/360/1364
f 4781/362/1366 4793/375/1378 4792/374/1377 4780/361/1365
f 4782/363/1367 4794/376/1379 4793/375/1378 4781/362/1366
f 4783/364/1368 4795/377/1380 4794/376/1379 4782/363/1367
f 4784/353/1358 4796/366/1370 4795/377/1380 4783/364/1368
f 4785/365/1369 4797/378/3598 4808/379/1382 4796/366/1370
f 4786/367/1371 4798/380/1383 4797/381/3598 4785/368/1369
f 4787/369/1372 4799/382/1384 4798/380/1383 4786/367/1371
f 4788/370/1373 4800/383/3599 4799/382/1384 4787/369/1372
f 4789/371/1374 4801/384/3600 4800/383/3599 4788/370/1373
f 4790/372/1375 4802/385/1387 4801/384/3600 4789/371/1374
f 4791/373/3597 4803/386/1388 4802/385/1387 4790/372/1375
f 4792/374/1377 4804/387/1389 4803/386/1388 4791/373/3597
f 4793/375/1378 4805/388/1390 4804/387/1389 4792/374/1377
f 4794/376/1379 4806/389/1391 4805/388/1390 4793/375/1378
f 4795/377/1380 4807/390/1392 4806/389/1391 4794/376/1379
f 4796/366/1370 4808/379/1382 4807/390/1392 4795/377/1380
f 4797/378/3598 4809/391/1393 4820/392/1394 4808/379/1382
f 4798/380/1383 4810/393/1395 4809/394/1393 4797/381/3598
f 4799/382/1384 4811/395/1396 4810/393/1395 4798/380/1383
f 4800/383/3599 4812/396/1397 4811/395/1396 4799/382/1384
f 4801/384/3600 4813/397/3601 4812/396/1397 4800/383/3599
f 4802/385/1387 4814/398/1399 4813/397/3601 4801/384/3600
f 4803/386/1388 4815/399/1400 4814/398/1399 4802/385/1387
f 4804/387/1389 4816/400/1401 4815/399/1400 4803/386/1388
f 4805/388/1390 4817/401/1402 4816/400/1401 4804/387/1389
f 4806/389/1391 4818/402/1403 4817/401/1402 4805/388/1390
f 4807/390/1392 4819/403/1404 4818/402/1403 4806/389/1391
f 4808/379/1382 4820/392/1394 4819/403/1404 4807/390/1392
f 4809/391/1393 4821/404/1405 4832/405/1406 4820/392/1394
f 4810/393/1395 4822/406/1407 4821/407/1405 4809/394/1393
f 4811/395/1396 4823/408/1408 4822/406/1407 4810/393/1395
f 4812/396/1397 4824/409/1409 4823/408/1408 4811/395/1396
f 4813/397/3601 4825/410/1410 4824/409/1409 4812/396/1397
f 4814/398/1399 4826/411/1411 4825/410/1410 4813/397/3601
f 4815/399/1400 4827/412/1412 4826/411/1411 4814/398/1399
f 4816/400/1401 4828/413/1413 4827/412/1412 4815/399/1400
f 4817/401/1402 4829/414/1414 4828/413/1413 4816/400/1401
f 4818/402/1403 4830/415/1415 4829/414/1414 4817/401/1402
f 4819/403/1404 4831/416/1416 4830/415/1415 4818/402/1403
f 4820/392/1394 4832/405/1406 4831/416/1416 4819/403/1404
f 4821/404/1405 4833/417/1417 4844/418/1418 4832/405/1406
f 4822/406/1407 4834/419/1419 4833/420/1417 4821/407/1405
f 4823/408/1408 4835/421/1420 4834/419/1419 4822/406/1407
f 4824/409/1409 4836/422/1421 4835/421/1420 4823/408/1408
f 4825/410/1410 4837/423/3602 4836/422/1421 4824/409/1409
f 4826/411/1411 4838/424/3603 4837/423/3602 4825/410/1410
f 4827/412/1412 4839/425/1424 4838/424/3603 4826/411/1411
f 4828/413/1413 4840/426/1425 4839/425/1424 4827/412/1412
f 4829/414/1414 4841/427/1426 4840/426/1425 4828/413/1413
f 4830/415/1415 4842/428/1427 4841/427/1426 4829/414/1414
f 4831/416/1416 4843/429/3604 4842/428/1427 4830/415/1415
f 4832/405/1406 4844/418/1418 4843/429/3604 4831/416/1416
f 4833/417/1417 4845/430/1417 4856/431/1429 4844/418/1418
f 4834/419/1419 4846/432/1430 4845/433/1417 4833/420/1417
f 4835/421/1420 4847/434/1431 4846/432/1430 4834/419/1419
f 4836/422/1421 4848/435/1432 4847/434/1431 4835/421/1420
f 4837/423/3602 4849/436/3605 4848/435/1432 4836/422/1421
f 4838/424/3603 4850/437/1434 4849/436/3605 4837/423/3602
f 4839/425/1424 4851/438/1424 4850/437/1434 4838/424/3603
f 4840/426/1425 4852/439/1435 4851/438/1424 4839/425/1424
f 4841/427/1426 4853/440/1436 4852/439/1435 4840/426/1425
f 4842/428/1427 4854/441/3606 4853/440/1436 4841/427/1426
f 4843/429/3604 4855/442/1438 4854/441/3606 4842/428/1427
f 4844/418/1418 4856/431/1429 4855/442/1438 4843/429/3604
f 4845/430/1417 4857/443/1439 4868/444/3607 4856/431/1429
f 4846/432/1430 4858/445/1441 4857/446/1439 4845/433/1417
f 4847/434/1431 4859/447/1442 4858/445/1441 4846/432/1430
f 4848/435/1432 4860/448/1443 4859/447/1442 4847/434/1431
f 4849/436/3605 4861/449/1444 4860/448/1443 4848/435/1432
f 4850/437/1434 4862/450/1445 4861/449/1444 4849/436/3605
f 4851/438/1424 4863/451/1446 4862/450/1445 4850/437/1434
f 4852/439/1435 4864/452/1447 4863/451/1446 4851/438/1424
f 4853/440/1436 4865/453/3608 4864/452/1447 4852/439/1435
f 4854/441/3606 4866/454/1449 4865/453/3608 4853/440/1436
f 4855/442/1438 4867/455/1450 4866/454/1449 4854/441/3606
f 4856/431/1429 4868/444/3607 4867/455/1450 4855/442/1438
f 4857/443/1439 4869/456/1451 4880/457/3609 4868/444/3607
f 4858/445/1441 4870/458/1453 4869/459/1451 4857/446/1439
f 4859/447/1442 4871/460/1454 4870/458/1453 4858/445/1441
f 4860/448/1443 4872/461/1455 4871/460/1454 4859/447/1442
f 4861/449/1444 4873/462/1456 4872/461/1455 4860/448/1443
f 4862/450/1445 4874/463/1457 4873/462/1456 4861/449/1444
f 4863/451/1446 4875/464/1458 4874/463/1457 4862/450/1445
f 4864/452/1447 4876/465/1459 4875/464/1458 4863/451/1446
f 4865/453/3608 4877/466/1460 4876/465/1459 4864/452/1447
f 4866/454/1449 4878/467/1461 4877/466/1460 4865/453/3608
f 4867/455/1450 4879/468/1462 4878/467/1461 4866/454/1449
f 4868/444/3607 4880/457/3609 4879/468/1462 4867/455/1450
f 4869/456/1451 4881/469/1463 4892/470/1464 4880/457/3609
f 4870/458/1453 4882/471/1465 4881/472/1463 4869/459/1451
f 4871/460/1454 4883/473/1466 4882/471/1465 4870/458/1453
f 4872/461/1455 4884/474/1467 4883/473/1466 4871/460/1454
f 4873/462/1456 4885/475/3610 4884/474/1467 4872/461/1455
f 4874/463/1457 4886/476/1469 4885/475/3610 4873/462/1456
f 4875/464/1458 4887/477/1470 4886/476/1469 4874/463/1457
f 4876/465/1459 4888/478/1471 4887/477/1470 4875/464/1458
f 4877/466/1460 4889/479/1472 4888/478/1471 4876/465/1459
f 4878/467/1461 4890/480/1473 4889/479/1472 4877/466/1460
f 4879/468/1462 4891/481/1474 4890/480/1473 4878/467/1461
f 4880/457/3609 4892/470/1464 4891/481/1474 4879/468/1462
f 4893/1/1475 4905/2/1476 4916/3/1477 4904/4/1478
f 4894/5/1479 4906/6/1480 4905/7/1476 4893/8/1475
f 4895/9/1481 4907/10/1482 4906/6/1480 4894/5/1479
f 4896/11/1483 4908/12/1484 4907/10/1482 4895/9/1481
f 4897/13/1485 4909/14/1486 4908/12/1484 4896/11/1483
f 4898/15/1487 4910/16/3611 4909/14/1486 4897/13/1485
f 4899/17/3612 4911/18/1490 4910/16/3611 4898/15/1487
f 4900/19/1491 4912/20/1492 4911/18/1490 4899/17/3612
f 4901/21/1493 4913/22/1494 4912/20/1492 4900/19/1491
f 4902/23/1495 4914/24/1496 4913/22/1494 4901/21/1493
f 4903/25/3613 4915/26/1498 4914/24/1496 4902/23/1495
f 4904/4/1478 4916/3/1477 4915/26/1498 4903/25/3613
f 4905/2/1476 4917/27/1499 4928/28/1500 4916/3/1477
f 4906/6/1480 4918/29/1501 4917/30/1499 4905/7/1476
f 4907/10/1482 4919/31/1502 4918/29/1501 4906/6/1480
f 4908/12/1484 4920/32/1503 4919/31/1502 4907/10/1482
f 4909/14/1486 4921/33/1504 4920/32/1503 4908/12/1484
f 4910/16/3611 4922/34/1505 4921/33/1504 4909/14/1486
f 4911/18/1490 4923/35/1506 4922/34/1505 4910/16/3611
f 4912/20/1492 4924/36/1507 4923/35/1506 4911/18/1490
f 4913/22/1494 4925/37/1508 4924/36/1507 4912/20/1492
f 4914/24/1496 4926/38/1509 4925/37/1508 4913/22/1494
f 4915/26/1498 4927/39/1510 4926/38/1509 4914/24/1496
f 4916/3/1477 4928/28/1500 4927/39/1510 4915/26/1498
f 4917/27/1499 4929/40/1511 4940/41/1512 4928/28/1500
f 4918/29/1501 4930/42/1513 4929/43/1511 4917/30/1499
f 4919/31/1502 4931/44/1514 4930/42/1513 4918/29/1501
f 4920/32/1503 4932/45/3614 4931/44/1514 4919/31/1502
f 4921/33/1504 4933/46/1516 4932/45/3614 4920/32/1503
f 4922/34/1505 4934/47/1517 4933/46/1516 4921/33/1504
f 4923/35/1506 4935/48/1518 4934/47/1517 4922/34/1505
f 4924/36/1507 4936/49/1519 4935/48/1518 4923/35/1506
f 4925/37/1508 4937/50/1520 4936/49/1519 4924/36/1507
f 4926/38/1509 4938/51/1521 4937/50/1520 4925/37/1508
f 4927/39/1510 4939/52/1522 4938/51/1521 4926/38/1509
f 4928/28/1500 4940/41/1512 4939/52/1522 4927/39/1510
f 4929/40/1511 4941/53/1523 4952/54/1524 4940/41/1512
f 4930/42/1513 4942/55/3615 4941/56/1523 4929/43/1511
f 4931/44/1514 4943/57/1526 4942/55/3615 4930/42/1513
f 4932/45/3614 4944/58/1527 4943/57/1526 4931/44/1514
f 4933/46/1516 4945/59/1528 4944/58/1527 4932/45/3614
f 4934/47/1517 4946/60/1529 4945/59/1528 4933/46/1516
f 4935/48/1518 4947/61/1530 4946/60/1529 4934/47/1517
f 4936/49/1519 4948/62/1531 4947/61/1530 4935/48/1518
f 4937/50/1520 4949/63/1532 4948/62/1531 4936/49/1519
f 4938/51/1521 4950/64/1533 4949/63/1532 4937/50/1520
f 4939/52/1522 4951/65/1534 4950/64/1533 4938/51/1521
f 4940/41/1512 4952/54/1524 4951/65/1534 4939/52/1522
f 4941/53/1523 4953/66/3616 4964/67/1536 4952/54/1524
f 4942/55/3615 4954/68/1537 4953/69/3616 4941/56/1523
f 4943/57/1526 4955/70/1538 4954/68/1537 4942/55/3615
f 4944/58/1527 4956/71/1539 4955/70/1538 4943/57/1526
f 4945/59/1528 4957/72/1540 4956/71/1539 4944/58/1527
f 4946/60/1529 4958/73/1541 4957/72/1540 4945/59/1528
f 4947/61/1530 4959/74/1542 4958/73/1541 4946/60/1529
f 4948/62/1531 4960/75/1543 4959/74/1542 4947/61/1530
f 4949/63/1532 4961/76/1544 4960/75/1543 4948/62/1531
f 4950/64/1533 4962/77/1545 4961/76/1544 4949/63/1532
f 4951/65/1534 4963/78/1546 4962/77/1545 4950/64/1533
f 4952/54/1524 4964/67/1536 4963/78/1546 4951/65/1534
f 4953/66/3616 4965/79/1547 4976/80/3617 4964/67/1536
f 4954/68/1537 4966/81/1549 4965/82/1547 4953/69/3616
f 4955/70/1538 4967/83/1550 4966/81/1549 4954/68/1537
f 4956/71/1539 4968/84/1551 4967/83/1550 4955/70/1538
f 4957/72/1540 4969/85/1552 4968/84/1551 4956/71/1539
f 4958/73/1541 4970/86/1553 4969/85/1552 4957/72/1540
f 4959/74/1542 4971/87/1554 4970/86/1553 4958/73/1541
f 4960/75/1543 4972/88/1555 4971/87/1554 4959/74/1542
f 4961/76/1544 4973/89/1556 4972/88/1555 4960/75/1543
f 4962/77/1545 4974/90/1557 4973/89/1556 4961/76/1544
f 4963/78/1546 4975/91/1558 4974/90/1557 4962/77/1545
f 4964/67/1536 4976/80/3617 4975/91/1558 4963/78/1546
f 4965/79/1547 4977/92/1559 4988/93/3618 4976/80/3617
f 4966/81/1549 4978/94/1561 4977/95/1559 4965/82/1547
f 4967/83/1550 4979/96/1562 4978/94/1561 4966/81/1549
f 4968/84/1551 4980/97/1563 4979/96/1562 4967/83/1550
f 4969/85/1552 4981/98/1564 4980/97/1563 4968/84/1551
f 4970/86/1553 4982/99/3619 4981/98/1564 4969/85/1552
f 4971/87/1554 4983/100/1566 4982/99/3619 4970/86/1553
f 4972/88/1555 4984/101/1567 4983/100/1566 4971/87/1554
f 4973/89/1556 4985/102/1568 4984/101/1567 4972/88/1555
f 4974/90/1557 4986/103/1569 4985/102/1568 4973/89/1556
f 4975/91/1558 4987/104/1570 4986/103/1569 4974/90/1557
f 4976/80/3617 4988/93/3618 4987/104/1570 4975/91/1558
f 4977/92/1559 4989/105/1571 5000/106/1572 4988/93/3618
f 4978/94/1561 4990/107/1573 4989/108/1571 4977/95/1559
f 4979/96/1562 4991/109/3620 4990/107/1573 4978/94/1561
f 4980/97/1563 4992/110/1575 4991/109/3620 4979/96/1562
f 4981/98/1564 4993/111/3621 4992/110/1575 4980/97/1563
f 4982/99/3619 4994/112/1577 4993/111/3621 4981/98/1564
f 4983/100/1566 4995/113/3622 4994/112/1577 4982/99/3619
f 4984/101/1567 4996/114/1579 4995/113/3622 4983/100/1566
f 4985/102/1568 4997/115/1580 4996/114/1579 4984/101/1567
f 4986/103/1569 4998/116/1581 4997/115/1580 4985/102/1568
f 4987/104/1570 4999/117/1582 4998/116/1581 4986/103/1569
f 4988/93/3618 5000/106/1572 4999/117/1582 4987/104/1570
f 4989/105/1571 5001/118/3623 5012/119/1584 5000/106/1572
f 4990/107/1573 5002/120/1585 5001/121/3623 4989/108/1571
f 4991/109/3620 5003/122/1586 5002/120/1585 4990/107/1573
f 4992/110/1575 5004/123/1587 5003/122/1586 4991/109/3620
f 4993/111/3621 5005/124/1588 5004/123/1587 4992/110/1575
f 4994/112/1577 5006/125/1589 5005/124/1588 4993/111/3621
f 4995/113/3622 5007/126/1590 5006/125/1589 4994/112/1577
f 4996/114/1579 5008/127/1591 5007/126/1590 4995/113/3622
f 4997/115/1580 5009/128/1592 5008/127/1591 4996/114/1579
f 4998/116/1581 5010/129/1593 5009/128/1592 4997/115/1580
f 4999/117/1582 5011/130/1594 5010/129/1593 4998/116/1581
f 5000/106/1572 5012/119/1584 5011/130/1594 4999/117/1582
f 5001/118/3623 5013/131/3624 5024/132/1596 5012/119/1584
f 5002/120/1585 5014/133/3625 5013/134/3624 5001/121/3623
f 5003/122/1586 5015/135/1598 5014/133/3625 5002/120/1585
f 5004/123/1587 5016/136/1599 5015/135/1598 5003/122/1586
f 5005/124/1588 5017/137/1600 5016/136/1599 5004/123/1587
f 5006/125/1589 5018/138/1601 5017/137/1600 5005/124/1588
f 5007/126/1590 5019/139/1602 5018/138/1601 5006/125/1589
f 5008/127/1591 5020/140/3626 5019/139/1602 5007/126/1590
f 5009/128/1592 5021/141/1604 5020/140/3626 5008/127/1591
f 5010/129/1593 5022/142/1605 5021/141/1604 5009/128/1592
f 5011/130/1594 5023/143/1606 5022/142/1605 5010/129/1593
f 5012/119/1584 5024/132/1596 5023/143/1606 5011/130/1594
f 5013/131/3624 5025/144/1607 5036/145/1608 5024/132/1596
f 5014/133/3625 5026/146/3627 5025/147/1607 5013/134/3624
f 5015/135/1598 5027/148/1610 5026/146/3627 5014/133/3625
f 5016/136/1599 5028/149/1611 5027/148/1610 5015/135/1598
f 5017/137/1600 5029/150/1612 5028/149/1611 5016/136/1599
f 5018/138/1601 5030/151/1613 5029/150/1612 5017/137/1600
f 5019/139/1602 5031/152/1614 5030/151/1613 5018/138/1601
f 5020/140/3626 5032/153/1615 5031/152/1614 5019/139/1602
f 5021/141/1604 5033/154/1616 5032/153/1615 5020/140/3626
f 5022/142/1605 5034/155/1617 5033/154/1616 5021/141/1604
f 5023/143/1606 5035/156/1618 5034/155/1617 5022/142/1605
f 5024/132/1596 5036/145/1608 5035/156/1618 5023/143/1606
f 5025/144/1607 5037/157/1619 5048/158/1620 5036/145/1608
f 5026/146/3627 5038/159/1621 5037/160/1619 5025/147/1607
f 5027/148/1610 5039/161/1622 5038/159/1621 5026/146/3627
f 5028/149/1611 5040/162/1623 5039/161/1622 5027/148/1610
f 5029/150/1612 5041/163/1624 5040/162/1623 5028/149/1611
f 5030/151/1613 5042/164/1625 5041/163/1624 5029/150/1612
f 5031/152/1614 5043/165/1626 5042/164/1625 5030/151/1613
f 5032/153/1615 5044/166/3628 5043/165/1626 5031/152/1614
f 5033/154/1616 5045/167/1628 5044/166/3628 5032/153/1615
f 5034/155/1617 5046/168/1629 5045/167/1628 5033/154/1616
f 5035/156/1618 5047/169/1630 5046/168/1629 5034/155/1617
f 5036/145/1608 5048/158/1620 5047/169/1630 5035/156/1618
f 5037/157/1619 5049/170/3629 5060/171/1632 5048/158/1620
f 5038/159/1621 5050/172/1633 5049/173/3629 5037/160/1619
f 5039/161/1622 5051/174/3630 5050/172/1633 5038/159/1621
f 5040/162/1623 5052/175/1635 5051/174/3630 5039/161/1622
f 5041/163/1624 5053/176/1636 5052/175/1635 5040/162/1623
f 5042/164/1625 5054/177/3631 5053/176/1636 5041/163/1624
f 5043/165/1626 5055/178/1638 5054/177/3631 5042/164/1625
f 5044/166/3628 5056/179/3632 5055/178/1638 5043/165/1626
f 5045/167/1628 5057/180/3633 5056/179/3632 5044/166/3628
f 5046/168/1629 5058/181/1641 5057/180/3633 5045/167/1628
f 5047/169/1630 5059/182/1642 5058/181/1641 5046/168/1629
f 5048/158/1620 5060/171/1632 5059/182/1642 5047/169/1630
f 5049/170/3629 5061/183/1643 5072/184/1644 5060/171/1632
f 5050/172/1633 5062/185/1645 5061/186/1643 5049/173/3629
f 5051/174/3630 5063/187/1646 5062/185/1645 5050/172/1633
f 5052/175/1635 5064/188/1647 5063/187/1646 5051/174/3630
f 5053/176/1636 5065/189/1648 5064/188/1647 5052/175/1635
f 5054/177/3631 5066/190/1649 5065/189/1648 5053/176/1636
f 5055/178/1638 5067/191/1650 5066/190/1649 5054/177/3631
f 5056/179/3632 5068/192/1651 5067/191/1650 5055/178/1638
f 5057/180/3633 5069/193/1652 5068/192/1651 5056/179/3632
f 5058/181/1641 5070/194/1653 5069/193/1652 5057/180/3633
f 5059/182/1642 5071/195/3634 5070/194/1653 5058/181/1641
f 5060/171/1632 5072/184/1644 5071/195/3634 5059/182/1642
f 5061/183/1643 5073/196/1655 5084/197/1656 5072/184/1644
f 5062/185/1645 5074/198/1657 5073/199/1655 5061/186/1643
f 5063/187/1646 5075/200/1658 5074/198/1657 5062/185/1645
f 5064/188/1647 5076/201/1659 5075/200/1658 5063/187/1646
f 5065/189/1648 5077/202/3635 5076/201/1659 5064/188/1647
f 5066/190/1649 5078/203/1661 5077/202/3635 5065/189/1648
f 5067/191/1650 5079/204/1662 5078/203/1661 5066/190/1649
f 5068/192/1651 5080/205/3636 5079/204/1662 5067/191/1650
f 5069/193/1652 5081/206/3637 5080/205/3636 5068/192/1651
f 5070/194/1653 5082/207/3638 5081/206/3637 5069/193/1652
f 5071/195/3634 5083/208/1666 5082/207/3638 5070/194/1653
f 5072/184/1644 5084/197/1656 5083/208/1666 5071/195/3634
f 5073/196/1655 5085/209/1667 5096/210/1668 5084/197/1656
f 5074/198/1657 5086/211/3639 5085/212/1667 5073/199/1655
f 5075/200/1658 5087/213/3640 5086/211/3639 5074/198/1657
f 5076/201/1659 5088/214/1671 5087/213/3640 5075/200/1658
f 5077/202/3635 5089/215/1672 5088/214/1671 5076/201/1659
f 5078/203/1661 5090/216/1673 5089/215/1672 5077/202/3635
f 5079/204/1662 5091/217/1674 5090/216/1673 5078/203/1661
f 5080/205/3636 5092/218/3641 5091/217/1674 5079/204/1662
f 5081/206/3637 5093/219/1676 5092/218/3641 5080/205/3636
f 5082/207/3638 5094/220/3642 5093/219/1676 5081/206/3637
f 5083/208/1666 5095/221/1678 5094/220/3642 5082/207/3638
f 5084/197/1656 5096/210/1668 5095/221/1678 5083/208/1666
f 5085/209/1667 5097/222/1679 5108/223/1680 5096/210/1668
f 5086/211/3639 5098/224/1681 5097/225/1679 5085/212/1667
f 5087/213/3640 5099/226/1682 5098/224/1681 5086/211/3639
f 5088/214/1671 5100/227/1683 5099/226/1682 5087/213/3640
f 5089/215/1672 5101/228/1684 5100/227/1683 5088/214/1671
f 5090/216/1673 5102/229/1685 5101/228/1684 5089/215/1672
f 5091/217/1674 5103/230/1686 5102/229/1685 5090/216/1673
f 5092/218/3641 5104/231/1687 5103/230/1686 5091/217/1674
f 5093/219/1676 5105/232/1688 5104/231/1687 5092/218/3641
f 5094/220/3642 5106/233/1689 5105/232/1688 5093/219/1676
f 5095/221/1678 5107/234/1690 5106/233/1689 5094/220/3642
f 5096/210/1668 5108/223/1680 5107/234/1690 5095/221/1678
f 5097/222/1679 5109/235/1691 5120/236/1692 5108/223/1680
f 5098/224/1681 5110/237/1693 5109/238/1691 5097/225/1679
f 5099/226/1682 5111/239/1694 5110/237/1693 5098/224/1681
f 5100/227/1683 5112/240/1695 5111/239/1694 5099/226/1682
f 5101/228/1684 5113/241/1696 5112/240/1695 5100/227/1683
f 5102/229/1685 5114/242/1697 5113/241/1696 5101/228/1684
f 5103/230/1686 5115/243/1698 5114/242/1697 5102/229/1685
f 5104/231/1687 5116/244/1699 5115/243/1698 5103/230/1686
f 5105/232/1688 5117/245/1700 5116/244/1699 5104/231/1687
f 5106/233/1689 5118/246/1701 5117/245/1700 5105/232/1688
f 5107/234/1690 5119/247/1702 5118/246/1701 5106/233/1689
f 5108/223/1680 5120/236/1692 5119/247/1702 5107/234/1690
f 5109/235/1691 5121/248/3643 5132/249/1704 5120/236/1692
f 5110/237/1693 5122/250/1705 5121/251/3643 5109/238/1691
f 5111/239/1694 5123/252/3644 5122/250/1705 5110/237/1693
f 5112/240/1695 5124/253/1707 5123/252/3644 5111/239/1694
f 5113/241/1696 5125/254/1708 5124/253/1707 5112/240/1695
f 5114/242/1697 5126/255/1709 5125/254/1708 5113/241/1696
f 5115/243/1698 5127/256/1710 5126/255/1709 5114/242/1697
f 5116/244/1699 5128/257/1711 5127/256/1710 5115/243/1698
f 5117/245/1700 5129/258/1712 5128/257/1711 5116/244/1699
f 5118/246/1701 5130/259/1713 5129/258/1712 5117/245/1700
f 5119/247/1702 5131/260/1714 5130/259/1713 5118/246/1701
f 5120/236/1692 5132/249/1704 5131/260/1714 5119/247/1702
f 5121/248/3643 5133/261/1715 5144/262/3645 5132/249/1704
f 5122/250/1705 5134/263/1717 5133/264/1715 5121/251/3643
f 5123/252/3644 5135/265/1718 5134/263/1717 5122/250/1705
f 5124/253/1707 5136/266/3646 5135/265/1718 5123/252/3644
f 5125/254/1708 5137/267/1720 5136/266/3646 5124/253/1707
f 5126/255/1709 5138/268/1721 5137/267/1720 5125/254/1708
f 5127/256/1710 5139/269/1722 5138/268/1721 5126/255/1709
f 5128/257/1711 5140/270/1723 5139/269/1722 5127/256/1710
f 5129/258/1712 5141/271/1724 5140/270/1723 5128/257/1711
f 5130/259/1713 5142/272/1725 5141/271/1724 5129/258/1712
f 5131/260/1714 5143/273/1726 5142/272/1725 5130/259/1713
f 5132/249/1704 5144/262/3645 5143/273/1726 5131/260/1714
f 5133/261/1715 5145/274/1727 5156/275/1728 5144/262/3645
f 5134/263/1717 5146/276/1729 5145/277/1727 5133/264/1715
f 5135/265/1718 5147/278/1730 5146/276/1729 5134/263/1717
f 5136/266/3646 5148/279/1731 5147/278/1730 5135/265/1718
f 5137/267/1720 5149/280/1732 5148/279/1731 5136/266/3646
f 5138/268/1721 5150/281/3647 5149/280/1732 5137/267/1720
f 5139/269/1722 5151/282/1734 5150/281/3647 5138/268/1721
f 5140/270/1723 5152/283/1735 5151/282/1734 5139/269/1722
f 5141/271/1724 5153/284/1736 5152/283/1735 5140/270/1723
f 5142/272/1725 5154/285/1737 5153/284/1736 5141/271/1724
f 5143/273/1726 5155/286/1738 5154/285/1737 5142/272/1725
f 5144/262/3645 5156/275/1728 5155/286/1738 5143/273/1726
f 5145/274/1727 5157/287/1739 5168/288/1740 5156/275/1728
f 5146/276/1729 5158/289/1741 5157/290/1739 5145/277/1727
f 5147/278/1730 5159/291/1742 5158/289/1741 5146/276/1729
f 5148/279/1731 5160/292/1743 5159/291/1742 5147/278/1730
f 5149/280/1732 5161/293/1744 5160/292/1743 5148/279/1731
f 5150/281/3647 5162/294/1745 5161/293/1744 5149/280/1732
f 5151/282/1734 5163/295/1746 5162/294/1745 5150/281/3647
f 5152/283/1735 5164/296/1747 5163/295/1746 5151/282/1734
f 5153/284/1736 5165/297/1748 5164/296/1747 5152/283/1735
f 5154/285/1737 5166/298/1749 5165/297/1748 5153/284/1736
f 5155/286/1738 5167/299/1750 5166/298/1749 5154/285/1737
f 5156/275/1728 5168/288/1740 5167/299/1750 5155/286/1738
f 5157/287/1739 5169/300/1751 5180/301/1752 5168/288/1740
f 5158/289/1741 5170/302/1753 5169/303/1751 5157/290/1739
f 5159/291/1742 5171/304/1754 5170/302/1753 5158/289/1741
f 5160/292/1743 5172/305/1755 5171/304/1754 5159/291/1742
f 5161/293/1744 5173/306/1756 5172/305/1755 5160/292/1743
f 5162/294/1745 5174/307/1757 5173/306/1756 5161/293/1744
f 5163/295/1746 5175/308/1758 5174/307/1757 5162/294/1745
f 5164/296/1747 5176/309/3648 5175/308/1758 5163/295/1746
f 5165/297/1748 5177/310/1760 5176/309/3648 5164/296/1747
f 5166/298/1749 5178/311/1761 5177/310/1760 5165/297/1748
f 5167/299/1750 5179/312/1762 5178/311/1761 5166/298/1749
f 5168/288/1740 5180/301/1752 5179/312/1762 5167/299/1750
f 5169/300/1751 5181/313/1763 5192/314/1764 5180/301/1752
f 5170/302/1753 5182/315/1765 5181/316/1763 5169/303/1751
f 5171/304/1754 5183/317/1766 5182/315/1765 5170/302/1753
f 5172/305/1755 5184/318/1767 5183/317/1766 5171/304/1754
f 5173/306/1756 5185/319/1768 5184/318/1767 5172/305/1755
f 5174/307/1757 5186/320/1769 5185/319/1768 5173/306/1756
f 5175/308/1758 5187/321/3649 5186/320/1769 5174/307/1757
f 5176/309/3648 5188/322/1771 5187/321/3649 5175/308/1758
f 5177/310/1760 5189/323/1772 5188/322/1771 5176/309/3648
f 5178/311/1761 5190/324/1773 5189/323/1772 5177/310/1760
f 5179/312/1762 5191/325/1774 5190/324/1773 5178/311/1761
f 5180/301/1752 5192/314/1764 5191/325/1774 5179/312/1762
f 5181/313/1763 5193/326/1775 5204/327/3650 5192/314/1764
f 5182/315/1765 5194/328/1777 5193/329/1775 5181/316/1763
f 5183/317/1766 5195/330/1778 5194/328/1777 5182/315/1765
f 5184/318/1767 5196/331/1779 5195/330/1778 5183/317/1766
f 5185/319/1768 5197/332/1780 5196/331/1779 5184/318/1767
f 5186/320/1769 5198/333/1781 5197/332/1780 5185/319/1768
f 5187/321/3649 5199/334/1782 5198/333/1781 5186/320/1769
f 5188/322/1771 5200/335/1783 5199/334/1782 5187/321/3649
f 5189/323/1772 5201/336/1784 5200/335/1783 5188/322/1771
f 5190/324/1773 5202/337/1785 5201/336/1784 5189/323/1772
f 5191/325/1774 5203/338/1786 5202/337/1785 5190/324/1773
f 5192/314/1764 5204/327/3650 5203/338/1786 5191/325/1774
f 5193/326/1775 5205/339/1787 5216/340/1788 5204/327/3650
f 5194/328/1777 5206/341/1789 5205/342/1787 5193/329/1775
f 5195/330/1778 5207/343/1790 5206/341/1789 5194/328/1777
f 5196/331/1779 5208/344/3651 5207/343/1790 5195/330/1778
f 5197/332/1780 5209/345/3652 5208/344/3651 5196/331/1779
f 5198/333/1781 5210/346/1793 5209/345/3652 5197/332/1780
f 5199/334/1782 5211/347/3653 5210/346/1793 5198/333/1781
f 5200/335/1783 5212/348/1795 5211/347/3653 5199/334/1782
f 5201/336/1784 5213/349/1796 5212/348/1795 5200/335/1783
f 5202/337/1785 5214/350/1797 5213/349/1796 5201/336/1784
f 5203/338/1786 5215/351/1798 5214/350/1797 5202/337/1785
f 5204/327/3650 5216/340/1788 5215/351/1798 5203/338/1786
f 5205/339/1787 5217/352/3654 5228/353/1800 5216/340/1788
f 5206/341/1789 5218/354/1801 5217/355/3654 5205/342/1787
f 5207/343/1790 5219/356/1802 5218/354/1801 5206/341/1789
f 5208/344/3651 5220/357/1803 5219/356/1802 5207/343/1790
f 5209/345/3652 5221/358/1804 5220/357/1803 5208/344/3651
f 5210/346/1793 5222/359/1805 5221/358/1804 5209/345/3652
f 5211/347/3653 5223/360/1806 5222/359/1805 5210/346/1793
f 5212/348/1795 5224/361/1807 5223/360/1806 5211/347/3653
f 5213/349/1796 5225/362/1808 5224/361/1807 5212/348/1795
f 5214/350/1797 5226/363/1809 5225/362/1808 5213/349/1796
f 5215/351/1798 5227/364/1810 5226/363/1809 5214/350/1797
f 5216/340/1788 5228/353/1800 5227/364/1810 5215/351/1798
f 5217/352/3654 5229/365/1811 5240/366/3655 5228/353/1800
f 5218/354/1801 5230/367/1813 5229/368/1811 5217/355/3654
f 5219/356/1802 5231/369/3656 5230/367/1813 5218/354/1801
f 5220/357/1803 5232/370/1815 5231/369/3656 5219/356/1802
f 5221/358/1804 5233/371/1816 5232/370/1815 5220/357/1803
f 5222/359/1805 5234/372/1817 5233/371/1816 5221/358/1804
f 5223/360/1806 5235/373/1818 5234/372/1817 5222/359/1805
f 5224/361/1807 5236/374/1819 5235/373/1818 5223/360/1806
f 5225/362/1808 5237/375/1820 5236/374/1819 5224/361/1807
f 5226/363/1809 5238/376/1821 5237/375/1820 5225/362/1808
f 5227/364/1810 5239/377/3657 5238/376/1821 5226/363/1809
f 5228/353/1800 5240/366/3655 5239/377/3657 5227/364/1810
f 5229/365/1811 5241/378/1823 5252/379/1824 5240/366/3655
f 5230/367/1813 5242/380/1825 5241/381/1823 5229/368/1811
f 5231/369/3656 5243/382/1826 5242/380/1825 5230/367/1813
f 5232/370/1815 5244/383/1827 5243/382/1826 5231/369/3656
f 5233/371/1816 5245/384/1828 5244/383/1827 5232/370/1815
f 5234/372/1817 5246/385/1829 5245/384/1828 5233/371/1816
f 5235/373/1818 5247/386/1830 5246/385/1829 5234/372/1817
f 5236/374/1819 5248/387/1831 5247/386/1830 5235/373/1818
f 5237/375/1820 5249/388/1832 5248/387/1831 5236/374/1819
f 5238/376/1821 5250/389/1833 5249/388/1832 5237/375/1820
f 5239/377/3657 5251/390/1834 5250/389/1833 5238/376/1821
f 5240/366/3655 5252/379/1824 5251/390/1834 5239/377/3657
f 5241/378/1823 5253/391/1835 5264/392/1836 5252/379/1824
f 5242/380/1825 5254/393/1837 5253/394/1835 5241/381/1823
f 5243/382/1826 5255/395/1838 5254/393/1837 5242/380/1825
f 5244/383/1827 5256/396/1839 5255/395/1838 5243/382/1826
f 5245/384/1828 5257/397/1840 5256/396/1839 5244/383/1827
f 5246/385/1829 5258/398/1841 5257/397/1840 5245/384/1828
f 5247/386/1830 5259/399/1842 5258/398/1841 5246/385/1829
f 5248/387/1831 5260/400/1843 5259/399/1842 5247/386/1830
f 5249/388/1832 5261/401/1844 5260/400/1843 5248/387/1831
f 5250/389/1833 5262/402/1845 5261/401/1844 5249/388/1832
f 5251/390/1834 5263/403/3658 5262/402/1845 5250/389/1833
f 5252/379/1824 5264/392/1836 5263/403/3658 5251/390/1834
f 5253/391/1835 5265/404/1847 5276/405/1848 5264/392/1836
f 5254/393/1837 5266/406/3659 5265/407/1847 5253/394/1835
f 5255/395/1838 5267/408/1850 5266/406/3659 5254/393/1837
f 5256/396/1839 5268/409/1851 5267/408/1850 5255/395/1838
f 5257/397/1840 5269/410/1852 5268/409/1851 5256/396/1839
f 5258/398/1841 5270/411/1853 5269/410/1852 5257/397/1840
f 5259/399/1842 5271/412/1854 5270/411/1853 5258/398/1841
f 5260/400/1843 5272/413/1855 5271/412/1854 5259/399/1842
f 5261/401/1844 5273/414/1856 5272/413/1855 5260/400/1843
f 5262/402/1845 5274/415/1857 5273/414/1856 5261/401/1844
f 5263/403/3658 5275/416/1858 5274/415/1857 5262/402/1845
f 5264/392/1836 5276/405/1848 5275/416/1858 5263/403/3658
f 5265/404/1847 5277/417/1859 5288/418/1860 5276/405/1848
f 5266/406/3659 5278/419/1861 5277/420/1859 5265/407/1847
f 5267/408/1850 5279/421/1862 5278/419/1861 5266/406/3659
f 5268/409/1851 5280/422/1863 5279/421/1862 5267/408/1850
f 5269/410/1852 5281/423/3660 5280/422/1863 5268/409/1851
f 5270/411/1853 5282/424/3661 5281/423/3660 5269/410/1852
f 5271/412/1854 5283/425/1866 5282/424/3661 5270/411/1853
f 5272/413/1855 5284/426/3662 5283/425/1866 5271/412/1854
f 5273/414/1856 5285/427/1868 5284/426/3662 5272/413/1855
f 5274/415/1857 5286/428/1869 5285/427/1868 5273/414/1856
f 5275/416/1858 5287/429/1870 5286/428/1869 5274/415/1857
f 5276/405/1848 5288/418/1860 5287/429/1870 5275/416/1858
f 5277/417/1859 5289/430/1871 5300/431/1872 5288/418/1860
f 5278/419/1861 5290/432/1873 5289/433/1871 5277/420/1859
f 5279/421/1862 5291/434/1874 5290/432/1873 5278/419/1861
f 5280/422/1863 5292/435/1875 5291/434/1874 5279/421/1862
f 5281/423/3660 5293/436/3663 5292/435/1875 5280/422/1863
f 5282/424/3661 5294/437/1877 5293/436/3663 5281/423/3660
f 5283/425/1866 5295/438/1878 5294/437/1877 5282/424/3661
f 5284/426/3662 5296/439/1879 5295/438/1878 5283/425/1866
f 5285/427/1868 5297/440/1880 5296/439/1879 5284/426/3662
f 5286/428/1869 5298/441/1881 5297/440/1880 5285/427/1868
f 5287/429/1870 5299/442/1882 5298/441/1881 5286/428/1869
f 5288/418/1860 5300/431/1872 5299/442/1882 5287/429/1870
f 5289/430/1871 5301/443/1883 5312/444/1884 5300/431/1872
f 5290/432/1873 5302/445/1885 5301/446/1883 5289/433/1871
f 5291/434/1874 5303/447/1886 5302/445/1885 5290/432/1873
f 5292/435/1875 5304/448/1887 5303/447/1886 5291/434/1874
f 5293/436/3663 5305/449/1888 5304/448/1887 5292/435/1875
f 5294/437/1877 5306/450/1889 5305/449/1888 5293/436/3663
f 5295/438/1878 5307/451/1890 5306/450/1889 5294/437/1877
f 5296/439/1879 5308/452/1891 5307/451/1890 5295/438/1878
f 5297/440/1880 5309/453/1892 5308/452/1891 5296/439/1879
f 5298/441/1881 5310/454/3664 5309/453/1892 5297/440/1880
f 5299/442/1882 5311/455/1894 5310/454/3664 5298/441/1881
f 5300/431/1872 5312/444/1884 5311/455/1894 5299/442/1882
f 5301/443/1883 5313/456/3665 5324/457/1896 5312/444/1884
f 5302/445/1885 5314/458/3666 5313/459/3665 5301/446/1883
f 5303/447/1886 5315/460/3667 5314/458/3666 5302/445/1885
f 5304/448/1887 5316/461/1899 5315/460/3667 5303/447/1886
f 5305/449/1888 5317/462/1900 5316/461/1899 5304/448/1887
f 5306/450/1889 5318/463/1901 5317/462/1900 5305/449/1888
f 5307/451/1890 5319/464/1902 5318/463/1901 5306/450/1889
f 5308/452/1891 5320/465/1903 5319/464/1902 5307/451/1890
f 5309/453/1892 5321/466/1904 5320/465/1903 5308/452/1891
f 5310/454/3664 5322/467/1905 5321/466/1904 5309/453/1892
f 5311/455/1894 5323/468/1906 5322/467/1905 5310/454/3664
f 5312/444/1884 5324/457/1896 5323/468/1906 5311/455/1894
f 5313/456/3665 5325/469/1907 5336/470/1908 5324/457/1896
f 5314/458/3666 5326/471/3668 5325/472/1907 5313/459/3665
f 5315/460/3667 5327/473/1910 5326/471/3668 5314/458/3666
f 5316/461/1899 5328/474/3669 5327/473/1910 5315/460/3667
f 5317/462/1900 5329/475/1912 5328/474/3669 5316/461/1899
f 5318/463/1901 5330/476/1913 5329/475/1912 5317/462/1900
f 5319/464/1902 5331/477/1914 5330/476/1913 5318/463/1901
f 5320/465/1903 5332/478/1915 5331/477/1914 5319/464/1902
f 5321/466/1904 5333/479/1916 5332/478/1915 5320/465/1903
f 5322/467/1905 5334/480/1917 5333/479/1916 5321/466/1904
f 5323/468/1906 5335/481/1918 5334/480/1917 5322/467/1905
f 5324/457/1896 5336/470/1908 5335/481/1918 5323/468/1906
f 5337/1/1919 5349/482/1920 5360/483/1921 5348/4/1922
f 5338/5/1923 5350/484/1924 5349/485/1920 5337/8/1919
f 5339/9/3670 5351/486/1926 5350/484/1924 5338/5/1923
f 5340/11/1927 5352/487/1928 5351/486/1926 5339/9/3670
f 5341/13/1929 5353/488/1930 5352/487/1928 5340/11/1927
f 5342/15/1931 5354/489/1932 5353/488/1930 5341/13/1929
f 5343/17/1933 5355/490/1934 5354/489/1932 5342/15/1931
f 5344/19/1935 5356/491/1936 5355/490/1934 5343/17/1933
f 5345/21/1937 5357/492/1938 5356/491/1936 5344/19/1935
f 5346/23/1939 5358/493/1940 5357/492/1938 5345/21/1937
f 5347/25/1941 5359/494/1942 5358/493/1940 5346/23/1939
f 5348/4/1922 5360/483/1921 5359/494/1942 5347/25/1941
f 5349/482/1920 5361/495/1943 5372/496/1944 5360/483/1921
f 5350/484/1924 5362/497/3671 5361/498/1943 5349/485/1920
f 5351/486/1926 5363/499/1946 5362/497/3671 5350/484/1924
f 5352/487/1928 5364/500/1947 5363/499/1946 5351/486/1926
f 5353/488/1930 5365/501/1948 5364/500/1947 5352/487/1928
f 5354/489/1932 5366/502/1949 5365/501/1948 5353/488/1930
f 5355/490/1934 5367/503/1950 5366/502/1949 5354/489/1932
f 5356/491/1936 5368/504/1951 5367/503/1950 5355/490/1934
f 5357/492/1938 5369/505/1952 5368/504/1951 5356/491/1936
f 5358/493/1940 5370/506/1953 5369/505/1952 5357/492/1938
f 5359/494/1942 5371/507/3672 5370/506/1953 5358/493/1940
f 5360/483/1921 5372/496/1944 5371/507/3672 5359/494/1942
f 5361/495/1943 5373/508/1955 5384/509/3673 5372/496/1944
f 5362/497/3671 5374/510/1957 5373/511/1955 5361/498/1943
f 5363/499/1946 5375/512/1958 5374/510/1957 5362/497/3671
f 5364/500/1947 5376/513/1959 5375/512/1958 5363/499/1946
f 5365/501/1948 5377/514/3674 5376/513/1959 5364/500/1947
f 5366/502/1949 5378/515/1961 5377/514/3674 5365/501/1948
f 5367/503/1950 5379/516/1962 5378/515/1961 5366/502/1949
f 5368/504/1951 5380/517/1963 5379/516/1962 5367/503/1950
f 5369/505/1952 5381/518/1964 5380/517/1963 5368/504/1951
f 5370/506/1953 5382/519/1965 5381/518/1964 5369/505/1952
f 5371/507/3672 5383/520/1966 5382/519/1965 5370/506/1953
f 5372/496/1944 5384/509/3673 5383/520/1966 5371/507/3672
f 5373/508/1955 5385/40/1967 5396/41/1968 5384/509/3673
f 5374/510/1957 5386/42/3675 5385/43/1967 5373/511/1955
f 5375/512/1958 5387/44/1970 5386/42/3675 5374/510/1957
f 5376/513/1959 5388/45/1971 5387/44/1970 5375/512/1958
f 5377/514/3674 5389/46/3676 5388/45/1971 5376/513/1959
f 5378/515/1961 5390/47/1973 5389/46/3676 5377/514/3674
f 5379/516/1962 5391/48/1974 5390/47/1973 5378/515/1961
f 5380/517/1963 5392/49/1975 5391/48/1974 5379/516/1962
f 5381/518/1964 5393/50/3677 5392/49/1975 5380/517/1963
f 5382/519/1965 5394/51/1977 5393/50/3677 5381/518/1964
f 5383/520/1966 5395/52/1978 5394/51/1977 5382/519/1965
f 5384/509/3673 5396/41/1968 5395/52/1978 5383/520/1966
f 5385/40/1967 5397/521/1979 5408/522/3678 5396/41/1968
f 5386/42/3675 5398/523/1981 5397/524/1979 5385/43/1967
f 5387/44/1970 5399/525/1982 5398/523/1981 5386/42/3675
f 5388/45/1971 5400/526/1983 5399/525/1982 5387/44/1970
f 5389/46/3676 5401/527/1984 5400/526/1983 5388/45/1971
f 5390/47/1973 5402/528/1985 5401/527/1984 5389/46/3676
f 5391/48/1974 5403/529/1986 5402/528/1985 5390/47/1973
f 5392/49/1975 5404/530/3679 5403/529/1986 5391/48/1974
f 5393/50/3677 5405/531/1988 5404/530/3679 5392/49/1975
f 5394/51/1977 5406/532/1989 5405/531/1988 5393/50/3677
f 5395/52/1978 5407/533/1990 5406/532/1989 5394/51/1977
f 5396/41/1968 5408/522/3678 5407/533/1990 5395/52/1978
f 5397/521/1979 5409/534/3680 5420/535/1992 5408/522/3678
f 5398/523/1981 5410/536/1993 5409/537/3680 5397/524/1979
f 5399/525/1982 5411/538/1994 5410/536/1993 5398/523/1981
f 5400/526/1983 5412/539/1995 5411/538/1994 5399/525/1982
f 5401/527/1984 5413/540/1996 5412/539/1995 5400/526/1983
f 5402/528/1985 5414/541/3681 5413/540/1996 5401/527/1984
f 5403/529/1986 5415/542/3682 5414/541/3681 5402/528/1985
f 5404/530/3679 5416/543/1999 5415/542/3682 5403/529/1986
f 5405/531/1988 5417/544/2000 5416/543/1999 5404/530/3679
f 5406/532/1989 5418/545/2001 5417/544/2000 5405/531/1988
f 5407/533/1990 5419/546/2002 5418/545/2001 5406/532/1989
f 5408/522/3678 5420/535/1992 5419/546/2002 5407/533/1990
f 5409/534/3680 5421/547/2003 5432/548/2004 5420/535/1992
f 5410/536/1993 5422/549/2005 5421/550/2003 5409/537/3680
f 5411/538/1994 5423/551/2006 5422/549/2005 5410/536/1993
f 5412/539/1995 5424/552/2007 5423/551/2006 5411/538/1994
f 5413/540/1996 5425/553/2008 5424/552/2007 5412/539/1995
f 5414/541/3681 5426/554/2009 5425/553/2008 5413/540/1996
f 5415/542/3682 5427/555/2010 5426/554/2009 5414/541/3681
f 5416/543/1999 5428/556/2011 5427/555/2010 5415/542/3682
f 5417/544/2000 5429/557/2012 5428/556/2011 5416/543/1999
f 5418/545/2001 5430/558/2013 5429/557/2012 5417/544/2000
f 5419/546/2002 5431/559/2014 5430/558/2013 5418/545/2001
f 5420/535/1992 5432/548/2004 5431/559/2014 5419/546/2002
f 5421/547/2003 5433/79/2015 5444/80/2016 5432/548/2004
f 5422/549/2005 5434/81/2017 5433/82/2015 5421/550/2003
f 5423/551/2006 5435/83/3683 5434/81/2017 5422/549/2005
f 5424/552/2007 5436/84/3684 5435/83/3683 5423/551/2006
f 5425/553/2008 5437/85/2020 5436/84/3684 5424/552/2007
f 5426/554/2009 5438/86/2021 5437/85/2020 5425/553/2008
f 5427/555/2010 5439/87/2022 5438/86/2021 5426/554/2009
f 5428/556/2011 5440/88/2023 5439/87/2022 5427/555/2010
f 5429/557/2012 5441/89/2024 5440/88/2023 5428/556/2011
f 5430/558/2013 5442/90/2025 5441/89/2024 5429/557/2012
f 5431/559/2014 5443/91/3685 5442/90/2025 5430/558/2013
f 5432/548/2004 5444/80/2016 5443/91/3685 5431/559/2014
f 5433/79/2015 5445/560/2027 5456/561/2028 5444/80/2016
f 5434/81/2017 5446/562/2029 5445/563/2027 5433/82/2015
f 5435/83/3683 5447/564/2030 5446/562/2029 5434/81/2017
f 5436/84/3684 5448/565/2031 5447/564/2030 5435/83/3683
f 5437/85/2020 5449/566/3686 5448/565/2031 5436/84/3684
f 5438/86/2021 5450/567/2033 5449/566/3686 5437/85/2020
f 5439/87/2022 5451/568/2034 5450/567/2033 5438/86/2021
f 5440/88/2023 5452/569/2035 5451/568/2034 5439/87/2022
f 5441/89/2024 5453/570/2036 5452/569/2035 5440/88/2023
f 5442/90/2025 5454/571/2037 5453/570/2036 5441/89/2024
f 5443/91/3685 5455/572/2038 5454/571/2037 5442/90/2025
f 5444/80/2016 5456/561/2028 5455/572/2038 5443/91/3685
f 5445/560/2027 5457/573/2039 5468/574/2040 5456/561/2028
f 5446/562/2029 5458/575/2041 5457/576/2039 5445/563/2027
f 5447/564/2030 5459/577/2042 5458/575/2041 5446/562/2029
f 5448/565/2031 5460/578/2043 5459/577/2042 5447/564/2030
f 5449/566/3686 5461/579/2044 5460/578/2043 5448/565/2031
f 5450/567/2033 5462/580/2045 5461/579/2044 5449/566/3686
f 5451/568/2034 5463/581/2046 5462/580/2045 5450/567/2033
f 5452/569/2035 5464/582/2047 5463/581/2046 5451/568/2034
f 5453/570/2036 5465/583/2048 5464/582/2047 5452/569/2035
f 5454/571/2037 5466/584/2049 5465/583/2048 5453/570/2036
f 5455/572/2038 5467/585/3687 5466/584/2049 5454/571/2037
f 5456/561/2028 5468/574/2040 5467/585/3687 5455/572/2038
f 5457/573/2039 5469/586/2051 5480/587/3688 5468/574/2040
f 5458/575/2041 5470/588/2053 5469/589/2051 5457/576/2039
f 5459/577/2042 5471/590/2054 5470/588/2053 5458/575/2041
f 5460/578/2043 5472/591/2055 5471/590/2054 5459/577/2042
f 5461/579/2044 5473/592/2056 5472/591/2055 5460/578/2043
f 5462/580/2045 5474/593/2057 5473/592/2056 5461/579/2044
f 5463/581/2046 5475/594/2058 5474/593/2057 5462/580/2045
f 5464/582/2047 5476/595/2059 5475/594/2058 5463/581/2046
f 5465/583/2048 5477/596/2060 5476/595/2059 5464/582/2047
f 5466/584/2049 5478/597/2061 5477/596/2060 5465/583/2048
f 5467/585/3687 5479/598/2062 5478/597/2061 5466/584/2049
f 5468/574/2040 5480/587/3688 5479/598/2062 5467/585/3687
f 5469/586/2051 5481/118/2063 5492/119/2064 5480/587/3688
f 5470/588/2053 5482/120/2065 5481/121/2063 5469/589/2051
f 5471/590/2054 5483/122/2066 5482/120/2065 5470/588/2053
f 5472/591/2055 5484/123/2067 5483/122/2066 5471/590/2054
f 5473/592/2056 5485/124/2068 5484/123/2067 5472/591/2055
f 5474/593/2057 5486/125/2069 5485/124/2068 5473/592/2056
f 5475/594/2058 5487/126/3689 5486/125/2069 5474/593/2057
f 5476/595/2059 5488/127/2071 5487/126/3689 5475/594/2058
f 5477/596/2060 5489/128/3690 5488/127/2071 5476/595/2059
f 5478/597/2061 5490/129/2073 5489/128/3690 5477/596/2060
f 5479/598/2062 5491/130/2074 5490/129/2073 5478/597/2061
f 5480/587/3688 5492/119/2064 5491/130/2074 5479/598/2062
f 5481/118/2063 5493/599/2075 5504/600/2076 5492/119/2064
f 5482/120/2065 5494/601/2077 5493/602/2075 5481/121/2063
f 5483/122/2066 5495/603/2078 5494/601/2077 5482/120/2065
f 5484/123/2067 5496/604/3691 5495/603/2078 5483/122/2066
f 5485/124/2068 5497/605/2080 5496/604/3691 5484/123/2067
f 5486/125/2069 5498/606/2081 5497/605/2080 5485/124/2068
f 5487/126/3689 5499/607/3692 5498/606/2081 5486/125/2069
f 5488/127/2071 5500/608/2083 5499/607/3692 5487/126/3689
f 5489/128/3690 5501/609/2084 5500/608/2083 5488/127/2071
f 5490/129/2073 5502/610/2085 5501/609/2084 5489/128/3690
f 5491/130/2074 5503/611/3693 5502/610/2085 5490/129/2073
f 5492/119/2064 5504/600/2076 5503/611/3693 5491/130/2074
f 5493/599/2075 5505/612/2087 5516/613/2088 5504/600/2076
f 5494/601/2077 5506/614/2089 5505/615/2087 5493/602/2075
f 5495/603/2078 5507/616/2090 5506/614/2089 5494/601/2077
f 5496/604/3691 5508/617/2091 5507/616/2090 5495/603/2078
f 5497/605/2080 5509/618/2092 5508/617/2091 5496/604/3691
f 5498/606/2081 5510/619/2093 5509/618/2092 5497/605/2080
f 5499/607/3692 5511/620/2094 5510/619/2093 5498/606/2081
f 5500/608/2083 5512/621/2095 5511/620/2094 5499/607/3692
f 5501/609/2084 5513/622/2096 5512/621/2095 5500/608/2083
f 5502/610/2085 5514/623/2097 5513/622/2096 5501/609/2084
f 5503/611/3693 5515/624/2098 5514/623/2097 5502/610/2085
f 5504/600/2076 5516/613/2088 5515/624/2098 5503/611/3693
f 5505/612/2087 5517/625/2099 5528/626/2100 5516/613/2088
f 5506/614/2089 5518/627/2101 5517/628/2099 5505/615/2087
f 5507/616/2090 5519/629/2102 5518/627/2101 5506/614/2089
f 5508/617/2091 5520/630/2103 5519/629/2102 5507/616/2090
f 5509/618/2092 5521/631/2104 5520/630/2103 5508/617/2091
f 5510/619/2093 5522/632/2105 5521/631/2104 5509/618/2092
f 5511/620/2094 5523/633/2106 5522/632/2105 5510/619/2093
f 5512/621/2095 5524/634/3694 5523/633/2106 5511/620/2094
f 5513/622/2096 5525/635/2108 5524/634/3694 5512/621/2095
f 5514/623/2097 5526/636/2109 5525/635/2108 5513/622/2096
f 5515/624/2098 5527/637/2110 5526/636/2109 5514/623/2097
f 5516/613/2088 5528/626/2100 5527/637/2110 5515/624/2098
f 5517/625/2099 5529/157/2111 5540/158/2112 5528/626/2100
f 5518/627/2101 5530/159/2113 5529/160/2111 5517/628/2099
f 5519/629/2102 5531/161/2114 5530/159/2113 5518/627/2101
f 5520/630/2103 5532/162/3695 5531/161/2114 5519/629/2102
f 5521/631/2104 5533/163/2116 5532/162/3695 5520/630/2103
f 5522/632/2105 5534/164/2117 5533/163/2116 5521/631/2104
f 5523/633/2106 5535/165/2118 5534/164/2117 5522/632/2105
f 5524/634/3694 5536/166/2119 5535/165/2118 5523/633/2106
f 5525/635/2108 5537/167/2120 5536/166/2119 5524/634/3694
f 5526/636/2109 5538/168/2121 5537/167/2120 5525/635/2108
f 5527/637/2110 5539/169/2122 5538/168/2121 5526/636/2109
f 5528/626/2100 5540/158/2112 5539/169/2122 5527/637/2110
f 5529/157/2111 5541/638/2123 5552/639/2124 5540/158/2112
f 5530/159/2113 5542/640/2125 5541/641/2123 5529/160/2111
f 5531/161/2114 5543/642/2126 5542/640/2125 5530/159/2113
f 5532/162/3695 5544/643/2127 5543/642/2126 5531/161/2114
f 5533/163/2116 5545/644/2128 5544/643/2127 5532/162/3695
f 5534/164/2117 5546/645/2129 5545/644/2128 5533/163/2116
f 5535/165/2118 5547/646/2130 5546/645/2129 5534/164/2117
f 5536/166/2119 5548/647/2131 5547/646/2130 5535/165/2118
f 5537/167/2120 5549/648/2132 5548/647/2131 5536/166/2119
f 5538/168/2121 5550/649/2133 5549/648/2132 5537/167/2120
f 5539/169/2122 5551/650/3696 5550/649/2133 5538/168/2121
f 5540/158/2112 5552/639/2124 5551/650/3696 5539/169/2122
f 5541/638/2123 5553/651/2135 5564/652/2136 5552/639/2124
f 5542/640/2125 5554/653/2137 5553/654/2135 5541/641/2123
f 5543/642/2126 5555/655/2138 5554/653/2137 5542/640/2125
f 5544/643/2127 5556/656/2139 5555/655/2138 5543/642/2126
f 5545/644/2128 5557/657/2140 5556/656/2139 5544/643/2127
f 5546/645/2129 5558/658/2141 5557/657/2140 5545/644/2128
f 5547/646/2130 5559/659/2142 5558/658/2141 5546/645/2129
f 5548/647/2131 5560/660/2143 5559/659/2142 5547/646/2130
f 5549/648/2132 5561/661/2144 5560/660/2143 5548/647/2131
f 5550/649/2133 5562/662/3697 5561/661/2144 5549/648/2132
f 5551/650/3696 5563/663/2146 5562/662/3697 5550/649/2133
f 5552/639/2124 5564/652/2136 5563/663/2146 5551/650/3696
f 5553/651/2135 5565/664/2147 5576/665/2148 5564/652/2136
f 5554/653/2137 5566/666/2149 5565/667/2147 5553/654/2135
f 5555/655/2138 5567/668/2150 5566/666/2149 5554/653/2137
f 5556/656/2139 5568/669/2151 5567/668/2150 5555/655/2138
f 5557/657/2140 5569/670/2152 5568/669/2151 5556/656/2139
f 5558/658/2141 5570/671/2153 5569/670/2152 5557/657/2140
f 5559/659/2142 5571/672/2154 5570/671/2153 5558/658/2141
f 5560/660/2143 5572/673/2155 5571/672/2154 5559/659/2142
f 5561/661/2144 5573/674/2156 5572/673/2155 5560/660/2143
f 5562/662/3697 5574/675/2157 5573/674/2156 5561/661/2144
f 5563/663/2146 5575/676/2158 5574/675/2157 5562/662/3697
f 5564/652/2136 5576/665/2148 5575/676/2158 5563/663/2146
f 5565/664/2147 5577/196/2159 5588/197/2160 5576/665/2148
f 5566/666/2149 5578/198/2161 5577/199/2159 5565/667/2147
f 5567/668/2150 5579/200/2162 5578/198/2161 5566/666/2149
f 5568/669/2151 5580/201/2163 5579/200/2162 5567/668/2150
f 5569/670/2152 5581/202/2164 5580/201/2163 5568/669/2151
f 5570/671/2153 5582/203/2165 5581/202/2164 5569/670/2152
f 5571/672/2154 5583/204/2166 5582/203/2165 5570/671/2153
f 5572/673/2155 5584/205/2167 5583/204/2166 5571/672/2154
f 5573/674/2156 5585/206/2168 5584/205/2167 5572/673/2155
f 5574/675/2157 5586/207/3698 5585/206/2168 5573/674/2156
f 5575/676/2158 5587/208/2170 5586/207/3698 5574/675/2157
f 5576/665/2148 5588/197/2160 5587/208/2170 5575/676/2158
f 5577/196/2159 5589/677/3699 5600/678/2172 5588/197/2160
f 5578/198/2161 5590/679/2173 5589/680/3699 5577/199/2159
f 5579/200/2162 5591/681/2174 5590/679/2173 5578/198/2161
f 5580/201/2163 5592/682/2175 5591/681/2174 5579/200/2162
f 5581/202/2164 5593/683/2176 5592/682/2175 5580/201/2163
f 5582/203/2165 5594/684/2177 5593/683/2176 5581/202/2164
f 5583/204/2166 5595/685/2178 5594/684/2177 5582/203/2165
f 5584/205/2167 5596/686/2179 5595/685/2178 5583/204/2166
f 5585/206/2168 5597/687/3700 5596/686/2179 5584/205/2167
f 5586/207/3698 5598/688/2181 5597/687/3700 5585/206/2168
f 5587/208/2170 5599/689/3701 5598/688/2181 5586/207/3698
f 5588/197/2160 5600/678/2172 5599/689/3701 5587/208/2170
f 5589/677/3699 5601/690/3702 5612/691/2184 5600/678/2172
f 5590/679/2173 5602/692/2185 5601/693/3702 5589/680/3699
f 5591/681/2174 5603/694/2186 5602/692/2185 5590/679/2173
f 5592/682/2175 5604/695/3703 5603/694/2186 5591/681/2174
f 5593/683/2176 5605/696/3704 5604/695/3703 5592/682/2175
f 5594/684/2177 5606/697/2189 5605/696/3704 5593/683/2176
f 5595/685/2178 5607/698/2190 5606/697/2189 5594/684/2177
f 5596/686/2179 5608/699/2191 5607/698/2190 5595/685/2178
f 5597/687/3700 5609/700/2192 5608/699/2191 5596/686/2179
f 5598/688/2181 5610/701/2193 5609/700/2192 5597/687/3700
f 5599/689/3701 5611/702/2194 5610/701/2193 5598/688/2181
f 5600/678/2172 5612/691/2184 5611/702/2194 5599/689/3701
f 5601/690/3702 5613/703/2195 5624/704/2196 5612/691/2184
f 5602/692/2185 5614/705/2197 5613/706/2195 5601/693/3702
f 5603/694/2186 5615/707/2198 5614/705/2197 5602/692/2185
f 5604/695/3703 5616/708/2199 5615/707/2198 5603/694/2186
f 5605/696/3704 5617/709/3705 5616/708/2199 5604/695/3703
f 5606/697/2189 5618/710/2201 5617/709/3705 5605/696/3704
f 5607/698/2190 5619/711/3706 5618/710/2201 5606/697/2189
f 5608/699/2191 5620/712/3707 5619/711/3706 5607/698/2190
f 5609/700/2192 5621/713/3708 5620/712/3707 5608/699/2191
f 5610/701/2193 5622/714/2205 5621/713/3708 5609/700/2192
f 5611/702/2194 5623/715/2206 5622/714/2205 5610/701/2193
f 5612/691/2184 5624/704/2196 5623/715/2206 5611/702/2194
f 5613/703/2195 5625/235/2207 5636/236/3709 5624/704/2196
f 5614/705/2197 5626/237/2209 5625/238/2207 5613/706/2195
f 5615/707/2198 5627/239/2210 5626/237/2209 5614/705/2197
f 5616/708/2199 5628/240/2211 5627/239/2210 5615/707/2198
f 5617/709/3705 5629/241/2212 5628/240/2211 5616/708/2199
f 5618/710/2201 5630/242/2213 5629/241/2212 5617/709/3705
f 5619/711/3706 5631/243/2214 5630/242/2213 5618/710/2201
f 5620/712/3707 5632/244/2215 5631/243/2214 5619/711/3706
f 5621/713/3708 5633/245/2216 5632/244/2215 5620/712/3707
f 5622/714/2205 5634/246/2217 5633/245/2216 5621/713/3708
f 5623/715/2206 5635/247/3710 5634/246/2217 5622/714/2205
f 5624/704/2196 5636/236/3709 5635/247/3710 5623/715/2206
f 5625/235/2207 5637/716/2219 5648/717/2220 5636/236/3709
f 5626/237/2209 5638/718/2221 5637/719/2219 5625/238/2207
f 5627/239/2210 5639/720/2222 5638/718/2221 5626/237/2209
f 5628/240/2211 5640/721/2223 5639/720/2222 5627/239/2210
f 5629/241/2212 5641/722/2224 5640/721/2223 5628/240/2211
f 5630/242/2213 5642/723/2225 5641/722/2224 5629/241/2212
f 5631/243/2214 5643/724/3711 5642/723/2225 5630/242/2213
f 5632/244/2215 5644/725/2227 5643/724/3711 5631/243/2214
f 5633/245/2216 5645/726/2228 5644/725/2227 5632/244/2215
f 5634/246/2217 5646/727/3712 5645/726/2228 5633/245/2216
f 5635/247/3710 5647/728/2230 5646/727/3712 5634/246/2217
f 5636/236/3709 5648/717/2220 5647/728/2230 5635/247/3710
f 5637/716/2219 5649/729/3713 5660/730/2232 5648/717/2220
f 5638/718/2221 5650/731/2233 5649/732/3713 5637/719/2219
f 5639/720/2222 5651/733/2234 5650/731/2233 5638/718/2221
f 5640/721/2223 5652/734/3714 5651/733/2234 5639/720/2222
f 5641/722/2224 5653/735/2236 5652/734/3714 5640/721/2223
f 5642/723/2225 5654/736/2237 5653/735/2236 5641/722/2224
f 5643/724/3711 5655/737/2238 5654/736/2237 5642/723/2225
f 5644/725/2227 5656/738/3715 5655/737/2238 5643/724/3711
f 5645/726/2228 5657/739/2240 5656/738/3715 5644/725/2227
f 5646/727/3712 5658/740/2241 5657/739/2240 5645/726/2228
f 5647/728/2230 5659/741/2242 5658/740/2241 5646/727/3712
f 5648/717/2220 5660/730/2232 5659/741/2242 5647/728/2230
f 5649/729/3713 5661/742/3716 5672/743/2244 5660/730/2232
f 5650/731/2233 5662/744/2245 5661/745/3716 5649/732/3713
f 5651/733/2234 5663/746/2246 5662/744/2245 5650/731/2233
f 5652/734/3714 5664/747/2247 5663/746/2246 5651/733/2234
f 5653/735/2236 5665/748/2248 5664/747/2247 5652/734/3714
f 5654/736/2237 5666/749/2249 5665/748/2248 5653/735/2236
f 5655/737/2238 5667/750/2250 5666/749/2249 5654/736/2237
f 5656/738/3715 5668/751/2251 5667/750/2250 5655/737/2238
f 5657/739/2240 5669/752/2252 5668/751/2251 5656/738/3715
f 5658/740/2241 5670/753/2253 5669/752/2252 5657/739/2240
f 5659/741/2242 5671/754/2254 5670/753/2253 5658/740/2241
f 5660/730/2232 5672/743/2244 5671/754/2254 5659/741/2242
f 5661/742/3716 5673/274/3717 5684/275/2256 5672/743/2244
f 5662/744/2245 5674/276/2257 5673/277/3717 5661/745/3716
f 5663/746/2246 5675/278/2258 5674/276/2257 5662/744/2245
f 5664/747/2247 5676/279/2259 5675/278/2258 5663/746/2246
f 5665/748/2248 5677/280/3718 5676/279/2259 5664/747/2247
f 5666/749/2249 5678/281/2261 5677/280/3718 5665/748/2248
f 5667/750/2250 5679/282/2262 5678/281/2261 5666/749/2249
f 5668/751/2251 5680/283/3719 5679/282/2262 5667/750/2250
f 5669/752/2252 5681/284/2264 5680/283/3719 5668/751/2251
f 5670/753/2253 5682/285/2265 5681/284/2264 5669/752/2252
f 5671/754/2254 5683/286/2266 5682/285/2265 5670/753/2253
f 5672/743/2244 5684/275/2256 5683/286/2266 5671/754/2254
f 5673/274/3717 5685/755/2267 5696/756/2268 5684/275/2256
f 5674/276/2257 5686/757/2269 5685/758/2267 5673/277/3717
f 5675/278/2258 5687/759/2270 5686/757/2269 5674/276/2257
f 5676/279/2259 5688/760/2271 5687/759/2270 5675/278/2258
f 5677/280/3718 5689/761/2272 5688/760/2271 5676/279/2259
f 5678/281/2261 5690/762/2273 5689/761/2272 5677/280/3718
f 5679/282/2262 5691/763/2274 5690/762/2273 5678/281/2261
f 5680/283/3719 5692/764/2275 5691/763/2274 5679/282/2262
f 5681/284/2264 5693/765/2276 5692/764/2275 5680/283/3719
f 5682/285/2265 5694/766/2277 5693/765/2276 5681/284/2264
f 5683/286/2266 5695/767/2278 5694/766/2277 5682/285/2265
f 5684/275/2256 5696/756/2268 5695/767/2278 5683/286/2266
f 5685/755/2267 5697/768/2279 5708/769/3720 5696/756/2268
f 5686/757/2269 5698/770/2281 5697/771/2279 5685/758/2267
f 5687/759/2270 5699/772/2282 5698/770/2281 5686/757/2269
f 5688/760/2271 5700/773/2283 5699/772/2282 5687/759/2270
f 5689/761/2272 5701/774/2284 5700/773/2283 5688/760/2271
f 5690/762/2273 5702/775/3721 5701/774/2284 5689/761/2272
f 5691/763/2274 5703/776/2286 5702/775/3721 5690/762/2273
f 5692/764/2275 5704/777/2287 5703/776/2286 5691/763/2274
f 5693/765/2276 5705/778/2288 5704/777/2287 5692/764/2275
f 5694/766/2277 5706/779/2289 5705/778/2288 5693/765/2276
f 5695/767/2278 5707/780/2290 5706/779/2289 5694/766/2277
f 5696/756/2268 5708/769/3720 5707/780/2290 5695/767/2278
f 5697/768/2279 5709/781/2291 5720/782/2292 5708/769/3720
f 5698/770/2281 5710/783/3722 5709/784/2291 5697/771/2279
f 5699/772/2282 5711/785/2294 5710/783/3722 5698/770/2281
f 5700/773/2283 5712/786/2295 5711/785/2294 5699/772/2282
f 5701/774/2284 5713/787/2296 5712/786/2295 5700/773/2283
f 5702/775/3721 5714/788/2297 5713/787/2296 5701/774/2284
f 5703/776/2286 5715/789/2298 5714/788/2297 5702/775/3721
f 5704/777/2287 5716/790/3723 5715/789/2298 5703/776/2286
f 5705/778/2288 5717/791/2300 5716/790/3723 5704/777/2287
f 5706/779/2289 5718/792/2301 5717/791/2300 5705/778/2288
f 5707/780/2290 5719/793/2302 5718/792/2301 5706/779/2289
f 5708/769/3720 5720/782/2292 5719/793/2302 5707/780/2290
f 5709/781/2291 5721/313/2303 5732/314/2304 5720/782/2292
f 5710/783/3722 5722/315/3724 5721/316/2303 5709/784/2291
f 5711/785/2294 5723/317/3725 5722/315/3724 5710/783/3722
f 5712/786/2295 5724/318/2307 5723/317/3725 5711/785/2294
f 5713/787/2296 5725/319/2308 5724/318/2307 5712/786/2295
f 5714/788/2297 5726/320/2309 5725/319/2308 5713/787/2296
f 5715/789/2298 5727/321/2310 5726/320/2309 5714/788/2297
f 5716/790/3723 5728/322/2311 5727/321/2310 5715/789/2298
f 5717/791/2300 5729/323/2312 5728/322/2311 5716/790/3723
f 5718/792/2301 5730/324/2313 5729/323/2312 5717/791/2300
f 5719/793/2302 5731/325/2314 5730/324/2313 5718/792/2301
f 5720/782/2292 5732/314/2304 5731/325/2314 5719/793/2302
f 5721/313/2303 5733/794/2315 5744/795/2316 5732/314/2304
f 5722/315/3724 5734/796/3726 5733/797/2315 5721/316/2303
f 5723/317/3725 5735/798/2318 5734/796/3726 5722/315/3724
f 5724/318/2307 5736/799/2319 5735/798/2318 5723/317/3725
f 5725/319/2308 5737/800/2320 5736/799/2319 5724/318/2307
f 5726/320/2309 5738/801/2321 5737/800/2320 5725/319/2308
f 5727/321/2310 5739/802/2322 5738/801/2321 5726/320/2309
f 5728/322/2311 5740/803/2323 5739/802/2322 5727/321/2310
f 5729/323/2312 5741/804/2324 5740/803/2323 5728/322/2311
f 5730/324/2313 5742/805/2325 5741/804/2324 5729/323/2312
f 5731/325/2314 5743/806/2326 5742/805/2325 5730/324/2313
f 5732/314/2304 5744/795/2316 5743/806/2326 5731/325/2314
f 5733/794/2315 5745/807/2327 5756/808/2328 5744/795/2316
f 5734/796/3726 5746/809/2329 5745/810/2327 5733/797/2315
f 5735/798/2318 5747/811/2330 5746/809/2329 5734/796/3726
f 5736/799/2319 5748/812/2331 5747/811/2330 5735/798/2318
f 5737/800/2320 5749/813/3727 5748/812/2331 5736/799/2319
f 5738/801/2321 5750/814/2333 5749/813/3727 5737/800/2320
f 5739/802/2322 5751/815/2334 5750/814/2333 5738/801/2321
f 5740/803/2323 5752/816/2335 5751/815/2334 5739/802/2322
f 5741/804/2324 5753/817/2336 5752/816/2335 5740/803/2323
f 5742/805/2325 5754/818/2337 5753/817/2336 5741/804/2324
f 5743/806/2326 5755/819/3728 5754/818/2337 5742/805/2325
f 5744/795/2316 5756/808/2328 5755/819/3728 5743/806/2326
f 5745/807/2327 5757/820/2339 5768/821/2340 5756/808/2328
f 5746/809/2329 5758/822/3729 5757/823/2339 5745/810/2327
f 5747/811/2330 5759/824/2342 5758/822/3729 5746/809/2329
f 5748/812/2331 5760/825/2343 5759/824/2342 5747/811/2330
f 5749/813/3727 5761/826/3730 5760/825/2343 5748/812/2331
f 5750/814/2333 5762/827/2345 5761/826/3730 5749/813/3727
f 5751/815/2334 5763/828/3731 5762/827/2345 5750/814/2333
f 5752/816/2335 5764/829/2347 5763/828/3731 5751/815/2334
f 5753/817/2336 5765/830/2348 5764/829/2347 5752/816/2335
f 5754/818/2337 5766/831/2349 5765/830/2348 5753/817/2336
f 5755/819/3728 5767/832/2350 5766/831/2349 5754/818/2337
f 5756/808/2328 5768/821/2340 5767/832/2350 5755/819/3728
f 5757/820/2339 5769/352/2351 5780/353/3732 5768/821/2340
f 5758/822/3729 5770/354/2353 5769/355/2351 5757/823/2339
f 5759/824/2342 5771/356/2354 5770/354/2353 5758/822/3729
f 5760/825/2343 5772/357/2355 5771/356/2354 5759/824/2342
f 5761/826/3730 5773/358/2356 5772/357/2355 5760/825/2343
f 5762/827/2345 5774/359/3733 5773/358/2356 5761/826/3730
f 5763/828/3731 5775/360/3734 5774/359/3733 5762/827/2345
f 5764/829/2347 5776/361/2359 5775/360/3734 5763/828/3731
f 5765/830/2348 5777/362/2360 5776/361/2359 5764/829/2347
f 5766/831/2349 5778/363/3735 5777/362/2360 5765/830/2348
f 5767/832/2350 5779/364/2362 5778/363/3735 5766/831/2349
f 5768/821/2340 5780/353/3732 5779/364/2362 5767/832/2350
f 5769/352/2351 5781/833/2363 5792/834/2364 5780/353/3732
f 5770/354/2353 5782/835/2365 5781/836/2363 5769/355/2351
f 5771/356/2354 5783/837/2366 5782/835/2365 5770/354/2353
f 5772/357/2355 5784/838/2367 5783/837/2366 5771/356/2354
f 5773/358/2356 5785/839/2368 5784/838/2367 5772/357/2355
f 5774/359/3733 5786/840/2369 5785/839/2368 5773/358/2356
f 5775/360/3734 5787/841/2370 5786/840/2369 5774/359/3733
f 5776/361/2359 5788/842/2371 5787/841/2370 5775/360/3734
f 5777/362/2360 5789/843/2372 5788/842/2371 5776/361/2359
f 5778/363/3735 5790/844/2373 5789/843/2372 5777/362/2360
f 5779/364/2362 5791/845/2374 5790/844/2373 5778/363/3735
f 5780/353/3732 5792/834/2364 5791/845/2374 5779/364/2362
f 5781/833/2363 5793/846/2375 5804/847/2376 5792/834/2364
f 5782/835/2365 5794/848/2377 5793/849/2375 5781/836/2363
f 5783/837/2366 5795/850/2378 5794/848/2377 5782/835/2365
f 5784/838/2367 5796/851/2379 5795/850/2378 5783/837/2366
f 5785/839/2368 5797/852/2380 5796/851/2379 5784/838/2367
f 5786/840/2369 5798/853/2381 5797/852/2380 5785/839/2368
f 5787/841/2370 5799/854/3736 5798/853/2381 5786/840/2369
f 5788/842/2371 5800/855/2383 5799/854/3736 5787/841/2370
f 5789/843/2372 5801/856/2384 5800/855/2383 5788/842/2371
f 5790/844/2373 5802/857/2385 5801/856/2384 5789/843/2372
f 5791/845/2374 5803/858/2386 5802/857/2385 5790/844/2373
f 5792/834/2364 5804/847/2376 5803/858/2386 5791/845/2374
f 5793/846/2375 5805/859/3737 5816/860/2388 5804/847/2376
f 5794/848/2377 5806/861/2389 5805/862/3737 5793/849/2375
f 5795/850/2378 5807/863/2390 5806/861/2389 5794/848/2377
f 5796/851/2379 5808/864/2391 5807/863/2390 5795/850/2378
f 5797/852/2380 5809/865/3738 5808/864/2391 5796/851/2379
f 5798/853/2381 5810/866/2393 5809/865/3738 5797/852/2380
f 5799/854/3736 5811/867/2394 5810/866/2393 5798/853/2381
f 5800/855/2383 5812/868/2395 5811/867/2394 5799/854/3736
f 5801/856/2384 5813/869/2396 5812/868/2395 5800/855/2383
f 5802/857/2385 5814/870/2397 5813/869/2396 5801/856/2384
f 5803/858/2386 5815/871/2398 5814/870/2397 5802/857/2385
f 5804/847/2376 5816/860/2388 5815/871/2398 5803/858/2386
f 5805/859/3737 5817/391/2399 5828/392/2400 5816/860/2388
f 5806/861/2389 5818/393/2401 5817/394/2399 5805/862/3737
f 5807/863/2390 5819/395/2402 5818/393/2401 5806/861/2389
f 5808/864/2391 5820/396/2403 5819/395/2402 5807/863/2390
f 5809/865/3738 5821/397/2404 5820/396/2403 5808/864/2391
f 5810/866/2393 5822/398/3739 5821/397/2404 5809/865/3738
f 5811/867/2394 5823/399/2406 5822/398/3739 5810/866/2393
f 5812/868/2395 5824/400/2407 5823/399/2406 5811/867/2394
f 5813/869/2396 5825/401/2408 5824/400/2407 5812/868/2395
f 5814/870/2397 5826/402/2409 5825/401/2408 5813/869/2396
f 5815/871/2398 5827/403/2410 5826/402/2409 5814/870/2397
f 5816/860/2388 5828/392/2400 5827/403/2410 5815/871/2398
f 5817/391/2399 5829/872/2411 5840/873/2412 5828/392/2400
f 5818/393/2401 5830/874/3740 5829/875/2411 5817/394/2399
f 5819/395/2402 5831/876/2414 5830/874/3740 5818/393/2401
f 5820/396/2403 5832/877/2415 5831/876/2414 5819/395/2402
f 5821/397/2404 5833/878/2416 5832/877/2415 5820/396/2403
f 5822/398/3739 5834/879/2417 5833/878/2416 5821/397/2404
f 5823/399/2406 5835/880/2418 5834/879/2417 5822/398/3739
f 5824/400/2407 5836/881/2419 5835/880/2418 5823/399/2406
f 5825/401/2408 5837/882/2420 5836/881/2419 5824/400/2407
f 5826/402/2409 5838/883/2421 5837/882/2420 5825/401/2408
f 5827/403/2410 5839/884/2422 5838/883/2421 5826/402/2409
f 5828/392/2400 5840/873/2412 5839/884/2422 5827/403/2410
f 5829/872/2411 5841/885/2423 5852/886/3741 5840/873/2412
f 5830/874/3740 5842/887/2425 5841/888/2423 5829/875/2411
f 5831/876/2414 5843/889/2426 5842/887/2425 5830/874/3740
f 5832/877/2415 5844/890/2427 5843/889/2426 5831/876/2414
f 5833/878/2416 5845/891/2428 5844/890/2427 5832/877/2415
f 5834/879/2417 5846/892/2429 5845/891/2428 5833/878/2416
f 5835/880/2418 5847/893/2430 5846/892/2429 5834/879/2417
f 5836/881/2419 5848/894/3742 5847/893/2430 5835/880/2418
f 5837/882/2420 5849/895/2432 5848/894/3742 5836/881/2419
f 5838/883/2421 5850/896/3743 5849/895/2432 5837/882/2420
f 5839/884/2422 5851/897/2434 5850/896/3743 5838/883/2421
f 5840/873/2412 5852/886/3741 5851/897/2434 5839/884/2422
f 5841/885/2423 5853/898/2435 5864/899/2436 5852/886/3741
f 5842/887/2425 5854/900/3744 5853/901/2435 5841/888/2423
f 5843/889/2426 5855/902/2438 5854/900/3744 5842/887/2425
f 5844/890/2427 5856/903/3745 5855/902/2438 5843/889/2426
f 5845/891/2428 5857/904/2440 5856/903/3745 5844/890/2427
f 5846/892/2429 5858/905/2441 5857/904/2440 5845/891/2428
f 5847/893/2430 5859/906/2442 5858/905/2441 5846/892/2429
f 5848/894/3742 5860/907/3746 5859/906/2442 5847/893/2430
f 5849/895/2432 5861/908/2444 5860/907/3746 5848/894/3742
f 5850/896/3743 5862/909/2445 5861/908/2444 5849/895/2432
f 5851/897/2434 5863/910/3747 5862/909/2445 5850/896/3743
f 5852/886/3741 5864/899/2436 5863/910/3747 5851/897/2434
f 5853/898/2435 5865/430/3748 5876/431/2448 5864/899/2436
f 5854/900/3744 5866/432/2449 5865/433/3748 5853/901/2435
f 5855/902/2438 5867/434/2450 5866/432/2449 5854/900/3744
f 5856/903/3745 5868/435/2451 5867/434/2450 5855/902/2438
f 5857/904/2440 5869/436/2452 5868/435/2451 5856/903/3745
f 5858/905/2441 5870/437/2453 5869/436/2452 5857/904/2440
f 5859/906/2442 5871/438/3749 5870/437/2453 5858/905/2441
f 5860/907/3746 5872/439/2455 5871/438/3749 5859/906/2442
f 5861/908/2444 5873/440/2456 5872/439/2455 5860/907/3746
f 5862/909/2445 5874/441/2457 5873/440/2456 5861/908/2444
f 5863/910/3747 5875/442/2458 5874/441/2457 5862/909/2445
f 5864/899/2436 5876/431/2448 5875/442/2458 5863/910/3747
f 5865/430/3748 5877/911/2459 5888/912/3750 5876/431/2448
f 5866/432/2449 5878/913/3751 5877/914/2459 5865/433/3748
f 5867/434/2450 5879/915/2462 5878/913/3751 5866/432/2449
f 5868/435/2451 5880/916/2463 5879/915/2462 5867/434/2450
f 5869/436/2452 5881/917/3752 5880/916/2463 5868/435/2451
f 5870/437/2453 5882/918/3753 5881/917/3752 5869/436/2452
f 5871/438/3749 5883/919/2466 5882/918/3753 5870/437/2453
f 5872/439/2455 5884/920/2467 5883/919/2466 5871/438/3749
f 5873/440/2456 5885/921/2468 5884/920/2467 5872/439/2455
f 5874/441/2457 5886/922/2469 5885/921/2468 5873/440/2456
f 5875/442/2458 5887/923/2470 5886/922/2469 5874/441/2457
f 5876/431/2448 5888/912/3750 5887/923/2470 5875/442/2458
f 5877/911/2459 5889/924/2471 5900/925/3754 5888/912/3750
f 5878/913/3751 5890/926/2473 5889/927/2471 5877/914/2459
f 5879/915/2462 5891/928/2474 5890/926/2473 5878/913/3751
f 5880/916/2463 5892/929/2475 5891/928/2474 5879/915/2462
f 5881/917/3752 5893/930/2476 5892/929/2475 5880/916/2463
f 5882/918/3753 5894/931/2477 5893/930/2476 5881/917/3752
f 5883/919/2466 5895/932/2478 5894/931/2477 5882/918/3753
f 5884/920/2467 5896/933/2479 5895/932/2478 5883/919/2466
f 5885/921/2468 5897/934/2480 5896/933/2479 5884/920/2467
f 5886/922/2469 5898/935/2481 5897/934/2480 5885/921/2468
f 5887/923/2470 5899/936/2482 5898/935/2481 5886/922/2469
f 5888/912/3750 5900/925/3754 5899/936/2482 5887/923/2470
f 5889/924/2471 5901/937/3755 5912/938/2484 5900/925/3754
f 5890/926/2473 5902/939/2485 5901/940/3755 5889/927/2471
f 5891/928/2474 5903/941/2486 5902/939/2485 5890/926/2473
f 5892/929/2475 5904/942/3756 5903/941/2486 5891/928/2474
f 5893/930/2476 5905/943/2488 5904/942/3756 5892/929/2475
f 5894/931/2477 5906/944/3757 5905/943/2488 5893/930/2476
f 5895/932/2478 5907/945/2490 5906/944/3757 5894/931/2477
f 5896/933/2479 5908/946/2491 5907/945/2490 5895/932/2478
f 5897/934/2480 5909/947/2492 5908/946/2491 5896/933/2479
f 5898/935/2481 5910/948/2493 5909/947/2492 5897/934/2480
f 5899/936/2482 5911/949/2494 5910/948/2493 5898/935/2481
f 5900/925/3754 5912/938/2484 5911/949/2494 5899/936/2482
f 5901/937/3755 5913/469/2495 5924/470/2496 5912/938/2484
f 5902/939/2485 5914/471/2497 5913/472/2495 5901/940/3755
f 5903/941/2486 5915/473/2498 5914/471/2497 5902/939/2485
f 5904/942/3756 5916/474/2499 5915/473/2498 5903/941/2486
f 5905/943/2488 5917/475/2500 5916/474/2499 5904/942/3756
f 5906/944/3757 5918/476/2501 5917/475/2500 5905/943/2488
f 5907/945/2490 5919/477/2502 5918/476/2501 5906/944/3757
f 5908/946/2491 5920/478/2503 5919/477/2502 5907/945/2490
f 5909/947/2492 5921/479/3758 5920/478/2503 5908/946/2491
f 5910/948/2493 5922/480/2505 5921/479/3758 5909/947/2492
f 5911/949/2494 5923/481/2506 5922/480/2505 5910/948/2493
f 5912/938/2484 5924/470/2496 5923/481/2506 5911/949/2494
f 5925/1/3759 5937/2/2508 5948/3/2509 5936/4/2510
f 5926/5/2511 5938/6/2512 5937/7/2508 5925/8/3759
f 5927/9/2513 5939/10/2514 5938/6/2512 5926/5/2511
f 5928/11/2515 5940/12/2516 5939/10/2514 5927/9/2513
f 5929/13/2517 5941/14/3760 5940/12/2516 5928/11/2515
f 5930/15/2519 5942/16/2520 5941/14/3760 5929/13/2517
f 5931/17/3761 5943/18/2522 5942/16/2520 5930/15/2519
f 5932/19/2523 5944/20/2524 5943/18/2522 5931/17/3761
f 5933/21/3762 5945/22/2526 5944/20/2524 5932/19/2523
f 5934/23/2527 5946/24/2528 5945/22/2526 5933/21/3762
f 5935/25/2529 5947/26/2530 5946/24/2528 5934/23/2527
f 5936/4/2510 5948/3/2509 5947/26/2530 5935/25/2529
f 5937/2/2508 5949/27/3763 5960/28/2532 5948/3/2509
f 5938/6/2512 5950/29/2533 5949/30/3763 5937/7/2508
f 5939/10/2514 5951/31/2534 5950/29/2533 5938/6/2512
f 5940/12/2516 5952/32/2535 5951/31/2534 5939/10/2514
f 5941/14/3760 5953/33/2536 5952/32/2535 5940/12/2516
f 5942/16/2520 5954/34/2537 5953/33/2536 5941/14/3760
f 5943/18/2522 5955/35/2538 5954/34/2537 5942/16/2520
f 5944/20/2524 5956/36/2539 5955/35/2538 5943/18/2522
f 5945/22/2526 5957/37/2540 5956/36/2539 5944/20/2524
f 5946/24/2528 5958/38/3764 5957/37/2540 5945/22/2526
f 5947/26/2530 5959/39/2542 5958/38/3764 5946/24/2528
f 5948/3/2509 5960/28/2532 5959/39/2542 5947/26/2530
f 5949/27/3763 5961/40/2543 5972/41/2544 5960/28/2532
f 5950/29/2533 5962/42/2545 5961/43/2543 5949/30/3763
f 5951/31/2534 5963/44/2546 5962/42/2545 5950/29/2533
f 5952/32/2535 5964/45/2547 5963/44/2546 5951/31/2534
f 5953/33/2536 5965/46/3765 5964/45/2547 5952/32/2535
f 5954/34/2537 5966/47/2549 5965/46/3765 5953/33/2536
f 5955/35/2538 5967/48/2550 5966/47/2549 5954/34/2537
f 5956/36/2539 5968/49/2551 5967/48/2550 5955/35/2538
f 5957/37/2540 5969/50/2552 5968/49/2551 5956/36/2539
f 5958/38/3764 5970/51/3766 5969/50/2552 5957/37/2540
f 5959/39/2542 5971/52/2554 5970/51/3766 5958/38/3764
f 5960/28/2532 5972/41/2544 5971/52/2554 5959/39/2542
f 5961/40/2543 5973/53/3767 5984/54/2556 5972/41/2544
f 5962/42/2545 5974/55/2557 5973/56/3767 5961/43/2543
f 5963/44/2546 5975/57/2558 5974/55/2557 5962/42/2545
f 5964/45/2547 5976/58/2559 5975/57/2558 5963/44/2546
f 5965/46/3765 5977/59/2560 5976/58/2559 5964/45/2547
f 5966/47/2549 5978/60/2561 5977/59/2560 5965/46/3765
f 5967/48/2550 5979/61/2562 5978/60/2561 5966/47/2549
f 5968/49/2551 5980/62/3768 5979/61/2562 5967/48/2550
f 5969/50/2552 5981/63/2564 5980/62/3768 5968/49/2551
f 5970/51/3766 5982/64/2565 5981/63/2564 5969/50/2552
f 5971/52/2554 5983/65/3769 5982/64/2565 5970/51/3766
f 5972/41/2544 5984/54/2556 5983/65/3769 5971/52/2554
f 5973/53/3767 5985/66/2567 5996/67/2568 5984/54/2556
f 5974/55/2557 5986/68/2569 5985/69/2567 5973/56/3767
f 5975/57/2558 5987/70/2570 5986/68/2569 5974/55/2557
f 5976/58/2559 5988/71/2571 5987/70/2570 5975/57/2558
f 5977/59/2560 5989/72/3770 5988/71/2571 5976/58/2559
f 5978/60/2561 5990/73/2573 5989/72/3770 5977/59/2560
f 5979/61/2562 5991/74/2574 5990/73/2573 5978/60/2561
f 5980/62/3768 5992/75/2575 5991/74/2574 5979/61/2562
f 5981/63/2564 5993/76/2576 5992/75/2575 5980/62/3768
f 5982/64/2565 5994/77/2577 5993/76/2576 5981/63/2564
f 5983/65/3769 5995/78/2578 5994/77/2577 5982/64/2565
f 5984/54/2556 5996/67/2568 5995/78/2578 5983/65/3769
f 5985/66/2567 5997/79/2579 6008/80/3771 5996/67/2568
f 5986/68/2569 5998/81/3772 5997/82/2579 5985/69/2567
f 5987/70/2570 5999/83/2582 5998/81/3772 5986/68/2569
f 5988/71/2571 6000/84/2583 5999/83/2582 5987/70/2570
f 5989/72/3770 6001/85/2584 6000/84/2583 5988/71/2571
f 5990/73/2573 6002/86/3773 6001/85/2584 5989/72/3770
f 5991/74/2574 6003/87/2586 6002/86/3773 5990/73/2573
f 5992/75/2575 6004/88/2587 6003/87/2586 5991/74/2574
f 5993/76/2576 6005/89/2588 6004/88/2587 5992/75/2575
f 5994/77/2577 6006/90/2589 6005/89/2588 5993/76/2576
f 5995/78/2578 6007/91/2590 6006/90/2589 5994/77/2577
f 5996/67/2568 6008/80/3771 6007/91/2590 5995/78/2578
f 5997/79/2579 6009/92/2591 6020/93/2592 6008/80/3771
f 5998/81/3772 6010/94/2593 6009/95/2591 5997/82/2579
f 5999/83/2582 6011/96/2594 6010/94/2593 5998/81/3772
f 6000/84/2583 6012/97/2595 6011/96/2594 5999/83/2582
f 6001/85/2584 6013/98/2596 6012/97/2595 6000/84/2583
f 6002/86/3773 6014/99/2597 6013/98/2596 6001/85/2584
f 6003/87/2586 6015/100/2598 6014/99/2597 6002/86/3773
f 6004/88/2587 6016/101/2599 6015/100/2598 6003/87/2586
f 6005/89/2588 6017/102/2600 6016/101/2599 6004/88/2587
f 6006/90/2589 6018/103/2601 6017/102/2600 6005/89/2588
f 6007/91/2590 6019/104/2602 6018/103/2601 6006/90/2589
f 6008/80/3771 6020/93/2592 6019/104/2602 6007/91/2590
f 6009/92/2591 6021/105/2603 6032/106/2604 6020/93/2592
f 6010/94/2593 6022/107/2605 6021/108/2603 6009/95/2591
f 6011/96/2594 6023/109/2606 6022/107/2605 6010/94/2593
f 6012/97/2595 6024/110/3774 6023/109/2606 6011/96/2594
f 6013/98/2596 6025/111/2608 6024/110/3774 6012/97/2595
f 6014/99/2597 6026/112/2609 6025/111/2608 6013/98/2596
f 6015/100/2598 6027/113/2610 6026/112/2609 6014/99/2597
f 6016/101/2599 6028/114/2611 6027/113/2610 6015/100/2598
f 6017/102/2600 6029/115/2612 6028/114/2611 6016/101/2599
f 6018/103/2601 6030/116/2613 6029/115/2612 6017/102/2600
f 6019/104/2602 6031/117/2614 6030/116/2613 6018/103/2601
f 6020/93/2592 6032/106/2604 6031/117/2614 6019/104/2602
f 6021/105/2603 6033/118/2615 6044/119/2616 6032/106/2604
f 6022/107/2605 6034/120/2617 6033/121/2615 6021/108/2603
f 6023/109/2606 6035/122/2618 6034/120/2617 6022/107/2605
f 6024/110/3774 6036/123/2619 6035/122/2618 6023/109/2606
f 6025/111/2608 6037/124/2620 6036/123/2619 6024/110/3774
f 6026/112/2609 6038/125/3775 6037/124/2620 6025/111/2608
f 6027/113/2610 6039/126/2622 6038/125/3775 6026/112/2609
f 6028/114/2611 6040/127/2623 6039/126/2622 6027/113/2610
f 6029/115/2612 6041/128/2624 6040/127/2623 6028/114/2611
f 6030/116/2613 6042/129/2625 6041/128/2624 6029/115/2612
f 6031/117/2614 6043/130/2626 6042/129/2625 6030/116/2613
f 6032/106/2604 6044/119/2616 6043/130/2626 6031/117/2614
f 6033/118/2615 6045/131/2627 6056/132/2628 6044/119/2616
f 6034/120/2617 6046/133/3776 6045/134/2627 6033/121/2615
f 6035/122/2618 6047/135/3777 6046/133/3776 6034/120/2617
f 6036/123/2619 6048/136/3778 6047/135/3777 6035/122/2618
f 6037/124/2620 6049/137/2632 6048/136/3778 6036/123/2619
f 6038/125/3775 6050/138/2633 6049/137/2632 6037/124/2620
f 6039/126/2622 6051/139/2634 6050/138/2633 6038/125/3775
f 6040/127/2623 6052/140/3779 6051/139/2634 6039/126/2622
f 6041/128/2624 6053/141/2636 6052/140/3779 6040/127/2623
f 6042/129/2625 6054/142/2637 6053/141/2636 6041/128/2624
f 6043/130/2626 6055/143/3780 6054/142/2637 6042/129/2625
f 6044/119/2616 6056/132/2628 6055/143/3780 6043/130/2626
f 6045/131/2627 6057/144/2639 6068/145/2640 6056/132/2628
f 6046/133/3776 6058/146/3781 6057/147/2639 6045/134/2627
f 6047/135/3777 6059/148/2642 6058/146/3781 6046/133/3776
f 6048/136/3778 6060/149/3782 6059/148/2642 6047/135/3777
f 6049/137/2632 6061/150/2644 6060/149/3782 6048/136/3778
f 6050/138/2633 6062/151/2645 6061/150/2644 6049/137/2632
f 6051/139/2634 6063/152/2646 6062/151/2645 6050/138/2633
f 6052/140/3779 6064/153/2647 6063/152/2646 6051/139/2634
f 6053/141/2636 6065/154/2648 6064/153/2647 6052/140/3779
f 6054/142/2637 6066/155/2649 6065/154/2648 6053/141/2636
f 6055/143/3780 6067/156/2650 6066/155/2649 6054/142/2637
f 6056/132/2628 6068/145/2640 6067/156/2650 6055/143/3780
f 6057/144/2639 6069/157/2651 6080/158/2652 6068/145/2640
f 6058/146/3781 6070/159/2653 6069/160/2651 6057/147/2639
f 6059/148/2642 6071/161/2654 6070/159/2653 6058/146/3781
f 6060/149/3782 6072/162/2655 6071/161/2654 6059/148/2642
f 6061/150/2644 6073/163/3783 6072/162/2655 6060/149/3782
f 6062/151/2645 6074/164/2657 6073/163/3783 6061/150/2644
f 6063/152/2646 6075/165/2658 6074/164/2657 6062/151/2645
f 6064/153/2647 6076/166/2659 6075/165/2658 6063/152/2646
f 6065/154/2648 6077/167/2660 6076/166/2659 6064/153/2647
f 6066/155/2649 6078/168/2661 6077/167/2660 6065/154/2648
f 6067/156/2650 6079/169/2662 6078/168/2661 6066/155/2649
f 6068/145/2640 6080/158/2652 6079/169/2662 6067/156/2650
f 6069/157/2651 6081/170/2663 6092/171/2664 6080/158/2652
f 6070/159/2653 6082/172/2665 6081/173/2663 6069/160/2651
f 6071/161/2654 6083/174/2666 6082/172/2665 6070/159/2653
f 6072/162/2655 6084/175/2667 6083/174/2666 6071/161/2654
f 6073/163/3783 6085/176/2668 6084/175/2667 6072/162/2655
f 6074/164/2657 6086/177/2669 6085/176/2668 6073/163/3783
f 6075/165/2658 6087/178/2670 6086/177/2669 6074/164/2657
f 6076/166/2659 6088/179/2671 6087/178/2670 6075/165/2658
f 6077/167/2660 6089/180/2672 6088/179/2671 6076/166/2659
f 6078/168/2661 6090/181/2673 6089/180/2672 6077/167/2660
f 6079/169/2662 6091/182/2674 6090/181/2673 6078/168/2661
f 6080/158/2652 6092/171/2664 6091/182/2674 6079/169/2662
f 6081/170/2663 6093/183/2675 6104/184/2676 6092/171/2664
f 6082/172/2665 6094/185/2677 6093/186/2675 6081/173/2663
f 6083/174/2666 6095/187/2678 6094/185/2677 6082/172/2665
f 6084/175/2667 6096/188/2679 6095/187/2678 6083/174/2666
f 6085/176/2668 6097/189/2680 6096/188/2679 6084/175/2667
f 6086/177/2669 6098/190/2681 6097/189/2680 6085/176/2668
f 6087/178/2670 6099/191/2682 6098/190/2681 6086/177/2669
f 6088/179/2671 6100/192/2683 6099/191/2682 6087/178/2670
f 6089/180/2672 6101/193/3784 6100/192/2683 6088/179/2671
f 6090/181/2673 6102/194/2685 6101/193/3784 6089/180/2672
f 6091/182/2674 6103/195/2686 6102/194/2685 6090/181/2673
f 6092/171/2664 6104/184/2676 6103/195/2686 6091/182/2674
f 6093/183/2675 6105/196/2687 6116/197/2688 6104/184/2676
f 6094/185/2677 6106/198/2689 6105/199/2687 6093/186/2675
f 6095/187/2678 6107/200/2690 6106/198/2689 6094/185/2677
f 6096/188/2679 6108/201/2691 6107/200/2690 6095/187/2678
f 6097/189/2680 6109/202/2692 6108/201/2691 6096/188/2679
f 6098/190/2681 6110/203/2693 6109/202/2692 6097/189/2680
f 6099/191/2682 6111/204/2694 6110/203/2693 6098/190/2681
f 6100/192/2683 6112/205/3785 6111/204/2694 6099/191/2682
f 6101/193/3784 6113/206/2696 6112/205/3785 6100/192/2683
f 6102/194/2685 6114/207/2697 6113/206/2696 6101/193/3784
f 6103/195/2686 6115/208/2698 6114/207/2697 6102/194/2685
f 6104/184/2676 6116/197/2688 6115/208/2698 6103/195/2686
f 6105/196/2687 6117/209/2699 6128/210/2700 6116/197/2688
f 6106/198/2689 6118/211/2701 6117/212/2699 6105/199/2687
f 6107/200/2690 6119/213/2702 6118/211/2701 6106/198/2689
f 6108/201/2691 6120/214/2703 6119/213/2702 6107/200/2690
f 6109/202/2692 6121/215/2704 6120/214/2703 6108/201/2691
f 6110/203/2693 6122/216/2705 6121/215/2704 6109/202/2692
f 6111/204/2694 6123/217/3786 6122/216/2705 6110/203/2693
f 6112/205/3785 6124/218/2707 6123/217/3786 6111/204/2694
f 6113/206/2696 6125/219/2708 6124/218/2707 6112/205/3785
f 6114/207/2697 6126/220/3787 6125/219/2708 6113/206/2696
f 6115/208/2698 6127/221/2710 6126/220/3787 6114/207/2697
f 6116/197/2688 6128/210/2700 6127/221/2710 6115/208/2698
f 6117/209/2699 6129/222/2711 6140/223/2712 6128/210/2700
f 6118/211/2701 6130/224/3788 6129/225/2711 6117/212/2699
f 6119/213/2702 6131/226/2714 6130/224/3788 6118/211/2701
f 6120/214/2703 6132/227/2715 6131/226/2714 6119/213/2702
f 6121/215/2704 6133/228/2716 6132/227/2715 6120/214/2703
f 6122/216/2705 6134/229/3789 6133/228/2716 6121/215/2704
f 6123/217/3786 6135/230/2718 6134/229/3789 6122/216/2705
f 6124/218/2707 6136/231/2719 6135/230/2718 6123/217/3786
f 6125/219/2708 6137/232/2720 6136/231/2719 6124/218/2707
f 6126/220/3787 6138/233/2721 6137/232/2720 6125/219/2708
f 6127/221/2710 6139/234/3790 6138/233/2721 6126/220/3787
f 6128/210/2700 6140/223/2712 6139/234/3790 6127/221/2710
f 6129/222/2711 6141/235/3791 6152/236/2724 6140/223/2712
f 6130/224/3788 6142/237/2725 6141/238/3791 6129/225/2711
f 6131/226/2714 6143/239/2726 6142/237/2725 6130/224/3788
f 6132/227/2715 6144/240/2727 6143/239/2726 6131/226/2714
f 6133/228/2716 6145/241/3792 6144/240/2727 6132/227/2715
f 6134/229/3789 6146/242/2729 6145/241/3792 6133/228/2716
f 6135/230/2718 6147/243/2730 6146/242/2729 6134/229/3789
f 6136/231/2719 6148/244/2731 6147/243/2730 6135/230/2718
f 6137/232/2720 6149/245/2732 6148/244/2731 6136/231/2719
f 6138/233/2721 6150/246/2733 6149/245/2732 6137/232/2720
f 6139/234/3790 6151/247/2734 6150/246/2733 6138/233/2721
f 6140/223/2712 6152/236/2724 6151/247/2734 6139/234/3790
f 6141/235/3791 6153/248/2735 6164/249/2736 6152/236/2724
f 6142/237/2725 6154/250/2737 6153/251/2735 6141/238/3791
f 6143/239/2726 6155/252/2738 6154/250/2737 6142/237/2725
f 6144/240/2727 6156/253/2739 6155/252/2738 6143/239/2726
f 6145/241/3792 6157/254/2740 6156/253/2739 6144/240/2727
f 6146/242/2729 6158/255/2741 6157/254/2740 6145/241/3792
f 6147/243/2730 6159/256/2742 6158/255/2741 6146/242/2729
f 6148/244/2731 6160/257/2743 6159/256/2742 6147/243/2730
f 6149/245/2732 6161/258/2744 6160/257/2743 6148/244/2731
f 6150/246/2733 6162/259/2745 6161/258/2744 6149/245/2732
f 6151/247/2734 6163/260/2746 6162/259/2745 6150/246/2733
f 6152/236/2724 6164/249/2736 6163/260/2746 6151/247/2734
f 6153/248/2735 6165/261/2747 6176/262/2748 6164/249/2736
f 6154/250/2737 6166/263/2749 6165/264/2747 6153/251/2735
f 6155/252/2738 6167/265/2750 6166/263/2749 6154/250/2737
f 6156/253/2739 6168/266/2751 6167/265/2750 6155/252/2738
f 6157/254/2740 6169/267/2752 6168/266/2751 6156/253/2739
f 6158/255/2741 6170/268/2753 6169/267/2752 6157/254/2740
f 6159/256/2742 6171/269/2754 6170/268/2753 6158/255/2741
f 6160/257/2743 6172/270/2755 6171/269/2754 6159/256/2742
f 6161/258/2744 6173/271/2756 6172/270/2755 6160/257/2743
f 6162/259/2745 6174/272/2757 6173/271/2756 6161/258/2744
f 6163/260/2746 6175/273/2758 6174/272/2757 6162/259/2745
f 6164/249/2736 6176/262/2748 6175/273/2758 6163/260/2746
f 6165/261/2747 6177/274/2759 6188/275/3793 6176/262/2748
f 6166/263/2749 6178/276/2761 6177/277/2759 6165/264/2747
f 6167/265/2750 6179/278/2762 6178/276/2761 6166/263/2749
f 6168/266/2751 6180/279/2763 6179/278/2762 6167/265/2750
f 6169/267/2752 6181/280/2764 6180/279/2763 6168/266/2751
f 6170/268/2753 6182/281/2765 6181/280/2764 6169/267/2752
f 6171/269/2754 6183/282/2766 6182/281/2765 6170/268/2753
f 6172/270/2755 6184/283/2767 6183/282/2766 6171/269/2754
f 6173/271/2756 6185/284/2768 6184/283/2767 6172/270/2755
f 6174/272/2757 6186/285/2769 6185/284/2768 6173/271/2756
f 6175/273/2758 6187/286/2770 6186/285/2769 6174/272/2757
f 6176/262/2748 6188/275/3793 6187/286/2770 6175/273/2758
f 6177/274/2759 6189/287/3794 6200/288/2772 6188/275/3793
f 6178/276/2761 6190/289/2773 6189/290/3794 6177/277/2759
f 6179/278/2762 6191/291/2774 6190/289/2773 6178/276/2761
f 6180/279/2763 6192/292/2775 6191/291/2774 6179/278/2762
f 6181/280/2764 6193/293/2776 6192/292/2775 6180/279/2763
f 6182/281/2765 6194/294/2777 6193/293/2776 6181/280/2764
f 6183/282/2766 6195/295/2778 6194/294/2777 6182/281/2765
f 6184/283/2767 6196/296/2779 6195/295/2778 6183/282/2766
f 6185/284/2768 6197/297/2780 6196/296/2779 6184/283/2767
f 6186/285/2769 6198/298/2781 6197/297/2780 6185/284/2768
f 6187/286/2770 6199/299/3795 6198/298/2781 6186/285/2769
f 6188/275/3793 6200/288/2772 6199/299/3795 6187/286/2770
f 6189/287/3794 6201/300/2783 6212/301/2784 6200/288/2772
f 6190/289/2773 6202/302/2785 6201/303/2783 6189/290/3794
f 6191/291/2774 6203/304/2786 6202/302/2785 6190/289/2773
f 6192/292/2775 6204/305/2787 6203/304/2786 6191/291/2774
f 6193/293/2776 6205/306/2788 6204/305/2787 6192/292/2775
f 6194/294/2777 6206/307/2789 6205/306/2788 6193/293/2776
f 6195/295/2778 6207/308/2790 6206/307/2789 6194/294/2777
f 6196/296/2779 6208/309/2791 6207/308/2790 6195/295/2778
f 6197/297/2780 6209/310/2792 6208/309/2791 6196/296/2779
f 6198/298/2781 6210/311/2793 6209/310/2792 6197/297/2780
f 6199/299/3795 6211/312/2794 6210/311/2793 6198/298/2781
f 6200/288/2772 6212/301/2784 6211/312/2794 6199/299/3795
f 6201/300/2783 6213/313/2795 6224/314/3796 6212/301/2784
f 6202/302/2785 6214/315/2797 6213/316/2795 6201/303/2783
f 6203/304/2786 6215/317/2798 6214/315/2797 6202/302/2785
f 6204/305/2787 6216/318/2799 6215/317/2798 6203/304/2786
f 6205/306/2788 6217/319/2800 6216/318/2799 6204/305/2787
f 6206/307/2789 6218/320/2801 6217/319/2800 6205/306/2788
f 6207/308/2790 6219/321/3797 6218/320/2801 6206/307/2789
f 6208/309/2791 6220/322/2803 6219/321/3797 6207/308/2790
f 6209/310/2792 6221/323/2804 6220/322/2803 6208/309/2791
f 6210/311/2793 6222/324/2805 6221/323/2804 6209/310/2792
f 6211/312/2794 6223/325/2806 6222/324/2805 6210/311/2793
f 6212/301/2784 6224/314/3796 6223/325/2806 6211/312/2794
f 6213/313/2795 6225/326/2807 6236/327/2808 6224/314/3796
f 6214/315/2797 6226/328/3798 6225/329/2807 6213/316/2795
f 6215/317/2798 6227/330/3799 6226/328/3798 6214/315/2797
f 6216/318/2799 6228/331/2811 6227/330/3799 6215/317/2798
f 6217/319/2800 6229/332/2812 6228/331/2811 6216/318/2799
f 6218/320/2801 6230/333/2813 6229/332/2812 6217/319/2800
f 6219/321/3797 6231/334/2814 6230/333/2813 6218/320/2801
f 6220/322/2803 6232/335/3800 6231/334/2814 6219/321/3797
f 6221/323/2804 6233/336/2816 6232/335/3800 6220/322/2803
f 6222/324/2805 6234/337/2817 6233/336/2816 6221/323/2804
f 6223/325/2806 6235/338/2818 6234/337/2817 6222/324/2805
f 6224/314/3796 6236/327/2808 6235/338/2818 6223/325/2806
f 6225/326/2807 6237/339/2819 6248/340/2820 6236/327/2808
f 6226/328/3798 6238/341/2821 6237/342/2819 6225/329/2807
f 6227/330/3799 6239/343/2822 6238/341/2821 6226/328/3798
f 6228/331/2811 6240/344/2823 6239/343/2822 6227/330/3799
f 6229/332/2812 6241/345/3801 6240/344/2823 6228/331/2811
f 6230/333/2813 6242/346/2825 6241/345/3801 6229/332/2812
f 6231/334/2814 6243/347/3802 6242/346/2825 6230/333/2813
f 6232/335/3800 6244/348/2827 6243/347/3802 6231/334/2814
f 6233/336/2816 6245/349/2828 6244/348/2827 6232/335/3800
f 6234/337/2817 6246/350/2829 6245/349/2828 6233/336/2816
f 6235/338/2818 6247/351/2830 6246/350/2829 6234/337/2817
f 6236/327/2808 6248/340/2820 6247/351/2830 6235/338/2818
f 6237/339/2819 6249/352/2831 6260/353/2832 6248/340/2820
f 6238/341/2821 6250/354/2833 6249/355/2831 6237/342/2819
f 6239/343/2822 6251/356/2834 6250/354/2833 6238/341/2821
f 6240/344/2823 6252/357/2835 6251/356/2834 6239/343/2822
f 6241/345/3801 6253/358/2836 6252/357/2835 6240/344/2823
f 6242/346/2825 6254/359/2837 6253/358/2836 6241/345/3801
f 6243/347/3802 6255/360/2838 6254/359/2837 6242/346/2825
f 6244/348/2827 6256/361/2839 6255/360/2838 6243/347/3802
f 6245/349/2828 6257/362/2840 6256/361/2839 6244/348/2827
f 6246/350/2829 6258/363/2841 6257/362/2840 6245/349/2828
f 6247/351/2830 6259/364/2842 6258/363/2841 6246/350/2829
f 6248/340/2820 6260/353/2832 6259/364/2842 6247/351/2830
f 6249/352/2831 6261/365/2843 6272/366/2844 6260/353/2832
f 6250/354/2833 6262/367/2845 6261/368/2843 6249/355/2831
f 6251/356/2834 6263/369/2846 6262/367/2845 6250/354/2833
f 6252/357/2835 6264/370/2847 6263/369/2846 6251/356/2834
f 6253/358/2836 6265/371/2848 6264/370/2847 6252/357/2835
f 6254/359/2837 6266/372/2849 6265/371/2848 6253/358/2836
f 6255/360/2838 6267/373/2850 6266/372/2849 6254/359/2837
f 6256/361/2839 6268/374/2851 6267/373/2850 6255/360/2838
f 6257/362/2840 6269/375/3803 6268/374/2851 6256/361/2839
f 6258/363/2841 6270/376/2853 6269/375/3803 6257/362/2840
f 6259/364/2842 6271/377/2854 6270/376/2853 6258/363/2841
f 6260/353/2832 6272/366/2844 6271/377/2854 6259/364/2842
f 6261/365/2843 6273/378/2855 6284/379/2856 6272/366/2844
f 6262/367/2845 6274/380/2857 6273/381/2855 6261/368/2843
f 6263/369/2846 6275/382/2858 6274/380/2857 6262/367/2845
f 6264/370/2847 6276/383/2859 6275/382/2858 6263/369/2846
f 6265/371/2848 6277/384/2860 6276/383/2859 6264/370/2847
f 6266/372/2849 6278/385/2861 6277/384/2860 6265/371/2848
f 6267/373/2850 6279/386/2862 6278/385/2861 6266/372/2849
f 6268/374/2851 6280/387/2863 6279/386/2862 6267/373/2850
f 6269/375/3803 6281/388/2864 6280/387/2863 6268/374/2851
f 6270/376/2853 6282/389/3804 6281/388/2864 6269/375/3803
f 6271/377/2854 6283/390/2866 6282/389/3804 6270/376/2853
f 6272/366/2844 6284/379/2856 6283/390/2866 6271/377/2854
f 6273/378/2855 6285/391/2867 6296/392/2868 6284/379/2856
f 6274/380/2857 6286/393/3805 6285/394/2867 6273/381/2855
f 6275/382/2858 6287/395/2870 6286/393/3805 6274/380/2857
f 6276/383/2859 6288/396/2871 6287/395/2870 6275/382/2858
f 6277/384/2860 6289/397/2872 6288/396/2871 6276/383/2859
f 6278/385/2861 6290/398/2873 6289/397/2872 6277/384/2860
f 6279/386/2862 6291/399/2874 6290/398/2873 6278/385/2861
f 6280/387/2863 6292/400/2875 6291/399/2874 6279/386/2862
f 6281/388/2864 6293/401/2876 6292/400/2875 6280/387/2863
f 6282/389/3804 6294/402/2877 6293/401/2876 6281/388/2864
f 6283/390/2866 6295/403/2878 6294/402/2877 6282/389/3804
f 6284/379/2856 6296/392/2868 6295/403/2878 6283/390/2866
f 6285/391/2867 6297/404/2879 6308/405/2880 6296/392/2868
f 6286/393/3805 6298/406/2881 6297/407/2879 6285/394/2867
f 6287/395/2870 6299/408/2882 6298/406/2881 6286/393/3805
f 6288/396/2871 6300/409/2883 6299/408/2882 6287/395/2870
f 6289/397/2872 6301/410/2884 6300/409/2883 6288/396/2871
f 6290/398/2873 6302/411/2885 6301/410/2884 6289/397/2872
f 6291/399/2874 6303/412/3806 6302/411/2885 6290/398/2873
f 6292/400/2875 6304/413/2887 6303/412/3806 6291/399/2874
f 6293/401/2876 6305/414/2888 6304/413/2887 6292/400/2875
f 6294/402/2877 6306/415/2889 6305/414/2888 6293/401/2876
f 6295/403/2878 6307/416/2890 6306/415/2889 6294/402/2877
f 6296/392/2868 6308/405/2880 6307/416/2890 6295/403/2878
f 6297/404/2879 6309/417/2891 6320/418/2892 6308/405/2880
f 6298/406/2881 6310/419/2893 6309/420/2891 6297/407/2879
f 6299/408/2882 6311/421/2894 6310/419/2893 6298/406/2881
f 6300/409/2883 6312/422/2895 6311/421/2894 6299/408/2882
f 6301/410/2884 6313/423/2896 6312/422/2895 6300/409/2883
f 6302/411/2885 6314/424/2897 6313/423/2896 6301/410/2884
f 6303/412/3806 6315/425/2898 6314/424/2897 6302/411/2885
f 6304/413/2887 6316/426/2899 6315/425/2898 6303/412/3806
f 6305/414/2888 6317/427/2900 6316/426/2899 6304/413/2887
f 6306/415/2889 6318/428/2901 6317/427/2900 6305/414/2888
f 6307/416/2890 6319/429/2902 6318/428/2901 6306/415/2889
f 6308/405/2880 6320/418/2892 6319/429/2902 6307/416/2890
f 6309/417/2891 6321/430/2903 6332/431/3807 6320/418/2892
f 6310/419/2893 6322/432/2905 6321/433/2903 6309/420/2891
f 6311/421/2894 6323/434/2906 6322/432/2905 6310/419/2893
f 6312/422/2895 6324/435/3808 6323/434/2906 6311/421/2894
f 6313/423/2896 6325/436/3809 6324/435/3808 6312/422/2895
f 6314/424/2897 6326/437/2909 6325/436/3809 6313/423/2896
f 6315/425/2898 6327/438/2910 6326/437/2909 6314/424/2897
f 6316/426/2899 6328/439/2911 6327/438/2910 6315/425/2898
f 6317/427/2900 6329/440/2912 6328/439/2911 6316/426/2899
f 6318/428/2901 6330/441/2913 6329/440/2912 6317/427/2900
f 6319/429/2902 6331/442/2914 6330/441/2913 6318/428/2901
f 6320/418/2892 6332/431/3807 6331/442/2914 6319/429/2902
f 6321/430/2903 6333/443/2915 6344/444/3810 6332/431/3807
f 6322/432/2905 6334/445/2917 6333/446/2915 6321/433/2903
f 6323/434/2906 6335/447/2918 6334/445/2917 6322/432/2905
f 6324/435/3808 6336/448/2919 6335/447/2918 6323/434/2906
f 6325/436/3809 6337/449/2920 6336/448/2919 6324/435/3808
f 6326/437/2909 6338/450/3811 6337/449/2920 6325/436/3809
f 6327/438/2910 6339/451/2922 6338/450/3811 6326/437/2909
f 6328/439/2911 6340/452/2923 6339/451/2922 6327/438/2910
f 6329/440/2912 6341/453/2924 6340/452/2923 6328/439/2911
f 6330/441/2913 6342/454/2925 6341/453/2924 6329/440/2912
f 6331/442/2914 6343/455/2926 6342/454/2925 6330/441/2913
f 6332/431/3807 6344/444/3810 6343/455/2926 6331/442/2914
f 6333/443/2915 6345/456/2927 6356/457/3812 6344/444/3810
f 6334/445/2917 6346/458/2929 6345/459/2927 6333/446/2915
f 6335/447/2918 6347/460/2930 6346/458/2929 6334/445/2917
f 6336/448/2919 6348/461/2931 6347/460/2930 6335/447/2918
f 6337/449/2920 6349/462/2932 6348/461/2931 6336/448/2919
f 6338/450/3811 6350/463/2933 6349/462/2932 6337/449/2920
f 6339/451/2922 6351/464/2934 6350/463/2933 6338/450/3811
f 6340/452/2923 6352/465/2935 6351/464/2934 6339/451/2922
f 6341/453/2924 6353/466/2936 6352/465/2935 6340/452/2923
f 6342/454/2925 6354/467/2937 6353/466/2936 6341/453/2924
f 6343/455/2926 6355/468/2938 6354/467/2937 6342/454/2925
f 6344/444/3810 6356/457/3812 6355/468/2938 6343/455/2926
f 6345/456/2927 6357/469/2939 6368/470/2940 6356/457/3812
f 6346/458/2929 6358/471/2941 6357/472/2939 6345/459/2927
f 6347/460/2930 6359/473/2942 6358/471/2941 6346/458/2929
f 6348/461/2931 6360/474/2943 6359/473/2942 6347/460/2930
f 6349/462/2932 6361/475/2944 6360/474/2943 6348/461/2931
f 6350/463/2933 6362/476/3813 6361/475/2944 6349/462/2932
f 6351/464/2934 6363/477/2946 6362/476/3813 6350/463/2933
f 6352/465/2935 6364/478/3814 6363/477/2946 6351/464/2934
f 6353/466/2936 6365/479/2948 6364/478/3814 6352/465/2935
f 6354/467/2937 6366/480/2949 6365/479/2948 6353/466/2936
f 6355/468/2938 6367/481/2950 6366/480/2949 6354/467/2937
f 6356/457/3812 6368/470/2940 6367/481/2950 6355/468/2938
f 6369/1/2951 6381/2/2952 6392/3/2953 6380/4/2954
f 6370/5/2955 6382/6/3815 6381/7/2952 6369/8/2951
f 6371/9/3816 6383/10/2958 6382/6/3815 6370/5/2955
f 6372/11/2959 6384/12/2960 6383/10/2958 6371/9/3816
f 6373/13/2961 6385/14/2962 6384/12/2960 6372/11/2959
f 6374/15/2963 6386/16/2964 6385/14/2962 6373/13/2961
f 6375/17/2965 6387/18/2966 6386/16/2964 6374/15/2963
f 6376/19/2967 6388/20/2968 6387/18/2966 6375/17/2965
f 6377/21/2969 6389/22/3817 6388/20/2968 6376/19/2967
f 6378/23/2971 6390/24/2972 6389/22/3817 6377/21/2969
f 6379/25/2973 6391/26/2974 6390/24/2972 6378/23/2971
f 6380/4/2954 6392/3/2953 6391/26/2974 6379/25/2973
f 6381/2/2952 6393/27/2975 6404/28/2976 6392/3/2953
f 6382/6/3815 6394/29/2977 6393/30/2975 6381/7/2952
f 6383/10/2958 6395/31/2978 6394/29/2977 6382/6/3815
f 6384/12/2960 6396/32/2979 6395/31/2978 6383/10/2958
f 6385/14/2962 6397/33/2980 6396/32/2979 6384/12/2960
f 6386/16/2964 6398/34/2981 6397/33/2980 6385/14/2962
f 6387/18/2966 6399/35/2982 6398/34/2981 6386/16/2964
f 6388/20/2968 6400/36/2983 6399/35/2982 6387/18/2966
f 6389/22/3817 6401/37/2984 6400/36/2983 6388/20/2968
f 6390/24/2972 6402/38/2985 6401/37/2984 6389/22/3817
f 6391/26/2974 6403/39/2986 6402/38/2985 6390/24/2972
f 6392/3/2953 6404/28/2976 6403/39/2986 6391/26/2974
f 6393/27/2975 6405/40/2987 6416/41/2988 6404/28/2976
f 6394/29/2977 6406/42/2989 6405/43/2987 6393/30/2975
f 6395/31/2978 6407/44/2990 6406/42/2989 6394/29/2977
f 6396/32/2979 6408/45/2991 6407/44/2990 6395/31/2978
f 6397/33/2980 6409/46/2992 6408/45/2991 6396/32/2979
f 6398/34/2981 6410/47/2993 6409/46/2992 6397/33/2980
f 6399/35/2982 6411/48/3818 6410/47/2993 6398/34/2981
f 6400/36/2983 6412/49/3819 6411/48/3818 6399/35/2982
f 6401/37/2984 6413/50/2996 6412/49/3819 6400/36/2983
f 6402/38/2985 6414/51/2997 6413/50/2996 6401/37/2984
f 6403/39/2986 6415/52/2998 6414/51/2997 6402/38/2985
f 6404/28/2976 6416/41/2988 6415/52/2998 6403/39/2986
f 6405/40/2987 6417/53/2999 6428/54/3000 6416/41/2988
f 6406/42/2989 6418/55/3001 6417/56/2999 6405/43/2987
f 6407/44/2990 6419/57/3002 6418/55/3001 6406/42/2989
f 6408/45/2991 6420/58/3003 6419/57/3002 6407/44/2990
f 6409/46/2992 6421/59/3004 6420/58/3003 6408/45/2991
f 6410/47/2993 6422/60/3820 6421/59/3004 6409/46/2992
f 6411/48/3818 6423/61/3006 6422/60/3820 6410/47/2993
f 6412/49/3819 6424/62/3007 6423/61/3006 6411/48/3818
f 6413/50/2996 6425/63/3008 6424/62/3007 6412/49/3819
f 6414/51/2997 6426/64/3009 6425/63/3008 6413/50/2996
f 6415/52/2998 6427/65/3010 6426/64/3009 6414/51/2997
f 6416/41/2988 6428/54/3000 6427/65/3010 6415/52/2998
f 6417/53/2999 6429/66/3011 6440/67/3012 6428/54/3000
f 6418/55/3001 6430/68/3821 6429/69/3011 6417/56/2999
f 6419/57/3002 6431/70/3014 6430/68/3821 6418/55/3001
f 6420/58/3003 6432/71/3015 6431/70/3014 6419/57/3002
f 6421/59/3004 6433/72/3016 6432/71/3015 6420/58/3003
f 6422/60/3820 6434/73/3017 6433/72/3016 6421/59/3004
f 6423/61/3006 6435/74/3018 6434/73/3017 6422/60/3820
f 6424/62/3007 6436/75/3019 6435/74/3018 6423/61/3006
f 6425/63/3008 6437/76/3020 6436/75/3019 6424/62/3007
f 6426/64/3009 6438/77/3021 6437/76/3020 6425/63/3008
f 6427/65/3010 6439/78/3822 6438/77/3021 6426/64/3009
f 6428/54/3000 6440/67/3012 6439/78/3822 6427/65/3010
f 6429/66/3011 6441/79/3023 6452/80/3024 6440/67/3012
f 6430/68/3821 6442/81/3025 6441/82/3023 6429/69/3011
f 6431/70/3014 6443/83/3823 6442/81/3025 6430/68/3821
f 6432/71/3015 6444/84/3027 6443/83/3823 6431/70/3014
f 6433/72/3016 6445/85/3028 6444/84/3027 6432/71/3015
f 6434/73/3017 6446/86/3029 6445/85/3028 6433/72/3016
f 6435/74/3018 6447/87/3030 6446/86/3029 6434/73/3017
f 6436/75/3019 6448/88/3031 6447/87/3030 6435/74/3018
f 6437/76/3020 6449/89/3824 6448/88/3031 6436/75/3019
f 6438/77/3021 6450/90/3033 6449/89/3824 6437/76/3020
f 6439/78/3822 6451/91/3034 6450/90/3033 6438/77/3021
f 6440/67/3012 6452/80/3024 6451/91/3034 6439/78/3822
f 6441/79/3023 6453/92/3035 6464/93/3036 6452/80/3024
f 6442/81/3025 6454/94/3037 6453/95/3035 6441/82/3023
f 6443/83/3823 6455/96/3038 6454/94/3037 6442/81/3025
f 6444/84/3027 6456/97/3039 6455/96/3038 6443/83/3823
f 6445/85/3028 6457/98/3040 6456/97/3039 6444/84/3027
f 6446/86/3029 6458/99/3041 6457/98/3040 6445/85/3028
f 6447/87/3030 6459/100/3042 6458/99/3041 6446/86/3029
f 6448/88/3031 6460/101/3043 6459/100/3042 6447/87/3030
f 6449/89/3824 6461/102/3044 6460/101/3043 6448/88/3031
f 6450/90/3033 6462/103/3045 6461/102/3044 6449/89/3824
f 6451/91/3034 6463/104/3046 6462/103/3045 6450/90/3033
f 6452/80/3024 6464/93/3036 6463/104/3046 6451/91/3034
f 6453/92/3035 6465/105/3047 6476/106/3048 6464/93/3036
f 6454/94/3037 6466/107/3049 6465/108/3047 6453/95/3035
f 6455/96/3038 6467/109/3050 6466/107/3049 6454/94/3037
f 6456/97/3039 6468/110/3051 6467/109/3050 6455/96/3038
f 6457/98/3040 6469/111/3052 6468/110/3051 6456/97/3039
f 6458/99/3041 6470/112/3053 6469/111/3052 6457/98/3040
f 6459/100/3042 6471/113/3054 6470/112/3053 6458/99/3041
f 6460/101/3043 6472/114/3825 6471/113/3054 6459/100/3042
f 6461/102/3044 6473/115/3056 6472/114/3825 6460/101/3043
f 6462/103/3045 6474/116/3057 6473/115/3056 6461/102/3044
f 6463/104/3046 6475/117/3058 6474/116/3057 6462/103/3045
f 6464/93/3036 6476/106/3048 6475/117/3058 6463/104/3046
f 6465/105/3047 6477/118/3059 6488/119/3060 6476/106/3048
f 6466/107/3049 6478/120/3061 6477/121/3059 6465/108/3047
f 6467/109/3050 6479/122/3062 6478/120/3061 6466/107/3049
f 6468/110/3051 6480/123/3063 6479/122/3062 6467/109/3050
f 6469/111/3052 6481/124/3064 6480/123/3063 6468/110/3051
f 6470/112/3053 6482/125/3065 6481/124/3064 6469/111/3052
f 6471/113/3054 6483/126/3066 6482/125/3065 6470/112/3053
f 6472/114/3825 6484/127/3067 6483/126/3066 6471/113/3054
f 6473/115/3056 6485/128/3068 6484/127/3067 6472/114/3825
f 6474/116/3057 6486/129/3826 6485/128/3068 6473/115/3056
f 6475/117/3058 6487/130/3070 6486/129/3826 6474/116/3057
f 6476/106/3048 6488/119/3060 6487/130/3070 6475/117/3058
f 6477/118/3059 6489/131/3071 6500/132/3072 6488/119/3060
f 6478/120/3061 6490/133/3073 6489/134/3071 6477/121/3059
f 6479/122/3062 6491/135/3074 6490/133/3073 6478/120/3061
f 6480/123/3063 6492/136/3075 6491/135/3074 6479/122/3062
f 6481/124/3064 6493/137/3076 6492/136/3075 6480/123/3063
f 6482/125/3065 6494/138/3077 6493/137/3076 6481/124/3064
f 6483/126/3066 6495/139/3827 6494/138/3077 6482/125/3065
f 6484/127/3067 6496/140/3079 6495/139/3827 6483/126/3066
f 6485/128/3068 6497/141/3080 6496/140/3079 6484/127/3067
f 6486/129/3826 6498/142/3081 6497/141/3080 6485/128/3068
f 6487/130/3070 6499/143/3082 6498/142/3081 6486/129/3826
f 6488/119/3060 6500/132/3072 6499/143/3082 6487/130/3070
f 6489/131/3071 6501/144/3083 6512/145/3828 6500/132/3072
f 6490/133/3073 6502/146/3829 6501/147/3083 6489/134/3071
f 6491/135/3074 6503/148/3086 6502/146/3829 6490/133/3073
f 6492/136/3075 6504/149/3830 6503/148/3086 6491/135/3074
f 6493/137/3076 6505/150/3088 6504/149/3830 6492/136/3075
f 6494/138/3077 6506/151/3831 6505/150/3088 6493/137/3076
f 6495/139/3827 6507/152/3832 6506/151/3831 6494/138/3077
f 6496/140/3079 6508/153/3091 6507/152/3832 6495/139/3827
f 6497/141/3080 6509/154/3092 6508/153/3091 6496/140/3079
f 6498/142/3081 6510/155/3093 6509/154/3092 6497/141/3080
f 6499/143/3082 6511/156/3094 6510/155/3093 6498/142/3081
f 6500/132/3072 6512/145/3828 6511/156/3094 6499/143/3082
f 6501/144/3083 6513/157/3095 6524/158/3096 6512/145/3828
f 6502/146/3829 6514/159/3097 6513/160/3095 6501/147/3083
f 6503/148/3086 6515/161/3098 6514/159/3097 6502/146/3829
f 6504/149/3830 6516/162/3099 6515/161/3098 6503/148/3086
f 6505/150/3088 6517/163/3100 6516/162/3099 6504/149/3830
f 6506/151/3831 6518/164/3101 6517/163/3100 6505/150/3088
f 6507/152/3832 6519/165/3102 6518/164/3101 6506/151/3831
f 6508/153/3091 6520/166/3103 6519/165/3102 6507/152/3832
f 6509/154/3092 6521/167/3104 6520/166/3103 6508/153/3091
f 6510/155/3093 6522/168/3833 6521/167/3104 6509/154/3092
f 6511/156/3094 6523/169/3106 6522/168/3833 6510/155/3093
f 6512/145/3828 6524/158/3096 6523/169/3106 6511/156/3094
f 6513/157/3095 6525/170/3107 6536/171/3834 6524/158/3096
f 6514/159/3097 6526/172/3109 6525/173/3107 6513/160/3095
f 6515/161/3098 6527/174/3110 6526/172/3109 6514/159/3097
f 6516/162/3099 6528/175/3111 6527/174/3110 6515/161/3098
f 6517/163/3100 6529/176/3835 6528/175/3111 6516/162/3099
f 6518/164/3101 6530/177/3113 6529/176/3835 6517/163/3100
f 6519/165/3102 6531/178/3836 6530/177/3113 6518/164/3101
f 6520/166/3103 6532/179/3115 6531/178/3836 6519/165/3102
f 6521/167/3104 6533/180/3116 6532/179/3115 6520/166/3103
f 6522/168/3833 6534/181/3837 6533/180/3116 6521/167/3104
f 6523/169/3106 6535/182/3118 6534/181/3837 6522/168/3833
f 6524/158/3096 6536/171/3834 6535/182/3118 6523/169/3106
f 6525/170/3107 6537/183/3119 6548/184/3838 6536/171/3834
f 6526/172/3109 6538/185/3121 6537/186/3119 6525/173/3107
f 6527/174/3110 6539/187/3122 6538/185/3121 6526/172/3109
f 6528/175/3111 6540/188/3123 6539/187/3122 6527/174/3110
f 6529/176/3835 6541/189/3124 6540/188/3123 6528/175/3111
f 6530/177/3113 6542/190/3125 6541/189/3124 6529/176/3835
f 6531/178/3836 6543/191/3126 6542/190/3125 6530/177/3113
f 6532/179/3115 6544/192/3127 6543/191/3126 6531/178/3836
f 6533/180/3116 6545/193/3128 6544/192/3127 6532/179/3115
f 6534/181/3837 6546/194/3129 6545/193/3128 6533/180/3116
f 6535/182/3118 6547/195/3130 6546/194/3129 6534/181/3837
f 6536/171/3834 6548/184/3838 6547/195/3130 6535/182/3118
f 6537/183/3119 6549/196/3131 6560/197/3132 6548/184/3838
f 6538/185/3121 6550/198/3133 6549/199/3131 6537/186/3119
f 6539/187/3122 6551/200/3134 6550/198/3133 6538/185/3121
f 6540/188/3123 6552/201/3839 6551/200/3134 6539/187/3122
f 6541/189/3124 6553/202/3136 6552/201/3839 6540/188/3123
f 6542/190/3125 6554/203/3137 6553/202/3136 6541/189/3124
f 6543/191/3126 6555/204/3138 6554/203/3137 6542/190/3125
f 6544/192/3127 6556/205/3139 6555/204/3138 6543/191/3126
f 6545/193/3128 6557/206/3140 6556/205/3139 6544/192/3127
f 6546/194/3129 6558/207/3141 6557/206/3140 6545/193/3128
f 6547/195/3130 6559/208/3142 6558/207/3141 6546/194/3129
f 6548/184/3838 6560/197/3132 6559/208/3142 6547/195/3130
f 6549/196/3131 6561/209/3143 6572/210/3144 6560/197/3132
f 6550/198/3133 6562/211/3145 6561/212/3143 6549/199/3131
f 6551/200/3134 6563/213/3840 6562/211/3145 6550/198/3133
f 6552/201/3839 6564/214/3147 6563/213/3840 6551/200/3134
f 6553/202/3136 6565/215/3148 6564/214/3147 6552/201/3839
f 6554/203/3137 6566/216/3149 6565/215/3148 6553/202/3136
f 6555/204/3138 6567/217/3150 6566/216/3149 6554/203/3137
f 6556/205/3139 6568/218/3151 6567/217/3150 6555/204/3138
f 6557/206/3140 6569/219/3152 6568/218/3151 6556/205/3139
f 6558/207/3141 6570/220/3153 6569/219/3152 6557/206/3140
f 6559/208/3142 6571/221/3154 6570/220/3153 6558/207/3141
f 6560/197/3132 6572/210/3144 6571/221/3154 6559/208/3142
f 6561/209/3143 6573/222/3155 6584/223/3156 6572/210/3144
f 6562/211/3145 6574/224/3157 6573/225/3155 6561/212/3143
f 6563/213/3840 6575/226/3158 6574/224/3157 6562/211/3145
f 6564/214/3147 6576/227/3841 6575/226/3158 6563/213/3840
f 6565/215/3148 6577/228/3160 6576/227/3841 6564/214/3147
f 6566/216/3149 6578/229/3161 6577/228/3160 6565/215/3148
f 6567/217/3150 6579/230/3162 6578/229/3161 6566/216/3149
f 6568/218/3151 6580/231/3163 6579/230/3162 6567/217/3150
f 6569/219/3152 6581/232/3164 6580/231/3163 6568/218/3151
f 6570/220/3153 6582/233/3165 6581/232/3164 6569/219/3152
f 6571/221/3154 6583/234/3166 6582/233/3165 6570/220/3153
f 6572/210/3144 6584/223/3156 6583/234/3166 6571/221/3154
f 6573/222/3155 6585/235/3167 6596/236/3168 6584/223/3156
f 6574/224/3157 6586/237/3169 6585/238/3167 6573/225/3155
f 6575/226/3158 6587/239/3170 6586/237/3169 6574/224/3157
f 6576/227/3841 6588/240/3842 6587/239/3170 6575/226/3158
f 6577/228/3160 6589/241/3172 6588/240/3842 6576/227/3841
f 6578/229/3161 6590/242/3173 6589/241/3172 6577/228/3160
f 6579/230/3162 6591/243/3174 6590/242/3173 6578/229/3161
f 6580/231/3163 6592/244/3175 6591/243/3174 6579/230/3162
f 6581/232/3164 6593/245/3843 6592/244/3175 6580/231/3163
f 6582/233/3165 6594/246/3177 6593/245/3843 6581/232/3164
f 6583/234/3166 6595/247/3178 6594/246/3177 6582/233/3165
f 6584/223/3156 6596/236/3168 6595/247/3178 6583/234/3166
f 6585/235/3167 6597/248/3179 6608/249/3180 6596/236/3168
f 6586/237/3169 6598/250/3181 6597/251/3179 6585/238/3167
f 6587/239/3170 6599/252/3182 6598/250/3181 6586/237/3169
f 6588/240/3842 6600/253/3183 6599/252/3182 6587/239/3170
f 6589/241/3172 6601/254/3844 6600/253/3183 6588/240/3842
f 6590/242/3173 6602/255/3185 6601/254/3844 6589/241/3172
f 6591/243/3174 6603/256/3186 6602/255/3185 6590/242/3173
f 6592/244/3175 6604/257/3187 6603/256/3186 6591/243/3174
f 6593/245/3843 6605/258/3845 6604/257/3187 6592/244/3175
f 6594/246/3177 6606/259/3189 6605/258/3845 6593/245/3843
f 6595/247/3178 6607/260/3190 6606/259/3189 6594/246/3177
f 6596/236/3168 6608/249/3180 6607/260/3190 6595/247/3178
f 6597/248/3179 6609/261/3191 6620/262/3192 6608/249/3180
f 6598/250/3181 6610/263/3193 6609/264/3191 6597/251/3179
f 6599/252/3182 6611/265/3194 6610/263/3193 6598/250/3181
f 6600/253/3183 6612/266/3195 6611/265/3194 6599/252/3182
f 6601/254/3844 6613/267/3196 6612/266/3195 6600/253/3183
f 6602/255/3185 6614/268/3197 6613/267/3196 6601/254/3844
f 6603/256/3186 6615/269/3198 6614/268/3197 6602/255/3185
f 6604/257/3187 6616/270/3199 6615/269/3198 6603/256/3186
f 6605/258/3845 6617/271/3200 6616/270/3199 6604/257/3187
f 6606/259/3189 6618/272/3201 6617/271/3200 6605/258/3845
f 6607/260/3190 6619/273/3846 6618/272/3201 6606/259/3189
f 6608/249/3180 6620/262/3192 6619/273/3846 6607/260/3190
f 6609/261/3191 6621/274/3203 6632/275/3204 6620/262/3192
f 6610/263/3193 6622/276/3205 6621/277/3203 6609/264/3191
f 6611/265/3194 6623/278/3847 6622/276/3205 6610/263/3193
f 6612/266/3195 6624/279/3207 6623/278/3847 6611/265/3194
f 6613/267/3196 6625/280/3848 6624/279/3207 6612/266/3195
f 6614/268/3197 6626/281/3849 6625/280/3848 6613/267/3196
f 6615/269/3198 6627/282/3210 6626/281/3849 6614/268/3197
f 6616/270/3199 6628/283/3211 6627/282/3210 6615/269/3198
f 6617/271/3200 6629/284/3850 6628/283/3211 6616/270/3199
f 6618/272/3201 6630/285/3213 6629/284/3850 6617/271/3200
f 6619/273/3846 6631/286/3214 6630/285/3213 6618/272/3201
f 6620/262/3192 6632/275/3204 6631/286/3214 6619/273/3846
f 6621/274/3203 6633/287/3215 6644/288/3216 6632/275/3204
f 6622/276/3205 6634/289/3217 6633/290/3215 6621/277/3203
f 6623/278/3847 6635/291/3218 6634/289/3217 6622/276/3205
f 6624/279/3207 6636/292/3219 6635/291/3218 6623/278/3847
f 6625/280/3848 6637/293/3220 6636/292/3219 6624/279/3207
f 6626/281/3849 6638/294/3851 6637/293/3220 6625/280/3848
f 6627/282/3210 6639/295/3222 6638/294/3851 6626/281/3849
f 6628/283/3211 6640/296/3223 6639/295/3222 6627/282/3210
f 6629/284/3850 6641/297/3224 6640/296/3223 6628/283/3211
f 6630/285/3213 6642/298/3225 6641/297/3224 6629/284/3850
f 6631/286/3214 6643/299/3226 6642/298/3225 6630/285/3213
f 6632/275/3204 6644/288/3216 6643/299/3226 6631/286/3214
f 6633/287/3215 6645/300/3227 6656/301/3228 6644/288/3216
f 6634/289/3217 6646/302/3229 6645/303/3227 6633/290/3215
f 6635/291/3218 6647/304/3230 6646/302/3229 6634/289/3217
f 6636/292/3219 6648/305/3852 6647/304/3230 6635/291/3218
f 6637/293/3220 6649/306/3232 6648/305/3852 6636/292/3219
f 6638/294/3851 6650/307/3233 6649/306/3232 6637/293/3220
f 6639/295/3222 6651/308/3234 6650/307/3233 6638/294/3851
f 6640/296/3223 6652/309/3235 6651/308/3234 6639/295/3222
f 6641/297/3224 6653/310/3236 6652/309/3235 6640/296/3223
f 6642/298/3225 6654/311/3237 6653/310/3236 6641/297/3224
f 6643/299/3226 6655/312/3238 6654/311/3237 6642/298/3225
f 6644/288/3216 6656/301/3228 6655/312/3238 6643/299/3226
f 6645/300/3227 6657/313/3239 6668/314/3240 6656/301/3228
f 6646/302/3229 6658/315/3241 6657/316/3239 6645/303/3227
f 6647/304/3230 6659/317/3242 6658/315/3241 6646/302/3229
f 6648/305/3852 6660/318/3243 6659/317/3242 6647/304/3230
f 6649/306/3232 6661/319/3244 6660/318/3243 6648/305/3852
f 6650/307/3233 6662/320/3245 6661/319/3244 6649/306/3232
f 6651/308/3234 6663/321/3246 6662/320/3245 6650/307/3233
f 6652/309/3235 6664/322/3247 6663/321/3246 6651/308/3234
f 6653/310/3236 6665/323/3248 6664/322/3247 6652/309/3235
f 6654/311/3237 6666/324/3249 6665/323/3248 6653/310/3236
f 6655/312/3238 6667/325/3250 6666/324/3249 6654/311/3237
f 6656/301/3228 6668/314/3240 6667/325/3250 6655/312/3238
f 6657/313/3239 6669/326/3251 6680/327/3252 6668/314/3240
f 6658/315/3241 6670/328/3253 6669/329/3251 6657/316/3239
f 6659/317/3242 6671/330/3254 6670/328/3253 6658/315/3241
f 6660/318/3243 6672/331/3255 6671/330/3254 6659/317/3242
f 6661/319/3244 6673/332/3256 6672/331/3255 6660/318/3243
f 6662/320/3245 6674/333/3853 6673/332/3256 6661/319/3244
f 6663/321/3246 6675/334/3258 6674/333/3853 6662/320/3245
f 6664/322/3247 6676/335/3259 6675/334/3258 6663/321/3246
f 6665/323/3248 6677/336/3260 6676/335/3259 6664/322/3247
f 6666/324/3249 6678/337/3261 6677/336/3260 6665/323/3248
f 6667/325/3250 6679/338/3262 6678/337/3261 6666/324/3249
f 6668/314/3240 6680/327/3252 6679/338/3262 6667/325/3250
f 6669/326/3251 6681/339/3263 6692/340/3264 6680/327/3252
f 6670/328/3253 6682/341/3265 6681/342/3263 6669/329/3251
f 6671/330/3254 6683/343/3266 6682/341/3265 6670/328/3253
f 6672/331/3255 6684/344/3267 6683/343/3266 6671/330/3254
f 6673/332/3256 6685/345/3268 6684/344/3267 6672/331/3255
f 6674/333/3853 6686/346/3854 6685/345/3268 6673/332/3256
f 6675/334/3258 6687/347/3270 6686/346/3854 6674/333/3853
f 6676/335/3259 6688/348/3271 6687/347/3270 6675/334/3258
f 6677/336/3260 6689/349/3272 6688/348/3271 6676/335/3259
f 6678/337/3261 6690/350/3273 6689/349/3272 6677/336/3260
f 6679/338/3262 6691/351/3274 6690/350/3273 6678/337/3261
f 6680/327/3252 6692/340/3264 6691/351/3274 6679/338/3262
f 6681/339/3263 6693/352/3275 6704/353/3276 6692/340/3264
f 6682/341/3265 6694/354/3277 6693/355/3275 6681/342/3263
f 6683/343/3266 6695/356/3278 6694/354/3277 6682/341/3265
f 6684/344/3267 6696/357/3855 6695/356/3278 6683/343/3266
f 6685/345/3268 6697/358/3280 6696/357/3855 6684/344/3267
f 6686/346/3854 6698/359/3281 6697/358/3280 6685/345/3268
f 6687/347/3270 6699/360/3282 6698/359/3281 6686/346/3854
f 6688/348/3271 6700/361/3283 6699/360/3282 6687/347/3270
f 6689/349/3272 6701/362/3284 6700/361/3283 6688/348/3271
f 6690/350/3273 6702/363/3285 6701/362/3284 6689/349/3272
f 6691/351/3274 6703/364/3286 6702/363/3285 6690/350/3273
f 6692/340/3264 6704/353/3276 6703/364/3286 6691/351/3274
f 6693/352/3275 6705/365/3287 6716/366/3288 6704/353/3276
f 6694/354/3277 6706/367/3289 6705/368/3287 6693/355/3275
f 6695/356/3278 6707/369/3856 6706/367/3289 6694/354/3277
f 6696/357/3855 6708/370/3291 6707/369/3856 6695/356/3278
f 6697/358/3280 6709/371/3292 6708/370/3291 6696/357/3855
f 6698/359/3281 6710/372/3293 6709/371/3292 6697/358/3280
f 6699/360/3282 6711/373/3294 6710/372/3293 6698/359/3281
f 6700/361/3283 6712/374/3295 6711/373/3294 6699/360/3282
f 6701/362/3284 6713/375/3296 6712/374/3295 6700/361/3283
f 6702/363/3285 6714/376/3297 6713/375/3296 6701/362/3284
f 6703/364/3286 6715/377/3298 6714/376/3297 6702/363/3285
f 6704/353/3276 6716/366/3288 6715/377/3298 6703/364/3286
f 6705/365/3287 6717/378/3299 6728/379/3300 6716/366/3288
f 6706/367/3289 6718/380/3301 6717/381/3299 6705/368/3287
f 6707/369/3856 6719/382/3302 6718/380/3301 6706/367/3289
f 6708/370/3291 6720/383/3303 6719/382/3302 6707/369/3856
f 6709/371/3292 6721/384/3304 6720/383/3303 6708/370/3291
f 6710/372/3293 6722/385/3305 6721/384/3304 6709/371/3292
f 6711/373/3294 6723/386/3306 6722/385/3305 6710/372/3293
f 6712/374/3295 6724/387/3307 6723/386/3306 6711/373/3294
f 6713/375/3296 6725/388/3308 6724/387/3307 6712/374/3295
f 6714/376/3297 6726/389/3309 6725/388/3308 6713/375/3296
f 6715/377/3298 6727/390/3310 6726/389/3309 6714/376/3297
f 6716/366/3288 6728/379/3300 6727/390/3310 6715/377/3298
f 6717/378/3299 6729/391/3311 6740/392/3312 6728/379/3300
f 6718/380/3301 6730/393/3313 6729/394/3311 6717/381/3299
f 6719/382/3302 6731/395/3857 6730/393/3313 6718/380/3301
f 6720/383/3303 6732/396/3315 6731/395/3857 6719/382/3302
f 6721/384/3304 6733/397/3316 6732/396/3315 6720/383/3303
f 6722/385/3305 6734/398/3317 6733/397/3316 6721/384/3304
f 6723/386/3306 6735/399/3858 6734/398/3317 6722/385/3305
f 6724/387/3307 6736/400/3319 6735/399/3858 6723/386/3306
f 6725/388/3308 6737/401/3320 6736/400/3319 6724/387/3307
f 6726/389/3309 6738/402/3321 6737/401/3320 6725/388/3308
f 6727/390/3310 6739/403/3322 6738/402/3321 6726/389/3309
f 6728/379/3300 6740/392/3312 6739/403/3322 6727/390/3310
f 6729/391/3311 6741/404/3323 6752/405/3324 6740/392/3312
f 6730/393/3313 6742/406/3859 6741/407/3323 6729/394/3311
f 6731/395/3857 6743/408/3326 6742/406/3859 6730/393/3313
f 6732/396/3315 6744/409/3860 6743/408/3326 6731/395/3857
f 6733/397/3316 6745/410/3328 6744/409/3860 6732/396/3315
f 6734/398/3317 6746/411/3329 6745/410/3328 6733/397/3316
f 6735/399/3858 6747/412/3330 6746/411/3329 6734/398/3317
f 6736/400/3319 6748/413/3331 6747/412/3330 6735/399/3858
f 6737/401/3320 6749/414/3332 6748/413/3331 6736/400/3319
f 6738/402/3321 6750/415/3333 6749/414/3332 6737/401/3320
f 6739/403/3322 6751/416/3334 6750/415/3333 6738/402/3321
f 6740/392/3312 6752/405/3324 6751/416/3334 6739/403/3322
f 6741/404/3323 6753/417/3335 6764/418/3336 6752/405/3324
f 6742/406/3859 6754/419/3337 6753/420/3335 6741/407/3323
f 6743/408/3326 6755/421/3338 6754/419/3337 6742/406/3859
f 6744/409/3860 6756/422/3339 6755/421/3338 6743/408/3326
f 6745/410/3328 6757/423/3340 6756/422/3339 6744/409/3860
f 6746/411/3329 6758/424/3861 6757/423/3340 6745/410/3328
f 6747/412/3330 6759/425/3342 6758/424/3861 6746/411/3329
f 6748/413/3331 6760/426/3343 6759/425/3342 6747/412/3330
f 6749/414/3332 6761/427/3344 6760/426/3343 6748/413/3331
f 6750/415/3333 6762/428/3345 6761/427/3344 6749/414/3332
f 6751/416/3334 6763/429/3346 6762/428/3345 6750/415/3333
f 6752/405/3324 6764/418/3336 6763/429/3346 6751/416/3334
f 6753/417/3335 6765/430/3347 6776/431/3348 6764/418/3336
f 6754/419/3337 6766/432/3349 6765/433/3347 6753/420/3335
f 6755/421/3338 6767/434/3350 6766/432/3349 6754/419/3337
f 6756/422/3339 6768/435/3351 6767/434/3350 6755/421/3338
f 6757/423/3340 6769/436/3352 6768/435/3351 6756/422/3339
f 6758/424/3861 6770/437/3353 6769/436/3352 6757/423/3340
f 6759/425/3342 6771/438/3354 6770/437/3353 6758/424/3861
f 6760/426/3343 6772/439/3355 6771/438/3354 6759/425/3342
f 6761/427/3344 6773/440/3356 6772/439/3355 6760/426/3343
f 6762/428/3345 6774/441/3357 6773/440/3356 6761/427/3344
f 6763/429/3346 6775/442/3358 6774/441/3357 6762/428/3345
f 6764/418/3336 6776/431/3348 6775/442/3358 6763/429/3346
f 6765/430/3347 6777/443/3359 6788/444/3360 6776/431/3348
f 6766/432/3349 6778/445/3361 6777/446/3359 6765/433/3347
f 6767/434/3350 6779/447/3362 6778/445/3361 6766/432/3349
f 6768/435/3351 6780/448/3363 6779/447/3362 6767/434/3350
f 6769/436/3352 6781/449/3862 6780/448/3363 6768/435/3351
f 6770/437/3353 6782/450/3365 6781/449/3862 6769/436/3352
f 6771/438/3354 6783/451/3863 6782/450/3365 6770/437/3353
f 6772/439/3355 6784/452/3367 6783/451/3863 6771/438/3354
f 6773/440/3356 6785/453/3368 6784/452/3367 6772/439/3355
f 6774/441/3357 6786/454/3369 6785/453/3368 6773/440/3356
f 6775/442/3358 6787/455/3370 6786/454/3369 6774/441/3357
f 6776/431/3348 6788/444/3360 6787/455/3370 6775/442/3358
f 6777/443/3359 6789/456/3371 6800/457/3372 6788/444/3360
f 6778/445/3361 6790/458/3373 6789/459/3371 6777/446/3359
f 6779/447/3362 6791/460/3374 6790/458/3373 6778/445/3361
f 6780/448/3363 6792/461/3375 6791/460/3374 6779/447/3362
f 6781/449/3862 6793/462/3376 6792/461/3375 6780/448/3363
f 6782/450/3365 6794/463/3377 6793/462/3376 6781/449/3862
f 6783/451/3863 6795/464/3378 6794/463/3377 6782/450/3365
f 6784/452/3367 6796/465/3379 6795/464/3378 6783/451/3863
f 6785/453/3368 6797/466/3864 6796/465/3379 6784/452/3367
f 6786/454/3369 6798/467/3381 6797/466/3864 6785/453/3368
f 6787/455/3370 6799/468/3382 6798/467/3381 6786/454/3369
f 6788/444/3360 6800/457/3372 6799/468/3382 6787/455/3370
f 6789/456/3371 6801/469/3865 6812/470/3384 6800/457/3372
f 6790/458/3373 6802/471/3385 6801/472/3865 6789/459/3371
f 6791/460/3374 6803/473/3386 6802/471/3385 6790/458/3373
f 6792/461/3375 6804/474/3387 6803/473/3386 6791/460/3374
f 6793/462/3376 6805/475/3388 6804/474/3387 6792/461/3375
f 6794/463/3377 6806/476/3389 6805/475/3388 6793/462/3376
f 6795/464/3378 6807/477/3866 6806/476/3389 6794/463/3377
f 6796/465/3379 6808/478/3391 6807/477/3866 6795/464/3378
f 6797/466/3864 6809/479/3392 6808/478/3391 6796/465/3379
f 6798/467/3381 6810/480/3393 6809/479/3392 6797/466/3864
f 6799/468/3382 6811/481/3394 6810/480/3393 6798/467/3381
f 6800/457/3372 6812/470/3384 6811/481/3394 6799/468/3382
usemtl Material.035
f 3405/238/3395 3398/771/3396 3400/773/3396 3406/240/3395
f 3406/240/3397 3400/773/3398 3404/776/3398 3407/243/3397
f 3407/243/3399 3404/776/3400 3402/779/3400 3408/246/3399
f 3408/246/3401 3402/779/3402 3398/768/3402 3405/235/3401
f 3399/542/3403 3403/659/3403 3401/662/3403 3397/545/3403
f 3404/776/3404 3400/893/3404 3398/896/3404 3402/779/3404
f 3401/662/3405 3408/246/3401 3405/235/3401 3397/651/3405
f 3409/950/3406 3403/659/3407 3407/243/3399 3408/246/3399 3401/662/3407 3412/951/3408 3411/952/3409 3410/953/3410
f 3401/662/3407 3403/659/3407 3409/950/3406 3412/951/3408
f 3399/656/3411 3406/240/3397 3407/243/3397 3403/659/3411
f 3413/954/3412 3397/654/3413 3405/238/3395 3406/240/3395 3399/656/3413 3416/955/3414 3414/956/3415 3415/957/3416
f 3416/955/3414 3399/656/3413 3397/654/3413 3413/954/3412
f 3416/958/3414 3409/959/3406 3410/960/3410 3414/961/3415
f 3412/962/3408 3413/963/3412 3415/964/3416 3411/965/3409
f 3413/966/3412 3412/967/3408 3409/968/3406 3416/969/3414
f 3414/970/3415 3410/971/3410 3411/972/3409 3415/973/3416
