# Blender 5.0.1
# www.blender.org
mtllib ProfilVecka1_ExhaustGrill_PuzzleChamber1.mtl
o Cube.047
v -67.779762 4.524190 49.822643
v -67.779762 4.630812 49.821175
v -67.779762 4.505349 48.454491
v -67.779762 4.611971 48.453022
v -66.466911 4.524190 49.822643
v -66.466911 4.630812 49.821175
v -66.466911 4.505349 48.454491
v -66.466911 4.611971 48.453022
v -66.866547 4.505349 48.454491
v -66.866547 4.611971 48.453022
v -66.866547 4.524190 49.822643
v -66.866547 4.630812 49.821175
v -67.323151 4.505349 48.454491
v -67.323151 4.630812 49.821175
v -67.323151 4.611971 48.453022
v -67.323151 4.524190 49.822643
v -67.779762 4.514769 49.138569
v -67.779762 4.621391 49.137100
v -66.466911 4.514769 49.138569
v -66.466911 4.621391 49.137100
v -66.866547 4.621391 49.137100
v -66.866547 4.514769 49.138569
v -67.323151 4.514769 49.138569
v -67.323151 4.621391 49.137100
v -66.756523 4.516380 49.255478
v -66.630318 4.519327 49.469509
v -66.630318 4.516380 49.255478
v -66.866547 4.522274 49.683540
v -66.866547 4.516380 49.255478
v -66.630318 4.522274 49.683540
v -66.756523 4.522274 49.683540
v -67.590057 4.625949 49.468040
v -67.590057 4.623001 49.254009
v -67.445862 4.623001 49.254009
v -67.590057 4.628896 49.682072
v -67.445862 4.628896 49.682072
v -67.323151 4.628896 49.682072
v -67.323151 4.623001 49.254009
v -66.866547 4.628896 49.682072
v -66.866547 4.623001 49.254009
v -66.630318 4.623001 49.254009
v -66.756523 4.623001 49.254009
v -66.630318 4.628896 49.682072
v -66.756523 4.628896 49.682072
v -66.630318 4.625949 49.468040
v -67.044922 4.519327 49.469509
v -67.175461 4.516380 49.255478
v -66.900726 4.522274 49.683540
v -66.900726 4.516380 49.255478
v -67.044922 4.516380 49.255478
v -67.175461 4.522274 49.683540
v -67.301666 4.522274 49.683540
v -67.323151 4.522274 49.683540
v -67.323151 4.516380 49.255478
v -67.301666 4.516380 49.255478
v -67.044922 4.522274 49.683540
v -67.175461 4.519327 49.469509
v -67.445862 4.516380 49.255478
v -67.590057 4.516380 49.255478
v -67.590057 4.522274 49.683540
v -67.590057 4.519327 49.469509
v -67.445862 4.522274 49.683540
v -67.301666 4.628896 49.682072
v -67.301666 4.623001 49.254009
v -67.044922 4.623001 49.254009
v -67.175461 4.625949 49.468040
v -67.175461 4.623001 49.254009
v -67.175461 4.628896 49.682072
v -67.044922 4.628896 49.682072
v -67.044922 4.625949 49.468040
v -66.900726 4.623001 49.254009
v -66.900726 4.628896 49.682072
v -67.323151 4.619643 49.010166
v -67.301666 4.619643 49.010166
v -67.323151 4.613748 48.582108
v -67.301666 4.613748 48.582108
v -67.175461 4.616696 48.796135
v -67.044922 4.613748 48.582108
v -67.175461 4.613748 48.582108
v -67.175461 4.619643 49.010166
v -67.044922 4.619643 49.010166
v -67.044922 4.616696 48.796135
v -66.900726 4.619643 49.010166
v -66.866547 4.619643 49.010166
v -66.866547 4.613748 48.582108
v -66.900726 4.613748 48.582108
v -67.445862 4.507127 48.583572
v -67.590057 4.507127 48.583572
v -67.323151 4.513021 49.011635
v -67.323151 4.507127 48.583572
v -67.590057 4.513021 49.011635
v -67.590057 4.510074 48.797604
v -67.445862 4.513021 49.011635
v -67.044922 4.510074 48.797604
v -67.044922 4.507127 48.583572
v -67.175461 4.507127 48.583572
v -66.900726 4.513021 49.011635
v -66.866547 4.513021 49.011635
v -66.866547 4.507127 48.583572
v -66.900726 4.507127 48.583572
v -67.301666 4.513021 49.011635
v -67.301666 4.507127 48.583572
v -67.044922 4.513021 49.011635
v -67.175461 4.513021 49.011635
v -67.175461 4.510074 48.797604
v -66.630318 4.613748 48.582108
v -66.756523 4.613748 48.582108
v -66.756523 4.619643 49.010166
v -66.630318 4.616696 48.796135
v -66.630318 4.619643 49.010166
v -67.590057 4.616696 48.796135
v -67.445862 4.613748 48.582108
v -67.590057 4.613748 48.582108
v -67.590057 4.619643 49.010166
v -67.445862 4.619643 49.010166
v -66.756523 4.507127 48.583572
v -66.630318 4.510074 48.797604
v -66.630318 4.507127 48.583572
v -66.630318 4.513021 49.011635
v -66.756523 4.513021 49.011635
v -67.779762 4.524190 51.162830
v -67.779762 4.630812 51.161362
v -67.779762 4.505349 49.794678
v -67.779762 4.611971 49.793209
v -66.466911 4.524190 51.162830
v -66.466911 4.630812 51.161362
v -66.466911 4.505349 49.794678
v -66.466911 4.611971 49.793209
v -66.866547 4.505349 49.794678
v -66.866547 4.611971 49.793209
v -66.866547 4.524190 51.162830
v -66.866547 4.630812 51.161362
v -67.323151 4.505349 49.794678
v -67.323151 4.630812 51.161362
v -67.323151 4.611971 49.793209
v -67.323151 4.524190 51.162830
v -67.779762 4.514769 50.478756
v -67.779762 4.621391 50.477287
v -66.466911 4.514769 50.478756
v -66.466911 4.621391 50.477287
v -66.866547 4.621391 50.477287
v -66.866547 4.514769 50.478756
v -67.323151 4.514769 50.478756
v -67.323151 4.621391 50.477287
v -66.756523 4.516380 50.595665
v -66.630318 4.519327 50.809696
v -66.630318 4.516380 50.595665
v -66.866547 4.522274 51.023727
v -66.866547 4.516380 50.595665
v -66.630318 4.522274 51.023727
v -66.756523 4.522274 51.023727
v -67.590057 4.625949 50.808228
v -67.590057 4.623001 50.594196
v -67.445862 4.623001 50.594196
v -67.590057 4.628896 51.022259
v -67.445862 4.628896 51.022259
v -67.323151 4.628896 51.022259
v -67.323151 4.623001 50.594196
v -66.866547 4.628896 51.022259
v -66.866547 4.623001 50.594196
v -66.630318 4.623001 50.594196
v -66.756523 4.623001 50.594196
v -66.630318 4.628896 51.022259
v -66.756523 4.628896 51.022259
v -66.630318 4.625949 50.808228
v -67.044922 4.519327 50.809696
v -67.175461 4.516380 50.595665
v -66.900726 4.522274 51.023727
v -66.900726 4.516380 50.595665
v -67.044922 4.516380 50.595665
v -67.175461 4.522274 51.023727
v -67.301666 4.522274 51.023727
v -67.323151 4.522274 51.023727
v -67.323151 4.516380 50.595665
v -67.301666 4.516380 50.595665
v -67.044922 4.522274 51.023727
v -67.175461 4.519327 50.809696
v -67.445862 4.516380 50.595665
v -67.590057 4.516380 50.595665
v -67.590057 4.522274 51.023727
v -67.590057 4.519327 50.809696
v -67.445862 4.522274 51.023727
v -67.301666 4.628896 51.022259
v -67.301666 4.623001 50.594196
v -67.044922 4.623001 50.594196
v -67.175461 4.625949 50.808228
v -67.175461 4.623001 50.594196
v -67.175461 4.628896 51.022259
v -67.044922 4.628896 51.022259
v -67.044922 4.625949 50.808228
v -66.900726 4.623001 50.594196
v -66.900726 4.628896 51.022259
v -67.323151 4.619643 50.350353
v -67.301666 4.619643 50.350353
v -67.323151 4.613748 49.922295
v -67.301666 4.613748 49.922295
v -67.175461 4.616696 50.136322
v -67.044922 4.613748 49.922295
v -67.175461 4.613748 49.922295
v -67.175461 4.619643 50.350353
v -67.044922 4.619643 50.350353
v -67.044922 4.616696 50.136322
v -66.900726 4.619643 50.350353
v -66.866547 4.619643 50.350353
v -66.866547 4.613748 49.922295
v -66.900726 4.613748 49.922295
v -67.445862 4.507127 49.923759
v -67.590057 4.507127 49.923759
v -67.323151 4.513021 50.351822
v -67.323151 4.507127 49.923759
v -67.590057 4.513021 50.351822
v -67.590057 4.510074 50.137791
v -67.445862 4.513021 50.351822
v -67.044922 4.510074 50.137791
v -67.044922 4.507127 49.923759
v -67.175461 4.507127 49.923759
v -66.900726 4.513021 50.351822
v -66.866547 4.513021 50.351822
v -66.866547 4.507127 49.923759
v -66.900726 4.507127 49.923759
v -67.301666 4.513021 50.351822
v -67.301666 4.507127 49.923759
v -67.044922 4.513021 50.351822
v -67.175461 4.513021 50.351822
v -67.175461 4.510074 50.137791
v -66.630318 4.613748 49.922295
v -66.756523 4.613748 49.922295
v -66.756523 4.619643 50.350353
v -66.630318 4.616696 50.136322
v -66.630318 4.619643 50.350353
v -67.590057 4.616696 50.136322
v -67.445862 4.613748 49.922295
v -67.590057 4.613748 49.922295
v -67.590057 4.619643 50.350353
v -67.445862 4.619643 50.350353
v -66.756523 4.507127 49.923759
v -66.630318 4.510074 50.137791
v -66.630318 4.507127 49.923759
v -66.630318 4.513021 50.351822
v -66.756523 4.513021 50.351822
v -67.779762 4.524190 52.483322
v -67.779762 4.630812 52.481853
v -67.779762 4.505349 51.115170
v -67.779762 4.611971 51.113701
v -66.466911 4.524190 52.483322
v -66.466911 4.630812 52.481853
v -66.466911 4.505349 51.115170
v -66.466911 4.611971 51.113701
v -66.866547 4.505349 51.115170
v -66.866547 4.611971 51.113701
v -66.866547 4.524190 52.483322
v -66.866547 4.630812 52.481853
v -67.323151 4.505349 51.115170
v -67.323151 4.630812 52.481853
v -67.323151 4.611971 51.113701
v -67.323151 4.524190 52.483322
v -67.779762 4.514769 51.799244
v -67.779762 4.621391 51.797775
v -66.466911 4.514769 51.799244
v -66.466911 4.621391 51.797775
v -66.866547 4.621391 51.797775
v -66.866547 4.514769 51.799244
v -67.323151 4.514769 51.799244
v -67.323151 4.621391 51.797775
v -66.756523 4.516380 51.916153
v -66.630318 4.519327 52.130184
v -66.630318 4.516380 51.916153
v -66.866547 4.522274 52.344215
v -66.866547 4.516380 51.916153
v -66.630318 4.522274 52.344215
v -66.756523 4.522274 52.344215
v -67.590057 4.625950 52.128716
v -67.590057 4.623001 51.914684
v -67.445862 4.623001 51.914684
v -67.590057 4.628896 52.342747
v -67.445862 4.628896 52.342747
v -67.323151 4.628896 52.342747
v -67.323151 4.623001 51.914684
v -66.866547 4.628896 52.342747
v -66.866547 4.623001 51.914684
v -66.630318 4.623001 51.914684
v -66.756523 4.623001 51.914684
v -66.630318 4.628896 52.342747
v -66.756523 4.628896 52.342747
v -66.630318 4.625950 52.128716
v -67.044922 4.519327 52.130184
v -67.175461 4.516380 51.916153
v -66.900726 4.522274 52.344215
v -66.900726 4.516380 51.916153
v -67.044922 4.516380 51.916153
v -67.175461 4.522274 52.344215
v -67.301666 4.522274 52.344215
v -67.323151 4.522274 52.344215
v -67.323151 4.516380 51.916153
v -67.301666 4.516380 51.916153
v -67.044922 4.522274 52.344215
v -67.175461 4.519327 52.130184
v -67.445862 4.516380 51.916153
v -67.590057 4.516380 51.916153
v -67.590057 4.522274 52.344215
v -67.590057 4.519327 52.130184
v -67.445862 4.522274 52.344215
v -67.301666 4.628896 52.342747
v -67.301666 4.623001 51.914684
v -67.044922 4.623001 51.914684
v -67.175461 4.625950 52.128716
v -67.175461 4.623001 51.914684
v -67.175461 4.628896 52.342747
v -67.044922 4.628896 52.342747
v -67.044922 4.625950 52.128716
v -66.900726 4.623001 51.914684
v -66.900726 4.628896 52.342747
v -67.323151 4.619643 51.670845
v -67.301666 4.619643 51.670845
v -67.323151 4.613748 51.242783
v -67.301666 4.613748 51.242783
v -67.175461 4.616696 51.456814
v -67.044922 4.613748 51.242783
v -67.175461 4.613748 51.242783
v -67.175461 4.619643 51.670845
v -67.044922 4.619643 51.670845
v -67.044922 4.616696 51.456814
v -66.900726 4.619643 51.670845
v -66.866547 4.619643 51.670845
v -66.866547 4.613748 51.242783
v -66.900726 4.613748 51.242783
v -67.445862 4.507127 51.244251
v -67.590057 4.507127 51.244251
v -67.323151 4.513021 51.672314
v -67.323151 4.507127 51.244251
v -67.590057 4.513021 51.672314
v -67.590057 4.510074 51.458282
v -67.445862 4.513021 51.672314
v -67.044922 4.510074 51.458282
v -67.044922 4.507127 51.244251
v -67.175461 4.507127 51.244251
v -66.900726 4.513021 51.672314
v -66.866547 4.513021 51.672314
v -66.866547 4.507127 51.244251
v -66.900726 4.507127 51.244251
v -67.301666 4.513021 51.672314
v -67.301666 4.507127 51.244251
v -67.044922 4.513021 51.672314
v -67.175461 4.513021 51.672314
v -67.175461 4.510074 51.458282
v -66.630318 4.613748 51.242783
v -66.756523 4.613748 51.242783
v -66.756523 4.619643 51.670845
v -66.630318 4.616696 51.456814
v -66.630318 4.619643 51.670845
v -67.590057 4.616696 51.456814
v -67.445862 4.613748 51.242783
v -67.590057 4.613748 51.242783
v -67.590057 4.619643 51.670845
v -67.445862 4.619643 51.670845
v -66.756523 4.507127 51.244251
v -66.630318 4.510074 51.458282
v -66.630318 4.507127 51.244251
v -66.630318 4.513021 51.672314
v -66.756523 4.513021 51.672314
v -67.779762 4.524190 53.823509
v -67.779762 4.630812 53.822041
v -67.779762 4.505349 52.455353
v -67.779762 4.611972 52.453888
v -66.466911 4.524190 53.823509
v -66.466911 4.630812 53.822041
v -66.466911 4.505349 52.455353
v -66.466911 4.611972 52.453888
v -66.866547 4.505349 52.455353
v -66.866547 4.611972 52.453888
v -66.866547 4.524190 53.823509
v -66.866547 4.630812 53.822041
v -67.323151 4.505349 52.455353
v -67.323151 4.630812 53.822041
v -67.323151 4.611972 52.453888
v -67.323151 4.524190 53.823509
v -67.779762 4.514769 53.139431
v -67.779762 4.621391 53.137962
v -66.466911 4.514769 53.139431
v -66.466911 4.621391 53.137962
v -66.866547 4.621391 53.137962
v -66.866547 4.514769 53.139431
v -67.323151 4.514769 53.139431
v -67.323151 4.621391 53.137962
v -66.756523 4.516380 53.256340
v -66.630318 4.519327 53.470371
v -66.630318 4.516380 53.256340
v -66.866547 4.522274 53.684402
v -66.866547 4.516380 53.256340
v -66.630318 4.522274 53.684402
v -66.756523 4.522274 53.684402
v -67.590057 4.625950 53.468903
v -67.590057 4.623001 53.254871
v -67.445862 4.623001 53.254871
v -67.590057 4.628896 53.682934
v -67.445862 4.628896 53.682934
v -67.323151 4.628896 53.682934
v -67.323151 4.623001 53.254871
v -66.866547 4.628896 53.682934
v -66.866547 4.623001 53.254871
v -66.630318 4.623001 53.254871
v -66.756523 4.623001 53.254871
v -66.630318 4.628896 53.682934
v -66.756523 4.628896 53.682934
v -66.630318 4.625950 53.468903
v -67.044922 4.519327 53.470371
v -67.175461 4.516380 53.256340
v -66.900726 4.522274 53.684402
v -66.900726 4.516380 53.256340
v -67.044922 4.516380 53.256340
v -67.175461 4.522274 53.684402
v -67.301666 4.522274 53.684402
v -67.323151 4.522274 53.684402
v -67.323151 4.516380 53.256340
v -67.301666 4.516380 53.256340
v -67.044922 4.522274 53.684402
v -67.175461 4.519327 53.470371
v -67.445862 4.516380 53.256340
v -67.590057 4.516380 53.256340
v -67.590057 4.522274 53.684402
v -67.590057 4.519327 53.470371
v -67.445862 4.522274 53.684402
v -67.301666 4.628896 53.682934
v -67.301666 4.623001 53.254871
v -67.044922 4.623001 53.254871
v -67.175461 4.625950 53.468903
v -67.175461 4.623001 53.254871
v -67.175461 4.628896 53.682934
v -67.044922 4.628896 53.682934
v -67.044922 4.625950 53.468903
v -66.900726 4.623001 53.254871
v -66.900726 4.628896 53.682934
v -67.323151 4.619643 53.011032
v -67.301666 4.619643 53.011032
v -67.323151 4.613748 52.582970
v -67.301666 4.613748 52.582970
v -67.175461 4.616697 52.797001
v -67.044922 4.613748 52.582970
v -67.175461 4.613748 52.582970
v -67.175461 4.619643 53.011032
v -67.044922 4.619643 53.011032
v -67.044922 4.616697 52.797001
v -66.900726 4.619643 53.011032
v -66.866547 4.619643 53.011032
v -66.866547 4.613748 52.582970
v -66.900726 4.613748 52.582970
v -67.445862 4.507127 52.584438
v -67.590057 4.507127 52.584438
v -67.323151 4.513021 53.012497
v -67.323151 4.507127 52.584438
v -67.590057 4.513021 53.012497
v -67.590057 4.510074 52.798470
v -67.445862 4.513021 53.012497
v -67.044922 4.510074 52.798470
v -67.044922 4.507127 52.584438
v -67.175461 4.507127 52.584438
v -66.900726 4.513021 53.012497
v -66.866547 4.513021 53.012497
v -66.866547 4.507127 52.584438
v -66.900726 4.507127 52.584438
v -67.301666 4.513021 53.012497
v -67.301666 4.507127 52.584438
v -67.044922 4.513021 53.012497
v -67.175461 4.513021 53.012497
v -67.175461 4.510074 52.798470
v -66.630318 4.613748 52.582970
v -66.756523 4.613748 52.582970
v -66.756523 4.619643 53.011032
v -66.630318 4.616697 52.797001
v -66.630318 4.619643 53.011032
v -67.590057 4.616697 52.797001
v -67.445862 4.613748 52.582970
v -67.590057 4.613748 52.582970
v -67.590057 4.619643 53.011032
v -67.445862 4.619643 53.011032
v -66.756523 4.507127 52.584438
v -66.630318 4.510074 52.798470
v -66.630318 4.507127 52.584438
v -66.630318 4.513021 53.012497
v -66.756523 4.513021 53.012497
v -67.779762 4.524190 55.211296
v -67.779762 4.630812 55.209827
v -67.779762 4.505349 53.843143
v -67.779762 4.611972 53.841675
v -66.466911 4.524190 55.211296
v -66.466911 4.630812 55.209827
v -66.466911 4.505349 53.843143
v -66.466911 4.611972 53.841675
v -66.866547 4.505349 53.843143
v -66.866547 4.611972 53.841675
v -66.866547 4.524190 55.211296
v -66.866547 4.630812 55.209827
v -67.323151 4.505349 53.843143
v -67.323151 4.630812 55.209827
v -67.323151 4.611972 53.841675
v -67.323151 4.524190 55.211296
v -67.779762 4.514769 54.527222
v -67.779762 4.621391 54.525753
v -66.466911 4.514769 54.527222
v -66.466911 4.621391 54.525753
v -66.866547 4.621391 54.525753
v -66.866547 4.514769 54.527222
v -67.323151 4.514769 54.527222
v -67.323151 4.621391 54.525753
v -66.756523 4.516380 54.644131
v -66.630318 4.519327 54.858162
v -66.630318 4.516380 54.644131
v -66.866547 4.522274 55.072189
v -66.866547 4.516380 54.644131
v -66.630318 4.522274 55.072189
v -66.756523 4.522274 55.072189
v -67.590057 4.625950 54.856693
v -67.590057 4.623001 54.642662
v -67.445862 4.623001 54.642662
v -67.590057 4.628896 55.070724
v -67.445862 4.628896 55.070724
v -67.323151 4.628896 55.070724
v -67.323151 4.623001 54.642662
v -66.866547 4.628896 55.070724
v -66.866547 4.623001 54.642662
v -66.630318 4.623001 54.642662
v -66.756523 4.623001 54.642662
v -66.630318 4.628896 55.070724
v -66.756523 4.628896 55.070724
v -66.630318 4.625950 54.856693
v -67.044922 4.519327 54.858162
v -67.175461 4.516380 54.644131
v -66.900726 4.522274 55.072189
v -66.900726 4.516380 54.644131
v -67.044922 4.516380 54.644131
v -67.175461 4.522274 55.072189
v -67.301666 4.522274 55.072189
v -67.323151 4.522274 55.072189
v -67.323151 4.516380 54.644131
v -67.301666 4.516380 54.644131
v -67.044922 4.522274 55.072189
v -67.175461 4.519327 54.858162
v -67.445862 4.516380 54.644131
v -67.590057 4.516380 54.644131
v -67.590057 4.522274 55.072189
v -67.590057 4.519327 54.858162
v -67.445862 4.522274 55.072189
v -67.301666 4.628896 55.070724
v -67.301666 4.623001 54.642662
v -67.044922 4.623001 54.642662
v -67.175461 4.625950 54.856693
v -67.175461 4.623001 54.642662
v -67.175461 4.628896 55.070724
v -67.044922 4.628896 55.070724
v -67.044922 4.625950 54.856693
v -66.900726 4.623001 54.642662
v -66.900726 4.628896 55.070724
v -67.323151 4.619643 54.398819
v -67.301666 4.619643 54.398819
v -67.323151 4.613748 53.970757
v -67.301666 4.613748 53.970757
v -67.175461 4.616697 54.184788
v -67.044922 4.613748 53.970757
v -67.175461 4.613748 53.970757
v -67.175461 4.619643 54.398819
v -67.044922 4.619643 54.398819
v -67.044922 4.616697 54.184788
v -66.900726 4.619643 54.398819
v -66.866547 4.619643 54.398819
v -66.866547 4.613748 53.970757
v -66.900726 4.613748 53.970757
v -67.445862 4.507127 53.972225
v -67.590057 4.507127 53.972225
v -67.323151 4.513022 54.400288
v -67.323151 4.507127 53.972225
v -67.590057 4.513022 54.400288
v -67.590057 4.510074 54.186256
v -67.445862 4.513022 54.400288
v -67.044922 4.510074 54.186256
v -67.044922 4.507127 53.972225
v -67.175461 4.507127 53.972225
v -66.900726 4.513022 54.400288
v -66.866547 4.513022 54.400288
v -66.866547 4.507127 53.972225
v -66.900726 4.507127 53.972225
v -67.301666 4.513022 54.400288
v -67.301666 4.507127 53.972225
v -67.044922 4.513022 54.400288
v -67.175461 4.513022 54.400288
v -67.175461 4.510074 54.186256
v -66.630318 4.613748 53.970757
v -66.756523 4.613748 53.970757
v -66.756523 4.619643 54.398819
v -66.630318 4.616697 54.184788
v -66.630318 4.619643 54.398819
v -67.590057 4.616697 54.184788
v -67.445862 4.613748 53.970757
v -67.590057 4.613748 53.970757
v -67.590057 4.619643 54.398819
v -67.445862 4.619643 54.398819
v -66.756523 4.507127 53.972225
v -66.630318 4.510074 54.186256
v -66.630318 4.507127 53.972225
v -66.630318 4.513022 54.400288
v -66.756523 4.513022 54.400288
v -67.779762 4.524190 56.551483
v -67.779762 4.630812 56.550014
v -67.779762 4.505349 55.183331
v -67.779762 4.611972 55.181862
v -66.466911 4.524190 56.551483
v -66.466911 4.630812 56.550014
v -66.466911 4.505349 55.183331
v -66.466911 4.611972 55.181862
v -66.866547 4.505349 55.183331
v -66.866547 4.611972 55.181862
v -66.866547 4.524190 56.551483
v -66.866547 4.630812 56.550014
v -67.323151 4.505349 55.183331
v -67.323151 4.630812 56.550014
v -67.323151 4.611972 55.181862
v -67.323151 4.524190 56.551483
v -67.779762 4.514769 55.867409
v -67.779762 4.621391 55.865940
v -66.466911 4.514769 55.867409
v -66.466911 4.621391 55.865940
v -66.866547 4.621391 55.865940
v -66.866547 4.514769 55.867409
v -67.323151 4.514769 55.867409
v -67.323151 4.621391 55.865940
v -66.756523 4.516380 55.984318
v -66.630318 4.519327 56.198349
v -66.630318 4.516380 55.984318
v -66.866547 4.522274 56.412376
v -66.866547 4.516380 55.984318
v -66.630318 4.522274 56.412376
v -66.756523 4.522274 56.412376
v -67.590057 4.625950 56.196880
v -67.590057 4.623001 55.982849
v -67.445862 4.623001 55.982849
v -67.590057 4.628896 56.410912
v -67.445862 4.628896 56.410912
v -67.323151 4.628896 56.410912
v -67.323151 4.623001 55.982849
v -66.866547 4.628896 56.410912
v -66.866547 4.623001 55.982849
v -66.630318 4.623001 55.982849
v -66.756523 4.623001 55.982849
v -66.630318 4.628896 56.410912
v -66.756523 4.628896 56.410912
v -66.630318 4.625950 56.196880
v -67.044922 4.519327 56.198349
v -67.175461 4.516380 55.984318
v -66.900726 4.522274 56.412376
v -66.900726 4.516380 55.984318
v -67.044922 4.516380 55.984318
v -67.175461 4.522274 56.412376
v -67.301666 4.522274 56.412376
v -67.323151 4.522274 56.412376
v -67.323151 4.516380 55.984318
v -67.301666 4.516380 55.984318
v -67.044922 4.522274 56.412376
v -67.175461 4.519327 56.198349
v -67.445862 4.516380 55.984318
v -67.590057 4.516380 55.984318
v -67.590057 4.522274 56.412376
v -67.590057 4.519327 56.198349
v -67.445862 4.522274 56.412376
v -67.301666 4.628896 56.410912
v -67.301666 4.623001 55.982849
v -67.044922 4.623001 55.982849
v -67.175461 4.625950 56.196880
v -67.175461 4.623001 55.982849
v -67.175461 4.628896 56.410912
v -67.044922 4.628896 56.410912
v -67.044922 4.625950 56.196880
v -66.900726 4.623001 55.982849
v -66.900726 4.628896 56.410912
v -67.323151 4.619643 55.739006
v -67.301666 4.619643 55.739006
v -67.323151 4.613748 55.310944
v -67.301666 4.613748 55.310944
v -67.175461 4.616697 55.524975
v -67.044922 4.613748 55.310944
v -67.175461 4.613748 55.310944
v -67.175461 4.619643 55.739006
v -67.044922 4.619643 55.739006
v -67.044922 4.616697 55.524975
v -66.900726 4.619643 55.739006
v -66.866547 4.619643 55.739006
v -66.866547 4.613748 55.310944
v -66.900726 4.613748 55.310944
v -67.445862 4.507127 55.312412
v -67.590057 4.507127 55.312412
v -67.323151 4.513022 55.740475
v -67.323151 4.507127 55.312412
v -67.590057 4.513022 55.740475
v -67.590057 4.510074 55.526443
v -67.445862 4.513022 55.740475
v -67.044922 4.510074 55.526443
v -67.044922 4.507127 55.312412
v -67.175461 4.507127 55.312412
v -66.900726 4.513022 55.740475
v -66.866547 4.513022 55.740475
v -66.866547 4.507127 55.312412
v -66.900726 4.507127 55.312412
v -67.301666 4.513022 55.740475
v -67.301666 4.507127 55.312412
v -67.044922 4.513022 55.740475
v -67.175461 4.513022 55.740475
v -67.175461 4.510074 55.526443
v -66.630318 4.613748 55.310944
v -66.756523 4.613748 55.310944
v -66.756523 4.619643 55.739006
v -66.630318 4.616697 55.524975
v -66.630318 4.619643 55.739006
v -67.590057 4.616697 55.524975
v -67.445862 4.613748 55.310944
v -67.590057 4.613748 55.310944
v -67.590057 4.619643 55.739006
v -67.445862 4.619643 55.739006
v -66.756523 4.507127 55.312412
v -66.630318 4.510074 55.526443
v -66.630318 4.507127 55.312412
v -66.630318 4.513022 55.740475
v -66.756523 4.513022 55.740475
v -67.779762 4.524190 57.871971
v -67.779762 4.630812 57.870506
v -67.779762 4.505349 56.503822
v -67.779762 4.611972 56.502354
v -66.466911 4.524190 57.871971
v -66.466911 4.630812 57.870506
v -66.466911 4.505349 56.503822
v -66.466911 4.611972 56.502354
v -66.866547 4.505349 56.503822
v -66.866547 4.611972 56.502354
v -66.866547 4.524190 57.871971
v -66.866547 4.630812 57.870506
v -67.323151 4.505349 56.503822
v -67.323151 4.630812 57.870506
v -67.323151 4.611972 56.502354
v -67.323151 4.524190 57.871971
v -67.779762 4.514769 57.187897
v -67.779762 4.621391 57.186428
v -66.466911 4.514769 57.187897
v -66.466911 4.621391 57.186428
v -66.866547 4.621391 57.186428
v -66.866547 4.514769 57.187897
v -67.323151 4.514769 57.187897
v -67.323151 4.621391 57.186428
v -66.756523 4.516380 57.304806
v -66.630318 4.519327 57.518837
v -66.630318 4.516380 57.304806
v -66.866547 4.522274 57.732868
v -66.866547 4.516380 57.304806
v -66.630318 4.522274 57.732868
v -66.756523 4.522274 57.732868
v -67.590057 4.625950 57.517368
v -67.590057 4.623001 57.303337
v -67.445862 4.623001 57.303337
v -67.590057 4.628896 57.731400
v -67.445862 4.628896 57.731400
v -67.323151 4.628896 57.731400
v -67.323151 4.623001 57.303337
v -66.866547 4.628896 57.731400
v -66.866547 4.623001 57.303337
v -66.630318 4.623001 57.303337
v -66.756523 4.623001 57.303337
v -66.630318 4.628896 57.731400
v -66.756523 4.628896 57.731400
v -66.630318 4.625950 57.517368
v -67.044922 4.519327 57.518837
v -67.175461 4.516380 57.304806
v -66.900726 4.522274 57.732868
v -66.900726 4.516380 57.304806
v -67.044922 4.516380 57.304806
v -67.175461 4.522274 57.732868
v -67.301666 4.522274 57.732868
v -67.323151 4.522274 57.732868
v -67.323151 4.516380 57.304806
v -67.301666 4.516380 57.304806
v -67.044922 4.522274 57.732868
v -67.175461 4.519327 57.518837
v -67.445862 4.516380 57.304806
v -67.590057 4.516380 57.304806
v -67.590057 4.522274 57.732868
v -67.590057 4.519327 57.518837
v -67.445862 4.522274 57.732868
v -67.301666 4.628896 57.731400
v -67.301666 4.623001 57.303337
v -67.044922 4.623001 57.303337
v -67.175461 4.625950 57.517368
v -67.175461 4.623001 57.303337
v -67.175461 4.628896 57.731400
v -67.044922 4.628896 57.731400
v -67.044922 4.625950 57.517368
v -66.900726 4.623001 57.303337
v -66.900726 4.628896 57.731400
v -67.323151 4.619643 57.059498
v -67.301666 4.619643 57.059498
v -67.323151 4.613748 56.631435
v -67.301666 4.613748 56.631435
v -67.175461 4.616697 56.845467
v -67.044922 4.613748 56.631435
v -67.175461 4.613748 56.631435
v -67.175461 4.619643 57.059498
v -67.044922 4.619643 57.059498
v -67.044922 4.616697 56.845467
v -66.900726 4.619643 57.059498
v -66.866547 4.619643 57.059498
v -66.866547 4.613748 56.631435
v -66.900726 4.613748 56.631435
v -67.445862 4.507127 56.632904
v -67.590057 4.507127 56.632904
v -67.323151 4.513022 57.060966
v -67.323151 4.507127 56.632904
v -67.590057 4.513022 57.060966
v -67.590057 4.510074 56.846931
v -67.445862 4.513022 57.060966
v -67.044922 4.510074 56.846931
v -67.044922 4.507127 56.632904
v -67.175461 4.507127 56.632904
v -66.900726 4.513022 57.060966
v -66.866547 4.513022 57.060966
v -66.866547 4.507127 56.632904
v -66.900726 4.507127 56.632904
v -67.301666 4.513022 57.060966
v -67.301666 4.507127 56.632904
v -67.044922 4.513022 57.060966
v -67.175461 4.513022 57.060966
v -67.175461 4.510074 56.846931
v -66.630318 4.613748 56.631435
v -66.756523 4.613748 56.631435
v -66.756523 4.619643 57.059498
v -66.630318 4.616697 56.845467
v -66.630318 4.619643 57.059498
v -67.590057 4.616697 56.845467
v -67.445862 4.613748 56.631435
v -67.590057 4.613748 56.631435
v -67.590057 4.619643 57.059498
v -67.445862 4.619643 57.059498
v -66.756523 4.507127 56.632904
v -66.630318 4.510074 56.846931
v -66.630318 4.507127 56.632904
v -66.630318 4.513022 57.060966
v -66.756523 4.513022 57.060966
v -67.779762 4.524191 59.212158
v -67.779762 4.630813 59.210693
v -67.779762 4.505349 57.844009
v -67.779762 4.611972 57.842537
v -66.466911 4.524191 59.212158
v -66.466911 4.630813 59.210693
v -66.466911 4.505349 57.844009
v -66.466911 4.611972 57.842537
v -66.866547 4.505349 57.844009
v -66.866547 4.611972 57.842537
v -66.866547 4.524191 59.212158
v -66.866547 4.630813 59.210693
v -67.323151 4.505349 57.844009
v -67.323151 4.630813 59.210693
v -67.323151 4.611972 57.842537
v -67.323151 4.524191 59.212158
v -67.779762 4.514771 58.528084
v -67.779762 4.621392 58.526615
v -66.466911 4.514771 58.528084
v -66.466911 4.621392 58.526615
v -66.866547 4.621392 58.526615
v -66.866547 4.514771 58.528084
v -67.323151 4.514771 58.528084
v -67.323151 4.621392 58.526615
v -66.756523 4.516381 58.644993
v -66.630318 4.519328 58.859024
v -66.630318 4.516381 58.644993
v -66.866547 4.522275 59.073055
v -66.866547 4.516381 58.644993
v -66.630318 4.522275 59.073055
v -66.756523 4.522275 59.073055
v -67.590057 4.625950 58.857555
v -67.590057 4.623003 58.643524
v -67.445862 4.623003 58.643524
v -67.590057 4.628897 59.071587
v -67.445862 4.628897 59.071587
v -67.323151 4.628897 59.071587
v -67.323151 4.623003 58.643524
v -66.866547 4.628897 59.071587
v -66.866547 4.623003 58.643524
v -66.630318 4.623003 58.643524
v -66.756523 4.623003 58.643524
v -66.630318 4.628897 59.071587
v -66.756523 4.628897 59.071587
v -66.630318 4.625950 58.857555
v -67.044922 4.519328 58.859024
v -67.175461 4.516381 58.644993
v -66.900726 4.522275 59.073055
v -66.900726 4.516381 58.644993
v -67.044922 4.516381 58.644993
v -67.175461 4.522275 59.073055
v -67.301666 4.522275 59.073055
v -67.323151 4.522275 59.073055
v -67.323151 4.516381 58.644993
v -67.301666 4.516381 58.644993
v -67.044922 4.522275 59.073055
v -67.175461 4.519328 58.859024
v -67.445862 4.516381 58.644993
v -67.590057 4.516381 58.644993
v -67.590057 4.522275 59.073055
v -67.590057 4.519328 58.859024
v -67.445862 4.522275 59.073055
v -67.301666 4.628897 59.071587
v -67.301666 4.623003 58.643524
v -67.044922 4.623003 58.643524
v -67.175461 4.625950 58.857555
v -67.175461 4.623003 58.643524
v -67.175461 4.628897 59.071587
v -67.044922 4.628897 59.071587
v -67.044922 4.625950 58.857555
v -66.900726 4.623003 58.643524
v -66.900726 4.628897 59.071587
v -67.323151 4.619644 58.399681
v -67.301666 4.619644 58.399681
v -67.323151 4.613748 57.971622
v -67.301666 4.613748 57.971622
v -67.175461 4.616697 58.185654
v -67.044922 4.613748 57.971622
v -67.175461 4.613748 57.971622
v -67.175461 4.619644 58.399681
v -67.044922 4.619644 58.399681
v -67.044922 4.616697 58.185654
v -66.900726 4.619644 58.399681
v -66.866547 4.619644 58.399681
v -66.866547 4.613748 57.971622
v -66.900726 4.613748 57.971622
v -67.445862 4.507127 57.973091
v -67.590057 4.507127 57.973091
v -67.323151 4.513023 58.401154
v -67.323151 4.507127 57.973091
v -67.590057 4.513023 58.401154
v -67.590057 4.510074 58.187122
v -67.445862 4.513023 58.401154
v -67.044922 4.510074 58.187122
v -67.044922 4.507127 57.973091
v -67.175461 4.507127 57.973091
v -66.900726 4.513023 58.401154
v -66.866547 4.513023 58.401154
v -66.866547 4.507127 57.973091
v -66.900726 4.507127 57.973091
v -67.301666 4.513023 58.401154
v -67.301666 4.507127 57.973091
v -67.044922 4.513023 58.401154
v -67.175461 4.513023 58.401154
v -67.175461 4.510074 58.187122
v -66.630318 4.613748 57.971622
v -66.756523 4.613748 57.971622
v -66.756523 4.619644 58.399681
v -66.630318 4.616697 58.185654
v -66.630318 4.619644 58.399681
v -67.590057 4.616697 58.185654
v -67.445862 4.613748 57.971622
v -67.590057 4.613748 57.971622
v -67.590057 4.619644 58.399681
v -67.445862 4.619644 58.399681
v -66.756523 4.507127 57.973091
v -66.630318 4.510074 58.187122
v -66.630318 4.507127 57.973091
v -66.630318 4.513023 58.401154
v -66.756523 4.513023 58.401154
v -66.466911 4.524190 49.822643
v -66.466911 4.630812 49.821175
v -66.466911 4.505349 48.454491
v -66.466911 4.611971 48.453022
v -65.154060 4.524190 49.822643
v -65.154060 4.630812 49.821175
v -65.154060 4.505349 48.454491
v -65.154060 4.611971 48.453022
v -65.553696 4.505349 48.454491
v -65.553696 4.611971 48.453022
v -65.553696 4.524190 49.822643
v -65.553696 4.630812 49.821175
v -66.010300 4.505349 48.454491
v -66.010300 4.630812 49.821175
v -66.010300 4.611971 48.453022
v -66.010300 4.524190 49.822643
v -66.466911 4.514769 49.138569
v -66.466911 4.621391 49.137100
v -65.154060 4.514769 49.138569
v -65.154060 4.621391 49.137100
v -65.553696 4.621391 49.137100
v -65.553696 4.514769 49.138569
v -66.010300 4.514769 49.138569
v -66.010300 4.621391 49.137100
v -65.443680 4.516380 49.255478
v -65.317474 4.519327 49.469509
v -65.317474 4.516380 49.255478
v -65.553696 4.522274 49.683540
v -65.553696 4.516380 49.255478
v -65.317474 4.522274 49.683540
v -65.443680 4.522274 49.683540
v -66.277214 4.625949 49.468040
v -66.277214 4.623001 49.254009
v -66.133011 4.623001 49.254009
v -66.277214 4.628896 49.682072
v -66.133011 4.628896 49.682072
v -66.010300 4.628896 49.682072
v -66.010300 4.623001 49.254009
v -65.553696 4.628896 49.682072
v -65.553696 4.623001 49.254009
v -65.317474 4.623001 49.254009
v -65.443680 4.623001 49.254009
v -65.317474 4.628896 49.682072
v -65.443680 4.628896 49.682072
v -65.317474 4.625949 49.468040
v -65.732071 4.519327 49.469509
v -65.862610 4.516380 49.255478
v -65.587875 4.522274 49.683540
v -65.587875 4.516380 49.255478
v -65.732071 4.516380 49.255478
v -65.862610 4.522274 49.683540
v -65.988815 4.522274 49.683540
v -66.010300 4.522274 49.683540
v -66.010300 4.516380 49.255478
v -65.988815 4.516380 49.255478
v -65.732071 4.522274 49.683540
v -65.862610 4.519327 49.469509
v -66.133011 4.516380 49.255478
v -66.277214 4.516380 49.255478
v -66.277214 4.522274 49.683540
v -66.277214 4.519327 49.469509
v -66.133011 4.522274 49.683540
v -65.988815 4.628896 49.682072
v -65.988815 4.623001 49.254009
v -65.732071 4.623001 49.254009
v -65.862610 4.625949 49.468040
v -65.862610 4.623001 49.254009
v -65.862610 4.628896 49.682072
v -65.732071 4.628896 49.682072
v -65.732071 4.625949 49.468040
v -65.587875 4.623001 49.254009
v -65.587875 4.628896 49.682072
v -66.010300 4.619643 49.010166
v -65.988815 4.619643 49.010166
v -66.010300 4.613748 48.582108
v -65.988815 4.613748 48.582108
v -65.862610 4.616696 48.796135
v -65.732071 4.613748 48.582108
v -65.862610 4.613748 48.582108
v -65.862610 4.619643 49.010166
v -65.732071 4.619643 49.010166
v -65.732071 4.616696 48.796135
v -65.587875 4.619643 49.010166
v -65.553696 4.619643 49.010166
v -65.553696 4.613748 48.582108
v -65.587875 4.613748 48.582108
v -66.133011 4.507127 48.583572
v -66.277214 4.507127 48.583572
v -66.010300 4.513021 49.011635
v -66.010300 4.507127 48.583572
v -66.277214 4.513021 49.011635
v -66.277214 4.510074 48.797604
v -66.133011 4.513021 49.011635
v -65.732071 4.510074 48.797604
v -65.732071 4.507127 48.583572
v -65.862610 4.507127 48.583572
v -65.587875 4.513021 49.011635
v -65.553696 4.513021 49.011635
v -65.553696 4.507127 48.583572
v -65.587875 4.507127 48.583572
v -65.988815 4.513021 49.011635
v -65.988815 4.507127 48.583572
v -65.732071 4.513021 49.011635
v -65.862610 4.513021 49.011635
v -65.862610 4.510074 48.797604
v -65.317474 4.613748 48.582108
v -65.443680 4.613748 48.582108
v -65.443680 4.619643 49.010166
v -65.317474 4.616696 48.796135
v -65.317474 4.619643 49.010166
v -66.277214 4.616696 48.796135
v -66.133011 4.613748 48.582108
v -66.277214 4.613748 48.582108
v -66.277214 4.619643 49.010166
v -66.133011 4.619643 49.010166
v -65.443680 4.507127 48.583572
v -65.317474 4.510074 48.797604
v -65.317474 4.507127 48.583572
v -65.317474 4.513021 49.011635
v -65.443680 4.513021 49.011635
v -66.466911 4.524190 51.162830
v -66.466911 4.630812 51.161362
v -66.466911 4.505349 49.794678
v -66.466911 4.611971 49.793209
v -65.154060 4.524190 51.162830
v -65.154060 4.630812 51.161362
v -65.154060 4.505349 49.794678
v -65.154060 4.611971 49.793209
v -65.553696 4.505349 49.794678
v -65.553696 4.611971 49.793209
v -65.553696 4.524190 51.162830
v -65.553696 4.630812 51.161362
v -66.010300 4.505349 49.794678
v -66.010300 4.630812 51.161362
v -66.010300 4.611971 49.793209
v -66.010300 4.524190 51.162830
v -66.466911 4.514769 50.478756
v -66.466911 4.621391 50.477287
v -65.154060 4.514769 50.478756
v -65.154060 4.621391 50.477287
v -65.553696 4.621391 50.477287
v -65.553696 4.514769 50.478756
v -66.010300 4.514769 50.478756
v -66.010300 4.621391 50.477287
v -65.443680 4.516380 50.595665
v -65.317474 4.519327 50.809696
v -65.317474 4.516380 50.595665
v -65.553696 4.522274 51.023727
v -65.553696 4.516380 50.595665
v -65.317474 4.522274 51.023727
v -65.443680 4.522274 51.023727
v -66.277214 4.625949 50.808228
v -66.277214 4.623001 50.594196
v -66.133011 4.623001 50.594196
v -66.277214 4.628896 51.022259
v -66.133011 4.628896 51.022259
v -66.010300 4.628896 51.022259
v -66.010300 4.623001 50.594196
v -65.553696 4.628896 51.022259
v -65.553696 4.623001 50.594196
v -65.317474 4.623001 50.594196
v -65.443680 4.623001 50.594196
v -65.317474 4.628896 51.022259
v -65.443680 4.628896 51.022259
v -65.317474 4.625949 50.808228
v -65.732071 4.519327 50.809696
v -65.862610 4.516380 50.595665
v -65.587875 4.522274 51.023727
v -65.587875 4.516380 50.595665
v -65.732071 4.516380 50.595665
v -65.862610 4.522274 51.023727
v -65.988815 4.522274 51.023727
v -66.010300 4.522274 51.023727
v -66.010300 4.516380 50.595665
v -65.988815 4.516380 50.595665
v -65.732071 4.522274 51.023727
v -65.862610 4.519327 50.809696
v -66.133011 4.516380 50.595665
v -66.277214 4.516380 50.595665
v -66.277214 4.522274 51.023727
v -66.277214 4.519327 50.809696
v -66.133011 4.522274 51.023727
v -65.988815 4.628896 51.022259
v -65.988815 4.623001 50.594196
v -65.732071 4.623001 50.594196
v -65.862610 4.625949 50.808228
v -65.862610 4.623001 50.594196
v -65.862610 4.628896 51.022259
v -65.732071 4.628896 51.022259
v -65.732071 4.625949 50.808228
v -65.587875 4.623001 50.594196
v -65.587875 4.628896 51.022259
v -66.010300 4.619643 50.350353
v -65.988815 4.619643 50.350353
v -66.010300 4.613748 49.922295
v -65.988815 4.613748 49.922295
v -65.862610 4.616696 50.136322
v -65.732071 4.613748 49.922295
v -65.862610 4.613748 49.922295
v -65.862610 4.619643 50.350353
v -65.732071 4.619643 50.350353
v -65.732071 4.616696 50.136322
v -65.587875 4.619643 50.350353
v -65.553696 4.619643 50.350353
v -65.553696 4.613748 49.922295
v -65.587875 4.613748 49.922295
v -66.133011 4.507127 49.923759
v -66.277214 4.507127 49.923759
v -66.010300 4.513021 50.351822
v -66.010300 4.507127 49.923759
v -66.277214 4.513021 50.351822
v -66.277214 4.510074 50.137791
v -66.133011 4.513021 50.351822
v -65.732071 4.510074 50.137791
v -65.732071 4.507127 49.923759
v -65.862610 4.507127 49.923759
v -65.587875 4.513021 50.351822
v -65.553696 4.513021 50.351822
v -65.553696 4.507127 49.923759
v -65.587875 4.507127 49.923759
v -65.988815 4.513021 50.351822
v -65.988815 4.507127 49.923759
v -65.732071 4.513021 50.351822
v -65.862610 4.513021 50.351822
v -65.862610 4.510074 50.137791
v -65.317474 4.613748 49.922295
v -65.443680 4.613748 49.922295
v -65.443680 4.619643 50.350353
v -65.317474 4.616696 50.136322
v -65.317474 4.619643 50.350353
v -66.277214 4.616696 50.136322
v -66.133011 4.613748 49.922295
v -66.277214 4.613748 49.922295
v -66.277214 4.619643 50.350353
v -66.133011 4.619643 50.350353
v -65.443680 4.507127 49.923759
v -65.317474 4.510074 50.137791
v -65.317474 4.507127 49.923759
v -65.317474 4.513021 50.351822
v -65.443680 4.513021 50.351822
v -66.466911 4.524190 52.483322
v -66.466911 4.630812 52.481853
v -66.466911 4.505349 51.115170
v -66.466911 4.611971 51.113701
v -65.154060 4.524190 52.483322
v -65.154060 4.630812 52.481853
v -65.154060 4.505349 51.115170
v -65.154060 4.611971 51.113701
v -65.553696 4.505349 51.115170
v -65.553696 4.611971 51.113701
v -65.553696 4.524190 52.483322
v -65.553696 4.630812 52.481853
v -66.010300 4.505349 51.115170
v -66.010300 4.630812 52.481853
v -66.010300 4.611971 51.113701
v -66.010300 4.524190 52.483322
v -66.466911 4.514769 51.799244
v -66.466911 4.621391 51.797775
v -65.154060 4.514769 51.799244
v -65.154060 4.621391 51.797775
v -65.553696 4.621391 51.797775
v -65.553696 4.514769 51.799244
v -66.010300 4.514769 51.799244
v -66.010300 4.621391 51.797775
v -65.443680 4.516380 51.916153
v -65.317474 4.519327 52.130184
v -65.317474 4.516380 51.916153
v -65.553696 4.522274 52.344215
v -65.553696 4.516380 51.916153
v -65.317474 4.522274 52.344215
v -65.443680 4.522274 52.344215
v -66.277214 4.625950 52.128716
v -66.277214 4.623001 51.914684
v -66.133011 4.623001 51.914684
v -66.277214 4.628896 52.342747
v -66.133011 4.628896 52.342747
v -66.010300 4.628896 52.342747
v -66.010300 4.623001 51.914684
v -65.553696 4.628896 52.342747
v -65.553696 4.623001 51.914684
v -65.317474 4.623001 51.914684
v -65.443680 4.623001 51.914684
v -65.317474 4.628896 52.342747
v -65.443680 4.628896 52.342747
v -65.317474 4.625950 52.128716
v -65.732071 4.519327 52.130184
v -65.862610 4.516380 51.916153
v -65.587875 4.522274 52.344215
v -65.587875 4.516380 51.916153
v -65.732071 4.516380 51.916153
v -65.862610 4.522274 52.344215
v -65.988815 4.522274 52.344215
v -66.010300 4.522274 52.344215
v -66.010300 4.516380 51.916153
v -65.988815 4.516380 51.916153
v -65.732071 4.522274 52.344215
v -65.862610 4.519327 52.130184
v -66.133011 4.516380 51.916153
v -66.277214 4.516380 51.916153
v -66.277214 4.522274 52.344215
v -66.277214 4.519327 52.130184
v -66.133011 4.522274 52.344215
v -65.988815 4.628896 52.342747
v -65.988815 4.623001 51.914684
v -65.732071 4.623001 51.914684
v -65.862610 4.625950 52.128716
v -65.862610 4.623001 51.914684
v -65.862610 4.628896 52.342747
v -65.732071 4.628896 52.342747
v -65.732071 4.625950 52.128716
v -65.587875 4.623001 51.914684
v -65.587875 4.628896 52.342747
v -66.010300 4.619643 51.670845
v -65.988815 4.619643 51.670845
v -66.010300 4.613748 51.242783
v -65.988815 4.613748 51.242783
v -65.862610 4.616696 51.456814
v -65.732071 4.613748 51.242783
v -65.862610 4.613748 51.242783
v -65.862610 4.619643 51.670845
v -65.732071 4.619643 51.670845
v -65.732071 4.616696 51.456814
v -65.587875 4.619643 51.670845
v -65.553696 4.619643 51.670845
v -65.553696 4.613748 51.242783
v -65.587875 4.613748 51.242783
v -66.133011 4.507127 51.244251
v -66.277214 4.507127 51.244251
v -66.010300 4.513021 51.672314
v -66.010300 4.507127 51.244251
v -66.277214 4.513021 51.672314
v -66.277214 4.510074 51.458282
v -66.133011 4.513021 51.672314
v -65.732071 4.510074 51.458282
v -65.732071 4.507127 51.244251
v -65.862610 4.507127 51.244251
v -65.587875 4.513021 51.672314
v -65.553696 4.513021 51.672314
v -65.553696 4.507127 51.244251
v -65.587875 4.507127 51.244251
v -65.988815 4.513021 51.672314
v -65.988815 4.507127 51.244251
v -65.732071 4.513021 51.672314
v -65.862610 4.513021 51.672314
v -65.862610 4.510074 51.458282
v -65.317474 4.613748 51.242783
v -65.443680 4.613748 51.242783
v -65.443680 4.619643 51.670845
v -65.317474 4.616696 51.456814
v -65.317474 4.619643 51.670845
v -66.277214 4.616696 51.456814
v -66.133011 4.613748 51.242783
v -66.277214 4.613748 51.242783
v -66.277214 4.619643 51.670845
v -66.133011 4.619643 51.670845
v -65.443680 4.507127 51.244251
v -65.317474 4.510074 51.458282
v -65.317474 4.507127 51.244251
v -65.317474 4.513021 51.672314
v -65.443680 4.513021 51.672314
v -66.466911 4.524190 53.823509
v -66.466911 4.630812 53.822041
v -66.466911 4.505349 52.455353
v -66.466911 4.611972 52.453888
v -65.154060 4.524190 53.823509
v -65.154060 4.630812 53.822041
v -65.154060 4.505349 52.455353
v -65.154060 4.611972 52.453888
v -65.553696 4.505349 52.455353
v -65.553696 4.611972 52.453888
v -65.553696 4.524190 53.823509
v -65.553696 4.630812 53.822041
v -66.010300 4.505349 52.455353
v -66.010300 4.630812 53.822041
v -66.010300 4.611972 52.453888
v -66.010300 4.524190 53.823509
v -66.466911 4.514769 53.139431
v -66.466911 4.621391 53.137962
v -65.154060 4.514769 53.139431
v -65.154060 4.621391 53.137962
v -65.553696 4.621391 53.137962
v -65.553696 4.514769 53.139431
v -66.010300 4.514769 53.139431
v -66.010300 4.621391 53.137962
v -65.443680 4.516380 53.256340
v -65.317474 4.519327 53.470371
v -65.317474 4.516380 53.256340
v -65.553696 4.522274 53.684402
v -65.553696 4.516380 53.256340
v -65.317474 4.522274 53.684402
v -65.443680 4.522274 53.684402
v -66.277214 4.625950 53.468903
v -66.277214 4.623001 53.254871
v -66.133011 4.623001 53.254871
v -66.277214 4.628896 53.682934
v -66.133011 4.628896 53.682934
v -66.010300 4.628896 53.682934
v -66.010300 4.623001 53.254871
v -65.553696 4.628896 53.682934
v -65.553696 4.623001 53.254871
v -65.317474 4.623001 53.254871
v -65.443680 4.623001 53.254871
v -65.317474 4.628896 53.682934
v -65.443680 4.628896 53.682934
v -65.317474 4.625950 53.468903
v -65.732071 4.519327 53.470371
v -65.862610 4.516380 53.256340
v -65.587875 4.522274 53.684402
v -65.587875 4.516380 53.256340
v -65.732071 4.516380 53.256340
v -65.862610 4.522274 53.684402
v -65.988815 4.522274 53.684402
v -66.010300 4.522274 53.684402
v -66.010300 4.516380 53.256340
v -65.988815 4.516380 53.256340
v -65.732071 4.522274 53.684402
v -65.862610 4.519327 53.470371
v -66.133011 4.516380 53.256340
v -66.277214 4.516380 53.256340
v -66.277214 4.522274 53.684402
v -66.277214 4.519327 53.470371
v -66.133011 4.522274 53.684402
v -65.988815 4.628896 53.682934
v -65.988815 4.623001 53.254871
v -65.732071 4.623001 53.254871
v -65.862610 4.625950 53.468903
v -65.862610 4.623001 53.254871
v -65.862610 4.628896 53.682934
v -65.732071 4.628896 53.682934
v -65.732071 4.625950 53.468903
v -65.587875 4.623001 53.254871
v -65.587875 4.628896 53.682934
v -66.010300 4.619643 53.011032
v -65.988815 4.619643 53.011032
v -66.010300 4.613748 52.582970
v -65.988815 4.613748 52.582970
v -65.862610 4.616697 52.797001
v -65.732071 4.613748 52.582970
v -65.862610 4.613748 52.582970
v -65.862610 4.619643 53.011032
v -65.732071 4.619643 53.011032
v -65.732071 4.616697 52.797001
v -65.587875 4.619643 53.011032
v -65.553696 4.619643 53.011032
v -65.553696 4.613748 52.582970
v -65.587875 4.613748 52.582970
v -66.133011 4.507127 52.584438
v -66.277214 4.507127 52.584438
v -66.010300 4.513021 53.012497
v -66.010300 4.507127 52.584438
v -66.277214 4.513021 53.012497
v -66.277214 4.510074 52.798470
v -66.133011 4.513021 53.012497
v -65.732071 4.510074 52.798470
v -65.732071 4.507127 52.584438
v -65.862610 4.507127 52.584438
v -65.587875 4.513021 53.012497
v -65.553696 4.513021 53.012497
v -65.553696 4.507127 52.584438
v -65.587875 4.507127 52.584438
v -65.988815 4.513021 53.012497
v -65.988815 4.507127 52.584438
v -65.732071 4.513021 53.012497
v -65.862610 4.513021 53.012497
v -65.862610 4.510074 52.798470
v -65.317474 4.613748 52.582970
v -65.443680 4.613748 52.582970
v -65.443680 4.619643 53.011032
v -65.317474 4.616697 52.797001
v -65.317474 4.619643 53.011032
v -66.277214 4.616697 52.797001
v -66.133011 4.613748 52.582970
v -66.277214 4.613748 52.582970
v -66.277214 4.619643 53.011032
v -66.133011 4.619643 53.011032
v -65.443680 4.507127 52.584438
v -65.317474 4.510074 52.798470
v -65.317474 4.507127 52.584438
v -65.317474 4.513021 53.012497
v -65.443680 4.513021 53.012497
v -66.466911 4.524190 55.211296
v -66.466911 4.630812 55.209827
v -66.466911 4.505349 53.843143
v -66.466911 4.611972 53.841675
v -65.154060 4.524190 55.211296
v -65.154060 4.630812 55.209827
v -65.154060 4.505349 53.843143
v -65.154060 4.611972 53.841675
v -65.553696 4.505349 53.843143
v -65.553696 4.611972 53.841675
v -65.553696 4.524190 55.211296
v -65.553696 4.630812 55.209827
v -66.010300 4.505349 53.843143
v -66.010300 4.630812 55.209827
v -66.010300 4.611972 53.841675
v -66.010300 4.524190 55.211296
v -66.466911 4.514769 54.527222
v -66.466911 4.621391 54.525753
v -65.154060 4.514769 54.527222
v -65.154060 4.621391 54.525753
v -65.553696 4.621391 54.525753
v -65.553696 4.514769 54.527222
v -66.010300 4.514769 54.527222
v -66.010300 4.621391 54.525753
v -65.443680 4.516380 54.644131
v -65.317474 4.519327 54.858162
v -65.317474 4.516380 54.644131
v -65.553696 4.522274 55.072189
v -65.553696 4.516380 54.644131
v -65.317474 4.522274 55.072189
v -65.443680 4.522274 55.072189
v -66.277214 4.625950 54.856693
v -66.277214 4.623001 54.642662
v -66.133011 4.623001 54.642662
v -66.277214 4.628896 55.070724
v -66.133011 4.628896 55.070724
v -66.010300 4.628896 55.070724
v -66.010300 4.623001 54.642662
v -65.553696 4.628896 55.070724
v -65.553696 4.623001 54.642662
v -65.317474 4.623001 54.642662
v -65.443680 4.623001 54.642662
v -65.317474 4.628896 55.070724
v -65.443680 4.628896 55.070724
v -65.317474 4.625950 54.856693
v -65.732071 4.519327 54.858162
v -65.862610 4.516380 54.644131
v -65.587875 4.522274 55.072189
v -65.587875 4.516380 54.644131
v -65.732071 4.516380 54.644131
v -65.862610 4.522274 55.072189
v -65.988815 4.522274 55.072189
v -66.010300 4.522274 55.072189
v -66.010300 4.516380 54.644131
v -65.988815 4.516380 54.644131
v -65.732071 4.522274 55.072189
v -65.862610 4.519327 54.858162
v -66.133011 4.516380 54.644131
v -66.277214 4.516380 54.644131
v -66.277214 4.522274 55.072189
v -66.277214 4.519327 54.858162
v -66.133011 4.522274 55.072189
v -65.988815 4.628896 55.070724
v -65.988815 4.623001 54.642662
v -65.732071 4.623001 54.642662
v -65.862610 4.625950 54.856693
v -65.862610 4.623001 54.642662
v -65.862610 4.628896 55.070724
v -65.732071 4.628896 55.070724
v -65.732071 4.625950 54.856693
v -65.587875 4.623001 54.642662
v -65.587875 4.628896 55.070724
v -66.010300 4.619643 54.398819
v -65.988815 4.619643 54.398819
v -66.010300 4.613748 53.970757
v -65.988815 4.613748 53.970757
v -65.862610 4.616697 54.184788
v -65.732071 4.613748 53.970757
v -65.862610 4.613748 53.970757
v -65.862610 4.619643 54.398819
v -65.732071 4.619643 54.398819
v -65.732071 4.616697 54.184788
v -65.587875 4.619643 54.398819
v -65.553696 4.619643 54.398819
v -65.553696 4.613748 53.970757
v -65.587875 4.613748 53.970757
v -66.133011 4.507127 53.972225
v -66.277214 4.507127 53.972225
v -66.010300 4.513022 54.400288
v -66.010300 4.507127 53.972225
v -66.277214 4.513022 54.400288
v -66.277214 4.510074 54.186256
v -66.133011 4.513022 54.400288
v -65.732071 4.510074 54.186256
v -65.732071 4.507127 53.972225
v -65.862610 4.507127 53.972225
v -65.587875 4.513022 54.400288
v -65.553696 4.513022 54.400288
v -65.553696 4.507127 53.972225
v -65.587875 4.507127 53.972225
v -65.988815 4.513022 54.400288
v -65.988815 4.507127 53.972225
v -65.732071 4.513022 54.400288
v -65.862610 4.513022 54.400288
v -65.862610 4.510074 54.186256
v -65.317474 4.613748 53.970757
v -65.443680 4.613748 53.970757
v -65.443680 4.619643 54.398819
v -65.317474 4.616697 54.184788
v -65.317474 4.619643 54.398819
v -66.277214 4.616697 54.184788
v -66.133011 4.613748 53.970757
v -66.277214 4.613748 53.970757
v -66.277214 4.619643 54.398819
v -66.133011 4.619643 54.398819
v -65.443680 4.507127 53.972225
v -65.317474 4.510074 54.186256
v -65.317474 4.507127 53.972225
v -65.317474 4.513022 54.400288
v -65.443680 4.513022 54.400288
v -66.466911 4.524190 56.551483
v -66.466911 4.630812 56.550014
v -66.466911 4.505349 55.183331
v -66.466911 4.611972 55.181862
v -65.154060 4.524190 56.551483
v -65.154060 4.630812 56.550014
v -65.154060 4.505349 55.183331
v -65.154060 4.611972 55.181862
v -65.553696 4.505349 55.183331
v -65.553696 4.611972 55.181862
v -65.553696 4.524190 56.551483
v -65.553696 4.630812 56.550014
v -66.010300 4.505349 55.183331
v -66.010300 4.630812 56.550014
v -66.010300 4.611972 55.181862
v -66.010300 4.524190 56.551483
v -66.466911 4.514769 55.867409
v -66.466911 4.621391 55.865940
v -65.154060 4.514769 55.867409
v -65.154060 4.621391 55.865940
v -65.553696 4.621391 55.865940
v -65.553696 4.514769 55.867409
v -66.010300 4.514769 55.867409
v -66.010300 4.621391 55.865940
v -65.443680 4.516380 55.984318
v -65.317474 4.519327 56.198349
v -65.317474 4.516380 55.984318
v -65.553696 4.522274 56.412376
v -65.553696 4.516380 55.984318
v -65.317474 4.522274 56.412376
v -65.443680 4.522274 56.412376
v -66.277214 4.625950 56.196880
v -66.277214 4.623001 55.982849
v -66.133011 4.623001 55.982849
v -66.277214 4.628896 56.410912
v -66.133011 4.628896 56.410912
v -66.010300 4.628896 56.410912
v -66.010300 4.623001 55.982849
v -65.553696 4.628896 56.410912
v -65.553696 4.623001 55.982849
v -65.317474 4.623001 55.982849
v -65.443680 4.623001 55.982849
v -65.317474 4.628896 56.410912
v -65.443680 4.628896 56.410912
v -65.317474 4.625950 56.196880
v -65.732071 4.519327 56.198349
v -65.862610 4.516380 55.984318
v -65.587875 4.522274 56.412376
v -65.587875 4.516380 55.984318
v -65.732071 4.516380 55.984318
v -65.862610 4.522274 56.412376
v -65.988815 4.522274 56.412376
v -66.010300 4.522274 56.412376
v -66.010300 4.516380 55.984318
v -65.988815 4.516380 55.984318
v -65.732071 4.522274 56.412376
v -65.862610 4.519327 56.198349
v -66.133011 4.516380 55.984318
v -66.277214 4.516380 55.984318
v -66.277214 4.522274 56.412376
v -66.277214 4.519327 56.198349
v -66.133011 4.522274 56.412376
v -65.988815 4.628896 56.410912
v -65.988815 4.623001 55.982849
v -65.732071 4.623001 55.982849
v -65.862610 4.625950 56.196880
v -65.862610 4.623001 55.982849
v -65.862610 4.628896 56.410912
v -65.732071 4.628896 56.410912
v -65.732071 4.625950 56.196880
v -65.587875 4.623001 55.982849
v -65.587875 4.628896 56.410912
v -66.010300 4.619643 55.739006
v -65.988815 4.619643 55.739006
v -66.010300 4.613748 55.310944
v -65.988815 4.613748 55.310944
v -65.862610 4.616697 55.524975
v -65.732071 4.613748 55.310944
v -65.862610 4.613748 55.310944
v -65.862610 4.619643 55.739006
v -65.732071 4.619643 55.739006
v -65.732071 4.616697 55.524975
v -65.587875 4.619643 55.739006
v -65.553696 4.619643 55.739006
v -65.553696 4.613748 55.310944
v -65.587875 4.613748 55.310944
v -66.133011 4.507127 55.312412
v -66.277214 4.507127 55.312412
v -66.010300 4.513022 55.740475
v -66.010300 4.507127 55.312412
v -66.277214 4.513022 55.740475
v -66.277214 4.510074 55.526443
v -66.133011 4.513022 55.740475
v -65.732071 4.510074 55.526443
v -65.732071 4.507127 55.312412
v -65.862610 4.507127 55.312412
v -65.587875 4.513022 55.740475
v -65.553696 4.513022 55.740475
v -65.553696 4.507127 55.312412
v -65.587875 4.507127 55.312412
v -65.988815 4.513022 55.740475
v -65.988815 4.507127 55.312412
v -65.732071 4.513022 55.740475
v -65.862610 4.513022 55.740475
v -65.862610 4.510074 55.526443
v -65.317474 4.613748 55.310944
v -65.443680 4.613748 55.310944
v -65.443680 4.619643 55.739006
v -65.317474 4.616697 55.524975
v -65.317474 4.619643 55.739006
v -66.277214 4.616697 55.524975
v -66.133011 4.613748 55.310944
v -66.277214 4.613748 55.310944
v -66.277214 4.619643 55.739006
v -66.133011 4.619643 55.739006
v -65.443680 4.507127 55.312412
v -65.317474 4.510074 55.526443
v -65.317474 4.507127 55.312412
v -65.317474 4.513022 55.740475
v -65.443680 4.513022 55.740475
v -66.466911 4.524190 57.871971
v -66.466911 4.630812 57.870506
v -66.466911 4.505349 56.503822
v -66.466911 4.611972 56.502354
v -65.154060 4.524190 57.871971
v -65.154060 4.630812 57.870506
v -65.154060 4.505349 56.503822
v -65.154060 4.611972 56.502354
v -65.553696 4.505349 56.503822
v -65.553696 4.611972 56.502354
v -65.553696 4.524190 57.871971
v -65.553696 4.630812 57.870506
v -66.010300 4.505349 56.503822
v -66.010300 4.630812 57.870506
v -66.010300 4.611972 56.502354
v -66.010300 4.524190 57.871971
v -66.466911 4.514769 57.187897
v -66.466911 4.621391 57.186428
v -65.154060 4.514769 57.187897
v -65.154060 4.621391 57.186428
v -65.553696 4.621391 57.186428
v -65.553696 4.514769 57.187897
v -66.010300 4.514769 57.187897
v -66.010300 4.621391 57.186428
v -65.443680 4.516380 57.304806
v -65.317474 4.519327 57.518837
v -65.317474 4.516380 57.304806
v -65.553696 4.522274 57.732868
v -65.553696 4.516380 57.304806
v -65.317474 4.522274 57.732868
v -65.443680 4.522274 57.732868
v -66.277214 4.625950 57.517368
v -66.277214 4.623001 57.303337
v -66.133011 4.623001 57.303337
v -66.277214 4.628896 57.731400
v -66.133011 4.628896 57.731400
v -66.010300 4.628896 57.731400
v -66.010300 4.623001 57.303337
v -65.553696 4.628896 57.731400
v -65.553696 4.623001 57.303337
v -65.317474 4.623001 57.303337
v -65.443680 4.623001 57.303337
v -65.317474 4.628896 57.731400
v -65.443680 4.628896 57.731400
v -65.317474 4.625950 57.517368
v -65.732071 4.519327 57.518837
v -65.862610 4.516380 57.304806
v -65.587875 4.522274 57.732868
v -65.587875 4.516380 57.304806
v -65.732071 4.516380 57.304806
v -65.862610 4.522274 57.732868
v -65.988815 4.522274 57.732868
v -66.010300 4.522274 57.732868
v -66.010300 4.516380 57.304806
v -65.988815 4.516380 57.304806
v -65.732071 4.522274 57.732868
v -65.862610 4.519327 57.518837
v -66.133011 4.516380 57.304806
v -66.277214 4.516380 57.304806
v -66.277214 4.522274 57.732868
v -66.277214 4.519327 57.518837
v -66.133011 4.522274 57.732868
v -65.988815 4.628896 57.731400
v -65.988815 4.623001 57.303337
v -65.732071 4.623001 57.303337
v -65.862610 4.625950 57.517368
v -65.862610 4.623001 57.303337
v -65.862610 4.628896 57.731400
v -65.732071 4.628896 57.731400
v -65.732071 4.625950 57.517368
v -65.587875 4.623001 57.303337
v -65.587875 4.628896 57.731400
v -66.010300 4.619643 57.059498
v -65.988815 4.619643 57.059498
v -66.010300 4.613748 56.631435
v -65.988815 4.613748 56.631435
v -65.862610 4.616697 56.845467
v -65.732071 4.613748 56.631435
v -65.862610 4.613748 56.631435
v -65.862610 4.619643 57.059498
v -65.732071 4.619643 57.059498
v -65.732071 4.616697 56.845467
v -65.587875 4.619643 57.059498
v -65.553696 4.619643 57.059498
v -65.553696 4.613748 56.631435
v -65.587875 4.613748 56.631435
v -66.133011 4.507127 56.632904
v -66.277214 4.507127 56.632904
v -66.010300 4.513022 57.060966
v -66.010300 4.507127 56.632904
v -66.277214 4.513022 57.060966
v -66.277214 4.510074 56.846931
v -66.133011 4.513022 57.060966
v -65.732071 4.510074 56.846931
v -65.732071 4.507127 56.632904
v -65.862610 4.507127 56.632904
v -65.587875 4.513022 57.060966
v -65.553696 4.513022 57.060966
v -65.553696 4.507127 56.632904
v -65.587875 4.507127 56.632904
v -65.988815 4.513022 57.060966
v -65.988815 4.507127 56.632904
v -65.732071 4.513022 57.060966
v -65.862610 4.513022 57.060966
v -65.862610 4.510074 56.846931
v -65.317474 4.613748 56.631435
v -65.443680 4.613748 56.631435
v -65.443680 4.619643 57.059498
v -65.317474 4.616697 56.845467
v -65.317474 4.619643 57.059498
v -66.277214 4.616697 56.845467
v -66.133011 4.613748 56.631435
v -66.277214 4.613748 56.631435
v -66.277214 4.619643 57.059498
v -66.133011 4.619643 57.059498
v -65.443680 4.507127 56.632904
v -65.317474 4.510074 56.846931
v -65.317474 4.507127 56.632904
v -65.317474 4.513022 57.060966
v -65.443680 4.513022 57.060966
v -66.466911 4.524191 59.212158
v -66.466911 4.630813 59.210693
v -66.466911 4.505349 57.844009
v -66.466911 4.611972 57.842537
v -65.154060 4.524191 59.212158
v -65.154060 4.630813 59.210693
v -65.154060 4.505349 57.844009
v -65.154060 4.611972 57.842537
v -65.553696 4.505349 57.844009
v -65.553696 4.611972 57.842537
v -65.553696 4.524191 59.212158
v -65.553696 4.630813 59.210693
v -66.010300 4.505349 57.844009
v -66.010300 4.630813 59.210693
v -66.010300 4.611972 57.842537
v -66.010300 4.524191 59.212158
v -66.466911 4.514771 58.528084
v -66.466911 4.621392 58.526615
v -65.154060 4.514771 58.528084
v -65.154060 4.621392 58.526615
v -65.553696 4.621392 58.526615
v -65.553696 4.514771 58.528084
v -66.010300 4.514771 58.528084
v -66.010300 4.621392 58.526615
v -65.443680 4.516381 58.644993
v -65.317474 4.519328 58.859024
v -65.317474 4.516381 58.644993
v -65.553696 4.522275 59.073055
v -65.553696 4.516381 58.644993
v -65.317474 4.522275 59.073055
v -65.443680 4.522275 59.073055
v -66.277214 4.625950 58.857555
v -66.277214 4.623003 58.643524
v -66.133011 4.623003 58.643524
v -66.277214 4.628897 59.071587
v -66.133011 4.628897 59.071587
v -66.010300 4.628897 59.071587
v -66.010300 4.623003 58.643524
v -65.553696 4.628897 59.071587
v -65.553696 4.623003 58.643524
v -65.317474 4.623003 58.643524
v -65.443680 4.623003 58.643524
v -65.317474 4.628897 59.071587
v -65.443680 4.628897 59.071587
v -65.317474 4.625950 58.857555
v -65.732071 4.519328 58.859024
v -65.862610 4.516381 58.644993
v -65.587875 4.522275 59.073055
v -65.587875 4.516381 58.644993
v -65.732071 4.516381 58.644993
v -65.862610 4.522275 59.073055
v -65.988815 4.522275 59.073055
v -66.010300 4.522275 59.073055
v -66.010300 4.516381 58.644993
v -65.988815 4.516381 58.644993
v -65.732071 4.522275 59.073055
v -65.862610 4.519328 58.859024
v -66.133011 4.516381 58.644993
v -66.277214 4.516381 58.644993
v -66.277214 4.522275 59.073055
v -66.277214 4.519328 58.859024
v -66.133011 4.522275 59.073055
v -65.988815 4.628897 59.071587
v -65.988815 4.623003 58.643524
v -65.732071 4.623003 58.643524
v -65.862610 4.625950 58.857555
v -65.862610 4.623003 58.643524
v -65.862610 4.628897 59.071587
v -65.732071 4.628897 59.071587
v -65.732071 4.625950 58.857555
v -65.587875 4.623003 58.643524
v -65.587875 4.628897 59.071587
v -66.010300 4.619644 58.399681
v -65.988815 4.619644 58.399681
v -66.010300 4.613748 57.971622
v -65.988815 4.613748 57.971622
v -65.862610 4.616697 58.185654
v -65.732071 4.613748 57.971622
v -65.862610 4.613748 57.971622
v -65.862610 4.619644 58.399681
v -65.732071 4.619644 58.399681
v -65.732071 4.616697 58.185654
v -65.587875 4.619644 58.399681
v -65.553696 4.619644 58.399681
v -65.553696 4.613748 57.971622
v -65.587875 4.613748 57.971622
v -66.133011 4.507127 57.973091
v -66.277214 4.507127 57.973091
v -66.010300 4.513023 58.401154
v -66.010300 4.507127 57.973091
v -66.277214 4.513023 58.401154
v -66.277214 4.510074 58.187122
v -66.133011 4.513023 58.401154
v -65.732071 4.510074 58.187122
v -65.732071 4.507127 57.973091
v -65.862610 4.507127 57.973091
v -65.587875 4.513023 58.401154
v -65.553696 4.513023 58.401154
v -65.553696 4.507127 57.973091
v -65.587875 4.507127 57.973091
v -65.988815 4.513023 58.401154
v -65.988815 4.507127 57.973091
v -65.732071 4.513023 58.401154
v -65.862610 4.513023 58.401154
v -65.862610 4.510074 58.187122
v -65.317474 4.613748 57.971622
v -65.443680 4.613748 57.971622
v -65.443680 4.619644 58.399681
v -65.317474 4.616697 58.185654
v -65.317474 4.619644 58.399681
v -66.277214 4.616697 58.185654
v -66.133011 4.613748 57.971622
v -66.277214 4.613748 57.971622
v -66.277214 4.619644 58.399681
v -66.133011 4.619644 58.399681
v -65.443680 4.507127 57.973091
v -65.317474 4.510074 58.187122
v -65.317474 4.507127 57.973091
v -65.317474 4.513023 58.401154
v -65.443680 4.513023 58.401154
v -65.154060 4.524190 49.822643
v -65.154060 4.630812 49.821175
v -65.154060 4.505349 48.454491
v -65.154060 4.611971 48.453022
v -63.841209 4.524190 49.822643
v -63.841209 4.630812 49.821175
v -63.841209 4.505349 48.454491
v -63.841209 4.611971 48.453022
v -64.240845 4.505349 48.454491
v -64.240845 4.611971 48.453022
v -64.240845 4.524190 49.822643
v -64.240845 4.630812 49.821175
v -64.697449 4.505349 48.454491
v -64.697449 4.630812 49.821175
v -64.697449 4.611971 48.453022
v -64.697449 4.524190 49.822643
v -65.154060 4.514769 49.138569
v -65.154060 4.621391 49.137100
v -63.841209 4.514769 49.138569
v -63.841209 4.621391 49.137100
v -64.240845 4.621391 49.137100
v -64.240845 4.514769 49.138569
v -64.697449 4.514769 49.138569
v -64.697449 4.621391 49.137100
v -64.130829 4.516380 49.255478
v -64.004623 4.519327 49.469509
v -64.004623 4.516380 49.255478
v -64.240845 4.522274 49.683540
v -64.240845 4.516380 49.255478
v -64.004623 4.522274 49.683540
v -64.130829 4.522274 49.683540
v -64.964363 4.625949 49.468040
v -64.964363 4.623001 49.254009
v -64.820160 4.623001 49.254009
v -64.964363 4.628896 49.682072
v -64.820160 4.628896 49.682072
v -64.697449 4.628896 49.682072
v -64.697449 4.623001 49.254009
v -64.240845 4.628896 49.682072
v -64.240845 4.623001 49.254009
v -64.004623 4.623001 49.254009
v -64.130829 4.623001 49.254009
v -64.004623 4.628896 49.682072
v -64.130829 4.628896 49.682072
v -64.004623 4.625949 49.468040
v -64.419228 4.519327 49.469509
v -64.549759 4.516380 49.255478
v -64.275024 4.522274 49.683540
v -64.275024 4.516380 49.255478
v -64.419228 4.516380 49.255478
v -64.549759 4.522274 49.683540
v -64.675964 4.522274 49.683540
v -64.697449 4.522274 49.683540
v -64.697449 4.516380 49.255478
v -64.675964 4.516380 49.255478
v -64.419228 4.522274 49.683540
v -64.549759 4.519327 49.469509
v -64.820160 4.516380 49.255478
v -64.964363 4.516380 49.255478
v -64.964363 4.522274 49.683540
v -64.964363 4.519327 49.469509
v -64.820160 4.522274 49.683540
v -64.675964 4.628896 49.682072
v -64.675964 4.623001 49.254009
v -64.419228 4.623001 49.254009
v -64.549759 4.625949 49.468040
v -64.549759 4.623001 49.254009
v -64.549759 4.628896 49.682072
v -64.419228 4.628896 49.682072
v -64.419228 4.625949 49.468040
v -64.275024 4.623001 49.254009
v -64.275024 4.628896 49.682072
v -64.697449 4.619643 49.010166
v -64.675964 4.619643 49.010166
v -64.697449 4.613748 48.582108
v -64.675964 4.613748 48.582108
v -64.549759 4.616696 48.796135
v -64.419228 4.613748 48.582108
v -64.549759 4.613748 48.582108
v -64.549759 4.619643 49.010166
v -64.419228 4.619643 49.010166
v -64.419228 4.616696 48.796135
v -64.275024 4.619643 49.010166
v -64.240845 4.619643 49.010166
v -64.240845 4.613748 48.582108
v -64.275024 4.613748 48.582108
v -64.820160 4.507127 48.583572
v -64.964363 4.507127 48.583572
v -64.697449 4.513021 49.011635
v -64.697449 4.507127 48.583572
v -64.964363 4.513021 49.011635
v -64.964363 4.510074 48.797604
v -64.820160 4.513021 49.011635
v -64.419228 4.510074 48.797604
v -64.419228 4.507127 48.583572
v -64.549759 4.507127 48.583572
v -64.275024 4.513021 49.011635
v -64.240845 4.513021 49.011635
v -64.240845 4.507127 48.583572
v -64.275024 4.507127 48.583572
v -64.675964 4.513021 49.011635
v -64.675964 4.507127 48.583572
v -64.419228 4.513021 49.011635
v -64.549759 4.513021 49.011635
v -64.549759 4.510074 48.797604
v -64.004623 4.613748 48.582108
v -64.130829 4.613748 48.582108
v -64.130829 4.619643 49.010166
v -64.004623 4.616696 48.796135
v -64.004623 4.619643 49.010166
v -64.964363 4.616696 48.796135
v -64.820160 4.613748 48.582108
v -64.964363 4.613748 48.582108
v -64.964363 4.619643 49.010166
v -64.820160 4.619643 49.010166
v -64.130829 4.507127 48.583572
v -64.004623 4.510074 48.797604
v -64.004623 4.507127 48.583572
v -64.004623 4.513021 49.011635
v -64.130829 4.513021 49.011635
v -65.154060 4.524190 51.162830
v -65.154060 4.630812 51.161362
v -65.154060 4.505349 49.794678
v -65.154060 4.611971 49.793209
v -63.841209 4.524190 51.162830
v -63.841209 4.630812 51.161362
v -63.841209 4.505349 49.794678
v -63.841209 4.611971 49.793209
v -64.240845 4.505349 49.794678
v -64.240845 4.611971 49.793209
v -64.240845 4.524190 51.162830
v -64.240845 4.630812 51.161362
v -64.697449 4.505349 49.794678
v -64.697449 4.630812 51.161362
v -64.697449 4.611971 49.793209
v -64.697449 4.524190 51.162830
v -65.154060 4.514769 50.478756
v -65.154060 4.621391 50.477287
v -63.841209 4.514769 50.478756
v -63.841209 4.621391 50.477287
v -64.240845 4.621391 50.477287
v -64.240845 4.514769 50.478756
v -64.697449 4.514769 50.478756
v -64.697449 4.621391 50.477287
v -64.130829 4.516380 50.595665
v -64.004623 4.519327 50.809696
v -64.004623 4.516380 50.595665
v -64.240845 4.522274 51.023727
v -64.240845 4.516380 50.595665
v -64.004623 4.522274 51.023727
v -64.130829 4.522274 51.023727
v -64.964363 4.625949 50.808228
v -64.964363 4.623001 50.594196
v -64.820160 4.623001 50.594196
v -64.964363 4.628896 51.022259
v -64.820160 4.628896 51.022259
v -64.697449 4.628896 51.022259
v -64.697449 4.623001 50.594196
v -64.240845 4.628896 51.022259
v -64.240845 4.623001 50.594196
v -64.004623 4.623001 50.594196
v -64.130829 4.623001 50.594196
v -64.004623 4.628896 51.022259
v -64.130829 4.628896 51.022259
v -64.004623 4.625949 50.808228
v -64.419228 4.519327 50.809696
v -64.549759 4.516380 50.595665
v -64.275024 4.522274 51.023727
v -64.275024 4.516380 50.595665
v -64.419228 4.516380 50.595665
v -64.549759 4.522274 51.023727
v -64.675964 4.522274 51.023727
v -64.697449 4.522274 51.023727
v -64.697449 4.516380 50.595665
v -64.675964 4.516380 50.595665
v -64.419228 4.522274 51.023727
v -64.549759 4.519327 50.809696
v -64.820160 4.516380 50.595665
v -64.964363 4.516380 50.595665
v -64.964363 4.522274 51.023727
v -64.964363 4.519327 50.809696
v -64.820160 4.522274 51.023727
v -64.675964 4.628896 51.022259
v -64.675964 4.623001 50.594196
v -64.419228 4.623001 50.594196
v -64.549759 4.625949 50.808228
v -64.549759 4.623001 50.594196
v -64.549759 4.628896 51.022259
v -64.419228 4.628896 51.022259
v -64.419228 4.625949 50.808228
v -64.275024 4.623001 50.594196
v -64.275024 4.628896 51.022259
v -64.697449 4.619643 50.350353
v -64.675964 4.619643 50.350353
v -64.697449 4.613748 49.922295
v -64.675964 4.613748 49.922295
v -64.549759 4.616696 50.136322
v -64.419228 4.613748 49.922295
v -64.549759 4.613748 49.922295
v -64.549759 4.619643 50.350353
v -64.419228 4.619643 50.350353
v -64.419228 4.616696 50.136322
v -64.275024 4.619643 50.350353
v -64.240845 4.619643 50.350353
v -64.240845 4.613748 49.922295
v -64.275024 4.613748 49.922295
v -64.820160 4.507127 49.923759
v -64.964363 4.507127 49.923759
v -64.697449 4.513021 50.351822
v -64.697449 4.507127 49.923759
v -64.964363 4.513021 50.351822
v -64.964363 4.510074 50.137791
v -64.820160 4.513021 50.351822
v -64.419228 4.510074 50.137791
v -64.419228 4.507127 49.923759
v -64.549759 4.507127 49.923759
v -64.275024 4.513021 50.351822
v -64.240845 4.513021 50.351822
v -64.240845 4.507127 49.923759
v -64.275024 4.507127 49.923759
v -64.675964 4.513021 50.351822
v -64.675964 4.507127 49.923759
v -64.419228 4.513021 50.351822
v -64.549759 4.513021 50.351822
v -64.549759 4.510074 50.137791
v -64.004623 4.613748 49.922295
v -64.130829 4.613748 49.922295
v -64.130829 4.619643 50.350353
v -64.004623 4.616696 50.136322
v -64.004623 4.619643 50.350353
v -64.964363 4.616696 50.136322
v -64.820160 4.613748 49.922295
v -64.964363 4.613748 49.922295
v -64.964363 4.619643 50.350353
v -64.820160 4.619643 50.350353
v -64.130829 4.507127 49.923759
v -64.004623 4.510074 50.137791
v -64.004623 4.507127 49.923759
v -64.004623 4.513021 50.351822
v -64.130829 4.513021 50.351822
v -65.154060 4.524190 52.483322
v -65.154060 4.630812 52.481853
v -65.154060 4.505349 51.115170
v -65.154060 4.611971 51.113701
v -63.841209 4.524190 52.483322
v -63.841209 4.630812 52.481853
v -63.841209 4.505349 51.115170
v -63.841209 4.611971 51.113701
v -64.240845 4.505349 51.115170
v -64.240845 4.611971 51.113701
v -64.240845 4.524190 52.483322
v -64.240845 4.630812 52.481853
v -64.697449 4.505349 51.115170
v -64.697449 4.630812 52.481853
v -64.697449 4.611971 51.113701
v -64.697449 4.524190 52.483322
v -65.154060 4.514769 51.799244
v -65.154060 4.621391 51.797775
v -63.841209 4.514769 51.799244
v -63.841209 4.621391 51.797775
v -64.240845 4.621391 51.797775
v -64.240845 4.514769 51.799244
v -64.697449 4.514769 51.799244
v -64.697449 4.621391 51.797775
v -64.130829 4.516380 51.916153
v -64.004623 4.519327 52.130184
v -64.004623 4.516380 51.916153
v -64.240845 4.522274 52.344215
v -64.240845 4.516380 51.916153
v -64.004623 4.522274 52.344215
v -64.130829 4.522274 52.344215
v -64.964363 4.625950 52.128716
v -64.964363 4.623001 51.914684
v -64.820160 4.623001 51.914684
v -64.964363 4.628896 52.342747
v -64.820160 4.628896 52.342747
v -64.697449 4.628896 52.342747
v -64.697449 4.623001 51.914684
v -64.240845 4.628896 52.342747
v -64.240845 4.623001 51.914684
v -64.004623 4.623001 51.914684
v -64.130829 4.623001 51.914684
v -64.004623 4.628896 52.342747
v -64.130829 4.628896 52.342747
v -64.004623 4.625950 52.128716
v -64.419228 4.519327 52.130184
v -64.549759 4.516380 51.916153
v -64.275024 4.522274 52.344215
v -64.275024 4.516380 51.916153
v -64.419228 4.516380 51.916153
v -64.549759 4.522274 52.344215
v -64.675964 4.522274 52.344215
v -64.697449 4.522274 52.344215
v -64.697449 4.516380 51.916153
v -64.675964 4.516380 51.916153
v -64.419228 4.522274 52.344215
v -64.549759 4.519327 52.130184
v -64.820160 4.516380 51.916153
v -64.964363 4.516380 51.916153
v -64.964363 4.522274 52.344215
v -64.964363 4.519327 52.130184
v -64.820160 4.522274 52.344215
v -64.675964 4.628896 52.342747
v -64.675964 4.623001 51.914684
v -64.419228 4.623001 51.914684
v -64.549759 4.625950 52.128716
v -64.549759 4.623001 51.914684
v -64.549759 4.628896 52.342747
v -64.419228 4.628896 52.342747
v -64.419228 4.625950 52.128716
v -64.275024 4.623001 51.914684
v -64.275024 4.628896 52.342747
v -64.697449 4.619643 51.670845
v -64.675964 4.619643 51.670845
v -64.697449 4.613748 51.242783
v -64.675964 4.613748 51.242783
v -64.549759 4.616696 51.456814
v -64.419228 4.613748 51.242783
v -64.549759 4.613748 51.242783
v -64.549759 4.619643 51.670845
v -64.419228 4.619643 51.670845
v -64.419228 4.616696 51.456814
v -64.275024 4.619643 51.670845
v -64.240845 4.619643 51.670845
v -64.240845 4.613748 51.242783
v -64.275024 4.613748 51.242783
v -64.820160 4.507127 51.244251
v -64.964363 4.507127 51.244251
v -64.697449 4.513021 51.672314
v -64.697449 4.507127 51.244251
v -64.964363 4.513021 51.672314
v -64.964363 4.510074 51.458282
v -64.820160 4.513021 51.672314
v -64.419228 4.510074 51.458282
v -64.419228 4.507127 51.244251
v -64.549759 4.507127 51.244251
v -64.275024 4.513021 51.672314
v -64.240845 4.513021 51.672314
v -64.240845 4.507127 51.244251
v -64.275024 4.507127 51.244251
v -64.675964 4.513021 51.672314
v -64.675964 4.507127 51.244251
v -64.419228 4.513021 51.672314
v -64.549759 4.513021 51.672314
v -64.549759 4.510074 51.458282
v -64.004623 4.613748 51.242783
v -64.130829 4.613748 51.242783
v -64.130829 4.619643 51.670845
v -64.004623 4.616696 51.456814
v -64.004623 4.619643 51.670845
v -64.964363 4.616696 51.456814
v -64.820160 4.613748 51.242783
v -64.964363 4.613748 51.242783
v -64.964363 4.619643 51.670845
v -64.820160 4.619643 51.670845
v -64.130829 4.507127 51.244251
v -64.004623 4.510074 51.458282
v -64.004623 4.507127 51.244251
v -64.004623 4.513021 51.672314
v -64.130829 4.513021 51.672314
v -65.154060 4.524190 53.823509
v -65.154060 4.630812 53.822041
v -65.154060 4.505349 52.455353
v -65.154060 4.611972 52.453888
v -63.841209 4.524190 53.823509
v -63.841209 4.630812 53.822041
v -63.841209 4.505349 52.455353
v -63.841209 4.611972 52.453888
v -64.240845 4.505349 52.455353
v -64.240845 4.611972 52.453888
v -64.240845 4.524190 53.823509
v -64.240845 4.630812 53.822041
v -64.697449 4.505349 52.455353
v -64.697449 4.630812 53.822041
v -64.697449 4.611972 52.453888
v -64.697449 4.524190 53.823509
v -65.154060 4.514769 53.139431
v -65.154060 4.621391 53.137962
v -63.841209 4.514769 53.139431
v -63.841209 4.621391 53.137962
v -64.240845 4.621391 53.137962
v -64.240845 4.514769 53.139431
v -64.697449 4.514769 53.139431
v -64.697449 4.621391 53.137962
v -64.130829 4.516380 53.256340
v -64.004623 4.519327 53.470371
v -64.004623 4.516380 53.256340
v -64.240845 4.522274 53.684402
v -64.240845 4.516380 53.256340
v -64.004623 4.522274 53.684402
v -64.130829 4.522274 53.684402
v -64.964363 4.625950 53.468903
v -64.964363 4.623001 53.254871
v -64.820160 4.623001 53.254871
v -64.964363 4.628896 53.682934
v -64.820160 4.628896 53.682934
v -64.697449 4.628896 53.682934
v -64.697449 4.623001 53.254871
v -64.240845 4.628896 53.682934
v -64.240845 4.623001 53.254871
v -64.004623 4.623001 53.254871
v -64.130829 4.623001 53.254871
v -64.004623 4.628896 53.682934
v -64.130829 4.628896 53.682934
v -64.004623 4.625950 53.468903
v -64.419228 4.519327 53.470371
v -64.549759 4.516380 53.256340
v -64.275024 4.522274 53.684402
v -64.275024 4.516380 53.256340
v -64.419228 4.516380 53.256340
v -64.549759 4.522274 53.684402
v -64.675964 4.522274 53.684402
v -64.697449 4.522274 53.684402
v -64.697449 4.516380 53.256340
v -64.675964 4.516380 53.256340
v -64.419228 4.522274 53.684402
v -64.549759 4.519327 53.470371
v -64.820160 4.516380 53.256340
v -64.964363 4.516380 53.256340
v -64.964363 4.522274 53.684402
v -64.964363 4.519327 53.470371
v -64.820160 4.522274 53.684402
v -64.675964 4.628896 53.682934
v -64.675964 4.623001 53.254871
v -64.419228 4.623001 53.254871
v -64.549759 4.625950 53.468903
v -64.549759 4.623001 53.254871
v -64.549759 4.628896 53.682934
v -64.419228 4.628896 53.682934
v -64.419228 4.625950 53.468903
v -64.275024 4.623001 53.254871
v -64.275024 4.628896 53.682934
v -64.697449 4.619643 53.011032
v -64.675964 4.619643 53.011032
v -64.697449 4.613748 52.582970
v -64.675964 4.613748 52.582970
v -64.549759 4.616697 52.797001
v -64.419228 4.613748 52.582970
v -64.549759 4.613748 52.582970
v -64.549759 4.619643 53.011032
v -64.419228 4.619643 53.011032
v -64.419228 4.616697 52.797001
v -64.275024 4.619643 53.011032
v -64.240845 4.619643 53.011032
v -64.240845 4.613748 52.582970
v -64.275024 4.613748 52.582970
v -64.820160 4.507127 52.584438
v -64.964363 4.507127 52.584438
v -64.697449 4.513021 53.012497
v -64.697449 4.507127 52.584438
v -64.964363 4.513021 53.012497
v -64.964363 4.510074 52.798470
v -64.820160 4.513021 53.012497
v -64.419228 4.510074 52.798470
v -64.419228 4.507127 52.584438
v -64.549759 4.507127 52.584438
v -64.275024 4.513021 53.012497
v -64.240845 4.513021 53.012497
v -64.240845 4.507127 52.584438
v -64.275024 4.507127 52.584438
v -64.675964 4.513021 53.012497
v -64.675964 4.507127 52.584438
v -64.419228 4.513021 53.012497
v -64.549759 4.513021 53.012497
v -64.549759 4.510074 52.798470
v -64.004623 4.613748 52.582970
v -64.130829 4.613748 52.582970
v -64.130829 4.619643 53.011032
v -64.004623 4.616697 52.797001
v -64.004623 4.619643 53.011032
v -64.964363 4.616697 52.797001
v -64.820160 4.613748 52.582970
v -64.964363 4.613748 52.582970
v -64.964363 4.619643 53.011032
v -64.820160 4.619643 53.011032
v -64.130829 4.507127 52.584438
v -64.004623 4.510074 52.798470
v -64.004623 4.507127 52.584438
v -64.004623 4.513021 53.012497
v -64.130829 4.513021 53.012497
v -65.154060 4.524190 55.211296
v -65.154060 4.630812 55.209827
v -65.154060 4.505349 53.843143
v -65.154060 4.611972 53.841675
v -63.841209 4.524190 55.211296
v -63.841209 4.630812 55.209827
v -63.841209 4.505349 53.843143
v -63.841209 4.611972 53.841675
v -64.240845 4.505349 53.843143
v -64.240845 4.611972 53.841675
v -64.240845 4.524190 55.211296
v -64.240845 4.630812 55.209827
v -64.697449 4.505349 53.843143
v -64.697449 4.630812 55.209827
v -64.697449 4.611972 53.841675
v -64.697449 4.524190 55.211296
v -65.154060 4.514769 54.527222
v -65.154060 4.621391 54.525753
v -63.841209 4.514769 54.527222
v -63.841209 4.621391 54.525753
v -64.240845 4.621391 54.525753
v -64.240845 4.514769 54.527222
v -64.697449 4.514769 54.527222
v -64.697449 4.621391 54.525753
v -64.130829 4.516380 54.644131
v -64.004623 4.519327 54.858162
v -64.004623 4.516380 54.644131
v -64.240845 4.522274 55.072189
v -64.240845 4.516380 54.644131
v -64.004623 4.522274 55.072189
v -64.130829 4.522274 55.072189
v -64.964363 4.625950 54.856693
v -64.964363 4.623001 54.642662
v -64.820160 4.623001 54.642662
v -64.964363 4.628896 55.070724
v -64.820160 4.628896 55.070724
v -64.697449 4.628896 55.070724
v -64.697449 4.623001 54.642662
v -64.240845 4.628896 55.070724
v -64.240845 4.623001 54.642662
v -64.004623 4.623001 54.642662
v -64.130829 4.623001 54.642662
v -64.004623 4.628896 55.070724
v -64.130829 4.628896 55.070724
v -64.004623 4.625950 54.856693
v -64.419228 4.519327 54.858162
v -64.549759 4.516380 54.644131
v -64.275024 4.522274 55.072189
v -64.275024 4.516380 54.644131
v -64.419228 4.516380 54.644131
v -64.549759 4.522274 55.072189
v -64.675964 4.522274 55.072189
v -64.697449 4.522274 55.072189
v -64.697449 4.516380 54.644131
v -64.675964 4.516380 54.644131
v -64.419228 4.522274 55.072189
v -64.549759 4.519327 54.858162
v -64.820160 4.516380 54.644131
v -64.964363 4.516380 54.644131
v -64.964363 4.522274 55.072189
v -64.964363 4.519327 54.858162
v -64.820160 4.522274 55.072189
v -64.675964 4.628896 55.070724
v -64.675964 4.623001 54.642662
v -64.419228 4.623001 54.642662
v -64.549759 4.625950 54.856693
v -64.549759 4.623001 54.642662
v -64.549759 4.628896 55.070724
v -64.419228 4.628896 55.070724
v -64.419228 4.625950 54.856693
v -64.275024 4.623001 54.642662
v -64.275024 4.628896 55.070724
v -64.697449 4.619643 54.398819
v -64.675964 4.619643 54.398819
v -64.697449 4.613748 53.970757
v -64.675964 4.613748 53.970757
v -64.549759 4.616697 54.184788
v -64.419228 4.613748 53.970757
v -64.549759 4.613748 53.970757
v -64.549759 4.619643 54.398819
v -64.419228 4.619643 54.398819
v -64.419228 4.616697 54.184788
v -64.275024 4.619643 54.398819
v -64.240845 4.619643 54.398819
v -64.240845 4.613748 53.970757
v -64.275024 4.613748 53.970757
v -64.820160 4.507127 53.972225
v -64.964363 4.507127 53.972225
v -64.697449 4.513022 54.400288
v -64.697449 4.507127 53.972225
v -64.964363 4.513022 54.400288
v -64.964363 4.510074 54.186256
v -64.820160 4.513022 54.400288
v -64.419228 4.510074 54.186256
v -64.419228 4.507127 53.972225
v -64.549759 4.507127 53.972225
v -64.275024 4.513022 54.400288
v -64.240845 4.513022 54.400288
v -64.240845 4.507127 53.972225
v -64.275024 4.507127 53.972225
v -64.675964 4.513022 54.400288
v -64.675964 4.507127 53.972225
v -64.419228 4.513022 54.400288
v -64.549759 4.513022 54.400288
v -64.549759 4.510074 54.186256
v -64.004623 4.613748 53.970757
v -64.130829 4.613748 53.970757
v -64.130829 4.619643 54.398819
v -64.004623 4.616697 54.184788
v -64.004623 4.619643 54.398819
v -64.964363 4.616697 54.184788
v -64.820160 4.613748 53.970757
v -64.964363 4.613748 53.970757
v -64.964363 4.619643 54.398819
v -64.820160 4.619643 54.398819
v -64.130829 4.507127 53.972225
v -64.004623 4.510074 54.186256
v -64.004623 4.507127 53.972225
v -64.004623 4.513022 54.400288
v -64.130829 4.513022 54.400288
v -65.154060 4.524190 56.551483
v -65.154060 4.630812 56.550014
v -65.154060 4.505349 55.183331
v -65.154060 4.611972 55.181862
v -63.841209 4.524190 56.551483
v -63.841209 4.630812 56.550014
v -63.841209 4.505349 55.183331
v -63.841209 4.611972 55.181862
v -64.240845 4.505349 55.183331
v -64.240845 4.611972 55.181862
v -64.240845 4.524190 56.551483
v -64.240845 4.630812 56.550014
v -64.697449 4.505349 55.183331
v -64.697449 4.630812 56.550014
v -64.697449 4.611972 55.181862
v -64.697449 4.524190 56.551483
v -65.154060 4.514769 55.867409
v -65.154060 4.621391 55.865940
v -63.841209 4.514769 55.867409
v -63.841209 4.621391 55.865940
v -64.240845 4.621391 55.865940
v -64.240845 4.514769 55.867409
v -64.697449 4.514769 55.867409
v -64.697449 4.621391 55.865940
v -64.130829 4.516380 55.984318
v -64.004623 4.519327 56.198349
v -64.004623 4.516380 55.984318
v -64.240845 4.522274 56.412376
v -64.240845 4.516380 55.984318
v -64.004623 4.522274 56.412376
v -64.130829 4.522274 56.412376
v -64.964363 4.625950 56.196880
v -64.964363 4.623001 55.982849
v -64.820160 4.623001 55.982849
v -64.964363 4.628896 56.410912
v -64.820160 4.628896 56.410912
v -64.697449 4.628896 56.410912
v -64.697449 4.623001 55.982849
v -64.240845 4.628896 56.410912
v -64.240845 4.623001 55.982849
v -64.004623 4.623001 55.982849
v -64.130829 4.623001 55.982849
v -64.004623 4.628896 56.410912
v -64.130829 4.628896 56.410912
v -64.004623 4.625950 56.196880
v -64.419228 4.519327 56.198349
v -64.549759 4.516380 55.984318
v -64.275024 4.522274 56.412376
v -64.275024 4.516380 55.984318
v -64.419228 4.516380 55.984318
v -64.549759 4.522274 56.412376
v -64.675964 4.522274 56.412376
v -64.697449 4.522274 56.412376
v -64.697449 4.516380 55.984318
v -64.675964 4.516380 55.984318
v -64.419228 4.522274 56.412376
v -64.549759 4.519327 56.198349
v -64.820160 4.516380 55.984318
v -64.964363 4.516380 55.984318
v -64.964363 4.522274 56.412376
v -64.964363 4.519327 56.198349
v -64.820160 4.522274 56.412376
v -64.675964 4.628896 56.410912
v -64.675964 4.623001 55.982849
v -64.419228 4.623001 55.982849
v -64.549759 4.625950 56.196880
v -64.549759 4.623001 55.982849
v -64.549759 4.628896 56.410912
v -64.419228 4.628896 56.410912
v -64.419228 4.625950 56.196880
v -64.275024 4.623001 55.982849
v -64.275024 4.628896 56.410912
v -64.697449 4.619643 55.739006
v -64.675964 4.619643 55.739006
v -64.697449 4.613748 55.310944
v -64.675964 4.613748 55.310944
v -64.549759 4.616697 55.524975
v -64.419228 4.613748 55.310944
v -64.549759 4.613748 55.310944
v -64.549759 4.619643 55.739006
v -64.419228 4.619643 55.739006
v -64.419228 4.616697 55.524975
v -64.275024 4.619643 55.739006
v -64.240845 4.619643 55.739006
v -64.240845 4.613748 55.310944
v -64.275024 4.613748 55.310944
v -64.820160 4.507127 55.312412
v -64.964363 4.507127 55.312412
v -64.697449 4.513022 55.740475
v -64.697449 4.507127 55.312412
v -64.964363 4.513022 55.740475
v -64.964363 4.510074 55.526443
v -64.820160 4.513022 55.740475
v -64.419228 4.510074 55.526443
v -64.419228 4.507127 55.312412
v -64.549759 4.507127 55.312412
v -64.275024 4.513022 55.740475
v -64.240845 4.513022 55.740475
v -64.240845 4.507127 55.312412
v -64.275024 4.507127 55.312412
v -64.675964 4.513022 55.740475
v -64.675964 4.507127 55.312412
v -64.419228 4.513022 55.740475
v -64.549759 4.513022 55.740475
v -64.549759 4.510074 55.526443
v -64.004623 4.613748 55.310944
v -64.130829 4.613748 55.310944
v -64.130829 4.619643 55.739006
v -64.004623 4.616697 55.524975
v -64.004623 4.619643 55.739006
v -64.964363 4.616697 55.524975
v -64.820160 4.613748 55.310944
v -64.964363 4.613748 55.310944
v -64.964363 4.619643 55.739006
v -64.820160 4.619643 55.739006
v -64.130829 4.507127 55.312412
v -64.004623 4.510074 55.526443
v -64.004623 4.507127 55.312412
v -64.004623 4.513022 55.740475
v -64.130829 4.513022 55.740475
v -65.154060 4.524190 57.871971
v -65.154060 4.630812 57.870506
v -65.154060 4.505349 56.503822
v -65.154060 4.611972 56.502354
v -63.841209 4.524190 57.871971
v -63.841209 4.630812 57.870506
v -63.841209 4.505349 56.503822
v -63.841209 4.611972 56.502354
v -64.240845 4.505349 56.503822
v -64.240845 4.611972 56.502354
v -64.240845 4.524190 57.871971
v -64.240845 4.630812 57.870506
v -64.697449 4.505349 56.503822
v -64.697449 4.630812 57.870506
v -64.697449 4.611972 56.502354
v -64.697449 4.524190 57.871971
v -65.154060 4.514769 57.187897
v -65.154060 4.621391 57.186428
v -63.841209 4.514769 57.187897
v -63.841209 4.621391 57.186428
v -64.240845 4.621391 57.186428
v -64.240845 4.514769 57.187897
v -64.697449 4.514769 57.187897
v -64.697449 4.621391 57.186428
v -64.130829 4.516380 57.304806
v -64.004623 4.519327 57.518837
v -64.004623 4.516380 57.304806
v -64.240845 4.522274 57.732868
v -64.240845 4.516380 57.304806
v -64.004623 4.522274 57.732868
v -64.130829 4.522274 57.732868
v -64.964363 4.625950 57.517368
v -64.964363 4.623001 57.303337
v -64.820160 4.623001 57.303337
v -64.964363 4.628896 57.731400
v -64.820160 4.628896 57.731400
v -64.697449 4.628896 57.731400
v -64.697449 4.623001 57.303337
v -64.240845 4.628896 57.731400
v -64.240845 4.623001 57.303337
v -64.004623 4.623001 57.303337
v -64.130829 4.623001 57.303337
v -64.004623 4.628896 57.731400
v -64.130829 4.628896 57.731400
v -64.004623 4.625950 57.517368
v -64.419228 4.519327 57.518837
v -64.549759 4.516380 57.304806
v -64.275024 4.522274 57.732868
v -64.275024 4.516380 57.304806
v -64.419228 4.516380 57.304806
v -64.549759 4.522274 57.732868
v -64.675964 4.522274 57.732868
v -64.697449 4.522274 57.732868
v -64.697449 4.516380 57.304806
v -64.675964 4.516380 57.304806
v -64.419228 4.522274 57.732868
v -64.549759 4.519327 57.518837
v -64.820160 4.516380 57.304806
v -64.964363 4.516380 57.304806
v -64.964363 4.522274 57.732868
v -64.964363 4.519327 57.518837
v -64.820160 4.522274 57.732868
v -64.675964 4.628896 57.731400
v -64.675964 4.623001 57.303337
v -64.419228 4.623001 57.303337
v -64.549759 4.625950 57.517368
v -64.549759 4.623001 57.303337
v -64.549759 4.628896 57.731400
v -64.419228 4.628896 57.731400
v -64.419228 4.625950 57.517368
v -64.275024 4.623001 57.303337
v -64.275024 4.628896 57.731400
v -64.697449 4.619643 57.059498
v -64.675964 4.619643 57.059498
v -64.697449 4.613748 56.631435
v -64.675964 4.613748 56.631435
v -64.549759 4.616697 56.845467
v -64.419228 4.613748 56.631435
v -64.549759 4.613748 56.631435
v -64.549759 4.619643 57.059498
v -64.419228 4.619643 57.059498
v -64.419228 4.616697 56.845467
v -64.275024 4.619643 57.059498
v -64.240845 4.619643 57.059498
v -64.240845 4.613748 56.631435
v -64.275024 4.613748 56.631435
v -64.820160 4.507127 56.632904
v -64.964363 4.507127 56.632904
v -64.697449 4.513022 57.060966
v -64.697449 4.507127 56.632904
v -64.964363 4.513022 57.060966
v -64.964363 4.510074 56.846931
v -64.820160 4.513022 57.060966
v -64.419228 4.510074 56.846931
v -64.419228 4.507127 56.632904
v -64.549759 4.507127 56.632904
v -64.275024 4.513022 57.060966
v -64.240845 4.513022 57.060966
v -64.240845 4.507127 56.632904
v -64.275024 4.507127 56.632904
v -64.675964 4.513022 57.060966
v -64.675964 4.507127 56.632904
v -64.419228 4.513022 57.060966
v -64.549759 4.513022 57.060966
v -64.549759 4.510074 56.846931
v -64.004623 4.613748 56.631435
v -64.130829 4.613748 56.631435
v -64.130829 4.619643 57.059498
v -64.004623 4.616697 56.845467
v -64.004623 4.619643 57.059498
v -64.964363 4.616697 56.845467
v -64.820160 4.613748 56.631435
v -64.964363 4.613748 56.631435
v -64.964363 4.619643 57.059498
v -64.820160 4.619643 57.059498
v -64.130829 4.507127 56.632904
v -64.004623 4.510074 56.846931
v -64.004623 4.507127 56.632904
v -64.004623 4.513022 57.060966
v -64.130829 4.513022 57.060966
v -65.154060 4.524191 59.212158
v -65.154060 4.630813 59.210693
v -65.154060 4.505349 57.844009
v -65.154060 4.611972 57.842537
v -63.841209 4.524191 59.212158
v -63.841209 4.630813 59.210693
v -63.841209 4.505349 57.844009
v -63.841209 4.611972 57.842537
v -64.240845 4.505349 57.844009
v -64.240845 4.611972 57.842537
v -64.240845 4.524191 59.212158
v -64.240845 4.630813 59.210693
v -64.697449 4.505349 57.844009
v -64.697449 4.630813 59.210693
v -64.697449 4.611972 57.842537
v -64.697449 4.524191 59.212158
v -65.154060 4.514771 58.528084
v -65.154060 4.621392 58.526615
v -63.841209 4.514771 58.528084
v -63.841209 4.621392 58.526615
v -64.240845 4.621392 58.526615
v -64.240845 4.514771 58.528084
v -64.697449 4.514771 58.528084
v -64.697449 4.621392 58.526615
v -64.130829 4.516381 58.644993
v -64.004623 4.519328 58.859024
v -64.004623 4.516381 58.644993
v -64.240845 4.522275 59.073055
v -64.240845 4.516381 58.644993
v -64.004623 4.522275 59.073055
v -64.130829 4.522275 59.073055
v -64.964363 4.625950 58.857555
v -64.964363 4.623003 58.643524
v -64.820160 4.623003 58.643524
v -64.964363 4.628897 59.071587
v -64.820160 4.628897 59.071587
v -64.697449 4.628897 59.071587
v -64.697449 4.623003 58.643524
v -64.240845 4.628897 59.071587
v -64.240845 4.623003 58.643524
v -64.004623 4.623003 58.643524
v -64.130829 4.623003 58.643524
v -64.004623 4.628897 59.071587
v -64.130829 4.628897 59.071587
v -64.004623 4.625950 58.857555
v -64.419228 4.519328 58.859024
v -64.549759 4.516381 58.644993
v -64.275024 4.522275 59.073055
v -64.275024 4.516381 58.644993
v -64.419228 4.516381 58.644993
v -64.549759 4.522275 59.073055
v -64.675964 4.522275 59.073055
v -64.697449 4.522275 59.073055
v -64.697449 4.516381 58.644993
v -64.675964 4.516381 58.644993
v -64.419228 4.522275 59.073055
v -64.549759 4.519328 58.859024
v -64.820160 4.516381 58.644993
v -64.964363 4.516381 58.644993
v -64.964363 4.522275 59.073055
v -64.964363 4.519328 58.859024
v -64.820160 4.522275 59.073055
v -64.675964 4.628897 59.071587
v -64.675964 4.623003 58.643524
v -64.419228 4.623003 58.643524
v -64.549759 4.625950 58.857555
v -64.549759 4.623003 58.643524
v -64.549759 4.628897 59.071587
v -64.419228 4.628897 59.071587
v -64.419228 4.625950 58.857555
v -64.275024 4.623003 58.643524
v -64.275024 4.628897 59.071587
v -64.697449 4.619644 58.399681
v -64.675964 4.619644 58.399681
v -64.697449 4.613748 57.971622
v -64.675964 4.613748 57.971622
v -64.549759 4.616697 58.185654
v -64.419228 4.613748 57.971622
v -64.549759 4.613748 57.971622
v -64.549759 4.619644 58.399681
v -64.419228 4.619644 58.399681
v -64.419228 4.616697 58.185654
v -64.275024 4.619644 58.399681
v -64.240845 4.619644 58.399681
v -64.240845 4.613748 57.971622
v -64.275024 4.613748 57.971622
v -64.820160 4.507127 57.973091
v -64.964363 4.507127 57.973091
v -64.697449 4.513023 58.401154
v -64.697449 4.507127 57.973091
v -64.964363 4.513023 58.401154
v -64.964363 4.510074 58.187122
v -64.820160 4.513023 58.401154
v -64.419228 4.510074 58.187122
v -64.419228 4.507127 57.973091
v -64.549759 4.507127 57.973091
v -64.275024 4.513023 58.401154
v -64.240845 4.513023 58.401154
v -64.240845 4.507127 57.973091
v -64.275024 4.507127 57.973091
v -64.675964 4.513023 58.401154
v -64.675964 4.507127 57.973091
v -64.419228 4.513023 58.401154
v -64.549759 4.513023 58.401154
v -64.549759 4.510074 58.187122
v -64.004623 4.613748 57.971622
v -64.130829 4.613748 57.971622
v -64.130829 4.619644 58.399681
v -64.004623 4.616697 58.185654
v -64.004623 4.619644 58.399681
v -64.964363 4.616697 58.185654
v -64.820160 4.613748 57.971622
v -64.964363 4.613748 57.971622
v -64.964363 4.619644 58.399681
v -64.820160 4.619644 58.399681
v -64.130829 4.507127 57.973091
v -64.004623 4.510074 58.187122
v -64.004623 4.507127 57.973091
v -64.004623 4.513023 58.401154
v -64.130829 4.513023 58.401154
v -63.841209 4.524190 49.822643
v -63.841209 4.630812 49.821175
v -63.841209 4.505349 48.454491
v -63.841209 4.611971 48.453022
v -62.528358 4.524190 49.822643
v -62.528358 4.630812 49.821175
v -62.528358 4.505349 48.454491
v -62.528358 4.611971 48.453022
v -62.927994 4.505349 48.454491
v -62.927994 4.611971 48.453022
v -62.927994 4.524190 49.822643
v -62.927994 4.630812 49.821175
v -63.384598 4.505349 48.454491
v -63.384598 4.630812 49.821175
v -63.384598 4.611971 48.453022
v -63.384598 4.524190 49.822643
v -63.841209 4.514769 49.138569
v -63.841209 4.621391 49.137100
v -62.528358 4.514769 49.138569
v -62.528358 4.621391 49.137100
v -62.927994 4.621391 49.137100
v -62.927994 4.514769 49.138569
v -63.384598 4.514769 49.138569
v -63.384598 4.621391 49.137100
v -62.817978 4.516380 49.255478
v -62.691772 4.519327 49.469509
v -62.691772 4.516380 49.255478
v -62.927994 4.522274 49.683540
v -62.927994 4.516380 49.255478
v -62.691772 4.522274 49.683540
v -62.817978 4.522274 49.683540
v -63.651512 4.625949 49.468040
v -63.651512 4.623001 49.254009
v -63.507309 4.623001 49.254009
v -63.651512 4.628896 49.682072
v -63.507309 4.628896 49.682072
v -63.384598 4.628896 49.682072
v -63.384598 4.623001 49.254009
v -62.927994 4.628896 49.682072
v -62.927994 4.623001 49.254009
v -62.691772 4.623001 49.254009
v -62.817978 4.623001 49.254009
v -62.691772 4.628896 49.682072
v -62.817978 4.628896 49.682072
v -62.691772 4.625949 49.468040
v -63.106377 4.519327 49.469509
v -63.236908 4.516380 49.255478
v -62.962173 4.522274 49.683540
v -62.962173 4.516380 49.255478
v -63.106377 4.516380 49.255478
v -63.236908 4.522274 49.683540
v -63.363113 4.522274 49.683540
v -63.384598 4.522274 49.683540
v -63.384598 4.516380 49.255478
v -63.363113 4.516380 49.255478
v -63.106377 4.522274 49.683540
v -63.236908 4.519327 49.469509
v -63.507309 4.516380 49.255478
v -63.651512 4.516380 49.255478
v -63.651512 4.522274 49.683540
v -63.651512 4.519327 49.469509
v -63.507309 4.522274 49.683540
v -63.363113 4.628896 49.682072
v -63.363113 4.623001 49.254009
v -63.106377 4.623001 49.254009
v -63.236908 4.625949 49.468040
v -63.236908 4.623001 49.254009
v -63.236908 4.628896 49.682072
v -63.106377 4.628896 49.682072
v -63.106377 4.625949 49.468040
v -62.962173 4.623001 49.254009
v -62.962173 4.628896 49.682072
v -63.384598 4.619643 49.010166
v -63.363113 4.619643 49.010166
v -63.384598 4.613748 48.582108
v -63.363113 4.613748 48.582108
v -63.236908 4.616696 48.796135
v -63.106377 4.613748 48.582108
v -63.236908 4.613748 48.582108
v -63.236908 4.619643 49.010166
v -63.106377 4.619643 49.010166
v -63.106377 4.616696 48.796135
v -62.962173 4.619643 49.010166
v -62.927994 4.619643 49.010166
v -62.927994 4.613748 48.582108
v -62.962173 4.613748 48.582108
v -63.507309 4.507127 48.583572
v -63.651512 4.507127 48.583572
v -63.384598 4.513021 49.011635
v -63.384598 4.507127 48.583572
v -63.651512 4.513021 49.011635
v -63.651512 4.510074 48.797604
v -63.507309 4.513021 49.011635
v -63.106377 4.510074 48.797604
v -63.106377 4.507127 48.583572
v -63.236908 4.507127 48.583572
v -62.962173 4.513021 49.011635
v -62.927994 4.513021 49.011635
v -62.927994 4.507127 48.583572
v -62.962173 4.507127 48.583572
v -63.363113 4.513021 49.011635
v -63.363113 4.507127 48.583572
v -63.106377 4.513021 49.011635
v -63.236908 4.513021 49.011635
v -63.236908 4.510074 48.797604
v -62.691772 4.613748 48.582108
v -62.817978 4.613748 48.582108
v -62.817978 4.619643 49.010166
v -62.691772 4.616696 48.796135
v -62.691772 4.619643 49.010166
v -63.651512 4.616696 48.796135
v -63.507309 4.613748 48.582108
v -63.651512 4.613748 48.582108
v -63.651512 4.619643 49.010166
v -63.507309 4.619643 49.010166
v -62.817978 4.507127 48.583572
v -62.691772 4.510074 48.797604
v -62.691772 4.507127 48.583572
v -62.691772 4.513021 49.011635
v -62.817978 4.513021 49.011635
v -63.841209 4.524190 51.162830
v -63.841209 4.630812 51.161362
v -63.841209 4.505349 49.794678
v -63.841209 4.611971 49.793209
v -62.528358 4.524190 51.162830
v -62.528358 4.630812 51.161362
v -62.528358 4.505349 49.794678
v -62.528358 4.611971 49.793209
v -62.927994 4.505349 49.794678
v -62.927994 4.611971 49.793209
v -62.927994 4.524190 51.162830
v -62.927994 4.630812 51.161362
v -63.384598 4.505349 49.794678
v -63.384598 4.630812 51.161362
v -63.384598 4.611971 49.793209
v -63.384598 4.524190 51.162830
v -63.841209 4.514769 50.478756
v -63.841209 4.621391 50.477287
v -62.528358 4.514769 50.478756
v -62.528358 4.621391 50.477287
v -62.927994 4.621391 50.477287
v -62.927994 4.514769 50.478756
v -63.384598 4.514769 50.478756
v -63.384598 4.621391 50.477287
v -62.817978 4.516380 50.595665
v -62.691772 4.519327 50.809696
v -62.691772 4.516380 50.595665
v -62.927994 4.522274 51.023727
v -62.927994 4.516380 50.595665
v -62.691772 4.522274 51.023727
v -62.817978 4.522274 51.023727
v -63.651512 4.625949 50.808228
v -63.651512 4.623001 50.594196
v -63.507309 4.623001 50.594196
v -63.651512 4.628896 51.022259
v -63.507309 4.628896 51.022259
v -63.384598 4.628896 51.022259
v -63.384598 4.623001 50.594196
v -62.927994 4.628896 51.022259
v -62.927994 4.623001 50.594196
v -62.691772 4.623001 50.594196
v -62.817978 4.623001 50.594196
v -62.691772 4.628896 51.022259
v -62.817978 4.628896 51.022259
v -62.691772 4.625949 50.808228
v -63.106377 4.519327 50.809696
v -63.236908 4.516380 50.595665
v -62.962173 4.522274 51.023727
v -62.962173 4.516380 50.595665
v -63.106377 4.516380 50.595665
v -63.236908 4.522274 51.023727
v -63.363113 4.522274 51.023727
v -63.384598 4.522274 51.023727
v -63.384598 4.516380 50.595665
v -63.363113 4.516380 50.595665
v -63.106377 4.522274 51.023727
v -63.236908 4.519327 50.809696
v -63.507309 4.516380 50.595665
v -63.651512 4.516380 50.595665
v -63.651512 4.522274 51.023727
v -63.651512 4.519327 50.809696
v -63.507309 4.522274 51.023727
v -63.363113 4.628896 51.022259
v -63.363113 4.623001 50.594196
v -63.106377 4.623001 50.594196
v -63.236908 4.625949 50.808228
v -63.236908 4.623001 50.594196
v -63.236908 4.628896 51.022259
v -63.106377 4.628896 51.022259
v -63.106377 4.625949 50.808228
v -62.962173 4.623001 50.594196
v -62.962173 4.628896 51.022259
v -63.384598 4.619643 50.350353
v -63.363113 4.619643 50.350353
v -63.384598 4.613748 49.922295
v -63.363113 4.613748 49.922295
v -63.236908 4.616696 50.136322
v -63.106377 4.613748 49.922295
v -63.236908 4.613748 49.922295
v -63.236908 4.619643 50.350353
v -63.106377 4.619643 50.350353
v -63.106377 4.616696 50.136322
v -62.962173 4.619643 50.350353
v -62.927994 4.619643 50.350353
v -62.927994 4.613748 49.922295
v -62.962173 4.613748 49.922295
v -63.507309 4.507127 49.923759
v -63.651512 4.507127 49.923759
v -63.384598 4.513021 50.351822
v -63.384598 4.507127 49.923759
v -63.651512 4.513021 50.351822
v -63.651512 4.510074 50.137791
v -63.507309 4.513021 50.351822
v -63.106377 4.510074 50.137791
v -63.106377 4.507127 49.923759
v -63.236908 4.507127 49.923759
v -62.962173 4.513021 50.351822
v -62.927994 4.513021 50.351822
v -62.927994 4.507127 49.923759
v -62.962173 4.507127 49.923759
v -63.363113 4.513021 50.351822
v -63.363113 4.507127 49.923759
v -63.106377 4.513021 50.351822
v -63.236908 4.513021 50.351822
v -63.236908 4.510074 50.137791
v -62.691772 4.613748 49.922295
v -62.817978 4.613748 49.922295
v -62.817978 4.619643 50.350353
v -62.691772 4.616696 50.136322
v -62.691772 4.619643 50.350353
v -63.651512 4.616696 50.136322
v -63.507309 4.613748 49.922295
v -63.651512 4.613748 49.922295
v -63.651512 4.619643 50.350353
v -63.507309 4.619643 50.350353
v -62.817978 4.507127 49.923759
v -62.691772 4.510074 50.137791
v -62.691772 4.507127 49.923759
v -62.691772 4.513021 50.351822
v -62.817978 4.513021 50.351822
v -63.841209 4.524190 52.483322
v -63.841209 4.630812 52.481853
v -63.841209 4.505349 51.115170
v -63.841209 4.611971 51.113701
v -62.528358 4.524190 52.483322
v -62.528358 4.630812 52.481853
v -62.528358 4.505349 51.115170
v -62.528358 4.611971 51.113701
v -62.927994 4.505349 51.115170
v -62.927994 4.611971 51.113701
v -62.927994 4.524190 52.483322
v -62.927994 4.630812 52.481853
v -63.384598 4.505349 51.115170
v -63.384598 4.630812 52.481853
v -63.384598 4.611971 51.113701
v -63.384598 4.524190 52.483322
v -63.841209 4.514769 51.799244
v -63.841209 4.621391 51.797775
v -62.528358 4.514769 51.799244
v -62.528358 4.621391 51.797775
v -62.927994 4.621391 51.797775
v -62.927994 4.514769 51.799244
v -63.384598 4.514769 51.799244
v -63.384598 4.621391 51.797775
v -62.817978 4.516380 51.916153
v -62.691772 4.519327 52.130184
v -62.691772 4.516380 51.916153
v -62.927994 4.522274 52.344215
v -62.927994 4.516380 51.916153
v -62.691772 4.522274 52.344215
v -62.817978 4.522274 52.344215
v -63.651512 4.625950 52.128716
v -63.651512 4.623001 51.914684
v -63.507309 4.623001 51.914684
v -63.651512 4.628896 52.342747
v -63.507309 4.628896 52.342747
v -63.384598 4.628896 52.342747
v -63.384598 4.623001 51.914684
v -62.927994 4.628896 52.342747
v -62.927994 4.623001 51.914684
v -62.691772 4.623001 51.914684
v -62.817978 4.623001 51.914684
v -62.691772 4.628896 52.342747
v -62.817978 4.628896 52.342747
v -62.691772 4.625950 52.128716
v -63.106377 4.519327 52.130184
v -63.236908 4.516380 51.916153
v -62.962173 4.522274 52.344215
v -62.962173 4.516380 51.916153
v -63.106377 4.516380 51.916153
v -63.236908 4.522274 52.344215
v -63.363113 4.522274 52.344215
v -63.384598 4.522274 52.344215
v -63.384598 4.516380 51.916153
v -63.363113 4.516380 51.916153
v -63.106377 4.522274 52.344215
v -63.236908 4.519327 52.130184
v -63.507309 4.516380 51.916153
v -63.651512 4.516380 51.916153
v -63.651512 4.522274 52.344215
v -63.651512 4.519327 52.130184
v -63.507309 4.522274 52.344215
v -63.363113 4.628896 52.342747
v -63.363113 4.623001 51.914684
v -63.106377 4.623001 51.914684
v -63.236908 4.625950 52.128716
v -63.236908 4.623001 51.914684
v -63.236908 4.628896 52.342747
v -63.106377 4.628896 52.342747
v -63.106377 4.625950 52.128716
v -62.962173 4.623001 51.914684
v -62.962173 4.628896 52.342747
v -63.384598 4.619643 51.670845
v -63.363113 4.619643 51.670845
v -63.384598 4.613748 51.242783
v -63.363113 4.613748 51.242783
v -63.236908 4.616696 51.456814
v -63.106377 4.613748 51.242783
v -63.236908 4.613748 51.242783
v -63.236908 4.619643 51.670845
v -63.106377 4.619643 51.670845
v -63.106377 4.616696 51.456814
v -62.962173 4.619643 51.670845
v -62.927994 4.619643 51.670845
v -62.927994 4.613748 51.242783
v -62.962173 4.613748 51.242783
v -63.507309 4.507127 51.244251
v -63.651512 4.507127 51.244251
v -63.384598 4.513021 51.672314
v -63.384598 4.507127 51.244251
v -63.651512 4.513021 51.672314
v -63.651512 4.510074 51.458282
v -63.507309 4.513021 51.672314
v -63.106377 4.510074 51.458282
v -63.106377 4.507127 51.244251
v -63.236908 4.507127 51.244251
v -62.962173 4.513021 51.672314
v -62.927994 4.513021 51.672314
v -62.927994 4.507127 51.244251
v -62.962173 4.507127 51.244251
v -63.363113 4.513021 51.672314
v -63.363113 4.507127 51.244251
v -63.106377 4.513021 51.672314
v -63.236908 4.513021 51.672314
v -63.236908 4.510074 51.458282
v -62.691772 4.613748 51.242783
v -62.817978 4.613748 51.242783
v -62.817978 4.619643 51.670845
v -62.691772 4.616696 51.456814
v -62.691772 4.619643 51.670845
v -63.651512 4.616696 51.456814
v -63.507309 4.613748 51.242783
v -63.651512 4.613748 51.242783
v -63.651512 4.619643 51.670845
v -63.507309 4.619643 51.670845
v -62.817978 4.507127 51.244251
v -62.691772 4.510074 51.458282
v -62.691772 4.507127 51.244251
v -62.691772 4.513021 51.672314
v -62.817978 4.513021 51.672314
v -63.841209 4.524190 53.823509
v -63.841209 4.630812 53.822041
v -63.841209 4.505349 52.455353
v -63.841209 4.611972 52.453888
v -62.528358 4.524190 53.823509
v -62.528358 4.630812 53.822041
v -62.528358 4.505349 52.455353
v -62.528358 4.611972 52.453888
v -62.927994 4.505349 52.455353
v -62.927994 4.611972 52.453888
v -62.927994 4.524190 53.823509
v -62.927994 4.630812 53.822041
v -63.384598 4.505349 52.455353
v -63.384598 4.630812 53.822041
v -63.384598 4.611972 52.453888
v -63.384598 4.524190 53.823509
v -63.841209 4.514769 53.139431
v -63.841209 4.621391 53.137962
v -62.528358 4.514769 53.139431
v -62.528358 4.621391 53.137962
v -62.927994 4.621391 53.137962
v -62.927994 4.514769 53.139431
v -63.384598 4.514769 53.139431
v -63.384598 4.621391 53.137962
v -62.817978 4.516380 53.256340
v -62.691772 4.519327 53.470371
v -62.691772 4.516380 53.256340
v -62.927994 4.522274 53.684402
v -62.927994 4.516380 53.256340
v -62.691772 4.522274 53.684402
v -62.817978 4.522274 53.684402
v -63.651512 4.625950 53.468903
v -63.651512 4.623001 53.254871
v -63.507309 4.623001 53.254871
v -63.651512 4.628896 53.682934
v -63.507309 4.628896 53.682934
v -63.384598 4.628896 53.682934
v -63.384598 4.623001 53.254871
v -62.927994 4.628896 53.682934
v -62.927994 4.623001 53.254871
v -62.691772 4.623001 53.254871
v -62.817978 4.623001 53.254871
v -62.691772 4.628896 53.682934
v -62.817978 4.628896 53.682934
v -62.691772 4.625950 53.468903
v -63.106377 4.519327 53.470371
v -63.236908 4.516380 53.256340
v -62.962173 4.522274 53.684402
v -62.962173 4.516380 53.256340
v -63.106377 4.516380 53.256340
v -63.236908 4.522274 53.684402
v -63.363113 4.522274 53.684402
v -63.384598 4.522274 53.684402
v -63.384598 4.516380 53.256340
v -63.363113 4.516380 53.256340
v -63.106377 4.522274 53.684402
v -63.236908 4.519327 53.470371
v -63.507309 4.516380 53.256340
v -63.651512 4.516380 53.256340
v -63.651512 4.522274 53.684402
v -63.651512 4.519327 53.470371
v -63.507309 4.522274 53.684402
v -63.363113 4.628896 53.682934
v -63.363113 4.623001 53.254871
v -63.106377 4.623001 53.254871
v -63.236908 4.625950 53.468903
v -63.236908 4.623001 53.254871
v -63.236908 4.628896 53.682934
v -63.106377 4.628896 53.682934
v -63.106377 4.625950 53.468903
v -62.962173 4.623001 53.254871
v -62.962173 4.628896 53.682934
v -63.384598 4.619643 53.011032
v -63.363113 4.619643 53.011032
v -63.384598 4.613748 52.582970
v -63.363113 4.613748 52.582970
v -63.236908 4.616697 52.797001
v -63.106377 4.613748 52.582970
v -63.236908 4.613748 52.582970
v -63.236908 4.619643 53.011032
v -63.106377 4.619643 53.011032
v -63.106377 4.616697 52.797001
v -62.962173 4.619643 53.011032
v -62.927994 4.619643 53.011032
v -62.927994 4.613748 52.582970
v -62.962173 4.613748 52.582970
v -63.507309 4.507127 52.584438
v -63.651512 4.507127 52.584438
v -63.384598 4.513021 53.012497
v -63.384598 4.507127 52.584438
v -63.651512 4.513021 53.012497
v -63.651512 4.510074 52.798470
v -63.507309 4.513021 53.012497
v -63.106377 4.510074 52.798470
v -63.106377 4.507127 52.584438
v -63.236908 4.507127 52.584438
v -62.962173 4.513021 53.012497
v -62.927994 4.513021 53.012497
v -62.927994 4.507127 52.584438
v -62.962173 4.507127 52.584438
v -63.363113 4.513021 53.012497
v -63.363113 4.507127 52.584438
v -63.106377 4.513021 53.012497
v -63.236908 4.513021 53.012497
v -63.236908 4.510074 52.798470
v -62.691772 4.613748 52.582970
v -62.817978 4.613748 52.582970
v -62.817978 4.619643 53.011032
v -62.691772 4.616697 52.797001
v -62.691772 4.619643 53.011032
v -63.651512 4.616697 52.797001
v -63.507309 4.613748 52.582970
v -63.651512 4.613748 52.582970
v -63.651512 4.619643 53.011032
v -63.507309 4.619643 53.011032
v -62.817978 4.507127 52.584438
v -62.691772 4.510074 52.798470
v -62.691772 4.507127 52.584438
v -62.691772 4.513021 53.012497
v -62.817978 4.513021 53.012497
v -63.841209 4.524190 55.211296
v -63.841209 4.630812 55.209827
v -63.841209 4.505349 53.843143
v -63.841209 4.611972 53.841675
v -62.528358 4.524190 55.211296
v -62.528358 4.630812 55.209827
v -62.528358 4.505349 53.843143
v -62.528358 4.611972 53.841675
v -62.927994 4.505349 53.843143
v -62.927994 4.611972 53.841675
v -62.927994 4.524190 55.211296
v -62.927994 4.630812 55.209827
v -63.384598 4.505349 53.843143
v -63.384598 4.630812 55.209827
v -63.384598 4.611972 53.841675
v -63.384598 4.524190 55.211296
v -63.841209 4.514769 54.527222
v -63.841209 4.621391 54.525753
v -62.528358 4.514769 54.527222
v -62.528358 4.621391 54.525753
v -62.927994 4.621391 54.525753
v -62.927994 4.514769 54.527222
v -63.384598 4.514769 54.527222
v -63.384598 4.621391 54.525753
v -62.817978 4.516380 54.644131
v -62.691772 4.519327 54.858162
v -62.691772 4.516380 54.644131
v -62.927994 4.522274 55.072189
v -62.927994 4.516380 54.644131
v -62.691772 4.522274 55.072189
v -62.817978 4.522274 55.072189
v -63.651512 4.625950 54.856693
v -63.651512 4.623001 54.642662
v -63.507309 4.623001 54.642662
v -63.651512 4.628896 55.070724
v -63.507309 4.628896 55.070724
v -63.384598 4.628896 55.070724
v -63.384598 4.623001 54.642662
v -62.927994 4.628896 55.070724
v -62.927994 4.623001 54.642662
v -62.691772 4.623001 54.642662
v -62.817978 4.623001 54.642662
v -62.691772 4.628896 55.070724
v -62.817978 4.628896 55.070724
v -62.691772 4.625950 54.856693
v -63.106377 4.519327 54.858162
v -63.236908 4.516380 54.644131
v -62.962173 4.522274 55.072189
v -62.962173 4.516380 54.644131
v -63.106377 4.516380 54.644131
v -63.236908 4.522274 55.072189
v -63.363113 4.522274 55.072189
v -63.384598 4.522274 55.072189
v -63.384598 4.516380 54.644131
v -63.363113 4.516380 54.644131
v -63.106377 4.522274 55.072189
v -63.236908 4.519327 54.858162
v -63.507309 4.516380 54.644131
v -63.651512 4.516380 54.644131
v -63.651512 4.522274 55.072189
v -63.651512 4.519327 54.858162
v -63.507309 4.522274 55.072189
v -63.363113 4.628896 55.070724
v -63.363113 4.623001 54.642662
v -63.106377 4.623001 54.642662
v -63.236908 4.625950 54.856693
v -63.236908 4.623001 54.642662
v -63.236908 4.628896 55.070724
v -63.106377 4.628896 55.070724
v -63.106377 4.625950 54.856693
v -62.962173 4.623001 54.642662
v -62.962173 4.628896 55.070724
v -63.384598 4.619643 54.398819
v -63.363113 4.619643 54.398819
v -63.384598 4.613748 53.970757
v -63.363113 4.613748 53.970757
v -63.236908 4.616697 54.184788
v -63.106377 4.613748 53.970757
v -63.236908 4.613748 53.970757
v -63.236908 4.619643 54.398819
v -63.106377 4.619643 54.398819
v -63.106377 4.616697 54.184788
v -62.962173 4.619643 54.398819
v -62.927994 4.619643 54.398819
v -62.927994 4.613748 53.970757
v -62.962173 4.613748 53.970757
v -63.507309 4.507127 53.972225
v -63.651512 4.507127 53.972225
v -63.384598 4.513022 54.400288
v -63.384598 4.507127 53.972225
v -63.651512 4.513022 54.400288
v -63.651512 4.510074 54.186256
v -63.507309 4.513022 54.400288
v -63.106377 4.510074 54.186256
v -63.106377 4.507127 53.972225
v -63.236908 4.507127 53.972225
v -62.962173 4.513022 54.400288
v -62.927994 4.513022 54.400288
v -62.927994 4.507127 53.972225
v -62.962173 4.507127 53.972225
v -63.363113 4.513022 54.400288
v -63.363113 4.507127 53.972225
v -63.106377 4.513022 54.400288
v -63.236908 4.513022 54.400288
v -63.236908 4.510074 54.186256
v -62.691772 4.613748 53.970757
v -62.817978 4.613748 53.970757
v -62.817978 4.619643 54.398819
v -62.691772 4.616697 54.184788
v -62.691772 4.619643 54.398819
v -63.651512 4.616697 54.184788
v -63.507309 4.613748 53.970757
v -63.651512 4.613748 53.970757
v -63.651512 4.619643 54.398819
v -63.507309 4.619643 54.398819
v -62.817978 4.507127 53.972225
v -62.691772 4.510074 54.186256
v -62.691772 4.507127 53.972225
v -62.691772 4.513022 54.400288
v -62.817978 4.513022 54.400288
v -63.841209 4.524190 56.551483
v -63.841209 4.630812 56.550014
v -63.841209 4.505349 55.183331
v -63.841209 4.611972 55.181862
v -62.528358 4.524190 56.551483
v -62.528358 4.630812 56.550014
v -62.528358 4.505349 55.183331
v -62.528358 4.611972 55.181862
v -62.927994 4.505349 55.183331
v -62.927994 4.611972 55.181862
v -62.927994 4.524190 56.551483
v -62.927994 4.630812 56.550014
v -63.384598 4.505349 55.183331
v -63.384598 4.630812 56.550014
v -63.384598 4.611972 55.181862
v -63.384598 4.524190 56.551483
v -63.841209 4.514769 55.867409
v -63.841209 4.621391 55.865940
v -62.528358 4.514769 55.867409
v -62.528358 4.621391 55.865940
v -62.927994 4.621391 55.865940
v -62.927994 4.514769 55.867409
v -63.384598 4.514769 55.867409
v -63.384598 4.621391 55.865940
v -62.817978 4.516380 55.984318
v -62.691772 4.519327 56.198349
v -62.691772 4.516380 55.984318
v -62.927994 4.522274 56.412376
v -62.927994 4.516380 55.984318
v -62.691772 4.522274 56.412376
v -62.817978 4.522274 56.412376
v -63.651512 4.625950 56.196880
v -63.651512 4.623001 55.982849
v -63.507309 4.623001 55.982849
v -63.651512 4.628896 56.410912
v -63.507309 4.628896 56.410912
v -63.384598 4.628896 56.410912
v -63.384598 4.623001 55.982849
v -62.927994 4.628896 56.410912
v -62.927994 4.623001 55.982849
v -62.691772 4.623001 55.982849
v -62.817978 4.623001 55.982849
v -62.691772 4.628896 56.410912
v -62.817978 4.628896 56.410912
v -62.691772 4.625950 56.196880
v -63.106377 4.519327 56.198349
v -63.236908 4.516380 55.984318
v -62.962173 4.522274 56.412376
v -62.962173 4.516380 55.984318
v -63.106377 4.516380 55.984318
v -63.236908 4.522274 56.412376
v -63.363113 4.522274 56.412376
v -63.384598 4.522274 56.412376
v -63.384598 4.516380 55.984318
v -63.363113 4.516380 55.984318
v -63.106377 4.522274 56.412376
v -63.236908 4.519327 56.198349
v -63.507309 4.516380 55.984318
v -63.651512 4.516380 55.984318
v -63.651512 4.522274 56.412376
v -63.651512 4.519327 56.198349
v -63.507309 4.522274 56.412376
v -63.363113 4.628896 56.410912
v -63.363113 4.623001 55.982849
v -63.106377 4.623001 55.982849
v -63.236908 4.625950 56.196880
v -63.236908 4.623001 55.982849
v -63.236908 4.628896 56.410912
v -63.106377 4.628896 56.410912
v -63.106377 4.625950 56.196880
v -62.962173 4.623001 55.982849
v -62.962173 4.628896 56.410912
v -63.384598 4.619643 55.739006
v -63.363113 4.619643 55.739006
v -63.384598 4.613748 55.310944
v -63.363113 4.613748 55.310944
v -63.236908 4.616697 55.524975
v -63.106377 4.613748 55.310944
v -63.236908 4.613748 55.310944
v -63.236908 4.619643 55.739006
v -63.106377 4.619643 55.739006
v -63.106377 4.616697 55.524975
v -62.962173 4.619643 55.739006
v -62.927994 4.619643 55.739006
v -62.927994 4.613748 55.310944
v -62.962173 4.613748 55.310944
v -63.507309 4.507127 55.312412
v -63.651512 4.507127 55.312412
v -63.384598 4.513022 55.740475
v -63.384598 4.507127 55.312412
v -63.651512 4.513022 55.740475
v -63.651512 4.510074 55.526443
v -63.507309 4.513022 55.740475
v -63.106377 4.510074 55.526443
v -63.106377 4.507127 55.312412
v -63.236908 4.507127 55.312412
v -62.962173 4.513022 55.740475
v -62.927994 4.513022 55.740475
v -62.927994 4.507127 55.312412
v -62.962173 4.507127 55.312412
v -63.363113 4.513022 55.740475
v -63.363113 4.507127 55.312412
v -63.106377 4.513022 55.740475
v -63.236908 4.513022 55.740475
v -63.236908 4.510074 55.526443
v -62.691772 4.613748 55.310944
v -62.817978 4.613748 55.310944
v -62.817978 4.619643 55.739006
v -62.691772 4.616697 55.524975
v -62.691772 4.619643 55.739006
v -63.651512 4.616697 55.524975
v -63.507309 4.613748 55.310944
v -63.651512 4.613748 55.310944
v -63.651512 4.619643 55.739006
v -63.507309 4.619643 55.739006
v -62.817978 4.507127 55.312412
v -62.691772 4.510074 55.526443
v -62.691772 4.507127 55.312412
v -62.691772 4.513022 55.740475
v -62.817978 4.513022 55.740475
v -63.841209 4.524190 57.871971
v -63.841209 4.630812 57.870506
v -63.841209 4.505349 56.503822
v -63.841209 4.611972 56.502354
v -62.528358 4.524190 57.871971
v -62.528358 4.630812 57.870506
v -62.528358 4.505349 56.503822
v -62.528358 4.611972 56.502354
v -62.927994 4.505349 56.503822
v -62.927994 4.611972 56.502354
v -62.927994 4.524190 57.871971
v -62.927994 4.630812 57.870506
v -63.384598 4.505349 56.503822
v -63.384598 4.630812 57.870506
v -63.384598 4.611972 56.502354
v -63.384598 4.524190 57.871971
v -63.841209 4.514769 57.187897
v -63.841209 4.621391 57.186428
v -62.528358 4.514769 57.187897
v -62.528358 4.621391 57.186428
v -62.927994 4.621391 57.186428
v -62.927994 4.514769 57.187897
v -63.384598 4.514769 57.187897
v -63.384598 4.621391 57.186428
v -62.817978 4.516380 57.304806
v -62.691772 4.519327 57.518837
v -62.691772 4.516380 57.304806
v -62.927994 4.522274 57.732868
v -62.927994 4.516380 57.304806
v -62.691772 4.522274 57.732868
v -62.817978 4.522274 57.732868
v -63.651512 4.625950 57.517368
v -63.651512 4.623001 57.303337
v -63.507309 4.623001 57.303337
v -63.651512 4.628896 57.731400
v -63.507309 4.628896 57.731400
v -63.384598 4.628896 57.731400
v -63.384598 4.623001 57.303337
v -62.927994 4.628896 57.731400
v -62.927994 4.623001 57.303337
v -62.691772 4.623001 57.303337
v -62.817978 4.623001 57.303337
v -62.691772 4.628896 57.731400
v -62.817978 4.628896 57.731400
v -62.691772 4.625950 57.517368
v -63.106377 4.519327 57.518837
v -63.236908 4.516380 57.304806
v -62.962173 4.522274 57.732868
v -62.962173 4.516380 57.304806
v -63.106377 4.516380 57.304806
v -63.236908 4.522274 57.732868
v -63.363113 4.522274 57.732868
v -63.384598 4.522274 57.732868
v -63.384598 4.516380 57.304806
v -63.363113 4.516380 57.304806
v -63.106377 4.522274 57.732868
v -63.236908 4.519327 57.518837
v -63.507309 4.516380 57.304806
v -63.651512 4.516380 57.304806
v -63.651512 4.522274 57.732868
v -63.651512 4.519327 57.518837
v -63.507309 4.522274 57.732868
v -63.363113 4.628896 57.731400
v -63.363113 4.623001 57.303337
v -63.106377 4.623001 57.303337
v -63.236908 4.625950 57.517368
v -63.236908 4.623001 57.303337
v -63.236908 4.628896 57.731400
v -63.106377 4.628896 57.731400
v -63.106377 4.625950 57.517368
v -62.962173 4.623001 57.303337
v -62.962173 4.628896 57.731400
v -63.384598 4.619643 57.059498
v -63.363113 4.619643 57.059498
v -63.384598 4.613748 56.631435
v -63.363113 4.613748 56.631435
v -63.236908 4.616697 56.845467
v -63.106377 4.613748 56.631435
v -63.236908 4.613748 56.631435
v -63.236908 4.619643 57.059498
v -63.106377 4.619643 57.059498
v -63.106377 4.616697 56.845467
v -62.962173 4.619643 57.059498
v -62.927994 4.619643 57.059498
v -62.927994 4.613748 56.631435
v -62.962173 4.613748 56.631435
v -63.507309 4.507127 56.632904
v -63.651512 4.507127 56.632904
v -63.384598 4.513022 57.060966
v -63.384598 4.507127 56.632904
v -63.651512 4.513022 57.060966
v -63.651512 4.510074 56.846931
v -63.507309 4.513022 57.060966
v -63.106377 4.510074 56.846931
v -63.106377 4.507127 56.632904
v -63.236908 4.507127 56.632904
v -62.962173 4.513022 57.060966
v -62.927994 4.513022 57.060966
v -62.927994 4.507127 56.632904
v -62.962173 4.507127 56.632904
v -63.363113 4.513022 57.060966
v -63.363113 4.507127 56.632904
v -63.106377 4.513022 57.060966
v -63.236908 4.513022 57.060966
v -63.236908 4.510074 56.846931
v -62.691772 4.613748 56.631435
v -62.817978 4.613748 56.631435
v -62.817978 4.619643 57.059498
v -62.691772 4.616697 56.845467
v -62.691772 4.619643 57.059498
v -63.651512 4.616697 56.845467
v -63.507309 4.613748 56.631435
v -63.651512 4.613748 56.631435
v -63.651512 4.619643 57.059498
v -63.507309 4.619643 57.059498
v -62.817978 4.507127 56.632904
v -62.691772 4.510074 56.846931
v -62.691772 4.507127 56.632904
v -62.691772 4.513022 57.060966
v -62.817978 4.513022 57.060966
v -63.841209 4.524191 59.212158
v -63.841209 4.630813 59.210693
v -63.841209 4.505349 57.844009
v -63.841209 4.611972 57.842537
v -62.528358 4.524191 59.212158
v -62.528358 4.630813 59.210693
v -62.528358 4.505349 57.844009
v -62.528358 4.611972 57.842537
v -62.927994 4.505349 57.844009
v -62.927994 4.611972 57.842537
v -62.927994 4.524191 59.212158
v -62.927994 4.630813 59.210693
v -63.384598 4.505349 57.844009
v -63.384598 4.630813 59.210693
v -63.384598 4.611972 57.842537
v -63.384598 4.524191 59.212158
v -63.841209 4.514771 58.528084
v -63.841209 4.621392 58.526615
v -62.528358 4.514771 58.528084
v -62.528358 4.621392 58.526615
v -62.927994 4.621392 58.526615
v -62.927994 4.514771 58.528084
v -63.384598 4.514771 58.528084
v -63.384598 4.621392 58.526615
v -62.817978 4.516381 58.644993
v -62.691772 4.519328 58.859024
v -62.691772 4.516381 58.644993
v -62.927994 4.522275 59.073055
v -62.927994 4.516381 58.644993
v -62.691772 4.522275 59.073055
v -62.817978 4.522275 59.073055
v -63.651512 4.625950 58.857555
v -63.651512 4.623003 58.643524
v -63.507309 4.623003 58.643524
v -63.651512 4.628897 59.071587
v -63.507309 4.628897 59.071587
v -63.384598 4.628897 59.071587
v -63.384598 4.623003 58.643524
v -62.927994 4.628897 59.071587
v -62.927994 4.623003 58.643524
v -62.691772 4.623003 58.643524
v -62.817978 4.623003 58.643524
v -62.691772 4.628897 59.071587
v -62.817978 4.628897 59.071587
v -62.691772 4.625950 58.857555
v -63.106377 4.519328 58.859024
v -63.236908 4.516381 58.644993
v -62.962173 4.522275 59.073055
v -62.962173 4.516381 58.644993
v -63.106377 4.516381 58.644993
v -63.236908 4.522275 59.073055
v -63.363113 4.522275 59.073055
v -63.384598 4.522275 59.073055
v -63.384598 4.516381 58.644993
v -63.363113 4.516381 58.644993
v -63.106377 4.522275 59.073055
v -63.236908 4.519328 58.859024
v -63.507309 4.516381 58.644993
v -63.651512 4.516381 58.644993
v -63.651512 4.522275 59.073055
v -63.651512 4.519328 58.859024
v -63.507309 4.522275 59.073055
v -63.363113 4.628897 59.071587
v -63.363113 4.623003 58.643524
v -63.106377 4.623003 58.643524
v -63.236908 4.625950 58.857555
v -63.236908 4.623003 58.643524
v -63.236908 4.628897 59.071587
v -63.106377 4.628897 59.071587
v -63.106377 4.625950 58.857555
v -62.962173 4.623003 58.643524
v -62.962173 4.628897 59.071587
v -63.384598 4.619644 58.399681
v -63.363113 4.619644 58.399681
v -63.384598 4.613748 57.971622
v -63.363113 4.613748 57.971622
v -63.236908 4.616697 58.185654
v -63.106377 4.613748 57.971622
v -63.236908 4.613748 57.971622
v -63.236908 4.619644 58.399681
v -63.106377 4.619644 58.399681
v -63.106377 4.616697 58.185654
v -62.962173 4.619644 58.399681
v -62.927994 4.619644 58.399681
v -62.927994 4.613748 57.971622
v -62.962173 4.613748 57.971622
v -63.507309 4.507127 57.973091
v -63.651512 4.507127 57.973091
v -63.384598 4.513023 58.401154
v -63.384598 4.507127 57.973091
v -63.651512 4.513023 58.401154
v -63.651512 4.510074 58.187122
v -63.507309 4.513023 58.401154
v -63.106377 4.510074 58.187122
v -63.106377 4.507127 57.973091
v -63.236908 4.507127 57.973091
v -62.962173 4.513023 58.401154
v -62.927994 4.513023 58.401154
v -62.927994 4.507127 57.973091
v -62.962173 4.507127 57.973091
v -63.363113 4.513023 58.401154
v -63.363113 4.507127 57.973091
v -63.106377 4.513023 58.401154
v -63.236908 4.513023 58.401154
v -63.236908 4.510074 58.187122
v -62.691772 4.613748 57.971622
v -62.817978 4.613748 57.971622
v -62.817978 4.619644 58.399681
v -62.691772 4.616697 58.185654
v -62.691772 4.619644 58.399681
v -63.651512 4.616697 58.185654
v -63.507309 4.613748 57.971622
v -63.651512 4.613748 57.971622
v -63.651512 4.619644 58.399681
v -63.507309 4.619644 58.399681
v -62.817978 4.507127 57.973091
v -62.691772 4.510074 58.187122
v -62.691772 4.507127 57.973091
v -62.691772 4.513023 58.401154
v -62.817978 4.513023 58.401154
v -62.528358 4.524190 49.822643
v -62.528358 4.630812 49.821175
v -62.528358 4.505349 48.454491
v -62.528358 4.611971 48.453022
v -61.215508 4.524190 49.822643
v -61.215508 4.630812 49.821175
v -61.215508 4.505349 48.454491
v -61.215508 4.611971 48.453022
v -61.615143 4.505349 48.454491
v -61.615143 4.611971 48.453022
v -61.615143 4.524190 49.822643
v -61.615143 4.630812 49.821175
v -62.071747 4.505349 48.454491
v -62.071747 4.630812 49.821175
v -62.071747 4.611971 48.453022
v -62.071747 4.524190 49.822643
v -62.528358 4.514769 49.138569
v -62.528358 4.621391 49.137100
v -61.215508 4.514769 49.138569
v -61.215508 4.621391 49.137100
v -61.615143 4.621391 49.137100
v -61.615143 4.514769 49.138569
v -62.071747 4.514769 49.138569
v -62.071747 4.621391 49.137100
v -61.505127 4.516380 49.255478
v -61.378922 4.519327 49.469509
v -61.378922 4.516380 49.255478
v -61.615143 4.522274 49.683540
v -61.615143 4.516380 49.255478
v -61.378922 4.522274 49.683540
v -61.505127 4.522274 49.683540
v -62.338661 4.625949 49.468040
v -62.338661 4.623001 49.254009
v -62.194458 4.623001 49.254009
v -62.338661 4.628896 49.682072
v -62.194458 4.628896 49.682072
v -62.071747 4.628896 49.682072
v -62.071747 4.623001 49.254009
v -61.615143 4.628896 49.682072
v -61.615143 4.623001 49.254009
v -61.378922 4.623001 49.254009
v -61.505127 4.623001 49.254009
v -61.378922 4.628896 49.682072
v -61.505127 4.628896 49.682072
v -61.378922 4.625949 49.468040
v -61.793526 4.519327 49.469509
v -61.924057 4.516380 49.255478
v -61.649323 4.522274 49.683540
v -61.649323 4.516380 49.255478
v -61.793526 4.516380 49.255478
v -61.924057 4.522274 49.683540
v -62.050262 4.522274 49.683540
v -62.071747 4.522274 49.683540
v -62.071747 4.516380 49.255478
v -62.050262 4.516380 49.255478
v -61.793526 4.522274 49.683540
v -61.924057 4.519327 49.469509
v -62.194458 4.516380 49.255478
v -62.338661 4.516380 49.255478
v -62.338661 4.522274 49.683540
v -62.338661 4.519327 49.469509
v -62.194458 4.522274 49.683540
v -62.050262 4.628896 49.682072
v -62.050262 4.623001 49.254009
v -61.793526 4.623001 49.254009
v -61.924057 4.625949 49.468040
v -61.924057 4.623001 49.254009
v -61.924057 4.628896 49.682072
v -61.793526 4.628896 49.682072
v -61.793526 4.625949 49.468040
v -61.649323 4.623001 49.254009
v -61.649323 4.628896 49.682072
v -62.071747 4.619643 49.010166
v -62.050262 4.619643 49.010166
v -62.071747 4.613748 48.582108
v -62.050262 4.613748 48.582108
v -61.924057 4.616696 48.796135
v -61.793526 4.613748 48.582108
v -61.924057 4.613748 48.582108
v -61.924057 4.619643 49.010166
v -61.793526 4.619643 49.010166
v -61.793526 4.616696 48.796135
v -61.649323 4.619643 49.010166
v -61.615143 4.619643 49.010166
v -61.615143 4.613748 48.582108
v -61.649323 4.613748 48.582108
v -62.194458 4.507127 48.583572
v -62.338661 4.507127 48.583572
v -62.071747 4.513021 49.011635
v -62.071747 4.507127 48.583572
v -62.338661 4.513021 49.011635
v -62.338661 4.510074 48.797604
v -62.194458 4.513021 49.011635
v -61.793526 4.510074 48.797604
v -61.793526 4.507127 48.583572
v -61.924057 4.507127 48.583572
v -61.649323 4.513021 49.011635
v -61.615143 4.513021 49.011635
v -61.615143 4.507127 48.583572
v -61.649323 4.507127 48.583572
v -62.050262 4.513021 49.011635
v -62.050262 4.507127 48.583572
v -61.793526 4.513021 49.011635
v -61.924057 4.513021 49.011635
v -61.924057 4.510074 48.797604
v -61.378922 4.613748 48.582108
v -61.505127 4.613748 48.582108
v -61.505127 4.619643 49.010166
v -61.378922 4.616696 48.796135
v -61.378922 4.619643 49.010166
v -62.338661 4.616696 48.796135
v -62.194458 4.613748 48.582108
v -62.338661 4.613748 48.582108
v -62.338661 4.619643 49.010166
v -62.194458 4.619643 49.010166
v -61.505127 4.507127 48.583572
v -61.378922 4.510074 48.797604
v -61.378922 4.507127 48.583572
v -61.378922 4.513021 49.011635
v -61.505127 4.513021 49.011635
v -62.528358 4.524190 51.162830
v -62.528358 4.630812 51.161362
v -62.528358 4.505349 49.794678
v -62.528358 4.611971 49.793209
v -61.215508 4.524190 51.162830
v -61.215508 4.630812 51.161362
v -61.215508 4.505349 49.794678
v -61.215508 4.611971 49.793209
v -61.615143 4.505349 49.794678
v -61.615143 4.611971 49.793209
v -61.615143 4.524190 51.162830
v -61.615143 4.630812 51.161362
v -62.071747 4.505349 49.794678
v -62.071747 4.630812 51.161362
v -62.071747 4.611971 49.793209
v -62.071747 4.524190 51.162830
v -62.528358 4.514769 50.478756
v -62.528358 4.621391 50.477287
v -61.215508 4.514769 50.478756
v -61.215508 4.621391 50.477287
v -61.615143 4.621391 50.477287
v -61.615143 4.514769 50.478756
v -62.071747 4.514769 50.478756
v -62.071747 4.621391 50.477287
v -61.505127 4.516380 50.595665
v -61.378922 4.519327 50.809696
v -61.378922 4.516380 50.595665
v -61.615143 4.522274 51.023727
v -61.615143 4.516380 50.595665
v -61.378922 4.522274 51.023727
v -61.505127 4.522274 51.023727
v -62.338661 4.625949 50.808228
v -62.338661 4.623001 50.594196
v -62.194458 4.623001 50.594196
v -62.338661 4.628896 51.022259
v -62.194458 4.628896 51.022259
v -62.071747 4.628896 51.022259
v -62.071747 4.623001 50.594196
v -61.615143 4.628896 51.022259
v -61.615143 4.623001 50.594196
v -61.378922 4.623001 50.594196
v -61.505127 4.623001 50.594196
v -61.378922 4.628896 51.022259
v -61.505127 4.628896 51.022259
v -61.378922 4.625949 50.808228
v -61.793526 4.519327 50.809696
v -61.924057 4.516380 50.595665
v -61.649323 4.522274 51.023727
v -61.649323 4.516380 50.595665
v -61.793526 4.516380 50.595665
v -61.924057 4.522274 51.023727
v -62.050262 4.522274 51.023727
v -62.071747 4.522274 51.023727
v -62.071747 4.516380 50.595665
v -62.050262 4.516380 50.595665
v -61.793526 4.522274 51.023727
v -61.924057 4.519327 50.809696
v -62.194458 4.516380 50.595665
v -62.338661 4.516380 50.595665
v -62.338661 4.522274 51.023727
v -62.338661 4.519327 50.809696
v -62.194458 4.522274 51.023727
v -62.050262 4.628896 51.022259
v -62.050262 4.623001 50.594196
v -61.793526 4.623001 50.594196
v -61.924057 4.625949 50.808228
v -61.924057 4.623001 50.594196
v -61.924057 4.628896 51.022259
v -61.793526 4.628896 51.022259
v -61.793526 4.625949 50.808228
v -61.649323 4.623001 50.594196
v -61.649323 4.628896 51.022259
v -62.071747 4.619643 50.350353
v -62.050262 4.619643 50.350353
v -62.071747 4.613748 49.922295
v -62.050262 4.613748 49.922295
v -61.924057 4.616696 50.136322
v -61.793526 4.613748 49.922295
v -61.924057 4.613748 49.922295
v -61.924057 4.619643 50.350353
v -61.793526 4.619643 50.350353
v -61.793526 4.616696 50.136322
v -61.649323 4.619643 50.350353
v -61.615143 4.619643 50.350353
v -61.615143 4.613748 49.922295
v -61.649323 4.613748 49.922295
v -62.194458 4.507127 49.923759
v -62.338661 4.507127 49.923759
v -62.071747 4.513021 50.351822
v -62.071747 4.507127 49.923759
v -62.338661 4.513021 50.351822
v -62.338661 4.510074 50.137791
v -62.194458 4.513021 50.351822
v -61.793526 4.510074 50.137791
v -61.793526 4.507127 49.923759
v -61.924057 4.507127 49.923759
v -61.649323 4.513021 50.351822
v -61.615143 4.513021 50.351822
v -61.615143 4.507127 49.923759
v -61.649323 4.507127 49.923759
v -62.050262 4.513021 50.351822
v -62.050262 4.507127 49.923759
v -61.793526 4.513021 50.351822
v -61.924057 4.513021 50.351822
v -61.924057 4.510074 50.137791
v -61.378922 4.613748 49.922295
v -61.505127 4.613748 49.922295
v -61.505127 4.619643 50.350353
v -61.378922 4.616696 50.136322
v -61.378922 4.619643 50.350353
v -62.338661 4.616696 50.136322
v -62.194458 4.613748 49.922295
v -62.338661 4.613748 49.922295
v -62.338661 4.619643 50.350353
v -62.194458 4.619643 50.350353
v -61.505127 4.507127 49.923759
v -61.378922 4.510074 50.137791
v -61.378922 4.507127 49.923759
v -61.378922 4.513021 50.351822
v -61.505127 4.513021 50.351822
v -62.528358 4.524190 52.483322
v -62.528358 4.630812 52.481853
v -62.528358 4.505349 51.115170
v -62.528358 4.611971 51.113701
v -61.215508 4.524190 52.483322
v -61.215508 4.630812 52.481853
v -61.215508 4.505349 51.115170
v -61.215508 4.611971 51.113701
v -61.615143 4.505349 51.115170
v -61.615143 4.611971 51.113701
v -61.615143 4.524190 52.483322
v -61.615143 4.630812 52.481853
v -62.071747 4.505349 51.115170
v -62.071747 4.630812 52.481853
v -62.071747 4.611971 51.113701
v -62.071747 4.524190 52.483322
v -62.528358 4.514769 51.799244
v -62.528358 4.621391 51.797775
v -61.215508 4.514769 51.799244
v -61.215508 4.621391 51.797775
v -61.615143 4.621391 51.797775
v -61.615143 4.514769 51.799244
v -62.071747 4.514769 51.799244
v -62.071747 4.621391 51.797775
v -61.505127 4.516380 51.916153
v -61.378922 4.519327 52.130184
v -61.378922 4.516380 51.916153
v -61.615143 4.522274 52.344215
v -61.615143 4.516380 51.916153
v -61.378922 4.522274 52.344215
v -61.505127 4.522274 52.344215
v -62.338661 4.625950 52.128716
v -62.338661 4.623001 51.914684
v -62.194458 4.623001 51.914684
v -62.338661 4.628896 52.342747
v -62.194458 4.628896 52.342747
v -62.071747 4.628896 52.342747
v -62.071747 4.623001 51.914684
v -61.615143 4.628896 52.342747
v -61.615143 4.623001 51.914684
v -61.378922 4.623001 51.914684
v -61.505127 4.623001 51.914684
v -61.378922 4.628896 52.342747
v -61.505127 4.628896 52.342747
v -61.378922 4.625950 52.128716
v -61.793526 4.519327 52.130184
v -61.924057 4.516380 51.916153
v -61.649323 4.522274 52.344215
v -61.649323 4.516380 51.916153
v -61.793526 4.516380 51.916153
v -61.924057 4.522274 52.344215
v -62.050262 4.522274 52.344215
v -62.071747 4.522274 52.344215
v -62.071747 4.516380 51.916153
v -62.050262 4.516380 51.916153
v -61.793526 4.522274 52.344215
v -61.924057 4.519327 52.130184
v -62.194458 4.516380 51.916153
v -62.338661 4.516380 51.916153
v -62.338661 4.522274 52.344215
v -62.338661 4.519327 52.130184
v -62.194458 4.522274 52.344215
v -62.050262 4.628896 52.342747
v -62.050262 4.623001 51.914684
v -61.793526 4.623001 51.914684
v -61.924057 4.625950 52.128716
v -61.924057 4.623001 51.914684
v -61.924057 4.628896 52.342747
v -61.793526 4.628896 52.342747
v -61.793526 4.625950 52.128716
v -61.649323 4.623001 51.914684
v -61.649323 4.628896 52.342747
v -62.071747 4.619643 51.670845
v -62.050262 4.619643 51.670845
v -62.071747 4.613748 51.242783
v -62.050262 4.613748 51.242783
v -61.924057 4.616696 51.456814
v -61.793526 4.613748 51.242783
v -61.924057 4.613748 51.242783
v -61.924057 4.619643 51.670845
v -61.793526 4.619643 51.670845
v -61.793526 4.616696 51.456814
v -61.649323 4.619643 51.670845
v -61.615143 4.619643 51.670845
v -61.615143 4.613748 51.242783
v -61.649323 4.613748 51.242783
v -62.194458 4.507127 51.244251
v -62.338661 4.507127 51.244251
v -62.071747 4.513021 51.672314
v -62.071747 4.507127 51.244251
v -62.338661 4.513021 51.672314
v -62.338661 4.510074 51.458282
v -62.194458 4.513021 51.672314
v -61.793526 4.510074 51.458282
v -61.793526 4.507127 51.244251
v -61.924057 4.507127 51.244251
v -61.649323 4.513021 51.672314
v -61.615143 4.513021 51.672314
v -61.615143 4.507127 51.244251
v -61.649323 4.507127 51.244251
v -62.050262 4.513021 51.672314
v -62.050262 4.507127 51.244251
v -61.793526 4.513021 51.672314
v -61.924057 4.513021 51.672314
v -61.924057 4.510074 51.458282
v -61.378922 4.613748 51.242783
v -61.505127 4.613748 51.242783
v -61.505127 4.619643 51.670845
v -61.378922 4.616696 51.456814
v -61.378922 4.619643 51.670845
v -62.338661 4.616696 51.456814
v -62.194458 4.613748 51.242783
v -62.338661 4.613748 51.242783
v -62.338661 4.619643 51.670845
v -62.194458 4.619643 51.670845
v -61.505127 4.507127 51.244251
v -61.378922 4.510074 51.458282
v -61.378922 4.507127 51.244251
v -61.378922 4.513021 51.672314
v -61.505127 4.513021 51.672314
v -62.528358 4.524190 53.823509
v -62.528358 4.630812 53.822041
v -62.528358 4.505349 52.455353
v -62.528358 4.611972 52.453888
v -61.215508 4.524190 53.823509
v -61.215508 4.630812 53.822041
v -61.215508 4.505349 52.455353
v -61.215508 4.611972 52.453888
v -61.615143 4.505349 52.455353
v -61.615143 4.611972 52.453888
v -61.615143 4.524190 53.823509
v -61.615143 4.630812 53.822041
v -62.071747 4.505349 52.455353
v -62.071747 4.630812 53.822041
v -62.071747 4.611972 52.453888
v -62.071747 4.524190 53.823509
v -62.528358 4.514769 53.139431
v -62.528358 4.621391 53.137962
v -61.215508 4.514769 53.139431
v -61.215508 4.621391 53.137962
v -61.615143 4.621391 53.137962
v -61.615143 4.514769 53.139431
v -62.071747 4.514769 53.139431
v -62.071747 4.621391 53.137962
v -61.505127 4.516380 53.256340
v -61.378922 4.519327 53.470371
v -61.378922 4.516380 53.256340
v -61.615143 4.522274 53.684402
v -61.615143 4.516380 53.256340
v -61.378922 4.522274 53.684402
v -61.505127 4.522274 53.684402
v -62.338661 4.625950 53.468903
v -62.338661 4.623001 53.254871
v -62.194458 4.623001 53.254871
v -62.338661 4.628896 53.682934
v -62.194458 4.628896 53.682934
v -62.071747 4.628896 53.682934
v -62.071747 4.623001 53.254871
v -61.615143 4.628896 53.682934
v -61.615143 4.623001 53.254871
v -61.378922 4.623001 53.254871
v -61.505127 4.623001 53.254871
v -61.378922 4.628896 53.682934
v -61.505127 4.628896 53.682934
v -61.378922 4.625950 53.468903
v -61.793526 4.519327 53.470371
v -61.924057 4.516380 53.256340
v -61.649323 4.522274 53.684402
v -61.649323 4.516380 53.256340
v -61.793526 4.516380 53.256340
v -61.924057 4.522274 53.684402
v -62.050262 4.522274 53.684402
v -62.071747 4.522274 53.684402
v -62.071747 4.516380 53.256340
v -62.050262 4.516380 53.256340
v -61.793526 4.522274 53.684402
v -61.924057 4.519327 53.470371
v -62.194458 4.516380 53.256340
v -62.338661 4.516380 53.256340
v -62.338661 4.522274 53.684402
v -62.338661 4.519327 53.470371
v -62.194458 4.522274 53.684402
v -62.050262 4.628896 53.682934
v -62.050262 4.623001 53.254871
v -61.793526 4.623001 53.254871
v -61.924057 4.625950 53.468903
v -61.924057 4.623001 53.254871
v -61.924057 4.628896 53.682934
v -61.793526 4.628896 53.682934
v -61.793526 4.625950 53.468903
v -61.649323 4.623001 53.254871
v -61.649323 4.628896 53.682934
v -62.071747 4.619643 53.011032
v -62.050262 4.619643 53.011032
v -62.071747 4.613748 52.582970
v -62.050262 4.613748 52.582970
v -61.924057 4.616697 52.797001
v -61.793526 4.613748 52.582970
v -61.924057 4.613748 52.582970
v -61.924057 4.619643 53.011032
v -61.793526 4.619643 53.011032
v -61.793526 4.616697 52.797001
v -61.649323 4.619643 53.011032
v -61.615143 4.619643 53.011032
v -61.615143 4.613748 52.582970
v -61.649323 4.613748 52.582970
v -62.194458 4.507127 52.584438
v -62.338661 4.507127 52.584438
v -62.071747 4.513021 53.012497
v -62.071747 4.507127 52.584438
v -62.338661 4.513021 53.012497
v -62.338661 4.510074 52.798470
v -62.194458 4.513021 53.012497
v -61.793526 4.510074 52.798470
v -61.793526 4.507127 52.584438
v -61.924057 4.507127 52.584438
v -61.649323 4.513021 53.012497
v -61.615143 4.513021 53.012497
v -61.615143 4.507127 52.584438
v -61.649323 4.507127 52.584438
v -62.050262 4.513021 53.012497
v -62.050262 4.507127 52.584438
v -61.793526 4.513021 53.012497
v -61.924057 4.513021 53.012497
v -61.924057 4.510074 52.798470
v -61.378922 4.613748 52.582970
v -61.505127 4.613748 52.582970
v -61.505127 4.619643 53.011032
v -61.378922 4.616697 52.797001
v -61.378922 4.619643 53.011032
v -62.338661 4.616697 52.797001
v -62.194458 4.613748 52.582970
v -62.338661 4.613748 52.582970
v -62.338661 4.619643 53.011032
v -62.194458 4.619643 53.011032
v -61.505127 4.507127 52.584438
v -61.378922 4.510074 52.798470
v -61.378922 4.507127 52.584438
v -61.378922 4.513021 53.012497
v -61.505127 4.513021 53.012497
v -62.528358 4.524190 55.211296
v -62.528358 4.630812 55.209827
v -62.528358 4.505349 53.843143
v -62.528358 4.611972 53.841675
v -61.215508 4.524190 55.211296
v -61.215508 4.630812 55.209827
v -61.215508 4.505349 53.843143
v -61.215508 4.611972 53.841675
v -61.615143 4.505349 53.843143
v -61.615143 4.611972 53.841675
v -61.615143 4.524190 55.211296
v -61.615143 4.630812 55.209827
v -62.071747 4.505349 53.843143
v -62.071747 4.630812 55.209827
v -62.071747 4.611972 53.841675
v -62.071747 4.524190 55.211296
v -62.528358 4.514769 54.527222
v -62.528358 4.621391 54.525753
v -61.215508 4.514769 54.527222
v -61.215508 4.621391 54.525753
v -61.615143 4.621391 54.525753
v -61.615143 4.514769 54.527222
v -62.071747 4.514769 54.527222
v -62.071747 4.621391 54.525753
v -61.505127 4.516380 54.644131
v -61.378922 4.519327 54.858162
v -61.378922 4.516380 54.644131
v -61.615143 4.522274 55.072189
v -61.615143 4.516380 54.644131
v -61.378922 4.522274 55.072189
v -61.505127 4.522274 55.072189
v -62.338661 4.625950 54.856693
v -62.338661 4.623001 54.642662
v -62.194458 4.623001 54.642662
v -62.338661 4.628896 55.070724
v -62.194458 4.628896 55.070724
v -62.071747 4.628896 55.070724
v -62.071747 4.623001 54.642662
v -61.615143 4.628896 55.070724
v -61.615143 4.623001 54.642662
v -61.378922 4.623001 54.642662
v -61.505127 4.623001 54.642662
v -61.378922 4.628896 55.070724
v -61.505127 4.628896 55.070724
v -61.378922 4.625950 54.856693
v -61.793526 4.519327 54.858162
v -61.924057 4.516380 54.644131
v -61.649323 4.522274 55.072189
v -61.649323 4.516380 54.644131
v -61.793526 4.516380 54.644131
v -61.924057 4.522274 55.072189
v -62.050262 4.522274 55.072189
v -62.071747 4.522274 55.072189
v -62.071747 4.516380 54.644131
v -62.050262 4.516380 54.644131
v -61.793526 4.522274 55.072189
v -61.924057 4.519327 54.858162
v -62.194458 4.516380 54.644131
v -62.338661 4.516380 54.644131
v -62.338661 4.522274 55.072189
v -62.338661 4.519327 54.858162
v -62.194458 4.522274 55.072189
v -62.050262 4.628896 55.070724
v -62.050262 4.623001 54.642662
v -61.793526 4.623001 54.642662
v -61.924057 4.625950 54.856693
v -61.924057 4.623001 54.642662
v -61.924057 4.628896 55.070724
v -61.793526 4.628896 55.070724
v -61.793526 4.625950 54.856693
v -61.649323 4.623001 54.642662
v -61.649323 4.628896 55.070724
v -62.071747 4.619643 54.398819
v -62.050262 4.619643 54.398819
v -62.071747 4.613748 53.970757
v -62.050262 4.613748 53.970757
v -61.924057 4.616697 54.184788
v -61.793526 4.613748 53.970757
v -61.924057 4.613748 53.970757
v -61.924057 4.619643 54.398819
v -61.793526 4.619643 54.398819
v -61.793526 4.616697 54.184788
v -61.649323 4.619643 54.398819
v -61.615143 4.619643 54.398819
v -61.615143 4.613748 53.970757
v -61.649323 4.613748 53.970757
v -62.194458 4.507127 53.972225
v -62.338661 4.507127 53.972225
v -62.071747 4.513022 54.400288
v -62.071747 4.507127 53.972225
v -62.338661 4.513022 54.400288
v -62.338661 4.510074 54.186256
v -62.194458 4.513022 54.400288
v -61.793526 4.510074 54.186256
v -61.793526 4.507127 53.972225
v -61.924057 4.507127 53.972225
v -61.649323 4.513022 54.400288
v -61.615143 4.513022 54.400288
v -61.615143 4.507127 53.972225
v -61.649323 4.507127 53.972225
v -62.050262 4.513022 54.400288
v -62.050262 4.507127 53.972225
v -61.793526 4.513022 54.400288
v -61.924057 4.513022 54.400288
v -61.924057 4.510074 54.186256
v -61.378922 4.613748 53.970757
v -61.505127 4.613748 53.970757
v -61.505127 4.619643 54.398819
v -61.378922 4.616697 54.184788
v -61.378922 4.619643 54.398819
v -62.338661 4.616697 54.184788
v -62.194458 4.613748 53.970757
v -62.338661 4.613748 53.970757
v -62.338661 4.619643 54.398819
v -62.194458 4.619643 54.398819
v -61.505127 4.507127 53.972225
v -61.378922 4.510074 54.186256
v -61.378922 4.507127 53.972225
v -61.378922 4.513022 54.400288
v -61.505127 4.513022 54.400288
v -62.528358 4.524190 56.551483
v -62.528358 4.630812 56.550014
v -62.528358 4.505349 55.183331
v -62.528358 4.611972 55.181862
v -61.215508 4.524190 56.551483
v -61.215508 4.630812 56.550014
v -61.215508 4.505349 55.183331
v -61.215508 4.611972 55.181862
v -61.615143 4.505349 55.183331
v -61.615143 4.611972 55.181862
v -61.615143 4.524190 56.551483
v -61.615143 4.630812 56.550014
v -62.071747 4.505349 55.183331
v -62.071747 4.630812 56.550014
v -62.071747 4.611972 55.181862
v -62.071747 4.524190 56.551483
v -62.528358 4.514769 55.867409
v -62.528358 4.621391 55.865940
v -61.215508 4.514769 55.867409
v -61.215508 4.621391 55.865940
v -61.615143 4.621391 55.865940
v -61.615143 4.514769 55.867409
v -62.071747 4.514769 55.867409
v -62.071747 4.621391 55.865940
v -61.505127 4.516380 55.984318
v -61.378922 4.519327 56.198349
v -61.378922 4.516380 55.984318
v -61.615143 4.522274 56.412376
v -61.615143 4.516380 55.984318
v -61.378922 4.522274 56.412376
v -61.505127 4.522274 56.412376
v -62.338661 4.625950 56.196880
v -62.338661 4.623001 55.982849
v -62.194458 4.623001 55.982849
v -62.338661 4.628896 56.410912
v -62.194458 4.628896 56.410912
v -62.071747 4.628896 56.410912
v -62.071747 4.623001 55.982849
v -61.615143 4.628896 56.410912
v -61.615143 4.623001 55.982849
v -61.378922 4.623001 55.982849
v -61.505127 4.623001 55.982849
v -61.378922 4.628896 56.410912
v -61.505127 4.628896 56.410912
v -61.378922 4.625950 56.196880
v -61.793526 4.519327 56.198349
v -61.924057 4.516380 55.984318
v -61.649323 4.522274 56.412376
v -61.649323 4.516380 55.984318
v -61.793526 4.516380 55.984318
v -61.924057 4.522274 56.412376
v -62.050262 4.522274 56.412376
v -62.071747 4.522274 56.412376
v -62.071747 4.516380 55.984318
v -62.050262 4.516380 55.984318
v -61.793526 4.522274 56.412376
v -61.924057 4.519327 56.198349
v -62.194458 4.516380 55.984318
v -62.338661 4.516380 55.984318
v -62.338661 4.522274 56.412376
v -62.338661 4.519327 56.198349
v -62.194458 4.522274 56.412376
v -62.050262 4.628896 56.410912
v -62.050262 4.623001 55.982849
v -61.793526 4.623001 55.982849
v -61.924057 4.625950 56.196880
v -61.924057 4.623001 55.982849
v -61.924057 4.628896 56.410912
v -61.793526 4.628896 56.410912
v -61.793526 4.625950 56.196880
v -61.649323 4.623001 55.982849
v -61.649323 4.628896 56.410912
v -62.071747 4.619643 55.739006
v -62.050262 4.619643 55.739006
v -62.071747 4.613748 55.310944
v -62.050262 4.613748 55.310944
v -61.924057 4.616697 55.524975
v -61.793526 4.613748 55.310944
v -61.924057 4.613748 55.310944
v -61.924057 4.619643 55.739006
v -61.793526 4.619643 55.739006
v -61.793526 4.616697 55.524975
v -61.649323 4.619643 55.739006
v -61.615143 4.619643 55.739006
v -61.615143 4.613748 55.310944
v -61.649323 4.613748 55.310944
v -62.194458 4.507127 55.312412
v -62.338661 4.507127 55.312412
v -62.071747 4.513022 55.740475
v -62.071747 4.507127 55.312412
v -62.338661 4.513022 55.740475
v -62.338661 4.510074 55.526443
v -62.194458 4.513022 55.740475
v -61.793526 4.510074 55.526443
v -61.793526 4.507127 55.312412
v -61.924057 4.507127 55.312412
v -61.649323 4.513022 55.740475
v -61.615143 4.513022 55.740475
v -61.615143 4.507127 55.312412
v -61.649323 4.507127 55.312412
v -62.050262 4.513022 55.740475
v -62.050262 4.507127 55.312412
v -61.793526 4.513022 55.740475
v -61.924057 4.513022 55.740475
v -61.924057 4.510074 55.526443
v -61.378922 4.613748 55.310944
v -61.505127 4.613748 55.310944
v -61.505127 4.619643 55.739006
v -61.378922 4.616697 55.524975
v -61.378922 4.619643 55.739006
v -62.338661 4.616697 55.524975
v -62.194458 4.613748 55.310944
v -62.338661 4.613748 55.310944
v -62.338661 4.619643 55.739006
v -62.194458 4.619643 55.739006
v -61.505127 4.507127 55.312412
v -61.378922 4.510074 55.526443
v -61.378922 4.507127 55.312412
v -61.378922 4.513022 55.740475
v -61.505127 4.513022 55.740475
v -62.528358 4.524190 57.871971
v -62.528358 4.630812 57.870506
v -62.528358 4.505349 56.503822
v -62.528358 4.611972 56.502354
v -61.215508 4.524190 57.871971
v -61.215508 4.630812 57.870506
v -61.215508 4.505349 56.503822
v -61.215508 4.611972 56.502354
v -61.615143 4.505349 56.503822
v -61.615143 4.611972 56.502354
v -61.615143 4.524190 57.871971
v -61.615143 4.630812 57.870506
v -62.071747 4.505349 56.503822
v -62.071747 4.630812 57.870506
v -62.071747 4.611972 56.502354
v -62.071747 4.524190 57.871971
v -62.528358 4.514769 57.187897
v -62.528358 4.621391 57.186428
v -61.215508 4.514769 57.187897
v -61.215508 4.621391 57.186428
v -61.615143 4.621391 57.186428
v -61.615143 4.514769 57.187897
v -62.071747 4.514769 57.187897
v -62.071747 4.621391 57.186428
v -61.505127 4.516380 57.304806
v -61.378922 4.519327 57.518837
v -61.378922 4.516380 57.304806
v -61.615143 4.522274 57.732868
v -61.615143 4.516380 57.304806
v -61.378922 4.522274 57.732868
v -61.505127 4.522274 57.732868
v -62.338661 4.625950 57.517368
v -62.338661 4.623001 57.303337
v -62.194458 4.623001 57.303337
v -62.338661 4.628896 57.731400
v -62.194458 4.628896 57.731400
v -62.071747 4.628896 57.731400
v -62.071747 4.623001 57.303337
v -61.615143 4.628896 57.731400
v -61.615143 4.623001 57.303337
v -61.378922 4.623001 57.303337
v -61.505127 4.623001 57.303337
v -61.378922 4.628896 57.731400
v -61.505127 4.628896 57.731400
v -61.378922 4.625950 57.517368
v -61.793526 4.519327 57.518837
v -61.924057 4.516380 57.304806
v -61.649323 4.522274 57.732868
v -61.649323 4.516380 57.304806
v -61.793526 4.516380 57.304806
v -61.924057 4.522274 57.732868
v -62.050262 4.522274 57.732868
v -62.071747 4.522274 57.732868
v -62.071747 4.516380 57.304806
v -62.050262 4.516380 57.304806
v -61.793526 4.522274 57.732868
v -61.924057 4.519327 57.518837
v -62.194458 4.516380 57.304806
v -62.338661 4.516380 57.304806
v -62.338661 4.522274 57.732868
v -62.338661 4.519327 57.518837
v -62.194458 4.522274 57.732868
v -62.050262 4.628896 57.731400
v -62.050262 4.623001 57.303337
v -61.793526 4.623001 57.303337
v -61.924057 4.625950 57.517368
v -61.924057 4.623001 57.303337
v -61.924057 4.628896 57.731400
v -61.793526 4.628896 57.731400
v -61.793526 4.625950 57.517368
v -61.649323 4.623001 57.303337
v -61.649323 4.628896 57.731400
v -62.071747 4.619643 57.059498
v -62.050262 4.619643 57.059498
v -62.071747 4.613748 56.631435
v -62.050262 4.613748 56.631435
v -61.924057 4.616697 56.845467
v -61.793526 4.613748 56.631435
v -61.924057 4.613748 56.631435
v -61.924057 4.619643 57.059498
v -61.793526 4.619643 57.059498
v -61.793526 4.616697 56.845467
v -61.649323 4.619643 57.059498
v -61.615143 4.619643 57.059498
v -61.615143 4.613748 56.631435
v -61.649323 4.613748 56.631435
v -62.194458 4.507127 56.632904
v -62.338661 4.507127 56.632904
v -62.071747 4.513022 57.060966
v -62.071747 4.507127 56.632904
v -62.338661 4.513022 57.060966
v -62.338661 4.510074 56.846931
v -62.194458 4.513022 57.060966
v -61.793526 4.510074 56.846931
v -61.793526 4.507127 56.632904
v -61.924057 4.507127 56.632904
v -61.649323 4.513022 57.060966
v -61.615143 4.513022 57.060966
v -61.615143 4.507127 56.632904
v -61.649323 4.507127 56.632904
v -62.050262 4.513022 57.060966
v -62.050262 4.507127 56.632904
v -61.793526 4.513022 57.060966
v -61.924057 4.513022 57.060966
v -61.924057 4.510074 56.846931
v -61.378922 4.613748 56.631435
v -61.505127 4.613748 56.631435
v -61.505127 4.619643 57.059498
v -61.378922 4.616697 56.845467
v -61.378922 4.619643 57.059498
v -62.338661 4.616697 56.845467
v -62.194458 4.613748 56.631435
v -62.338661 4.613748 56.631435
v -62.338661 4.619643 57.059498
v -62.194458 4.619643 57.059498
v -61.505127 4.507127 56.632904
v -61.378922 4.510074 56.846931
v -61.378922 4.507127 56.632904
v -61.378922 4.513022 57.060966
v -61.505127 4.513022 57.060966
v -62.528358 4.524191 59.212158
v -62.528358 4.630813 59.210693
v -62.528358 4.505349 57.844009
v -62.528358 4.611972 57.842537
v -61.215508 4.524191 59.212158
v -61.215508 4.630813 59.210693
v -61.215508 4.505349 57.844009
v -61.215508 4.611972 57.842537
v -61.615143 4.505349 57.844009
v -61.615143 4.611972 57.842537
v -61.615143 4.524191 59.212158
v -61.615143 4.630813 59.210693
v -62.071747 4.505349 57.844009
v -62.071747 4.630813 59.210693
v -62.071747 4.611972 57.842537
v -62.071747 4.524191 59.212158
v -62.528358 4.514771 58.528084
v -62.528358 4.621392 58.526615
v -61.215508 4.514771 58.528084
v -61.215508 4.621392 58.526615
v -61.615143 4.621392 58.526615
v -61.615143 4.514771 58.528084
v -62.071747 4.514771 58.528084
v -62.071747 4.621392 58.526615
v -61.505127 4.516381 58.644993
v -61.378922 4.519328 58.859024
v -61.378922 4.516381 58.644993
v -61.615143 4.522275 59.073055
v -61.615143 4.516381 58.644993
v -61.378922 4.522275 59.073055
v -61.505127 4.522275 59.073055
v -62.338661 4.625950 58.857555
v -62.338661 4.623003 58.643524
v -62.194458 4.623003 58.643524
v -62.338661 4.628897 59.071587
v -62.194458 4.628897 59.071587
v -62.071747 4.628897 59.071587
v -62.071747 4.623003 58.643524
v -61.615143 4.628897 59.071587
v -61.615143 4.623003 58.643524
v -61.378922 4.623003 58.643524
v -61.505127 4.623003 58.643524
v -61.378922 4.628897 59.071587
v -61.505127 4.628897 59.071587
v -61.378922 4.625950 58.857555
v -61.793526 4.519328 58.859024
v -61.924057 4.516381 58.644993
v -61.649323 4.522275 59.073055
v -61.649323 4.516381 58.644993
v -61.793526 4.516381 58.644993
v -61.924057 4.522275 59.073055
v -62.050262 4.522275 59.073055
v -62.071747 4.522275 59.073055
v -62.071747 4.516381 58.644993
v -62.050262 4.516381 58.644993
v -61.793526 4.522275 59.073055
v -61.924057 4.519328 58.859024
v -62.194458 4.516381 58.644993
v -62.338661 4.516381 58.644993
v -62.338661 4.522275 59.073055
v -62.338661 4.519328 58.859024
v -62.194458 4.522275 59.073055
v -62.050262 4.628897 59.071587
v -62.050262 4.623003 58.643524
v -61.793526 4.623003 58.643524
v -61.924057 4.625950 58.857555
v -61.924057 4.623003 58.643524
v -61.924057 4.628897 59.071587
v -61.793526 4.628897 59.071587
v -61.793526 4.625950 58.857555
v -61.649323 4.623003 58.643524
v -61.649323 4.628897 59.071587
v -62.071747 4.619644 58.399681
v -62.050262 4.619644 58.399681
v -62.071747 4.613748 57.971622
v -62.050262 4.613748 57.971622
v -61.924057 4.616697 58.185654
v -61.793526 4.613748 57.971622
v -61.924057 4.613748 57.971622
v -61.924057 4.619644 58.399681
v -61.793526 4.619644 58.399681
v -61.793526 4.616697 58.185654
v -61.649323 4.619644 58.399681
v -61.615143 4.619644 58.399681
v -61.615143 4.613748 57.971622
v -61.649323 4.613748 57.971622
v -62.194458 4.507127 57.973091
v -62.338661 4.507127 57.973091
v -62.071747 4.513023 58.401154
v -62.071747 4.507127 57.973091
v -62.338661 4.513023 58.401154
v -62.338661 4.510074 58.187122
v -62.194458 4.513023 58.401154
v -61.793526 4.510074 58.187122
v -61.793526 4.507127 57.973091
v -61.924057 4.507127 57.973091
v -61.649323 4.513023 58.401154
v -61.615143 4.513023 58.401154
v -61.615143 4.507127 57.973091
v -61.649323 4.507127 57.973091
v -62.050262 4.513023 58.401154
v -62.050262 4.507127 57.973091
v -61.793526 4.513023 58.401154
v -61.924057 4.513023 58.401154
v -61.924057 4.510074 58.187122
v -61.378922 4.613748 57.971622
v -61.505127 4.613748 57.971622
v -61.505127 4.619644 58.399681
v -61.378922 4.616697 58.185654
v -61.378922 4.619644 58.399681
v -62.338661 4.616697 58.185654
v -62.194458 4.613748 57.971622
v -62.338661 4.613748 57.971622
v -62.338661 4.619644 58.399681
v -62.194458 4.619644 58.399681
v -61.505127 4.507127 57.973091
v -61.378922 4.510074 58.187122
v -61.378922 4.507127 57.973091
v -61.378922 4.513023 58.401154
v -61.505127 4.513023 58.401154
v -61.215508 4.524190 49.822643
v -61.215508 4.630812 49.821175
v -61.215508 4.505349 48.454491
v -61.215508 4.611971 48.453022
v -59.902657 4.524190 49.822643
v -59.902657 4.630812 49.821175
v -59.902657 4.505349 48.454491
v -59.902657 4.611971 48.453022
v -60.302292 4.505349 48.454491
v -60.302292 4.611971 48.453022
v -60.302292 4.524190 49.822643
v -60.302292 4.630812 49.821175
v -60.758896 4.505349 48.454491
v -60.758896 4.630812 49.821175
v -60.758896 4.611971 48.453022
v -60.758896 4.524190 49.822643
v -61.215508 4.514769 49.138569
v -61.215508 4.621391 49.137100
v -59.902657 4.514769 49.138569
v -59.902657 4.621391 49.137100
v -60.302292 4.621391 49.137100
v -60.302292 4.514769 49.138569
v -60.758896 4.514769 49.138569
v -60.758896 4.621391 49.137100
v -60.192276 4.516380 49.255478
v -60.066071 4.519327 49.469509
v -60.066071 4.516380 49.255478
v -60.302292 4.522274 49.683540
v -60.302292 4.516380 49.255478
v -60.066071 4.522274 49.683540
v -60.192276 4.522274 49.683540
v -61.025810 4.625949 49.468040
v -61.025810 4.623001 49.254009
v -60.881607 4.623001 49.254009
v -61.025810 4.628896 49.682072
v -60.881607 4.628896 49.682072
v -60.758896 4.628896 49.682072
v -60.758896 4.623001 49.254009
v -60.302292 4.628896 49.682072
v -60.302292 4.623001 49.254009
v -60.066071 4.623001 49.254009
v -60.192276 4.623001 49.254009
v -60.066071 4.628896 49.682072
v -60.192276 4.628896 49.682072
v -60.066071 4.625949 49.468040
v -60.480675 4.519327 49.469509
v -60.611206 4.516380 49.255478
v -60.336472 4.522274 49.683540
v -60.336472 4.516380 49.255478
v -60.480675 4.516380 49.255478
v -60.611206 4.522274 49.683540
v -60.737411 4.522274 49.683540
v -60.758896 4.522274 49.683540
v -60.758896 4.516380 49.255478
v -60.737411 4.516380 49.255478
v -60.480675 4.522274 49.683540
v -60.611206 4.519327 49.469509
v -60.881607 4.516380 49.255478
v -61.025810 4.516380 49.255478
v -61.025810 4.522274 49.683540
v -61.025810 4.519327 49.469509
v -60.881607 4.522274 49.683540
v -60.737411 4.628896 49.682072
v -60.737411 4.623001 49.254009
v -60.480675 4.623001 49.254009
v -60.611206 4.625949 49.468040
v -60.611206 4.623001 49.254009
v -60.611206 4.628896 49.682072
v -60.480675 4.628896 49.682072
v -60.480675 4.625949 49.468040
v -60.336472 4.623001 49.254009
v -60.336472 4.628896 49.682072
v -60.758896 4.619643 49.010166
v -60.737411 4.619643 49.010166
v -60.758896 4.613748 48.582108
v -60.737411 4.613748 48.582108
v -60.611206 4.616696 48.796135
v -60.480675 4.613748 48.582108
v -60.611206 4.613748 48.582108
v -60.611206 4.619643 49.010166
v -60.480675 4.619643 49.010166
v -60.480675 4.616696 48.796135
v -60.336472 4.619643 49.010166
v -60.302292 4.619643 49.010166
v -60.302292 4.613748 48.582108
v -60.336472 4.613748 48.582108
v -60.881607 4.507127 48.583572
v -61.025810 4.507127 48.583572
v -60.758896 4.513021 49.011635
v -60.758896 4.507127 48.583572
v -61.025810 4.513021 49.011635
v -61.025810 4.510074 48.797604
v -60.881607 4.513021 49.011635
v -60.480675 4.510074 48.797604
v -60.480675 4.507127 48.583572
v -60.611206 4.507127 48.583572
v -60.336472 4.513021 49.011635
v -60.302292 4.513021 49.011635
v -60.302292 4.507127 48.583572
v -60.336472 4.507127 48.583572
v -60.737411 4.513021 49.011635
v -60.737411 4.507127 48.583572
v -60.480675 4.513021 49.011635
v -60.611206 4.513021 49.011635
v -60.611206 4.510074 48.797604
v -60.066071 4.613748 48.582108
v -60.192276 4.613748 48.582108
v -60.192276 4.619643 49.010166
v -60.066071 4.616696 48.796135
v -60.066071 4.619643 49.010166
v -61.025810 4.616696 48.796135
v -60.881607 4.613748 48.582108
v -61.025810 4.613748 48.582108
v -61.025810 4.619643 49.010166
v -60.881607 4.619643 49.010166
v -60.192276 4.507127 48.583572
v -60.066071 4.510074 48.797604
v -60.066071 4.507127 48.583572
v -60.066071 4.513021 49.011635
v -60.192276 4.513021 49.011635
v -61.215508 4.524190 51.162830
v -61.215508 4.630812 51.161362
v -61.215508 4.505349 49.794678
v -61.215508 4.611971 49.793209
v -59.902657 4.524190 51.162830
v -59.902657 4.630812 51.161362
v -59.902657 4.505349 49.794678
v -59.902657 4.611971 49.793209
v -60.302292 4.505349 49.794678
v -60.302292 4.611971 49.793209
v -60.302292 4.524190 51.162830
v -60.302292 4.630812 51.161362
v -60.758896 4.505349 49.794678
v -60.758896 4.630812 51.161362
v -60.758896 4.611971 49.793209
v -60.758896 4.524190 51.162830
v -61.215508 4.514769 50.478756
v -61.215508 4.621391 50.477287
v -59.902657 4.514769 50.478756
v -59.902657 4.621391 50.477287
v -60.302292 4.621391 50.477287
v -60.302292 4.514769 50.478756
v -60.758896 4.514769 50.478756
v -60.758896 4.621391 50.477287
v -60.192276 4.516380 50.595665
v -60.066071 4.519327 50.809696
v -60.066071 4.516380 50.595665
v -60.302292 4.522274 51.023727
v -60.302292 4.516380 50.595665
v -60.066071 4.522274 51.023727
v -60.192276 4.522274 51.023727
v -61.025810 4.625949 50.808228
v -61.025810 4.623001 50.594196
v -60.881607 4.623001 50.594196
v -61.025810 4.628896 51.022259
v -60.881607 4.628896 51.022259
v -60.758896 4.628896 51.022259
v -60.758896 4.623001 50.594196
v -60.302292 4.628896 51.022259
v -60.302292 4.623001 50.594196
v -60.066071 4.623001 50.594196
v -60.192276 4.623001 50.594196
v -60.066071 4.628896 51.022259
v -60.192276 4.628896 51.022259
v -60.066071 4.625949 50.808228
v -60.480675 4.519327 50.809696
v -60.611206 4.516380 50.595665
v -60.336472 4.522274 51.023727
v -60.336472 4.516380 50.595665
v -60.480675 4.516380 50.595665
v -60.611206 4.522274 51.023727
v -60.737411 4.522274 51.023727
v -60.758896 4.522274 51.023727
v -60.758896 4.516380 50.595665
v -60.737411 4.516380 50.595665
v -60.480675 4.522274 51.023727
v -60.611206 4.519327 50.809696
v -60.881607 4.516380 50.595665
v -61.025810 4.516380 50.595665
v -61.025810 4.522274 51.023727
v -61.025810 4.519327 50.809696
v -60.881607 4.522274 51.023727
v -60.737411 4.628896 51.022259
v -60.737411 4.623001 50.594196
v -60.480675 4.623001 50.594196
v -60.611206 4.625949 50.808228
v -60.611206 4.623001 50.594196
v -60.611206 4.628896 51.022259
v -60.480675 4.628896 51.022259
v -60.480675 4.625949 50.808228
v -60.336472 4.623001 50.594196
v -60.336472 4.628896 51.022259
v -60.758896 4.619643 50.350353
v -60.737411 4.619643 50.350353
v -60.758896 4.613748 49.922295
v -60.737411 4.613748 49.922295
v -60.611206 4.616696 50.136322
v -60.480675 4.613748 49.922295
v -60.611206 4.613748 49.922295
v -60.611206 4.619643 50.350353
v -60.480675 4.619643 50.350353
v -60.480675 4.616696 50.136322
v -60.336472 4.619643 50.350353
v -60.302292 4.619643 50.350353
v -60.302292 4.613748 49.922295
v -60.336472 4.613748 49.922295
v -60.881607 4.507127 49.923759
v -61.025810 4.507127 49.923759
v -60.758896 4.513021 50.351822
v -60.758896 4.507127 49.923759
v -61.025810 4.513021 50.351822
v -61.025810 4.510074 50.137791
v -60.881607 4.513021 50.351822
v -60.480675 4.510074 50.137791
v -60.480675 4.507127 49.923759
v -60.611206 4.507127 49.923759
v -60.336472 4.513021 50.351822
v -60.302292 4.513021 50.351822
v -60.302292 4.507127 49.923759
v -60.336472 4.507127 49.923759
v -60.737411 4.513021 50.351822
v -60.737411 4.507127 49.923759
v -60.480675 4.513021 50.351822
v -60.611206 4.513021 50.351822
v -60.611206 4.510074 50.137791
v -60.066071 4.613748 49.922295
v -60.192276 4.613748 49.922295
v -60.192276 4.619643 50.350353
v -60.066071 4.616696 50.136322
v -60.066071 4.619643 50.350353
v -61.025810 4.616696 50.136322
v -60.881607 4.613748 49.922295
v -61.025810 4.613748 49.922295
v -61.025810 4.619643 50.350353
v -60.881607 4.619643 50.350353
v -60.192276 4.507127 49.923759
v -60.066071 4.510074 50.137791
v -60.066071 4.507127 49.923759
v -60.066071 4.513021 50.351822
v -60.192276 4.513021 50.351822
v -61.215508 4.524190 52.483322
v -61.215508 4.630812 52.481853
v -61.215508 4.505349 51.115170
v -61.215508 4.611971 51.113701
v -59.902657 4.524190 52.483322
v -59.902657 4.630812 52.481853
v -59.902657 4.505349 51.115170
v -59.902657 4.611971 51.113701
v -60.302292 4.505349 51.115170
v -60.302292 4.611971 51.113701
v -60.302292 4.524190 52.483322
v -60.302292 4.630812 52.481853
v -60.758896 4.505349 51.115170
v -60.758896 4.630812 52.481853
v -60.758896 4.611971 51.113701
v -60.758896 4.524190 52.483322
v -61.215508 4.514769 51.799244
v -61.215508 4.621391 51.797775
v -59.902657 4.514769 51.799244
v -59.902657 4.621391 51.797775
v -60.302292 4.621391 51.797775
v -60.302292 4.514769 51.799244
v -60.758896 4.514769 51.799244
v -60.758896 4.621391 51.797775
v -60.192276 4.516380 51.916153
v -60.066071 4.519327 52.130184
v -60.066071 4.516380 51.916153
v -60.302292 4.522274 52.344215
v -60.302292 4.516380 51.916153
v -60.066071 4.522274 52.344215
v -60.192276 4.522274 52.344215
v -61.025810 4.625950 52.128716
v -61.025810 4.623001 51.914684
v -60.881607 4.623001 51.914684
v -61.025810 4.628896 52.342747
v -60.881607 4.628896 52.342747
v -60.758896 4.628896 52.342747
v -60.758896 4.623001 51.914684
v -60.302292 4.628896 52.342747
v -60.302292 4.623001 51.914684
v -60.066071 4.623001 51.914684
v -60.192276 4.623001 51.914684
v -60.066071 4.628896 52.342747
v -60.192276 4.628896 52.342747
v -60.066071 4.625950 52.128716
v -60.480675 4.519327 52.130184
v -60.611206 4.516380 51.916153
v -60.336472 4.522274 52.344215
v -60.336472 4.516380 51.916153
v -60.480675 4.516380 51.916153
v -60.611206 4.522274 52.344215
v -60.737411 4.522274 52.344215
v -60.758896 4.522274 52.344215
v -60.758896 4.516380 51.916153
v -60.737411 4.516380 51.916153
v -60.480675 4.522274 52.344215
v -60.611206 4.519327 52.130184
v -60.881607 4.516380 51.916153
v -61.025810 4.516380 51.916153
v -61.025810 4.522274 52.344215
v -61.025810 4.519327 52.130184
v -60.881607 4.522274 52.344215
v -60.737411 4.628896 52.342747
v -60.737411 4.623001 51.914684
v -60.480675 4.623001 51.914684
v -60.611206 4.625950 52.128716
v -60.611206 4.623001 51.914684
v -60.611206 4.628896 52.342747
v -60.480675 4.628896 52.342747
v -60.480675 4.625950 52.128716
v -60.336472 4.623001 51.914684
v -60.336472 4.628896 52.342747
v -60.758896 4.619643 51.670845
v -60.737411 4.619643 51.670845
v -60.758896 4.613748 51.242783
v -60.737411 4.613748 51.242783
v -60.611206 4.616696 51.456814
v -60.480675 4.613748 51.242783
v -60.611206 4.613748 51.242783
v -60.611206 4.619643 51.670845
v -60.480675 4.619643 51.670845
v -60.480675 4.616696 51.456814
v -60.336472 4.619643 51.670845
v -60.302292 4.619643 51.670845
v -60.302292 4.613748 51.242783
v -60.336472 4.613748 51.242783
v -60.881607 4.507127 51.244251
v -61.025810 4.507127 51.244251
v -60.758896 4.513021 51.672314
v -60.758896 4.507127 51.244251
v -61.025810 4.513021 51.672314
v -61.025810 4.510074 51.458282
v -60.881607 4.513021 51.672314
v -60.480675 4.510074 51.458282
v -60.480675 4.507127 51.244251
v -60.611206 4.507127 51.244251
v -60.336472 4.513021 51.672314
v -60.302292 4.513021 51.672314
v -60.302292 4.507127 51.244251
v -60.336472 4.507127 51.244251
v -60.737411 4.513021 51.672314
v -60.737411 4.507127 51.244251
v -60.480675 4.513021 51.672314
v -60.611206 4.513021 51.672314
v -60.611206 4.510074 51.458282
v -60.066071 4.613748 51.242783
v -60.192276 4.613748 51.242783
v -60.192276 4.619643 51.670845
v -60.066071 4.616696 51.456814
v -60.066071 4.619643 51.670845
v -61.025810 4.616696 51.456814
v -60.881607 4.613748 51.242783
v -61.025810 4.613748 51.242783
v -61.025810 4.619643 51.670845
v -60.881607 4.619643 51.670845
v -60.192276 4.507127 51.244251
v -60.066071 4.510074 51.458282
v -60.066071 4.507127 51.244251
v -60.066071 4.513021 51.672314
v -60.192276 4.513021 51.672314
v -61.215508 4.524190 53.823509
v -61.215508 4.630812 53.822041
v -61.215508 4.505349 52.455353
v -61.215508 4.611972 52.453888
v -59.902657 4.524190 53.823509
v -59.902657 4.630812 53.822041
v -59.902657 4.505349 52.455353
v -59.902657 4.611972 52.453888
v -60.302292 4.505349 52.455353
v -60.302292 4.611972 52.453888
v -60.302292 4.524190 53.823509
v -60.302292 4.630812 53.822041
v -60.758896 4.505349 52.455353
v -60.758896 4.630812 53.822041
v -60.758896 4.611972 52.453888
v -60.758896 4.524190 53.823509
v -61.215508 4.514769 53.139431
v -61.215508 4.621391 53.137962
v -59.902657 4.514769 53.139431
v -59.902657 4.621391 53.137962
v -60.302292 4.621391 53.137962
v -60.302292 4.514769 53.139431
v -60.758896 4.514769 53.139431
v -60.758896 4.621391 53.137962
v -60.192276 4.516380 53.256340
v -60.066071 4.519327 53.470371
v -60.066071 4.516380 53.256340
v -60.302292 4.522274 53.684402
v -60.302292 4.516380 53.256340
v -60.066071 4.522274 53.684402
v -60.192276 4.522274 53.684402
v -61.025810 4.625950 53.468903
v -61.025810 4.623001 53.254871
v -60.881607 4.623001 53.254871
v -61.025810 4.628896 53.682934
v -60.881607 4.628896 53.682934
v -60.758896 4.628896 53.682934
v -60.758896 4.623001 53.254871
v -60.302292 4.628896 53.682934
v -60.302292 4.623001 53.254871
v -60.066071 4.623001 53.254871
v -60.192276 4.623001 53.254871
v -60.066071 4.628896 53.682934
v -60.192276 4.628896 53.682934
v -60.066071 4.625950 53.468903
v -60.480675 4.519327 53.470371
v -60.611206 4.516380 53.256340
v -60.336472 4.522274 53.684402
v -60.336472 4.516380 53.256340
v -60.480675 4.516380 53.256340
v -60.611206 4.522274 53.684402
v -60.737411 4.522274 53.684402
v -60.758896 4.522274 53.684402
v -60.758896 4.516380 53.256340
v -60.737411 4.516380 53.256340
v -60.480675 4.522274 53.684402
v -60.611206 4.519327 53.470371
v -60.881607 4.516380 53.256340
v -61.025810 4.516380 53.256340
v -61.025810 4.522274 53.684402
v -61.025810 4.519327 53.470371
v -60.881607 4.522274 53.684402
v -60.737411 4.628896 53.682934
v -60.737411 4.623001 53.254871
v -60.480675 4.623001 53.254871
v -60.611206 4.625950 53.468903
v -60.611206 4.623001 53.254871
v -60.611206 4.628896 53.682934
v -60.480675 4.628896 53.682934
v -60.480675 4.625950 53.468903
v -60.336472 4.623001 53.254871
v -60.336472 4.628896 53.682934
v -60.758896 4.619643 53.011032
v -60.737411 4.619643 53.011032
v -60.758896 4.613748 52.582970
v -60.737411 4.613748 52.582970
v -60.611206 4.616697 52.797001
v -60.480675 4.613748 52.582970
v -60.611206 4.613748 52.582970
v -60.611206 4.619643 53.011032
v -60.480675 4.619643 53.011032
v -60.480675 4.616697 52.797001
v -60.336472 4.619643 53.011032
v -60.302292 4.619643 53.011032
v -60.302292 4.613748 52.582970
v -60.336472 4.613748 52.582970
v -60.881607 4.507127 52.584438
v -61.025810 4.507127 52.584438
v -60.758896 4.513021 53.012497
v -60.758896 4.507127 52.584438
v -61.025810 4.513021 53.012497
v -61.025810 4.510074 52.798470
v -60.881607 4.513021 53.012497
v -60.480675 4.510074 52.798470
v -60.480675 4.507127 52.584438
v -60.611206 4.507127 52.584438
v -60.336472 4.513021 53.012497
v -60.302292 4.513021 53.012497
v -60.302292 4.507127 52.584438
v -60.336472 4.507127 52.584438
v -60.737411 4.513021 53.012497
v -60.737411 4.507127 52.584438
v -60.480675 4.513021 53.012497
v -60.611206 4.513021 53.012497
v -60.611206 4.510074 52.798470
v -60.066071 4.613748 52.582970
v -60.192276 4.613748 52.582970
v -60.192276 4.619643 53.011032
v -60.066071 4.616697 52.797001
v -60.066071 4.619643 53.011032
v -61.025810 4.616697 52.797001
v -60.881607 4.613748 52.582970
v -61.025810 4.613748 52.582970
v -61.025810 4.619643 53.011032
v -60.881607 4.619643 53.011032
v -60.192276 4.507127 52.584438
v -60.066071 4.510074 52.798470
v -60.066071 4.507127 52.584438
v -60.066071 4.513021 53.012497
v -60.192276 4.513021 53.012497
v -61.215508 4.524190 55.211296
v -61.215508 4.630812 55.209827
v -61.215508 4.505349 53.843143
v -61.215508 4.611972 53.841675
v -59.902657 4.524190 55.211296
v -59.902657 4.630812 55.209827
v -59.902657 4.505349 53.843143
v -59.902657 4.611972 53.841675
v -60.302292 4.505349 53.843143
v -60.302292 4.611972 53.841675
v -60.302292 4.524190 55.211296
v -60.302292 4.630812 55.209827
v -60.758896 4.505349 53.843143
v -60.758896 4.630812 55.209827
v -60.758896 4.611972 53.841675
v -60.758896 4.524190 55.211296
v -61.215508 4.514769 54.527222
v -61.215508 4.621391 54.525753
v -59.902657 4.514769 54.527222
v -59.902657 4.621391 54.525753
v -60.302292 4.621391 54.525753
v -60.302292 4.514769 54.527222
v -60.758896 4.514769 54.527222
v -60.758896 4.621391 54.525753
v -60.192276 4.516380 54.644131
v -60.066071 4.519327 54.858162
v -60.066071 4.516380 54.644131
v -60.302292 4.522274 55.072189
v -60.302292 4.516380 54.644131
v -60.066071 4.522274 55.072189
v -60.192276 4.522274 55.072189
v -61.025810 4.625950 54.856693
v -61.025810 4.623001 54.642662
v -60.881607 4.623001 54.642662
v -61.025810 4.628896 55.070724
v -60.881607 4.628896 55.070724
v -60.758896 4.628896 55.070724
v -60.758896 4.623001 54.642662
v -60.302292 4.628896 55.070724
v -60.302292 4.623001 54.642662
v -60.066071 4.623001 54.642662
v -60.192276 4.623001 54.642662
v -60.066071 4.628896 55.070724
v -60.192276 4.628896 55.070724
v -60.066071 4.625950 54.856693
v -60.480675 4.519327 54.858162
v -60.611206 4.516380 54.644131
v -60.336472 4.522274 55.072189
v -60.336472 4.516380 54.644131
v -60.480675 4.516380 54.644131
v -60.611206 4.522274 55.072189
v -60.737411 4.522274 55.072189
v -60.758896 4.522274 55.072189
v -60.758896 4.516380 54.644131
v -60.737411 4.516380 54.644131
v -60.480675 4.522274 55.072189
v -60.611206 4.519327 54.858162
v -60.881607 4.516380 54.644131
v -61.025810 4.516380 54.644131
v -61.025810 4.522274 55.072189
v -61.025810 4.519327 54.858162
v -60.881607 4.522274 55.072189
v -60.737411 4.628896 55.070724
v -60.737411 4.623001 54.642662
v -60.480675 4.623001 54.642662
v -60.611206 4.625950 54.856693
v -60.611206 4.623001 54.642662
v -60.611206 4.628896 55.070724
v -60.480675 4.628896 55.070724
v -60.480675 4.625950 54.856693
v -60.336472 4.623001 54.642662
v -60.336472 4.628896 55.070724
v -60.758896 4.619643 54.398819
v -60.737411 4.619643 54.398819
v -60.758896 4.613748 53.970757
v -60.737411 4.613748 53.970757
v -60.611206 4.616697 54.184788
v -60.480675 4.613748 53.970757
v -60.611206 4.613748 53.970757
v -60.611206 4.619643 54.398819
v -60.480675 4.619643 54.398819
v -60.480675 4.616697 54.184788
v -60.336472 4.619643 54.398819
v -60.302292 4.619643 54.398819
v -60.302292 4.613748 53.970757
v -60.336472 4.613748 53.970757
v -60.881607 4.507127 53.972225
v -61.025810 4.507127 53.972225
v -60.758896 4.513022 54.400288
v -60.758896 4.507127 53.972225
v -61.025810 4.513022 54.400288
v -61.025810 4.510074 54.186256
v -60.881607 4.513022 54.400288
v -60.480675 4.510074 54.186256
v -60.480675 4.507127 53.972225
v -60.611206 4.507127 53.972225
v -60.336472 4.513022 54.400288
v -60.302292 4.513022 54.400288
v -60.302292 4.507127 53.972225
v -60.336472 4.507127 53.972225
v -60.737411 4.513022 54.400288
v -60.737411 4.507127 53.972225
v -60.480675 4.513022 54.400288
v -60.611206 4.513022 54.400288
v -60.611206 4.510074 54.186256
v -60.066071 4.613748 53.970757
v -60.192276 4.613748 53.970757
v -60.192276 4.619643 54.398819
v -60.066071 4.616697 54.184788
v -60.066071 4.619643 54.398819
v -61.025810 4.616697 54.184788
v -60.881607 4.613748 53.970757
v -61.025810 4.613748 53.970757
v -61.025810 4.619643 54.398819
v -60.881607 4.619643 54.398819
v -60.192276 4.507127 53.972225
v -60.066071 4.510074 54.186256
v -60.066071 4.507127 53.972225
v -60.066071 4.513022 54.400288
v -60.192276 4.513022 54.400288
v -61.215508 4.524190 56.551483
v -61.215508 4.630812 56.550014
v -61.215508 4.505349 55.183331
v -61.215508 4.611972 55.181862
v -59.902657 4.524190 56.551483
v -59.902657 4.630812 56.550014
v -59.902657 4.505349 55.183331
v -59.902657 4.611972 55.181862
v -60.302292 4.505349 55.183331
v -60.302292 4.611972 55.181862
v -60.302292 4.524190 56.551483
v -60.302292 4.630812 56.550014
v -60.758896 4.505349 55.183331
v -60.758896 4.630812 56.550014
v -60.758896 4.611972 55.181862
v -60.758896 4.524190 56.551483
v -61.215508 4.514769 55.867409
v -61.215508 4.621391 55.865940
v -59.902657 4.514769 55.867409
v -59.902657 4.621391 55.865940
v -60.302292 4.621391 55.865940
v -60.302292 4.514769 55.867409
v -60.758896 4.514769 55.867409
v -60.758896 4.621391 55.865940
v -60.192276 4.516380 55.984318
v -60.066071 4.519327 56.198349
v -60.066071 4.516380 55.984318
v -60.302292 4.522274 56.412376
v -60.302292 4.516380 55.984318
v -60.066071 4.522274 56.412376
v -60.192276 4.522274 56.412376
v -61.025810 4.625950 56.196880
v -61.025810 4.623001 55.982849
v -60.881607 4.623001 55.982849
v -61.025810 4.628896 56.410912
v -60.881607 4.628896 56.410912
v -60.758896 4.628896 56.410912
v -60.758896 4.623001 55.982849
v -60.302292 4.628896 56.410912
v -60.302292 4.623001 55.982849
v -60.066071 4.623001 55.982849
v -60.192276 4.623001 55.982849
v -60.066071 4.628896 56.410912
v -60.192276 4.628896 56.410912
v -60.066071 4.625950 56.196880
v -60.480675 4.519327 56.198349
v -60.611206 4.516380 55.984318
v -60.336472 4.522274 56.412376
v -60.336472 4.516380 55.984318
v -60.480675 4.516380 55.984318
v -60.611206 4.522274 56.412376
v -60.737411 4.522274 56.412376
v -60.758896 4.522274 56.412376
v -60.758896 4.516380 55.984318
v -60.737411 4.516380 55.984318
v -60.480675 4.522274 56.412376
v -60.611206 4.519327 56.198349
v -60.881607 4.516380 55.984318
v -61.025810 4.516380 55.984318
v -61.025810 4.522274 56.412376
v -61.025810 4.519327 56.198349
v -60.881607 4.522274 56.412376
v -60.737411 4.628896 56.410912
v -60.737411 4.623001 55.982849
v -60.480675 4.623001 55.982849
v -60.611206 4.625950 56.196880
v -60.611206 4.623001 55.982849
v -60.611206 4.628896 56.410912
v -60.480675 4.628896 56.410912
v -60.480675 4.625950 56.196880
v -60.336472 4.623001 55.982849
v -60.336472 4.628896 56.410912
v -60.758896 4.619643 55.739006
v -60.737411 4.619643 55.739006
v -60.758896 4.613748 55.310944
v -60.737411 4.613748 55.310944
v -60.611206 4.616697 55.524975
v -60.480675 4.613748 55.310944
v -60.611206 4.613748 55.310944
v -60.611206 4.619643 55.739006
v -60.480675 4.619643 55.739006
v -60.480675 4.616697 55.524975
v -60.336472 4.619643 55.739006
v -60.302292 4.619643 55.739006
v -60.302292 4.613748 55.310944
v -60.336472 4.613748 55.310944
v -60.881607 4.507127 55.312412
v -61.025810 4.507127 55.312412
v -60.758896 4.513022 55.740475
v -60.758896 4.507127 55.312412
v -61.025810 4.513022 55.740475
v -61.025810 4.510074 55.526443
v -60.881607 4.513022 55.740475
v -60.480675 4.510074 55.526443
v -60.480675 4.507127 55.312412
v -60.611206 4.507127 55.312412
v -60.336472 4.513022 55.740475
v -60.302292 4.513022 55.740475
v -60.302292 4.507127 55.312412
v -60.336472 4.507127 55.312412
v -60.737411 4.513022 55.740475
v -60.737411 4.507127 55.312412
v -60.480675 4.513022 55.740475
v -60.611206 4.513022 55.740475
v -60.611206 4.510074 55.526443
v -60.066071 4.613748 55.310944
v -60.192276 4.613748 55.310944
v -60.192276 4.619643 55.739006
v -60.066071 4.616697 55.524975
v -60.066071 4.619643 55.739006
v -61.025810 4.616697 55.524975
v -60.881607 4.613748 55.310944
v -61.025810 4.613748 55.310944
v -61.025810 4.619643 55.739006
v -60.881607 4.619643 55.739006
v -60.192276 4.507127 55.312412
v -60.066071 4.510074 55.526443
v -60.066071 4.507127 55.312412
v -60.066071 4.513022 55.740475
v -60.192276 4.513022 55.740475
v -61.215508 4.524190 57.871971
v -61.215508 4.630812 57.870506
v -61.215508 4.505349 56.503822
v -61.215508 4.611972 56.502354
v -59.902657 4.524190 57.871971
v -59.902657 4.630812 57.870506
v -59.902657 4.505349 56.503822
v -59.902657 4.611972 56.502354
v -60.302292 4.505349 56.503822
v -60.302292 4.611972 56.502354
v -60.302292 4.524190 57.871971
v -60.302292 4.630812 57.870506
v -60.758896 4.505349 56.503822
v -60.758896 4.630812 57.870506
v -60.758896 4.611972 56.502354
v -60.758896 4.524190 57.871971
v -61.215508 4.514769 57.187897
v -61.215508 4.621391 57.186428
v -59.902657 4.514769 57.187897
v -59.902657 4.621391 57.186428
v -60.302292 4.621391 57.186428
v -60.302292 4.514769 57.187897
v -60.758896 4.514769 57.187897
v -60.758896 4.621391 57.186428
v -60.192276 4.516380 57.304806
v -60.066071 4.519327 57.518837
v -60.066071 4.516380 57.304806
v -60.302292 4.522274 57.732868
v -60.302292 4.516380 57.304806
v -60.066071 4.522274 57.732868
v -60.192276 4.522274 57.732868
v -61.025810 4.625950 57.517368
v -61.025810 4.623001 57.303337
v -60.881607 4.623001 57.303337
v -61.025810 4.628896 57.731400
v -60.881607 4.628896 57.731400
v -60.758896 4.628896 57.731400
v -60.758896 4.623001 57.303337
v -60.302292 4.628896 57.731400
v -60.302292 4.623001 57.303337
v -60.066071 4.623001 57.303337
v -60.192276 4.623001 57.303337
v -60.066071 4.628896 57.731400
v -60.192276 4.628896 57.731400
v -60.066071 4.625950 57.517368
v -60.480675 4.519327 57.518837
v -60.611206 4.516380 57.304806
v -60.336472 4.522274 57.732868
v -60.336472 4.516380 57.304806
v -60.480675 4.516380 57.304806
v -60.611206 4.522274 57.732868
v -60.737411 4.522274 57.732868
v -60.758896 4.522274 57.732868
v -60.758896 4.516380 57.304806
v -60.737411 4.516380 57.304806
v -60.480675 4.522274 57.732868
v -60.611206 4.519327 57.518837
v -60.881607 4.516380 57.304806
v -61.025810 4.516380 57.304806
v -61.025810 4.522274 57.732868
v -61.025810 4.519327 57.518837
v -60.881607 4.522274 57.732868
v -60.737411 4.628896 57.731400
v -60.737411 4.623001 57.303337
v -60.480675 4.623001 57.303337
v -60.611206 4.625950 57.517368
v -60.611206 4.623001 57.303337
v -60.611206 4.628896 57.731400
v -60.480675 4.628896 57.731400
v -60.480675 4.625950 57.517368
v -60.336472 4.623001 57.303337
v -60.336472 4.628896 57.731400
v -60.758896 4.619643 57.059498
v -60.737411 4.619643 57.059498
v -60.758896 4.613748 56.631435
v -60.737411 4.613748 56.631435
v -60.611206 4.616697 56.845467
v -60.480675 4.613748 56.631435
v -60.611206 4.613748 56.631435
v -60.611206 4.619643 57.059498
v -60.480675 4.619643 57.059498
v -60.480675 4.616697 56.845467
v -60.336472 4.619643 57.059498
v -60.302292 4.619643 57.059498
v -60.302292 4.613748 56.631435
v -60.336472 4.613748 56.631435
v -60.881607 4.507127 56.632904
v -61.025810 4.507127 56.632904
v -60.758896 4.513022 57.060966
v -60.758896 4.507127 56.632904
v -61.025810 4.513022 57.060966
v -61.025810 4.510074 56.846931
v -60.881607 4.513022 57.060966
v -60.480675 4.510074 56.846931
v -60.480675 4.507127 56.632904
v -60.611206 4.507127 56.632904
v -60.336472 4.513022 57.060966
v -60.302292 4.513022 57.060966
v -60.302292 4.507127 56.632904
v -60.336472 4.507127 56.632904
v -60.737411 4.513022 57.060966
v -60.737411 4.507127 56.632904
v -60.480675 4.513022 57.060966
v -60.611206 4.513022 57.060966
v -60.611206 4.510074 56.846931
v -60.066071 4.613748 56.631435
v -60.192276 4.613748 56.631435
v -60.192276 4.619643 57.059498
v -60.066071 4.616697 56.845467
v -60.066071 4.619643 57.059498
v -61.025810 4.616697 56.845467
v -60.881607 4.613748 56.631435
v -61.025810 4.613748 56.631435
v -61.025810 4.619643 57.059498
v -60.881607 4.619643 57.059498
v -60.192276 4.507127 56.632904
v -60.066071 4.510074 56.846931
v -60.066071 4.507127 56.632904
v -60.066071 4.513022 57.060966
v -60.192276 4.513022 57.060966
v -61.215508 4.524191 59.212158
v -61.215508 4.630813 59.210693
v -61.215508 4.505349 57.844009
v -61.215508 4.611972 57.842537
v -59.902657 4.524191 59.212158
v -59.902657 4.630813 59.210693
v -59.902657 4.505349 57.844009
v -59.902657 4.611972 57.842537
v -60.302292 4.505349 57.844009
v -60.302292 4.611972 57.842537
v -60.302292 4.524191 59.212158
v -60.302292 4.630813 59.210693
v -60.758896 4.505349 57.844009
v -60.758896 4.630813 59.210693
v -60.758896 4.611972 57.842537
v -60.758896 4.524191 59.212158
v -61.215508 4.514771 58.528084
v -61.215508 4.621392 58.526615
v -59.902657 4.514771 58.528084
v -59.902657 4.621392 58.526615
v -60.302292 4.621392 58.526615
v -60.302292 4.514771 58.528084
v -60.758896 4.514771 58.528084
v -60.758896 4.621392 58.526615
v -60.192276 4.516381 58.644993
v -60.066071 4.519328 58.859024
v -60.066071 4.516381 58.644993
v -60.302292 4.522275 59.073055
v -60.302292 4.516381 58.644993
v -60.066071 4.522275 59.073055
v -60.192276 4.522275 59.073055
v -61.025810 4.625950 58.857555
v -61.025810 4.623003 58.643524
v -60.881607 4.623003 58.643524
v -61.025810 4.628897 59.071587
v -60.881607 4.628897 59.071587
v -60.758896 4.628897 59.071587
v -60.758896 4.623003 58.643524
v -60.302292 4.628897 59.071587
v -60.302292 4.623003 58.643524
v -60.066071 4.623003 58.643524
v -60.192276 4.623003 58.643524
v -60.066071 4.628897 59.071587
v -60.192276 4.628897 59.071587
v -60.066071 4.625950 58.857555
v -60.480675 4.519328 58.859024
v -60.611206 4.516381 58.644993
v -60.336472 4.522275 59.073055
v -60.336472 4.516381 58.644993
v -60.480675 4.516381 58.644993
v -60.611206 4.522275 59.073055
v -60.737411 4.522275 59.073055
v -60.758896 4.522275 59.073055
v -60.758896 4.516381 58.644993
v -60.737411 4.516381 58.644993
v -60.480675 4.522275 59.073055
v -60.611206 4.519328 58.859024
v -60.881607 4.516381 58.644993
v -61.025810 4.516381 58.644993
v -61.025810 4.522275 59.073055
v -61.025810 4.519328 58.859024
v -60.881607 4.522275 59.073055
v -60.737411 4.628897 59.071587
v -60.737411 4.623003 58.643524
v -60.480675 4.623003 58.643524
v -60.611206 4.625950 58.857555
v -60.611206 4.623003 58.643524
v -60.611206 4.628897 59.071587
v -60.480675 4.628897 59.071587
v -60.480675 4.625950 58.857555
v -60.336472 4.623003 58.643524
v -60.336472 4.628897 59.071587
v -60.758896 4.619644 58.399681
v -60.737411 4.619644 58.399681
v -60.758896 4.613748 57.971622
v -60.737411 4.613748 57.971622
v -60.611206 4.616697 58.185654
v -60.480675 4.613748 57.971622
v -60.611206 4.613748 57.971622
v -60.611206 4.619644 58.399681
v -60.480675 4.619644 58.399681
v -60.480675 4.616697 58.185654
v -60.336472 4.619644 58.399681
v -60.302292 4.619644 58.399681
v -60.302292 4.613748 57.971622
v -60.336472 4.613748 57.971622
v -60.881607 4.507127 57.973091
v -61.025810 4.507127 57.973091
v -60.758896 4.513023 58.401154
v -60.758896 4.507127 57.973091
v -61.025810 4.513023 58.401154
v -61.025810 4.510074 58.187122
v -60.881607 4.513023 58.401154
v -60.480675 4.510074 58.187122
v -60.480675 4.507127 57.973091
v -60.611206 4.507127 57.973091
v -60.336472 4.513023 58.401154
v -60.302292 4.513023 58.401154
v -60.302292 4.507127 57.973091
v -60.336472 4.507127 57.973091
v -60.737411 4.513023 58.401154
v -60.737411 4.507127 57.973091
v -60.480675 4.513023 58.401154
v -60.611206 4.513023 58.401154
v -60.611206 4.510074 58.187122
v -60.066071 4.613748 57.971622
v -60.192276 4.613748 57.971622
v -60.192276 4.619644 58.399681
v -60.066071 4.616697 58.185654
v -60.066071 4.619644 58.399681
v -61.025810 4.616697 58.185654
v -60.881607 4.613748 57.971622
v -61.025810 4.613748 57.971622
v -61.025810 4.619644 58.399681
v -60.881607 4.619644 58.399681
v -60.192276 4.507127 57.973091
v -60.066071 4.510074 58.187122
v -60.066071 4.507127 57.973091
v -60.066071 4.513023 58.401154
v -60.192276 4.513023 58.401154
v -59.902657 4.524190 49.822643
v -59.902657 4.630812 49.821175
v -59.902657 4.505349 48.454491
v -59.902657 4.611971 48.453022
v -58.589806 4.524190 49.822643
v -58.589806 4.630812 49.821175
v -58.589806 4.505349 48.454491
v -58.589806 4.611971 48.453022
v -58.989441 4.505349 48.454491
v -58.989441 4.611971 48.453022
v -58.989441 4.524190 49.822643
v -58.989441 4.630812 49.821175
v -59.446053 4.505349 48.454491
v -59.446053 4.630812 49.821175
v -59.446045 4.611971 48.453022
v -59.446045 4.524190 49.822643
v -59.902657 4.514769 49.138569
v -59.902657 4.621391 49.137100
v -58.589806 4.514769 49.138569
v -58.589806 4.621391 49.137100
v -58.989441 4.621391 49.137100
v -58.989441 4.514769 49.138569
v -59.446045 4.514769 49.138569
v -59.446045 4.621391 49.137100
v -58.879425 4.516380 49.255478
v -58.753220 4.519327 49.469509
v -58.753220 4.516380 49.255478
v -58.989441 4.522274 49.683540
v -58.989441 4.516380 49.255478
v -58.753220 4.522274 49.683540
v -58.879425 4.522274 49.683540
v -59.712959 4.625949 49.468040
v -59.712959 4.623001 49.254009
v -59.568756 4.623001 49.254009
v -59.712959 4.628896 49.682072
v -59.568756 4.628896 49.682072
v -59.446053 4.628896 49.682072
v -59.446045 4.623001 49.254009
v -58.989441 4.628896 49.682072
v -58.989441 4.623001 49.254009
v -58.753220 4.623001 49.254009
v -58.879425 4.623001 49.254009
v -58.753220 4.628896 49.682072
v -58.879425 4.628896 49.682072
v -58.753220 4.625949 49.468040
v -59.167824 4.519327 49.469509
v -59.298355 4.516380 49.255478
v -59.023621 4.522274 49.683540
v -59.023621 4.516380 49.255478
v -59.167824 4.516380 49.255478
v -59.298355 4.522274 49.683540
v -59.424561 4.522274 49.683540
v -59.446045 4.522274 49.683540
v -59.446045 4.516380 49.255478
v -59.424561 4.516380 49.255478
v -59.167824 4.522274 49.683540
v -59.298355 4.519327 49.469509
v -59.568756 4.516380 49.255478
v -59.712959 4.516380 49.255478
v -59.712959 4.522274 49.683540
v -59.712959 4.519327 49.469509
v -59.568756 4.522274 49.683540
v -59.424561 4.628896 49.682072
v -59.424561 4.623001 49.254009
v -59.167824 4.623001 49.254009
v -59.298355 4.625949 49.468040
v -59.298355 4.623001 49.254009
v -59.298355 4.628896 49.682072
v -59.167824 4.628896 49.682072
v -59.167824 4.625949 49.468040
v -59.023621 4.623001 49.254009
v -59.023621 4.628896 49.682072
v -59.446045 4.619643 49.010166
v -59.424561 4.619643 49.010166
v -59.446045 4.613748 48.582108
v -59.424561 4.613748 48.582108
v -59.298355 4.616696 48.796135
v -59.167824 4.613748 48.582108
v -59.298355 4.613748 48.582108
v -59.298355 4.619643 49.010166
v -59.167824 4.619643 49.010166
v -59.167824 4.616696 48.796135
v -59.023621 4.619643 49.010166
v -58.989441 4.619643 49.010166
v -58.989441 4.613748 48.582108
v -59.023621 4.613748 48.582108
v -59.568756 4.507127 48.583572
v -59.712959 4.507127 48.583572
v -59.446045 4.513021 49.011635
v -59.446053 4.507127 48.583572
v -59.712959 4.513021 49.011635
v -59.712959 4.510074 48.797604
v -59.568756 4.513021 49.011635
v -59.167824 4.510074 48.797604
v -59.167824 4.507127 48.583572
v -59.298355 4.507127 48.583572
v -59.023621 4.513021 49.011635
v -58.989441 4.513021 49.011635
v -58.989441 4.507127 48.583572
v -59.023621 4.507127 48.583572
v -59.424561 4.513021 49.011635
v -59.424561 4.507127 48.583572
v -59.167824 4.513021 49.011635
v -59.298355 4.513021 49.011635
v -59.298355 4.510074 48.797604
v -58.753220 4.613748 48.582108
v -58.879425 4.613748 48.582108
v -58.879425 4.619643 49.010166
v -58.753220 4.616696 48.796135
v -58.753220 4.619643 49.010166
v -59.712959 4.616696 48.796135
v -59.568756 4.613748 48.582108
v -59.712959 4.613748 48.582108
v -59.712959 4.619643 49.010166
v -59.568756 4.619643 49.010166
v -58.879425 4.507127 48.583572
v -58.753220 4.510074 48.797604
v -58.753220 4.507127 48.583572
v -58.753220 4.513021 49.011635
v -58.879425 4.513021 49.011635
v -59.902657 4.524190 51.162830
v -59.902657 4.630812 51.161362
v -59.902657 4.505349 49.794678
v -59.902657 4.611971 49.793209
v -58.589806 4.524190 51.162830
v -58.589806 4.630812 51.161362
v -58.589806 4.505349 49.794678
v -58.589806 4.611971 49.793209
v -58.989441 4.505349 49.794678
v -58.989441 4.611971 49.793209
v -58.989441 4.524190 51.162830
v -58.989441 4.630812 51.161362
v -59.446053 4.505349 49.794678
v -59.446053 4.630812 51.161362
v -59.446045 4.611971 49.793209
v -59.446045 4.524190 51.162830
v -59.902657 4.514769 50.478756
v -59.902657 4.621391 50.477287
v -58.589806 4.514769 50.478756
v -58.589806 4.621391 50.477287
v -58.989441 4.621391 50.477287
v -58.989441 4.514769 50.478756
v -59.446045 4.514769 50.478756
v -59.446045 4.621391 50.477287
v -58.879425 4.516380 50.595665
v -58.753220 4.519327 50.809696
v -58.753220 4.516380 50.595665
v -58.989441 4.522274 51.023727
v -58.989441 4.516380 50.595665
v -58.753220 4.522274 51.023727
v -58.879425 4.522274 51.023727
v -59.712959 4.625949 50.808228
v -59.712959 4.623001 50.594196
v -59.568756 4.623001 50.594196
v -59.712959 4.628896 51.022259
v -59.568756 4.628896 51.022259
v -59.446053 4.628896 51.022259
v -59.446045 4.623001 50.594196
v -58.989441 4.628896 51.022259
v -58.989441 4.623001 50.594196
v -58.753220 4.623001 50.594196
v -58.879425 4.623001 50.594196
v -58.753220 4.628896 51.022259
v -58.879425 4.628896 51.022259
v -58.753220 4.625949 50.808228
v -59.167824 4.519327 50.809696
v -59.298355 4.516380 50.595665
v -59.023621 4.522274 51.023727
v -59.023621 4.516380 50.595665
v -59.167824 4.516380 50.595665
v -59.298355 4.522274 51.023727
v -59.424561 4.522274 51.023727
v -59.446045 4.522274 51.023727
v -59.446045 4.516380 50.595665
v -59.424561 4.516380 50.595665
v -59.167824 4.522274 51.023727
v -59.298355 4.519327 50.809696
v -59.568756 4.516380 50.595665
v -59.712959 4.516380 50.595665
v -59.712959 4.522274 51.023727
v -59.712959 4.519327 50.809696
v -59.568756 4.522274 51.023727
v -59.424561 4.628896 51.022259
v -59.424561 4.623001 50.594196
v -59.167824 4.623001 50.594196
v -59.298355 4.625949 50.808228
v -59.298355 4.623001 50.594196
v -59.298355 4.628896 51.022259
v -59.167824 4.628896 51.022259
v -59.167824 4.625949 50.808228
v -59.023621 4.623001 50.594196
v -59.023621 4.628896 51.022259
v -59.446045 4.619643 50.350353
v -59.424561 4.619643 50.350353
v -59.446045 4.613748 49.922295
v -59.424561 4.613748 49.922295
v -59.298355 4.616696 50.136322
v -59.167824 4.613748 49.922295
v -59.298355 4.613748 49.922295
v -59.298355 4.619643 50.350353
v -59.167824 4.619643 50.350353
v -59.167824 4.616696 50.136322
v -59.023621 4.619643 50.350353
v -58.989441 4.619643 50.350353
v -58.989441 4.613748 49.922295
v -59.023621 4.613748 49.922295
v -59.568756 4.507127 49.923759
v -59.712959 4.507127 49.923759
v -59.446045 4.513021 50.351822
v -59.446053 4.507127 49.923759
v -59.712959 4.513021 50.351822
v -59.712959 4.510074 50.137791
v -59.568756 4.513021 50.351822
v -59.167824 4.510074 50.137791
v -59.167824 4.507127 49.923759
v -59.298355 4.507127 49.923759
v -59.023621 4.513021 50.351822
v -58.989441 4.513021 50.351822
v -58.989441 4.507127 49.923759
v -59.023621 4.507127 49.923759
v -59.424561 4.513021 50.351822
v -59.424561 4.507127 49.923759
v -59.167824 4.513021 50.351822
v -59.298355 4.513021 50.351822
v -59.298355 4.510074 50.137791
v -58.753220 4.613748 49.922295
v -58.879425 4.613748 49.922295
v -58.879425 4.619643 50.350353
v -58.753220 4.616696 50.136322
v -58.753220 4.619643 50.350353
v -59.712959 4.616696 50.136322
v -59.568756 4.613748 49.922295
v -59.712959 4.613748 49.922295
v -59.712959 4.619643 50.350353
v -59.568756 4.619643 50.350353
v -58.879425 4.507127 49.923759
v -58.753220 4.510074 50.137791
v -58.753220 4.507127 49.923759
v -58.753220 4.513021 50.351822
v -58.879425 4.513021 50.351822
v -59.902657 4.524190 52.483322
v -59.902657 4.630812 52.481853
v -59.902657 4.505349 51.115170
v -59.902657 4.611971 51.113701
v -58.589806 4.524190 52.483322
v -58.589806 4.630812 52.481853
v -58.589806 4.505349 51.115170
v -58.589806 4.611971 51.113701
v -58.989441 4.505349 51.115170
v -58.989441 4.611971 51.113701
v -58.989441 4.524190 52.483322
v -58.989441 4.630812 52.481853
v -59.446053 4.505349 51.115170
v -59.446053 4.630812 52.481853
v -59.446045 4.611971 51.113701
v -59.446045 4.524190 52.483322
v -59.902657 4.514769 51.799244
v -59.902657 4.621391 51.797775
v -58.589806 4.514769 51.799244
v -58.589806 4.621391 51.797775
v -58.989441 4.621391 51.797775
v -58.989441 4.514769 51.799244
v -59.446045 4.514769 51.799244
v -59.446045 4.621391 51.797775
v -58.879425 4.516380 51.916153
v -58.753220 4.519327 52.130184
v -58.753220 4.516380 51.916153
v -58.989441 4.522274 52.344215
v -58.989441 4.516380 51.916153
v -58.753220 4.522274 52.344215
v -58.879425 4.522274 52.344215
v -59.712959 4.625950 52.128716
v -59.712959 4.623001 51.914684
v -59.568756 4.623001 51.914684
v -59.712959 4.628896 52.342747
v -59.568756 4.628896 52.342747
v -59.446053 4.628896 52.342747
v -59.446045 4.623001 51.914684
v -58.989441 4.628896 52.342747
v -58.989441 4.623001 51.914684
v -58.753220 4.623001 51.914684
v -58.879425 4.623001 51.914684
v -58.753220 4.628896 52.342747
v -58.879425 4.628896 52.342747
v -58.753220 4.625950 52.128716
v -59.167824 4.519327 52.130184
v -59.298355 4.516380 51.916153
v -59.023621 4.522274 52.344215
v -59.023621 4.516380 51.916153
v -59.167824 4.516380 51.916153
v -59.298355 4.522274 52.344215
v -59.424561 4.522274 52.344215
v -59.446045 4.522274 52.344215
v -59.446045 4.516380 51.916153
v -59.424561 4.516380 51.916153
v -59.167824 4.522274 52.344215
v -59.298355 4.519327 52.130184
v -59.568756 4.516380 51.916153
v -59.712959 4.516380 51.916153
v -59.712959 4.522274 52.344215
v -59.712959 4.519327 52.130184
v -59.568756 4.522274 52.344215
v -59.424561 4.628896 52.342747
v -59.424561 4.623001 51.914684
v -59.167824 4.623001 51.914684
v -59.298355 4.625950 52.128716
v -59.298355 4.623001 51.914684
v -59.298355 4.628896 52.342747
v -59.167824 4.628896 52.342747
v -59.167824 4.625950 52.128716
v -59.023621 4.623001 51.914684
v -59.023621 4.628896 52.342747
v -59.446045 4.619643 51.670845
v -59.424561 4.619643 51.670845
v -59.446045 4.613748 51.242783
v -59.424561 4.613748 51.242783
v -59.298355 4.616696 51.456814
v -59.167824 4.613748 51.242783
v -59.298355 4.613748 51.242783
v -59.298355 4.619643 51.670845
v -59.167824 4.619643 51.670845
v -59.167824 4.616696 51.456814
v -59.023621 4.619643 51.670845
v -58.989441 4.619643 51.670845
v -58.989441 4.613748 51.242783
v -59.023621 4.613748 51.242783
v -59.568756 4.507127 51.244251
v -59.712959 4.507127 51.244251
v -59.446045 4.513021 51.672314
v -59.446053 4.507127 51.244251
v -59.712959 4.513021 51.672314
v -59.712959 4.510074 51.458282
v -59.568756 4.513021 51.672314
v -59.167824 4.510074 51.458282
v -59.167824 4.507127 51.244251
v -59.298355 4.507127 51.244251
v -59.023621 4.513021 51.672314
v -58.989441 4.513021 51.672314
v -58.989441 4.507127 51.244251
v -59.023621 4.507127 51.244251
v -59.424561 4.513021 51.672314
v -59.424561 4.507127 51.244251
v -59.167824 4.513021 51.672314
v -59.298355 4.513021 51.672314
v -59.298355 4.510074 51.458282
v -58.753220 4.613748 51.242783
v -58.879425 4.613748 51.242783
v -58.879425 4.619643 51.670845
v -58.753220 4.616696 51.456814
v -58.753220 4.619643 51.670845
v -59.712959 4.616696 51.456814
v -59.568756 4.613748 51.242783
v -59.712959 4.613748 51.242783
v -59.712959 4.619643 51.670845
v -59.568756 4.619643 51.670845
v -58.879425 4.507127 51.244251
v -58.753220 4.510074 51.458282
v -58.753220 4.507127 51.244251
v -58.753220 4.513021 51.672314
v -58.879425 4.513021 51.672314
v -59.902657 4.524190 53.823509
v -59.902657 4.630812 53.822041
v -59.902657 4.505349 52.455353
v -59.902657 4.611972 52.453888
v -58.589806 4.524190 53.823509
v -58.589806 4.630812 53.822041
v -58.589806 4.505349 52.455353
v -58.589806 4.611972 52.453888
v -58.989441 4.505349 52.455353
v -58.989441 4.611972 52.453888
v -58.989441 4.524190 53.823509
v -58.989441 4.630812 53.822041
v -59.446053 4.505349 52.455353
v -59.446053 4.630812 53.822041
v -59.446045 4.611972 52.453888
v -59.446045 4.524190 53.823509
v -59.902657 4.514769 53.139431
v -59.902657 4.621391 53.137962
v -58.589806 4.514769 53.139431
v -58.589806 4.621391 53.137962
v -58.989441 4.621391 53.137962
v -58.989441 4.514769 53.139431
v -59.446045 4.514769 53.139431
v -59.446045 4.621391 53.137962
v -58.879425 4.516380 53.256340
v -58.753220 4.519327 53.470371
v -58.753220 4.516380 53.256340
v -58.989441 4.522274 53.684402
v -58.989441 4.516380 53.256340
v -58.753220 4.522274 53.684402
v -58.879425 4.522274 53.684402
v -59.712959 4.625950 53.468903
v -59.712959 4.623001 53.254871
v -59.568756 4.623001 53.254871
v -59.712959 4.628896 53.682934
v -59.568756 4.628896 53.682934
v -59.446053 4.628896 53.682934
v -59.446045 4.623001 53.254871
v -58.989441 4.628896 53.682934
v -58.989441 4.623001 53.254871
v -58.753220 4.623001 53.254871
v -58.879425 4.623001 53.254871
v -58.753220 4.628896 53.682934
v -58.879425 4.628896 53.682934
v -58.753220 4.625950 53.468903
v -59.167824 4.519327 53.470371
v -59.298355 4.516380 53.256340
v -59.023621 4.522274 53.684402
v -59.023621 4.516380 53.256340
v -59.167824 4.516380 53.256340
v -59.298355 4.522274 53.684402
v -59.424561 4.522274 53.684402
v -59.446045 4.522274 53.684402
v -59.446045 4.516380 53.256340
v -59.424561 4.516380 53.256340
v -59.167824 4.522274 53.684402
v -59.298355 4.519327 53.470371
v -59.568756 4.516380 53.256340
v -59.712959 4.516380 53.256340
v -59.712959 4.522274 53.684402
v -59.712959 4.519327 53.470371
v -59.568756 4.522274 53.684402
v -59.424561 4.628896 53.682934
v -59.424561 4.623001 53.254871
v -59.167824 4.623001 53.254871
v -59.298355 4.625950 53.468903
v -59.298355 4.623001 53.254871
v -59.298355 4.628896 53.682934
v -59.167824 4.628896 53.682934
v -59.167824 4.625950 53.468903
v -59.023621 4.623001 53.254871
v -59.023621 4.628896 53.682934
v -59.446045 4.619643 53.011032
v -59.424561 4.619643 53.011032
v -59.446045 4.613748 52.582970
v -59.424561 4.613748 52.582970
v -59.298355 4.616697 52.797001
v -59.167824 4.613748 52.582970
v -59.298355 4.613748 52.582970
v -59.298355 4.619643 53.011032
v -59.167824 4.619643 53.011032
v -59.167824 4.616697 52.797001
v -59.023621 4.619643 53.011032
v -58.989441 4.619643 53.011032
v -58.989441 4.613748 52.582970
v -59.023621 4.613748 52.582970
v -59.568756 4.507127 52.584438
v -59.712959 4.507127 52.584438
v -59.446045 4.513021 53.012497
v -59.446053 4.507127 52.584438
v -59.712959 4.513021 53.012497
v -59.712959 4.510074 52.798470
v -59.568756 4.513021 53.012497
v -59.167824 4.510074 52.798470
v -59.167824 4.507127 52.584438
v -59.298355 4.507127 52.584438
v -59.023621 4.513021 53.012497
v -58.989441 4.513021 53.012497
v -58.989441 4.507127 52.584438
v -59.023621 4.507127 52.584438
v -59.424561 4.513021 53.012497
v -59.424561 4.507127 52.584438
v -59.167824 4.513021 53.012497
v -59.298355 4.513021 53.012497
v -59.298355 4.510074 52.798470
v -58.753220 4.613748 52.582970
v -58.879425 4.613748 52.582970
v -58.879425 4.619643 53.011032
v -58.753220 4.616697 52.797001
v -58.753220 4.619643 53.011032
v -59.712959 4.616697 52.797001
v -59.568756 4.613748 52.582970
v -59.712959 4.613748 52.582970
v -59.712959 4.619643 53.011032
v -59.568756 4.619643 53.011032
v -58.879425 4.507127 52.584438
v -58.753220 4.510074 52.798470
v -58.753220 4.507127 52.584438
v -58.753220 4.513021 53.012497
v -58.879425 4.513021 53.012497
v -59.902657 4.524190 55.211296
v -59.902657 4.630812 55.209827
v -59.902657 4.505349 53.843143
v -59.902657 4.611972 53.841675
v -58.589806 4.524190 55.211296
v -58.589806 4.630812 55.209827
v -58.589806 4.505349 53.843143
v -58.589806 4.611972 53.841675
v -58.989441 4.505349 53.843143
v -58.989441 4.611972 53.841675
v -58.989441 4.524190 55.211296
v -58.989441 4.630812 55.209827
v -59.446053 4.505349 53.843143
v -59.446053 4.630812 55.209827
v -59.446045 4.611972 53.841675
v -59.446045 4.524190 55.211296
v -59.902657 4.514769 54.527222
v -59.902657 4.621391 54.525753
v -58.589806 4.514769 54.527222
v -58.589806 4.621391 54.525753
v -58.989441 4.621391 54.525753
v -58.989441 4.514769 54.527222
v -59.446045 4.514769 54.527222
v -59.446045 4.621391 54.525753
v -58.879425 4.516380 54.644131
v -58.753220 4.519327 54.858162
v -58.753220 4.516380 54.644131
v -58.989441 4.522274 55.072189
v -58.989441 4.516380 54.644131
v -58.753220 4.522274 55.072189
v -58.879425 4.522274 55.072189
v -59.712959 4.625950 54.856693
v -59.712959 4.623001 54.642662
v -59.568756 4.623001 54.642662
v -59.712959 4.628896 55.070724
v -59.568756 4.628896 55.070724
v -59.446053 4.628896 55.070724
v -59.446045 4.623001 54.642662
v -58.989441 4.628896 55.070724
v -58.989441 4.623001 54.642662
v -58.753220 4.623001 54.642662
v -58.879425 4.623001 54.642662
v -58.753220 4.628896 55.070724
v -58.879425 4.628896 55.070724
v -58.753220 4.625950 54.856693
v -59.167824 4.519327 54.858162
v -59.298355 4.516380 54.644131
v -59.023621 4.522274 55.072189
v -59.023621 4.516380 54.644131
v -59.167824 4.516380 54.644131
v -59.298355 4.522274 55.072189
v -59.424561 4.522274 55.072189
v -59.446045 4.522274 55.072189
v -59.446045 4.516380 54.644131
v -59.424561 4.516380 54.644131
v -59.167824 4.522274 55.072189
v -59.298355 4.519327 54.858162
v -59.568756 4.516380 54.644131
v -59.712959 4.516380 54.644131
v -59.712959 4.522274 55.072189
v -59.712959 4.519327 54.858162
v -59.568756 4.522274 55.072189
v -59.424561 4.628896 55.070724
v -59.424561 4.623001 54.642662
v -59.167824 4.623001 54.642662
v -59.298355 4.625950 54.856693
v -59.298355 4.623001 54.642662
v -59.298355 4.628896 55.070724
v -59.167824 4.628896 55.070724
v -59.167824 4.625950 54.856693
v -59.023621 4.623001 54.642662
v -59.023621 4.628896 55.070724
v -59.446045 4.619643 54.398819
v -59.424561 4.619643 54.398819
v -59.446045 4.613748 53.970757
v -59.424561 4.613748 53.970757
v -59.298355 4.616697 54.184788
v -59.167824 4.613748 53.970757
v -59.298355 4.613748 53.970757
v -59.298355 4.619643 54.398819
v -59.167824 4.619643 54.398819
v -59.167824 4.616697 54.184788
v -59.023621 4.619643 54.398819
v -58.989441 4.619643 54.398819
v -58.989441 4.613748 53.970757
v -59.023621 4.613748 53.970757
v -59.568756 4.507127 53.972225
v -59.712959 4.507127 53.972225
v -59.446045 4.513022 54.400288
v -59.446053 4.507127 53.972225
v -59.712959 4.513022 54.400288
v -59.712959 4.510074 54.186256
v -59.568756 4.513022 54.400288
v -59.167824 4.510074 54.186256
v -59.167824 4.507127 53.972225
v -59.298355 4.507127 53.972225
v -59.023621 4.513022 54.400288
v -58.989441 4.513022 54.400288
v -58.989441 4.507127 53.972225
v -59.023621 4.507127 53.972225
v -59.424561 4.513022 54.400288
v -59.424561 4.507127 53.972225
v -59.167824 4.513022 54.400288
v -59.298355 4.513022 54.400288
v -59.298355 4.510074 54.186256
v -58.753220 4.613748 53.970757
v -58.879425 4.613748 53.970757
v -58.879425 4.619643 54.398819
v -58.753220 4.616697 54.184788
v -58.753220 4.619643 54.398819
v -59.712959 4.616697 54.184788
v -59.568756 4.613748 53.970757
v -59.712959 4.613748 53.970757
v -59.712959 4.619643 54.398819
v -59.568756 4.619643 54.398819
v -58.879425 4.507127 53.972225
v -58.753220 4.510074 54.186256
v -58.753220 4.507127 53.972225
v -58.753220 4.513022 54.400288
v -58.879425 4.513022 54.400288
v -59.902657 4.524190 56.551483
v -59.902657 4.630812 56.550014
v -59.902657 4.505349 55.183331
v -59.902657 4.611972 55.181862
v -58.589806 4.524190 56.551483
v -58.589806 4.630812 56.550014
v -58.589806 4.505349 55.183331
v -58.589806 4.611972 55.181862
v -58.989441 4.505349 55.183331
v -58.989441 4.611972 55.181862
v -58.989441 4.524190 56.551483
v -58.989441 4.630812 56.550014
v -59.446053 4.505349 55.183331
v -59.446053 4.630812 56.550014
v -59.446045 4.611972 55.181862
v -59.446045 4.524190 56.551483
v -59.902657 4.514769 55.867409
v -59.902657 4.621391 55.865940
v -58.589806 4.514769 55.867409
v -58.589806 4.621391 55.865940
v -58.989441 4.621391 55.865940
v -58.989441 4.514769 55.867409
v -59.446045 4.514769 55.867409
v -59.446045 4.621391 55.865940
v -58.879425 4.516380 55.984318
v -58.753220 4.519327 56.198349
v -58.753220 4.516380 55.984318
v -58.989441 4.522274 56.412376
v -58.989441 4.516380 55.984318
v -58.753220 4.522274 56.412376
v -58.879425 4.522274 56.412376
v -59.712959 4.625950 56.196880
v -59.712959 4.623001 55.982849
v -59.568756 4.623001 55.982849
v -59.712959 4.628896 56.410912
v -59.568756 4.628896 56.410912
v -59.446053 4.628896 56.410912
v -59.446045 4.623001 55.982849
v -58.989441 4.628896 56.410912
v -58.989441 4.623001 55.982849
v -58.753220 4.623001 55.982849
v -58.879425 4.623001 55.982849
v -58.753220 4.628896 56.410912
v -58.879425 4.628896 56.410912
v -58.753220 4.625950 56.196880
v -59.167824 4.519327 56.198349
v -59.298355 4.516380 55.984318
v -59.023621 4.522274 56.412376
v -59.023621 4.516380 55.984318
v -59.167824 4.516380 55.984318
v -59.298355 4.522274 56.412376
v -59.424561 4.522274 56.412376
v -59.446045 4.522274 56.412376
v -59.446045 4.516380 55.984318
v -59.424561 4.516380 55.984318
v -59.167824 4.522274 56.412376
v -59.298355 4.519327 56.198349
v -59.568756 4.516380 55.984318
v -59.712959 4.516380 55.984318
v -59.712959 4.522274 56.412376
v -59.712959 4.519327 56.198349
v -59.568756 4.522274 56.412376
v -59.424561 4.628896 56.410912
v -59.424561 4.623001 55.982849
v -59.167824 4.623001 55.982849
v -59.298355 4.625950 56.196880
v -59.298355 4.623001 55.982849
v -59.298355 4.628896 56.410912
v -59.167824 4.628896 56.410912
v -59.167824 4.625950 56.196880
v -59.023621 4.623001 55.982849
v -59.023621 4.628896 56.410912
v -59.446045 4.619643 55.739006
v -59.424561 4.619643 55.739006
v -59.446045 4.613748 55.310944
v -59.424561 4.613748 55.310944
v -59.298355 4.616697 55.524975
v -59.167824 4.613748 55.310944
v -59.298355 4.613748 55.310944
v -59.298355 4.619643 55.739006
v -59.167824 4.619643 55.739006
v -59.167824 4.616697 55.524975
v -59.023621 4.619643 55.739006
v -58.989441 4.619643 55.739006
v -58.989441 4.613748 55.310944
v -59.023621 4.613748 55.310944
v -59.568756 4.507127 55.312412
v -59.712959 4.507127 55.312412
v -59.446045 4.513022 55.740475
v -59.446053 4.507127 55.312412
v -59.712959 4.513022 55.740475
v -59.712959 4.510074 55.526443
v -59.568756 4.513022 55.740475
v -59.167824 4.510074 55.526443
v -59.167824 4.507127 55.312412
v -59.298355 4.507127 55.312412
v -59.023621 4.513022 55.740475
v -58.989441 4.513022 55.740475
v -58.989441 4.507127 55.312412
v -59.023621 4.507127 55.312412
v -59.424561 4.513022 55.740475
v -59.424561 4.507127 55.312412
v -59.167824 4.513022 55.740475
v -59.298355 4.513022 55.740475
v -59.298355 4.510074 55.526443
v -58.753220 4.613748 55.310944
v -58.879425 4.613748 55.310944
v -58.879425 4.619643 55.739006
v -58.753220 4.616697 55.524975
v -58.753220 4.619643 55.739006
v -59.712959 4.616697 55.524975
v -59.568756 4.613748 55.310944
v -59.712959 4.613748 55.310944
v -59.712959 4.619643 55.739006
v -59.568756 4.619643 55.739006
v -58.879425 4.507127 55.312412
v -58.753220 4.510074 55.526443
v -58.753220 4.507127 55.312412
v -58.753220 4.513022 55.740475
v -58.879425 4.513022 55.740475
v -59.902657 4.524190 57.871971
v -59.902657 4.630812 57.870506
v -59.902657 4.505349 56.503822
v -59.902657 4.611972 56.502354
v -58.589806 4.524190 57.871971
v -58.589806 4.630812 57.870506
v -58.589806 4.505349 56.503822
v -58.589806 4.611972 56.502354
v -58.989441 4.505349 56.503822
v -58.989441 4.611972 56.502354
v -58.989441 4.524190 57.871971
v -58.989441 4.630812 57.870506
v -59.446053 4.505349 56.503822
v -59.446053 4.630812 57.870506
v -59.446045 4.611972 56.502354
v -59.446045 4.524190 57.871971
v -59.902657 4.514769 57.187897
v -59.902657 4.621391 57.186428
v -58.589806 4.514769 57.187897
v -58.589806 4.621391 57.186428
v -58.989441 4.621391 57.186428
v -58.989441 4.514769 57.187897
v -59.446045 4.514769 57.187897
v -59.446045 4.621391 57.186428
v -58.879425 4.516380 57.304806
v -58.753220 4.519327 57.518837
v -58.753220 4.516380 57.304806
v -58.989441 4.522274 57.732868
v -58.989441 4.516380 57.304806
v -58.753220 4.522274 57.732868
v -58.879425 4.522274 57.732868
v -59.712959 4.625950 57.517368
v -59.712959 4.623001 57.303337
v -59.568756 4.623001 57.303337
v -59.712959 4.628896 57.731400
v -59.568756 4.628896 57.731400
v -59.446053 4.628896 57.731400
v -59.446045 4.623001 57.303337
v -58.989441 4.628896 57.731400
v -58.989441 4.623001 57.303337
v -58.753220 4.623001 57.303337
v -58.879425 4.623001 57.303337
v -58.753220 4.628896 57.731400
v -58.879425 4.628896 57.731400
v -58.753220 4.625950 57.517368
v -59.167824 4.519327 57.518837
v -59.298355 4.516380 57.304806
v -59.023621 4.522274 57.732868
v -59.023621 4.516380 57.304806
v -59.167824 4.516380 57.304806
v -59.298355 4.522274 57.732868
v -59.424561 4.522274 57.732868
v -59.446045 4.522274 57.732868
v -59.446045 4.516380 57.304806
v -59.424561 4.516380 57.304806
v -59.167824 4.522274 57.732868
v -59.298355 4.519327 57.518837
v -59.568756 4.516380 57.304806
v -59.712959 4.516380 57.304806
v -59.712959 4.522274 57.732868
v -59.712959 4.519327 57.518837
v -59.568756 4.522274 57.732868
v -59.424561 4.628896 57.731400
v -59.424561 4.623001 57.303337
v -59.167824 4.623001 57.303337
v -59.298355 4.625950 57.517368
v -59.298355 4.623001 57.303337
v -59.298355 4.628896 57.731400
v -59.167824 4.628896 57.731400
v -59.167824 4.625950 57.517368
v -59.023621 4.623001 57.303337
v -59.023621 4.628896 57.731400
v -59.446045 4.619643 57.059498
v -59.424561 4.619643 57.059498
v -59.446045 4.613748 56.631435
v -59.424561 4.613748 56.631435
v -59.298355 4.616697 56.845467
v -59.167824 4.613748 56.631435
v -59.298355 4.613748 56.631435
v -59.298355 4.619643 57.059498
v -59.167824 4.619643 57.059498
v -59.167824 4.616697 56.845467
v -59.023621 4.619643 57.059498
v -58.989441 4.619643 57.059498
v -58.989441 4.613748 56.631435
v -59.023621 4.613748 56.631435
v -59.568756 4.507127 56.632904
v -59.712959 4.507127 56.632904
v -59.446045 4.513022 57.060966
v -59.446053 4.507127 56.632904
v -59.712959 4.513022 57.060966
v -59.712959 4.510074 56.846931
v -59.568756 4.513022 57.060966
v -59.167824 4.510074 56.846931
v -59.167824 4.507127 56.632904
v -59.298355 4.507127 56.632904
v -59.023621 4.513022 57.060966
v -58.989441 4.513022 57.060966
v -58.989441 4.507127 56.632904
v -59.023621 4.507127 56.632904
v -59.424561 4.513022 57.060966
v -59.424561 4.507127 56.632904
v -59.167824 4.513022 57.060966
v -59.298355 4.513022 57.060966
v -59.298355 4.510074 56.846931
v -58.753220 4.613748 56.631435
v -58.879425 4.613748 56.631435
v -58.879425 4.619643 57.059498
v -58.753220 4.616697 56.845467
v -58.753220 4.619643 57.059498
v -59.712959 4.616697 56.845467
v -59.568756 4.613748 56.631435
v -59.712959 4.613748 56.631435
v -59.712959 4.619643 57.059498
v -59.568756 4.619643 57.059498
v -58.879425 4.507127 56.632904
v -58.753220 4.510074 56.846931
v -58.753220 4.507127 56.632904
v -58.753220 4.513022 57.060966
v -58.879425 4.513022 57.060966
v -59.902657 4.524191 59.212158
v -59.902657 4.630813 59.210693
v -59.902657 4.505349 57.844009
v -59.902657 4.611972 57.842537
v -58.589806 4.524191 59.212158
v -58.589806 4.630813 59.210693
v -58.589806 4.505349 57.844009
v -58.589806 4.611972 57.842537
v -58.989441 4.505349 57.844009
v -58.989441 4.611972 57.842537
v -58.989441 4.524191 59.212158
v -58.989441 4.630813 59.210693
v -59.446053 4.505349 57.844009
v -59.446053 4.630813 59.210693
v -59.446045 4.611972 57.842537
v -59.446045 4.524191 59.212158
v -59.902657 4.514771 58.528084
v -59.902657 4.621392 58.526615
v -58.589806 4.514771 58.528084
v -58.589806 4.621392 58.526615
v -58.989441 4.621392 58.526615
v -58.989441 4.514771 58.528084
v -59.446045 4.514771 58.528084
v -59.446045 4.621392 58.526615
v -58.879425 4.516381 58.644993
v -58.753220 4.519328 58.859024
v -58.753220 4.516381 58.644993
v -58.989441 4.522275 59.073055
v -58.989441 4.516381 58.644993
v -58.753220 4.522275 59.073055
v -58.879425 4.522275 59.073055
v -59.712959 4.625950 58.857555
v -59.712959 4.623003 58.643524
v -59.568756 4.623003 58.643524
v -59.712959 4.628897 59.071587
v -59.568756 4.628897 59.071587
v -59.446053 4.628897 59.071587
v -59.446045 4.623003 58.643524
v -58.989441 4.628897 59.071587
v -58.989441 4.623003 58.643524
v -58.753220 4.623003 58.643524
v -58.879425 4.623003 58.643524
v -58.753220 4.628897 59.071587
v -58.879425 4.628897 59.071587
v -58.753220 4.625950 58.857555
v -59.167824 4.519328 58.859024
v -59.298355 4.516381 58.644993
v -59.023621 4.522275 59.073055
v -59.023621 4.516381 58.644993
v -59.167824 4.516381 58.644993
v -59.298355 4.522275 59.073055
v -59.424561 4.522275 59.073055
v -59.446045 4.522275 59.073055
v -59.446045 4.516381 58.644993
v -59.424561 4.516381 58.644993
v -59.167824 4.522275 59.073055
v -59.298355 4.519328 58.859024
v -59.568756 4.516381 58.644993
v -59.712959 4.516381 58.644993
v -59.712959 4.522275 59.073055
v -59.712959 4.519328 58.859024
v -59.568756 4.522275 59.073055
v -59.424561 4.628897 59.071587
v -59.424561 4.623003 58.643524
v -59.167824 4.623003 58.643524
v -59.298355 4.625950 58.857555
v -59.298355 4.623003 58.643524
v -59.298355 4.628897 59.071587
v -59.167824 4.628897 59.071587
v -59.167824 4.625950 58.857555
v -59.023621 4.623003 58.643524
v -59.023621 4.628897 59.071587
v -59.446045 4.619644 58.399681
v -59.424561 4.619644 58.399681
v -59.446045 4.613748 57.971622
v -59.424561 4.613748 57.971622
v -59.298355 4.616697 58.185654
v -59.167824 4.613748 57.971622
v -59.298355 4.613748 57.971622
v -59.298355 4.619644 58.399681
v -59.167824 4.619644 58.399681
v -59.167824 4.616697 58.185654
v -59.023621 4.619644 58.399681
v -58.989441 4.619644 58.399681
v -58.989441 4.613748 57.971622
v -59.023621 4.613748 57.971622
v -59.568756 4.507127 57.973091
v -59.712959 4.507127 57.973091
v -59.446045 4.513023 58.401154
v -59.446053 4.507127 57.973091
v -59.712959 4.513023 58.401154
v -59.712959 4.510074 58.187122
v -59.568756 4.513023 58.401154
v -59.167824 4.510074 58.187122
v -59.167824 4.507127 57.973091
v -59.298355 4.507127 57.973091
v -59.023621 4.513023 58.401154
v -58.989441 4.513023 58.401154
v -58.989441 4.507127 57.973091
v -59.023621 4.507127 57.973091
v -59.424561 4.513023 58.401154
v -59.424561 4.507127 57.973091
v -59.167824 4.513023 58.401154
v -59.298355 4.513023 58.401154
v -59.298355 4.510074 58.187122
v -58.753220 4.613748 57.971622
v -58.879425 4.613748 57.971622
v -58.879425 4.619644 58.399681
v -58.753220 4.616697 58.185654
v -58.753220 4.619644 58.399681
v -59.712959 4.616697 58.185654
v -59.568756 4.613748 57.971622
v -59.712959 4.613748 57.971622
v -59.712959 4.619644 58.399681
v -59.568756 4.619644 58.399681
v -58.879425 4.507127 57.973091
v -58.753220 4.510074 58.187122
v -58.753220 4.507127 57.973091
v -58.753220 4.513023 58.401154
v -58.879425 4.513023 58.401154
v -58.589809 4.524190 49.822643
v -58.589809 4.630812 49.821175
v -58.589809 4.505349 48.454491
v -58.589809 4.611971 48.453022
v -57.276958 4.524190 49.822643
v -57.276958 4.630812 49.821175
v -57.276958 4.505349 48.454491
v -57.276958 4.611971 48.453022
v -57.676590 4.505349 48.454491
v -57.676590 4.611971 48.453022
v -57.676590 4.524190 49.822643
v -57.676590 4.630812 49.821175
v -58.133198 4.505349 48.454491
v -58.133198 4.630812 49.821175
v -58.133198 4.611971 48.453022
v -58.133198 4.524190 49.822643
v -58.589809 4.514769 49.138569
v -58.589809 4.621391 49.137100
v -57.276958 4.514769 49.138569
v -57.276958 4.621391 49.137100
v -57.676590 4.621391 49.137100
v -57.676590 4.514769 49.138569
v -58.133198 4.514769 49.138569
v -58.133198 4.621391 49.137100
v -57.566574 4.516380 49.255478
v -57.440369 4.519327 49.469509
v -57.440369 4.516380 49.255478
v -57.676590 4.522274 49.683540
v -57.676590 4.516380 49.255478
v -57.440369 4.522274 49.683540
v -57.566574 4.522274 49.683540
v -58.400108 4.625949 49.468040
v -58.400108 4.623001 49.254009
v -58.255909 4.623001 49.254009
v -58.400108 4.628896 49.682072
v -58.255909 4.628896 49.682072
v -58.133198 4.628896 49.682072
v -58.133198 4.623001 49.254009
v -57.676590 4.628896 49.682072
v -57.676590 4.623001 49.254009
v -57.440369 4.623001 49.254009
v -57.566574 4.623001 49.254009
v -57.440369 4.628896 49.682072
v -57.566574 4.628896 49.682072
v -57.440369 4.625949 49.468040
v -57.854973 4.519327 49.469509
v -57.985504 4.516380 49.255478
v -57.710773 4.522274 49.683540
v -57.710773 4.516380 49.255478
v -57.854973 4.516380 49.255478
v -57.985504 4.522274 49.683540
v -58.111710 4.522274 49.683540
v -58.133198 4.522274 49.683540
v -58.133198 4.516380 49.255478
v -58.111710 4.516380 49.255478
v -57.854973 4.522274 49.683540
v -57.985504 4.519327 49.469509
v -58.255909 4.516380 49.255478
v -58.400108 4.516380 49.255478
v -58.400108 4.522274 49.683540
v -58.400108 4.519327 49.469509
v -58.255909 4.522274 49.683540
v -58.111710 4.628896 49.682072
v -58.111710 4.623001 49.254009
v -57.854973 4.623001 49.254009
v -57.985504 4.625949 49.468040
v -57.985504 4.623001 49.254009
v -57.985504 4.628896 49.682072
v -57.854973 4.628896 49.682072
v -57.854973 4.625949 49.468040
v -57.710773 4.623001 49.254009
v -57.710773 4.628896 49.682072
v -58.133198 4.619643 49.010166
v -58.111710 4.619643 49.010166
v -58.133198 4.613748 48.582108
v -58.111710 4.613748 48.582108
v -57.985504 4.616696 48.796135
v -57.854973 4.613748 48.582108
v -57.985504 4.613748 48.582108
v -57.985504 4.619643 49.010166
v -57.854973 4.619643 49.010166
v -57.854973 4.616696 48.796135
v -57.710773 4.619643 49.010166
v -57.676590 4.619643 49.010166
v -57.676590 4.613748 48.582108
v -57.710773 4.613748 48.582108
v -58.255909 4.507127 48.583572
v -58.400108 4.507127 48.583572
v -58.133198 4.513021 49.011635
v -58.133198 4.507127 48.583572
v -58.400108 4.513021 49.011635
v -58.400108 4.510074 48.797604
v -58.255909 4.513021 49.011635
v -57.854973 4.510074 48.797604
v -57.854973 4.507127 48.583572
v -57.985504 4.507127 48.583572
v -57.710773 4.513021 49.011635
v -57.676590 4.513021 49.011635
v -57.676590 4.507127 48.583572
v -57.710773 4.507127 48.583572
v -58.111710 4.513021 49.011635
v -58.111710 4.507127 48.583572
v -57.854973 4.513021 49.011635
v -57.985504 4.513021 49.011635
v -57.985504 4.510074 48.797604
v -57.440369 4.613748 48.582108
v -57.566574 4.613748 48.582108
v -57.566574 4.619643 49.010166
v -57.440369 4.616696 48.796135
v -57.440369 4.619643 49.010166
v -58.400108 4.616696 48.796135
v -58.255909 4.613748 48.582108
v -58.400108 4.613748 48.582108
v -58.400108 4.619643 49.010166
v -58.255909 4.619643 49.010166
v -57.566574 4.507127 48.583572
v -57.440369 4.510074 48.797604
v -57.440369 4.507127 48.583572
v -57.440369 4.513021 49.011635
v -57.566574 4.513021 49.011635
v -58.589809 4.524190 51.162830
v -58.589809 4.630812 51.161362
v -58.589809 4.505349 49.794678
v -58.589809 4.611971 49.793209
v -57.276958 4.524190 51.162830
v -57.276958 4.630812 51.161362
v -57.276958 4.505349 49.794678
v -57.276958 4.611971 49.793209
v -57.676590 4.505349 49.794678
v -57.676590 4.611971 49.793209
v -57.676590 4.524190 51.162830
v -57.676590 4.630812 51.161362
v -58.133198 4.505349 49.794678
v -58.133198 4.630812 51.161362
v -58.133198 4.611971 49.793209
v -58.133198 4.524190 51.162830
v -58.589809 4.514769 50.478756
v -58.589809 4.621391 50.477287
v -57.276958 4.514769 50.478756
v -57.276958 4.621391 50.477287
v -57.676590 4.621391 50.477287
v -57.676590 4.514769 50.478756
v -58.133198 4.514769 50.478756
v -58.133198 4.621391 50.477287
v -57.566574 4.516380 50.595665
v -57.440369 4.519327 50.809696
v -57.440369 4.516380 50.595665
v -57.676590 4.522274 51.023727
v -57.676590 4.516380 50.595665
v -57.440369 4.522274 51.023727
v -57.566574 4.522274 51.023727
v -58.400108 4.625949 50.808228
v -58.400108 4.623001 50.594196
v -58.255909 4.623001 50.594196
v -58.400108 4.628896 51.022259
v -58.255909 4.628896 51.022259
v -58.133198 4.628896 51.022259
v -58.133198 4.623001 50.594196
v -57.676590 4.628896 51.022259
v -57.676590 4.623001 50.594196
v -57.440369 4.623001 50.594196
v -57.566574 4.623001 50.594196
v -57.440369 4.628896 51.022259
v -57.566574 4.628896 51.022259
v -57.440369 4.625949 50.808228
v -57.854973 4.519327 50.809696
v -57.985504 4.516380 50.595665
v -57.710773 4.522274 51.023727
v -57.710773 4.516380 50.595665
v -57.854973 4.516380 50.595665
v -57.985504 4.522274 51.023727
v -58.111710 4.522274 51.023727
v -58.133198 4.522274 51.023727
v -58.133198 4.516380 50.595665
v -58.111710 4.516380 50.595665
v -57.854973 4.522274 51.023727
v -57.985504 4.519327 50.809696
v -58.255909 4.516380 50.595665
v -58.400108 4.516380 50.595665
v -58.400108 4.522274 51.023727
v -58.400108 4.519327 50.809696
v -58.255909 4.522274 51.023727
v -58.111710 4.628896 51.022259
v -58.111710 4.623001 50.594196
v -57.854973 4.623001 50.594196
v -57.985504 4.625949 50.808228
v -57.985504 4.623001 50.594196
v -57.985504 4.628896 51.022259
v -57.854973 4.628896 51.022259
v -57.854973 4.625949 50.808228
v -57.710773 4.623001 50.594196
v -57.710773 4.628896 51.022259
v -58.133198 4.619643 50.350353
v -58.111710 4.619643 50.350353
v -58.133198 4.613748 49.922295
v -58.111710 4.613748 49.922295
v -57.985504 4.616696 50.136322
v -57.854973 4.613748 49.922295
v -57.985504 4.613748 49.922295
v -57.985504 4.619643 50.350353
v -57.854973 4.619643 50.350353
v -57.854973 4.616696 50.136322
v -57.710773 4.619643 50.350353
v -57.676590 4.619643 50.350353
v -57.676590 4.613748 49.922295
v -57.710773 4.613748 49.922295
v -58.255909 4.507127 49.923759
v -58.400108 4.507127 49.923759
v -58.133198 4.513021 50.351822
v -58.133198 4.507127 49.923759
v -58.400108 4.513021 50.351822
v -58.400108 4.510074 50.137791
v -58.255909 4.513021 50.351822
v -57.854973 4.510074 50.137791
v -57.854973 4.507127 49.923759
v -57.985504 4.507127 49.923759
v -57.710773 4.513021 50.351822
v -57.676590 4.513021 50.351822
v -57.676590 4.507127 49.923759
v -57.710773 4.507127 49.923759
v -58.111710 4.513021 50.351822
v -58.111710 4.507127 49.923759
v -57.854973 4.513021 50.351822
v -57.985504 4.513021 50.351822
v -57.985504 4.510074 50.137791
v -57.440369 4.613748 49.922295
v -57.566574 4.613748 49.922295
v -57.566574 4.619643 50.350353
v -57.440369 4.616696 50.136322
v -57.440369 4.619643 50.350353
v -58.400108 4.616696 50.136322
v -58.255909 4.613748 49.922295
v -58.400108 4.613748 49.922295
v -58.400108 4.619643 50.350353
v -58.255909 4.619643 50.350353
v -57.566574 4.507127 49.923759
v -57.440369 4.510074 50.137791
v -57.440369 4.507127 49.923759
v -57.440369 4.513021 50.351822
v -57.566574 4.513021 50.351822
v -58.589809 4.524190 52.483322
v -58.589809 4.630812 52.481853
v -58.589809 4.505349 51.115170
v -58.589809 4.611971 51.113701
v -57.276958 4.524190 52.483322
v -57.276958 4.630812 52.481853
v -57.276958 4.505349 51.115170
v -57.276958 4.611971 51.113701
v -57.676590 4.505349 51.115170
v -57.676590 4.611971 51.113701
v -57.676590 4.524190 52.483322
v -57.676590 4.630812 52.481853
v -58.133198 4.505349 51.115170
v -58.133198 4.630812 52.481853
v -58.133198 4.611971 51.113701
v -58.133198 4.524190 52.483322
v -58.589809 4.514769 51.799244
v -58.589809 4.621391 51.797775
v -57.276958 4.514769 51.799244
v -57.276958 4.621391 51.797775
v -57.676590 4.621391 51.797775
v -57.676590 4.514769 51.799244
v -58.133198 4.514769 51.799244
v -58.133198 4.621391 51.797775
v -57.566574 4.516380 51.916153
v -57.440369 4.519327 52.130184
v -57.440369 4.516380 51.916153
v -57.676590 4.522274 52.344215
v -57.676590 4.516380 51.916153
v -57.440369 4.522274 52.344215
v -57.566574 4.522274 52.344215
v -58.400108 4.625950 52.128716
v -58.400108 4.623001 51.914684
v -58.255909 4.623001 51.914684
v -58.400108 4.628896 52.342747
v -58.255909 4.628896 52.342747
v -58.133198 4.628896 52.342747
v -58.133198 4.623001 51.914684
v -57.676590 4.628896 52.342747
v -57.676590 4.623001 51.914684
v -57.440369 4.623001 51.914684
v -57.566574 4.623001 51.914684
v -57.440369 4.628896 52.342747
v -57.566574 4.628896 52.342747
v -57.440369 4.625950 52.128716
v -57.854973 4.519327 52.130184
v -57.985504 4.516380 51.916153
v -57.710773 4.522274 52.344215
v -57.710773 4.516380 51.916153
v -57.854973 4.516380 51.916153
v -57.985504 4.522274 52.344215
v -58.111710 4.522274 52.344215
v -58.133198 4.522274 52.344215
v -58.133198 4.516380 51.916153
v -58.111710 4.516380 51.916153
v -57.854973 4.522274 52.344215
v -57.985504 4.519327 52.130184
v -58.255909 4.516380 51.916153
v -58.400108 4.516380 51.916153
v -58.400108 4.522274 52.344215
v -58.400108 4.519327 52.130184
v -58.255909 4.522274 52.344215
v -58.111710 4.628896 52.342747
v -58.111710 4.623001 51.914684
v -57.854973 4.623001 51.914684
v -57.985504 4.625950 52.128716
v -57.985504 4.623001 51.914684
v -57.985504 4.628896 52.342747
v -57.854973 4.628896 52.342747
v -57.854973 4.625950 52.128716
v -57.710773 4.623001 51.914684
v -57.710773 4.628896 52.342747
v -58.133198 4.619643 51.670845
v -58.111710 4.619643 51.670845
v -58.133198 4.613748 51.242783
v -58.111710 4.613748 51.242783
v -57.985504 4.616696 51.456814
v -57.854973 4.613748 51.242783
v -57.985504 4.613748 51.242783
v -57.985504 4.619643 51.670845
v -57.854973 4.619643 51.670845
v -57.854973 4.616696 51.456814
v -57.710773 4.619643 51.670845
v -57.676590 4.619643 51.670845
v -57.676590 4.613748 51.242783
v -57.710773 4.613748 51.242783
v -58.255909 4.507127 51.244251
v -58.400108 4.507127 51.244251
v -58.133198 4.513021 51.672314
v -58.133198 4.507127 51.244251
v -58.400108 4.513021 51.672314
v -58.400108 4.510074 51.458282
v -58.255909 4.513021 51.672314
v -57.854973 4.510074 51.458282
v -57.854973 4.507127 51.244251
v -57.985504 4.507127 51.244251
v -57.710773 4.513021 51.672314
v -57.676590 4.513021 51.672314
v -57.676590 4.507127 51.244251
v -57.710773 4.507127 51.244251
v -58.111710 4.513021 51.672314
v -58.111710 4.507127 51.244251
v -57.854973 4.513021 51.672314
v -57.985504 4.513021 51.672314
v -57.985504 4.510074 51.458282
v -57.440369 4.613748 51.242783
v -57.566574 4.613748 51.242783
v -57.566574 4.619643 51.670845
v -57.440369 4.616696 51.456814
v -57.440369 4.619643 51.670845
v -58.400108 4.616696 51.456814
v -58.255909 4.613748 51.242783
v -58.400108 4.613748 51.242783
v -58.400108 4.619643 51.670845
v -58.255909 4.619643 51.670845
v -57.566574 4.507127 51.244251
v -57.440369 4.510074 51.458282
v -57.440369 4.507127 51.244251
v -57.440369 4.513021 51.672314
v -57.566574 4.513021 51.672314
v -58.589809 4.524190 53.823509
v -58.589809 4.630812 53.822041
v -58.589809 4.505349 52.455353
v -58.589809 4.611972 52.453888
v -57.276958 4.524190 53.823509
v -57.276958 4.630812 53.822041
v -57.276958 4.505349 52.455353
v -57.276958 4.611972 52.453888
v -57.676590 4.505349 52.455353
v -57.676590 4.611972 52.453888
v -57.676590 4.524190 53.823509
v -57.676590 4.630812 53.822041
v -58.133198 4.505349 52.455353
v -58.133198 4.630812 53.822041
v -58.133198 4.611972 52.453888
v -58.133198 4.524190 53.823509
v -58.589809 4.514769 53.139431
v -58.589809 4.621391 53.137962
v -57.276958 4.514769 53.139431
v -57.276958 4.621391 53.137962
v -57.676590 4.621391 53.137962
v -57.676590 4.514769 53.139431
v -58.133198 4.514769 53.139431
v -58.133198 4.621391 53.137962
v -57.566574 4.516380 53.256340
v -57.440369 4.519327 53.470371
v -57.440369 4.516380 53.256340
v -57.676590 4.522274 53.684402
v -57.676590 4.516380 53.256340
v -57.440369 4.522274 53.684402
v -57.566574 4.522274 53.684402
v -58.400108 4.625950 53.468903
v -58.400108 4.623001 53.254871
v -58.255909 4.623001 53.254871
v -58.400108 4.628896 53.682934
v -58.255909 4.628896 53.682934
v -58.133198 4.628896 53.682934
v -58.133198 4.623001 53.254871
v -57.676590 4.628896 53.682934
v -57.676590 4.623001 53.254871
v -57.440369 4.623001 53.254871
v -57.566574 4.623001 53.254871
v -57.440369 4.628896 53.682934
v -57.566574 4.628896 53.682934
v -57.440369 4.625950 53.468903
v -57.854973 4.519327 53.470371
v -57.985504 4.516380 53.256340
v -57.710773 4.522274 53.684402
v -57.710773 4.516380 53.256340
v -57.854973 4.516380 53.256340
v -57.985504 4.522274 53.684402
v -58.111710 4.522274 53.684402
v -58.133198 4.522274 53.684402
v -58.133198 4.516380 53.256340
v -58.111710 4.516380 53.256340
v -57.854973 4.522274 53.684402
v -57.985504 4.519327 53.470371
v -58.255909 4.516380 53.256340
v -58.400108 4.516380 53.256340
v -58.400108 4.522274 53.684402
v -58.400108 4.519327 53.470371
v -58.255909 4.522274 53.684402
v -58.111710 4.628896 53.682934
v -58.111710 4.623001 53.254871
v -57.854973 4.623001 53.254871
v -57.985504 4.625950 53.468903
v -57.985504 4.623001 53.254871
v -57.985504 4.628896 53.682934
v -57.854973 4.628896 53.682934
v -57.854973 4.625950 53.468903
v -57.710773 4.623001 53.254871
v -57.710773 4.628896 53.682934
v -58.133198 4.619643 53.011032
v -58.111710 4.619643 53.011032
v -58.133198 4.613748 52.582970
v -58.111710 4.613748 52.582970
v -57.985504 4.616697 52.797001
v -57.854973 4.613748 52.582970
v -57.985504 4.613748 52.582970
v -57.985504 4.619643 53.011032
v -57.854973 4.619643 53.011032
v -57.854973 4.616697 52.797001
v -57.710773 4.619643 53.011032
v -57.676590 4.619643 53.011032
v -57.676590 4.613748 52.582970
v -57.710773 4.613748 52.582970
v -58.255909 4.507127 52.584438
v -58.400108 4.507127 52.584438
v -58.133198 4.513021 53.012497
v -58.133198 4.507127 52.584438
v -58.400108 4.513021 53.012497
v -58.400108 4.510074 52.798470
v -58.255909 4.513021 53.012497
v -57.854973 4.510074 52.798470
v -57.854973 4.507127 52.584438
v -57.985504 4.507127 52.584438
v -57.710773 4.513021 53.012497
v -57.676590 4.513021 53.012497
v -57.676590 4.507127 52.584438
v -57.710773 4.507127 52.584438
v -58.111710 4.513021 53.012497
v -58.111710 4.507127 52.584438
v -57.854973 4.513021 53.012497
v -57.985504 4.513021 53.012497
v -57.985504 4.510074 52.798470
v -57.440369 4.613748 52.582970
v -57.566574 4.613748 52.582970
v -57.566574 4.619643 53.011032
v -57.440369 4.616697 52.797001
v -57.440369 4.619643 53.011032
v -58.400108 4.616697 52.797001
v -58.255909 4.613748 52.582970
v -58.400108 4.613748 52.582970
v -58.400108 4.619643 53.011032
v -58.255909 4.619643 53.011032
v -57.566574 4.507127 52.584438
v -57.440369 4.510074 52.798470
v -57.440369 4.507127 52.584438
v -57.440369 4.513021 53.012497
v -57.566574 4.513021 53.012497
v -58.589809 4.524190 55.211296
v -58.589809 4.630812 55.209827
v -58.589809 4.505349 53.843143
v -58.589809 4.611972 53.841675
v -57.276958 4.524190 55.211296
v -57.276958 4.630812 55.209827
v -57.276958 4.505349 53.843143
v -57.276958 4.611972 53.841675
v -57.676590 4.505349 53.843143
v -57.676590 4.611972 53.841675
v -57.676590 4.524190 55.211296
v -57.676590 4.630812 55.209827
v -58.133198 4.505349 53.843143
v -58.133198 4.630812 55.209827
v -58.133198 4.611972 53.841675
v -58.133198 4.524190 55.211296
v -58.589809 4.514769 54.527222
v -58.589809 4.621391 54.525753
v -57.276958 4.514769 54.527222
v -57.276958 4.621391 54.525753
v -57.676590 4.621391 54.525753
v -57.676590 4.514769 54.527222
v -58.133198 4.514769 54.527222
v -58.133198 4.621391 54.525753
v -57.566574 4.516380 54.644131
v -57.440369 4.519327 54.858162
v -57.440369 4.516380 54.644131
v -57.676590 4.522274 55.072189
v -57.676590 4.516380 54.644131
v -57.440369 4.522274 55.072189
v -57.566574 4.522274 55.072189
v -58.400108 4.625950 54.856693
v -58.400108 4.623001 54.642662
v -58.255909 4.623001 54.642662
v -58.400108 4.628896 55.070724
v -58.255909 4.628896 55.070724
v -58.133198 4.628896 55.070724
v -58.133198 4.623001 54.642662
v -57.676590 4.628896 55.070724
v -57.676590 4.623001 54.642662
v -57.440369 4.623001 54.642662
v -57.566574 4.623001 54.642662
v -57.440369 4.628896 55.070724
v -57.566574 4.628896 55.070724
v -57.440369 4.625950 54.856693
v -57.854973 4.519327 54.858162
v -57.985504 4.516380 54.644131
v -57.710773 4.522274 55.072189
v -57.710773 4.516380 54.644131
v -57.854973 4.516380 54.644131
v -57.985504 4.522274 55.072189
v -58.111710 4.522274 55.072189
v -58.133198 4.522274 55.072189
v -58.133198 4.516380 54.644131
v -58.111710 4.516380 54.644131
v -57.854973 4.522274 55.072189
v -57.985504 4.519327 54.858162
v -58.255909 4.516380 54.644131
v -58.400108 4.516380 54.644131
v -58.400108 4.522274 55.072189
v -58.400108 4.519327 54.858162
v -58.255909 4.522274 55.072189
v -58.111710 4.628896 55.070724
v -58.111710 4.623001 54.642662
v -57.854973 4.623001 54.642662
v -57.985504 4.625950 54.856693
v -57.985504 4.623001 54.642662
v -57.985504 4.628896 55.070724
v -57.854973 4.628896 55.070724
v -57.854973 4.625950 54.856693
v -57.710773 4.623001 54.642662
v -57.710773 4.628896 55.070724
v -58.133198 4.619643 54.398819
v -58.111710 4.619643 54.398819
v -58.133198 4.613748 53.970757
v -58.111710 4.613748 53.970757
v -57.985504 4.616697 54.184788
v -57.854973 4.613748 53.970757
v -57.985504 4.613748 53.970757
v -57.985504 4.619643 54.398819
v -57.854973 4.619643 54.398819
v -57.854973 4.616697 54.184788
v -57.710773 4.619643 54.398819
v -57.676590 4.619643 54.398819
v -57.676590 4.613748 53.970757
v -57.710773 4.613748 53.970757
v -58.255909 4.507127 53.972225
v -58.400108 4.507127 53.972225
v -58.133198 4.513022 54.400288
v -58.133198 4.507127 53.972225
v -58.400108 4.513022 54.400288
v -58.400108 4.510074 54.186256
v -58.255909 4.513022 54.400288
v -57.854973 4.510074 54.186256
v -57.854973 4.507127 53.972225
v -57.985504 4.507127 53.972225
v -57.710773 4.513022 54.400288
v -57.676590 4.513022 54.400288
v -57.676590 4.507127 53.972225
v -57.710773 4.507127 53.972225
v -58.111710 4.513022 54.400288
v -58.111710 4.507127 53.972225
v -57.854973 4.513022 54.400288
v -57.985504 4.513022 54.400288
v -57.985504 4.510074 54.186256
v -57.440369 4.613748 53.970757
v -57.566574 4.613748 53.970757
v -57.566574 4.619643 54.398819
v -57.440369 4.616697 54.184788
v -57.440369 4.619643 54.398819
v -58.400108 4.616697 54.184788
v -58.255909 4.613748 53.970757
v -58.400108 4.613748 53.970757
v -58.400108 4.619643 54.398819
v -58.255909 4.619643 54.398819
v -57.566574 4.507127 53.972225
v -57.440369 4.510074 54.186256
v -57.440369 4.507127 53.972225
v -57.440369 4.513022 54.400288
v -57.566574 4.513022 54.400288
v -58.589809 4.524190 56.551483
v -58.589809 4.630812 56.550014
v -58.589809 4.505349 55.183331
v -58.589809 4.611972 55.181862
v -57.276958 4.524190 56.551483
v -57.276958 4.630812 56.550014
v -57.276958 4.505349 55.183331
v -57.276958 4.611972 55.181862
v -57.676590 4.505349 55.183331
v -57.676590 4.611972 55.181862
v -57.676590 4.524190 56.551483
v -57.676590 4.630812 56.550014
v -58.133198 4.505349 55.183331
v -58.133198 4.630812 56.550014
v -58.133198 4.611972 55.181862
v -58.133198 4.524190 56.551483
v -58.589809 4.514769 55.867409
v -58.589809 4.621391 55.865940
v -57.276958 4.514769 55.867409
v -57.276958 4.621391 55.865940
v -57.676590 4.621391 55.865940
v -57.676590 4.514769 55.867409
v -58.133198 4.514769 55.867409
v -58.133198 4.621391 55.865940
v -57.566574 4.516380 55.984318
v -57.440369 4.519327 56.198349
v -57.440369 4.516380 55.984318
v -57.676590 4.522274 56.412376
v -57.676590 4.516380 55.984318
v -57.440369 4.522274 56.412376
v -57.566574 4.522274 56.412376
v -58.400108 4.625950 56.196880
v -58.400108 4.623001 55.982849
v -58.255909 4.623001 55.982849
v -58.400108 4.628896 56.410912
v -58.255909 4.628896 56.410912
v -58.133198 4.628896 56.410912
v -58.133198 4.623001 55.982849
v -57.676590 4.628896 56.410912
v -57.676590 4.623001 55.982849
v -57.440369 4.623001 55.982849
v -57.566574 4.623001 55.982849
v -57.440369 4.628896 56.410912
v -57.566574 4.628896 56.410912
v -57.440369 4.625950 56.196880
v -57.854973 4.519327 56.198349
v -57.985504 4.516380 55.984318
v -57.710773 4.522274 56.412376
v -57.710773 4.516380 55.984318
v -57.854973 4.516380 55.984318
v -57.985504 4.522274 56.412376
v -58.111710 4.522274 56.412376
v -58.133198 4.522274 56.412376
v -58.133198 4.516380 55.984318
v -58.111710 4.516380 55.984318
v -57.854973 4.522274 56.412376
v -57.985504 4.519327 56.198349
v -58.255909 4.516380 55.984318
v -58.400108 4.516380 55.984318
v -58.400108 4.522274 56.412376
v -58.400108 4.519327 56.198349
v -58.255909 4.522274 56.412376
v -58.111710 4.628896 56.410912
v -58.111710 4.623001 55.982849
v -57.854973 4.623001 55.982849
v -57.985504 4.625950 56.196880
v -57.985504 4.623001 55.982849
v -57.985504 4.628896 56.410912
v -57.854973 4.628896 56.410912
v -57.854973 4.625950 56.196880
v -57.710773 4.623001 55.982849
v -57.710773 4.628896 56.410912
v -58.133198 4.619643 55.739006
v -58.111710 4.619643 55.739006
v -58.133198 4.613748 55.310944
v -58.111710 4.613748 55.310944
v -57.985504 4.616697 55.524975
v -57.854973 4.613748 55.310944
v -57.985504 4.613748 55.310944
v -57.985504 4.619643 55.739006
v -57.854973 4.619643 55.739006
v -57.854973 4.616697 55.524975
v -57.710773 4.619643 55.739006
v -57.676590 4.619643 55.739006
v -57.676590 4.613748 55.310944
v -57.710773 4.613748 55.310944
v -58.255909 4.507127 55.312412
v -58.400108 4.507127 55.312412
v -58.133198 4.513022 55.740475
v -58.133198 4.507127 55.312412
v -58.400108 4.513022 55.740475
v -58.400108 4.510074 55.526443
v -58.255909 4.513022 55.740475
v -57.854973 4.510074 55.526443
v -57.854973 4.507127 55.312412
v -57.985504 4.507127 55.312412
v -57.710773 4.513022 55.740475
v -57.676590 4.513022 55.740475
v -57.676590 4.507127 55.312412
v -57.710773 4.507127 55.312412
v -58.111710 4.513022 55.740475
v -58.111710 4.507127 55.312412
v -57.854973 4.513022 55.740475
v -57.985504 4.513022 55.740475
v -57.985504 4.510074 55.526443
v -57.440369 4.613748 55.310944
v -57.566574 4.613748 55.310944
v -57.566574 4.619643 55.739006
v -57.440369 4.616697 55.524975
v -57.440369 4.619643 55.739006
v -58.400108 4.616697 55.524975
v -58.255909 4.613748 55.310944
v -58.400108 4.613748 55.310944
v -58.400108 4.619643 55.739006
v -58.255909 4.619643 55.739006
v -57.566574 4.507127 55.312412
v -57.440369 4.510074 55.526443
v -57.440369 4.507127 55.312412
v -57.440369 4.513022 55.740475
v -57.566574 4.513022 55.740475
v -58.589809 4.524190 57.871971
v -58.589809 4.630812 57.870506
v -58.589809 4.505349 56.503822
v -58.589809 4.611972 56.502354
v -57.276958 4.524190 57.871971
v -57.276958 4.630812 57.870506
v -57.276958 4.505349 56.503822
v -57.276958 4.611972 56.502354
v -57.676590 4.505349 56.503822
v -57.676590 4.611972 56.502354
v -57.676590 4.524190 57.871971
v -57.676590 4.630812 57.870506
v -58.133198 4.505349 56.503822
v -58.133198 4.630812 57.870506
v -58.133198 4.611972 56.502354
v -58.133198 4.524190 57.871971
v -58.589809 4.514769 57.187897
v -58.589809 4.621391 57.186428
v -57.276958 4.514769 57.187897
v -57.276958 4.621391 57.186428
v -57.676590 4.621391 57.186428
v -57.676590 4.514769 57.187897
v -58.133198 4.514769 57.187897
v -58.133198 4.621391 57.186428
v -57.566574 4.516380 57.304806
v -57.440369 4.519327 57.518837
v -57.440369 4.516380 57.304806
v -57.676590 4.522274 57.732868
v -57.676590 4.516380 57.304806
v -57.440369 4.522274 57.732868
v -57.566574 4.522274 57.732868
v -58.400108 4.625950 57.517368
v -58.400108 4.623001 57.303337
v -58.255909 4.623001 57.303337
v -58.400108 4.628896 57.731400
v -58.255909 4.628896 57.731400
v -58.133198 4.628896 57.731400
v -58.133198 4.623001 57.303337
v -57.676590 4.628896 57.731400
v -57.676590 4.623001 57.303337
v -57.440369 4.623001 57.303337
v -57.566574 4.623001 57.303337
v -57.440369 4.628896 57.731400
v -57.566574 4.628896 57.731400
v -57.440369 4.625950 57.517368
v -57.854973 4.519327 57.518837
v -57.985504 4.516380 57.304806
v -57.710773 4.522274 57.732868
v -57.710773 4.516380 57.304806
v -57.854973 4.516380 57.304806
v -57.985504 4.522274 57.732868
v -58.111710 4.522274 57.732868
v -58.133198 4.522274 57.732868
v -58.133198 4.516380 57.304806
v -58.111710 4.516380 57.304806
v -57.854973 4.522274 57.732868
v -57.985504 4.519327 57.518837
v -58.255909 4.516380 57.304806
v -58.400108 4.516380 57.304806
v -58.400108 4.522274 57.732868
v -58.400108 4.519327 57.518837
v -58.255909 4.522274 57.732868
v -58.111710 4.628896 57.731400
v -58.111710 4.623001 57.303337
v -57.854973 4.623001 57.303337
v -57.985504 4.625950 57.517368
v -57.985504 4.623001 57.303337
v -57.985504 4.628896 57.731400
v -57.854973 4.628896 57.731400
v -57.854973 4.625950 57.517368
v -57.710773 4.623001 57.303337
v -57.710773 4.628896 57.731400
v -58.133198 4.619643 57.059498
v -58.111710 4.619643 57.059498
v -58.133198 4.613748 56.631435
v -58.111710 4.613748 56.631435
v -57.985504 4.616697 56.845467
v -57.854973 4.613748 56.631435
v -57.985504 4.613748 56.631435
v -57.985504 4.619643 57.059498
v -57.854973 4.619643 57.059498
v -57.854973 4.616697 56.845467
v -57.710773 4.619643 57.059498
v -57.676590 4.619643 57.059498
v -57.676590 4.613748 56.631435
v -57.710773 4.613748 56.631435
v -58.255909 4.507127 56.632904
v -58.400108 4.507127 56.632904
v -58.133198 4.513022 57.060966
v -58.133198 4.507127 56.632904
v -58.400108 4.513022 57.060966
v -58.400108 4.510074 56.846931
v -58.255909 4.513022 57.060966
v -57.854973 4.510074 56.846931
v -57.854973 4.507127 56.632904
v -57.985504 4.507127 56.632904
v -57.710773 4.513022 57.060966
v -57.676590 4.513022 57.060966
v -57.676590 4.507127 56.632904
v -57.710773 4.507127 56.632904
v -58.111710 4.513022 57.060966
v -58.111710 4.507127 56.632904
v -57.854973 4.513022 57.060966
v -57.985504 4.513022 57.060966
v -57.985504 4.510074 56.846931
v -57.440369 4.613748 56.631435
v -57.566574 4.613748 56.631435
v -57.566574 4.619643 57.059498
v -57.440369 4.616697 56.845467
v -57.440369 4.619643 57.059498
v -58.400108 4.616697 56.845467
v -58.255909 4.613748 56.631435
v -58.400108 4.613748 56.631435
v -58.400108 4.619643 57.059498
v -58.255909 4.619643 57.059498
v -57.566574 4.507127 56.632904
v -57.440369 4.510074 56.846931
v -57.440369 4.507127 56.632904
v -57.440369 4.513022 57.060966
v -57.566574 4.513022 57.060966
v -58.589809 4.524191 59.212158
v -58.589809 4.630813 59.210693
v -58.589809 4.505349 57.844009
v -58.589809 4.611972 57.842537
v -57.276958 4.524191 59.212158
v -57.276958 4.630813 59.210693
v -57.276958 4.505349 57.844009
v -57.276958 4.611972 57.842537
v -57.676590 4.505349 57.844009
v -57.676590 4.611972 57.842537
v -57.676590 4.524191 59.212158
v -57.676590 4.630813 59.210693
v -58.133198 4.505349 57.844009
v -58.133198 4.630813 59.210693
v -58.133198 4.611972 57.842537
v -58.133198 4.524191 59.212158
v -58.589809 4.514771 58.528084
v -58.589809 4.621392 58.526615
v -57.276958 4.514771 58.528084
v -57.276958 4.621392 58.526615
v -57.676590 4.621392 58.526615
v -57.676590 4.514771 58.528084
v -58.133198 4.514771 58.528084
v -58.133198 4.621392 58.526615
v -57.566574 4.516381 58.644993
v -57.440369 4.519328 58.859024
v -57.440369 4.516381 58.644993
v -57.676590 4.522275 59.073055
v -57.676590 4.516381 58.644993
v -57.440369 4.522275 59.073055
v -57.566574 4.522275 59.073055
v -58.400108 4.625950 58.857555
v -58.400108 4.623003 58.643524
v -58.255909 4.623003 58.643524
v -58.400108 4.628897 59.071587
v -58.255909 4.628897 59.071587
v -58.133198 4.628897 59.071587
v -58.133198 4.623003 58.643524
v -57.676590 4.628897 59.071587
v -57.676590 4.623003 58.643524
v -57.440369 4.623003 58.643524
v -57.566574 4.623003 58.643524
v -57.440369 4.628897 59.071587
v -57.566574 4.628897 59.071587
v -57.440369 4.625950 58.857555
v -57.854973 4.519328 58.859024
v -57.985504 4.516381 58.644993
v -57.710773 4.522275 59.073055
v -57.710773 4.516381 58.644993
v -57.854973 4.516381 58.644993
v -57.985504 4.522275 59.073055
v -58.111710 4.522275 59.073055
v -58.133198 4.522275 59.073055
v -58.133198 4.516381 58.644993
v -58.111710 4.516381 58.644993
v -57.854973 4.522275 59.073055
v -57.985504 4.519328 58.859024
v -58.255909 4.516381 58.644993
v -58.400108 4.516381 58.644993
v -58.400108 4.522275 59.073055
v -58.400108 4.519328 58.859024
v -58.255909 4.522275 59.073055
v -58.111710 4.628897 59.071587
v -58.111710 4.623003 58.643524
v -57.854973 4.623003 58.643524
v -57.985504 4.625950 58.857555
v -57.985504 4.623003 58.643524
v -57.985504 4.628897 59.071587
v -57.854973 4.628897 59.071587
v -57.854973 4.625950 58.857555
v -57.710773 4.623003 58.643524
v -57.710773 4.628897 59.071587
v -58.133198 4.619644 58.399681
v -58.111710 4.619644 58.399681
v -58.133198 4.613748 57.971622
v -58.111710 4.613748 57.971622
v -57.985504 4.616697 58.185654
v -57.854973 4.613748 57.971622
v -57.985504 4.613748 57.971622
v -57.985504 4.619644 58.399681
v -57.854973 4.619644 58.399681
v -57.854973 4.616697 58.185654
v -57.710773 4.619644 58.399681
v -57.676590 4.619644 58.399681
v -57.676590 4.613748 57.971622
v -57.710773 4.613748 57.971622
v -58.255909 4.507127 57.973091
v -58.400108 4.507127 57.973091
v -58.133198 4.513023 58.401154
v -58.133198 4.507127 57.973091
v -58.400108 4.513023 58.401154
v -58.400108 4.510074 58.187122
v -58.255909 4.513023 58.401154
v -57.854973 4.510074 58.187122
v -57.854973 4.507127 57.973091
v -57.985504 4.507127 57.973091
v -57.710773 4.513023 58.401154
v -57.676590 4.513023 58.401154
v -57.676590 4.507127 57.973091
v -57.710773 4.507127 57.973091
v -58.111710 4.513023 58.401154
v -58.111710 4.507127 57.973091
v -57.854973 4.513023 58.401154
v -57.985504 4.513023 58.401154
v -57.985504 4.510074 58.187122
v -57.440369 4.613748 57.971622
v -57.566574 4.613748 57.971622
v -57.566574 4.619644 58.399681
v -57.440369 4.616697 58.185654
v -57.440369 4.619644 58.399681
v -58.400108 4.616697 58.185654
v -58.255909 4.613748 57.971622
v -58.400108 4.613748 57.971622
v -58.400108 4.619644 58.399681
v -58.255909 4.619644 58.399681
v -57.566574 4.507127 57.973091
v -57.440369 4.510074 58.187122
v -57.440369 4.507127 57.973091
v -57.440369 4.513023 58.401154
v -57.566574 4.513023 58.401154
v -57.276958 4.524190 49.822643
v -57.276958 4.630812 49.821175
v -57.276958 4.505349 48.454491
v -57.276958 4.611971 48.453022
v -55.964108 4.524190 49.822643
v -55.964108 4.630812 49.821175
v -55.964108 4.505349 48.454491
v -55.964108 4.611971 48.453022
v -56.363739 4.505349 48.454491
v -56.363739 4.611971 48.453022
v -56.363739 4.524190 49.822643
v -56.363739 4.630812 49.821175
v -56.820347 4.505349 48.454491
v -56.820347 4.630812 49.821175
v -56.820347 4.611971 48.453022
v -56.820347 4.524190 49.822643
v -57.276958 4.514769 49.138569
v -57.276958 4.621391 49.137100
v -55.964108 4.514769 49.138569
v -55.964108 4.621391 49.137100
v -56.363739 4.621391 49.137100
v -56.363739 4.514769 49.138569
v -56.820347 4.514769 49.138569
v -56.820347 4.621391 49.137100
v -56.253723 4.516380 49.255478
v -56.127518 4.519327 49.469509
v -56.127518 4.516380 49.255478
v -56.363739 4.522274 49.683540
v -56.363739 4.516380 49.255478
v -56.127518 4.522274 49.683540
v -56.253723 4.522274 49.683540
v -57.087257 4.625949 49.468040
v -57.087257 4.623001 49.254009
v -56.943058 4.623001 49.254009
v -57.087257 4.628896 49.682072
v -56.943058 4.628896 49.682072
v -56.820347 4.628896 49.682072
v -56.820347 4.623001 49.254009
v -56.363739 4.628896 49.682072
v -56.363739 4.623001 49.254009
v -56.127518 4.623001 49.254009
v -56.253723 4.623001 49.254009
v -56.127518 4.628896 49.682072
v -56.253723 4.628896 49.682072
v -56.127518 4.625949 49.468040
v -56.542122 4.519327 49.469509
v -56.672653 4.516380 49.255478
v -56.397919 4.522274 49.683540
v -56.397919 4.516380 49.255478
v -56.542122 4.516380 49.255478
v -56.672653 4.522274 49.683540
v -56.798859 4.522274 49.683540
v -56.820347 4.522274 49.683540
v -56.820347 4.516380 49.255478
v -56.798859 4.516380 49.255478
v -56.542122 4.522274 49.683540
v -56.672653 4.519327 49.469509
v -56.943058 4.516380 49.255478
v -57.087257 4.516380 49.255478
v -57.087257 4.522274 49.683540
v -57.087257 4.519327 49.469509
v -56.943058 4.522274 49.683540
v -56.798859 4.628896 49.682072
v -56.798859 4.623001 49.254009
v -56.542122 4.623001 49.254009
v -56.672653 4.625949 49.468040
v -56.672653 4.623001 49.254009
v -56.672653 4.628896 49.682072
v -56.542122 4.628896 49.682072
v -56.542122 4.625949 49.468040
v -56.397919 4.623001 49.254009
v -56.397919 4.628896 49.682072
v -56.820347 4.619643 49.010166
v -56.798859 4.619643 49.010166
v -56.820347 4.613748 48.582108
v -56.798859 4.613748 48.582108
v -56.672653 4.616696 48.796135
v -56.542122 4.613748 48.582108
v -56.672653 4.613748 48.582108
v -56.672653 4.619643 49.010166
v -56.542122 4.619643 49.010166
v -56.542122 4.616696 48.796135
v -56.397919 4.619643 49.010166
v -56.363739 4.619643 49.010166
v -56.363739 4.613748 48.582108
v -56.397919 4.613748 48.582108
v -56.943058 4.507127 48.583572
v -57.087257 4.507127 48.583572
v -56.820347 4.513021 49.011635
v -56.820347 4.507127 48.583572
v -57.087257 4.513021 49.011635
v -57.087257 4.510074 48.797604
v -56.943058 4.513021 49.011635
v -56.542122 4.510074 48.797604
v -56.542122 4.507127 48.583572
v -56.672653 4.507127 48.583572
v -56.397919 4.513021 49.011635
v -56.363739 4.513021 49.011635
v -56.363739 4.507127 48.583572
v -56.397919 4.507127 48.583572
v -56.798859 4.513021 49.011635
v -56.798859 4.507127 48.583572
v -56.542122 4.513021 49.011635
v -56.672653 4.513021 49.011635
v -56.672653 4.510074 48.797604
v -56.127518 4.613748 48.582108
v -56.253723 4.613748 48.582108
v -56.253723 4.619643 49.010166
v -56.127518 4.616696 48.796135
v -56.127518 4.619643 49.010166
v -57.087257 4.616696 48.796135
v -56.943058 4.613748 48.582108
v -57.087257 4.613748 48.582108
v -57.087257 4.619643 49.010166
v -56.943058 4.619643 49.010166
v -56.253723 4.507127 48.583572
v -56.127518 4.510074 48.797604
v -56.127518 4.507127 48.583572
v -56.127518 4.513021 49.011635
v -56.253723 4.513021 49.011635
v -57.276958 4.524190 51.162830
v -57.276958 4.630812 51.161362
v -57.276958 4.505349 49.794678
v -57.276958 4.611971 49.793209
v -55.964108 4.524190 51.162830
v -55.964108 4.630812 51.161362
v -55.964108 4.505349 49.794678
v -55.964108 4.611971 49.793209
v -56.363739 4.505349 49.794678
v -56.363739 4.611971 49.793209
v -56.363739 4.524190 51.162830
v -56.363739 4.630812 51.161362
v -56.820347 4.505349 49.794678
v -56.820347 4.630812 51.161362
v -56.820347 4.611971 49.793209
v -56.820347 4.524190 51.162830
v -57.276958 4.514769 50.478756
v -57.276958 4.621391 50.477287
v -55.964108 4.514769 50.478756
v -55.964108 4.621391 50.477287
v -56.363739 4.621391 50.477287
v -56.363739 4.514769 50.478756
v -56.820347 4.514769 50.478756
v -56.820347 4.621391 50.477287
v -56.253723 4.516380 50.595665
v -56.127518 4.519327 50.809696
v -56.127518 4.516380 50.595665
v -56.363739 4.522274 51.023727
v -56.363739 4.516380 50.595665
v -56.127518 4.522274 51.023727
v -56.253723 4.522274 51.023727
v -57.087257 4.625949 50.808228
v -57.087257 4.623001 50.594196
v -56.943058 4.623001 50.594196
v -57.087257 4.628896 51.022259
v -56.943058 4.628896 51.022259
v -56.820347 4.628896 51.022259
v -56.820347 4.623001 50.594196
v -56.363739 4.628896 51.022259
v -56.363739 4.623001 50.594196
v -56.127518 4.623001 50.594196
v -56.253723 4.623001 50.594196
v -56.127518 4.628896 51.022259
v -56.253723 4.628896 51.022259
v -56.127518 4.625949 50.808228
v -56.542122 4.519327 50.809696
v -56.672653 4.516380 50.595665
v -56.397919 4.522274 51.023727
v -56.397919 4.516380 50.595665
v -56.542122 4.516380 50.595665
v -56.672653 4.522274 51.023727
v -56.798859 4.522274 51.023727
v -56.820347 4.522274 51.023727
v -56.820347 4.516380 50.595665
v -56.798859 4.516380 50.595665
v -56.542122 4.522274 51.023727
v -56.672653 4.519327 50.809696
v -56.943058 4.516380 50.595665
v -57.087257 4.516380 50.595665
v -57.087257 4.522274 51.023727
v -57.087257 4.519327 50.809696
v -56.943058 4.522274 51.023727
v -56.798859 4.628896 51.022259
v -56.798859 4.623001 50.594196
v -56.542122 4.623001 50.594196
v -56.672653 4.625949 50.808228
v -56.672653 4.623001 50.594196
v -56.672653 4.628896 51.022259
v -56.542122 4.628896 51.022259
v -56.542122 4.625949 50.808228
v -56.397919 4.623001 50.594196
v -56.397919 4.628896 51.022259
v -56.820347 4.619643 50.350353
v -56.798859 4.619643 50.350353
v -56.820347 4.613748 49.922295
v -56.798859 4.613748 49.922295
v -56.672653 4.616696 50.136322
v -56.542122 4.613748 49.922295
v -56.672653 4.613748 49.922295
v -56.672653 4.619643 50.350353
v -56.542122 4.619643 50.350353
v -56.542122 4.616696 50.136322
v -56.397919 4.619643 50.350353
v -56.363739 4.619643 50.350353
v -56.363739 4.613748 49.922295
v -56.397919 4.613748 49.922295
v -56.943058 4.507127 49.923759
v -57.087257 4.507127 49.923759
v -56.820347 4.513021 50.351822
v -56.820347 4.507127 49.923759
v -57.087257 4.513021 50.351822
v -57.087257 4.510074 50.137791
v -56.943058 4.513021 50.351822
v -56.542122 4.510074 50.137791
v -56.542122 4.507127 49.923759
v -56.672653 4.507127 49.923759
v -56.397919 4.513021 50.351822
v -56.363739 4.513021 50.351822
v -56.363739 4.507127 49.923759
v -56.397919 4.507127 49.923759
v -56.798859 4.513021 50.351822
v -56.798859 4.507127 49.923759
v -56.542122 4.513021 50.351822
v -56.672653 4.513021 50.351822
v -56.672653 4.510074 50.137791
v -56.127518 4.613748 49.922295
v -56.253723 4.613748 49.922295
v -56.253723 4.619643 50.350353
v -56.127518 4.616696 50.136322
v -56.127518 4.619643 50.350353
v -57.087257 4.616696 50.136322
v -56.943058 4.613748 49.922295
v -57.087257 4.613748 49.922295
v -57.087257 4.619643 50.350353
v -56.943058 4.619643 50.350353
v -56.253723 4.507127 49.923759
v -56.127518 4.510074 50.137791
v -56.127518 4.507127 49.923759
v -56.127518 4.513021 50.351822
v -56.253723 4.513021 50.351822
v -57.276958 4.524190 52.483322
v -57.276958 4.630812 52.481853
v -57.276958 4.505349 51.115170
v -57.276958 4.611971 51.113701
v -55.964108 4.524190 52.483322
v -55.964108 4.630812 52.481853
v -55.964108 4.505349 51.115170
v -55.964108 4.611971 51.113701
v -56.363739 4.505349 51.115170
v -56.363739 4.611971 51.113701
v -56.363739 4.524190 52.483322
v -56.363739 4.630812 52.481853
v -56.820347 4.505349 51.115170
v -56.820347 4.630812 52.481853
v -56.820347 4.611971 51.113701
v -56.820347 4.524190 52.483322
v -57.276958 4.514769 51.799244
v -57.276958 4.621391 51.797775
v -55.964108 4.514769 51.799244
v -55.964108 4.621391 51.797775
v -56.363739 4.621391 51.797775
v -56.363739 4.514769 51.799244
v -56.820347 4.514769 51.799244
v -56.820347 4.621391 51.797775
v -56.253723 4.516380 51.916153
v -56.127518 4.519327 52.130184
v -56.127518 4.516380 51.916153
v -56.363739 4.522274 52.344215
v -56.363739 4.516380 51.916153
v -56.127518 4.522274 52.344215
v -56.253723 4.522274 52.344215
v -57.087257 4.625950 52.128716
v -57.087257 4.623001 51.914684
v -56.943058 4.623001 51.914684
v -57.087257 4.628896 52.342747
v -56.943058 4.628896 52.342747
v -56.820347 4.628896 52.342747
v -56.820347 4.623001 51.914684
v -56.363739 4.628896 52.342747
v -56.363739 4.623001 51.914684
v -56.127518 4.623001 51.914684
v -56.253723 4.623001 51.914684
v -56.127518 4.628896 52.342747
v -56.253723 4.628896 52.342747
v -56.127518 4.625950 52.128716
v -56.542122 4.519327 52.130184
v -56.672653 4.516380 51.916153
v -56.397919 4.522274 52.344215
v -56.397919 4.516380 51.916153
v -56.542122 4.516380 51.916153
v -56.672653 4.522274 52.344215
v -56.798859 4.522274 52.344215
v -56.820347 4.522274 52.344215
v -56.820347 4.516380 51.916153
v -56.798859 4.516380 51.916153
v -56.542122 4.522274 52.344215
v -56.672653 4.519327 52.130184
v -56.943058 4.516380 51.916153
v -57.087257 4.516380 51.916153
v -57.087257 4.522274 52.344215
v -57.087257 4.519327 52.130184
v -56.943058 4.522274 52.344215
v -56.798859 4.628896 52.342747
v -56.798859 4.623001 51.914684
v -56.542122 4.623001 51.914684
v -56.672653 4.625950 52.128716
v -56.672653 4.623001 51.914684
v -56.672653 4.628896 52.342747
v -56.542122 4.628896 52.342747
v -56.542122 4.625950 52.128716
v -56.397919 4.623001 51.914684
v -56.397919 4.628896 52.342747
v -56.820347 4.619643 51.670845
v -56.798859 4.619643 51.670845
v -56.820347 4.613748 51.242783
v -56.798859 4.613748 51.242783
v -56.672653 4.616696 51.456814
v -56.542122 4.613748 51.242783
v -56.672653 4.613748 51.242783
v -56.672653 4.619643 51.670845
v -56.542122 4.619643 51.670845
v -56.542122 4.616696 51.456814
v -56.397919 4.619643 51.670845
v -56.363739 4.619643 51.670845
v -56.363739 4.613748 51.242783
v -56.397919 4.613748 51.242783
v -56.943058 4.507127 51.244251
v -57.087257 4.507127 51.244251
v -56.820347 4.513021 51.672314
v -56.820347 4.507127 51.244251
v -57.087257 4.513021 51.672314
v -57.087257 4.510074 51.458282
v -56.943058 4.513021 51.672314
v -56.542122 4.510074 51.458282
v -56.542122 4.507127 51.244251
v -56.672653 4.507127 51.244251
v -56.397919 4.513021 51.672314
v -56.363739 4.513021 51.672314
v -56.363739 4.507127 51.244251
v -56.397919 4.507127 51.244251
v -56.798859 4.513021 51.672314
v -56.798859 4.507127 51.244251
v -56.542122 4.513021 51.672314
v -56.672653 4.513021 51.672314
v -56.672653 4.510074 51.458282
v -56.127518 4.613748 51.242783
v -56.253723 4.613748 51.242783
v -56.253723 4.619643 51.670845
v -56.127518 4.616696 51.456814
v -56.127518 4.619643 51.670845
v -57.087257 4.616696 51.456814
v -56.943058 4.613748 51.242783
v -57.087257 4.613748 51.242783
v -57.087257 4.619643 51.670845
v -56.943058 4.619643 51.670845
v -56.253723 4.507127 51.244251
v -56.127518 4.510074 51.458282
v -56.127518 4.507127 51.244251
v -56.127518 4.513021 51.672314
v -56.253723 4.513021 51.672314
v -57.276958 4.524190 53.823509
v -57.276958 4.630812 53.822041
v -57.276958 4.505349 52.455353
v -57.276958 4.611972 52.453888
v -55.964108 4.524190 53.823509
v -55.964108 4.630812 53.822041
v -55.964108 4.505349 52.455353
v -55.964108 4.611972 52.453888
v -56.363739 4.505349 52.455353
v -56.363739 4.611972 52.453888
v -56.363739 4.524190 53.823509
v -56.363739 4.630812 53.822041
v -56.820347 4.505349 52.455353
v -56.820347 4.630812 53.822041
v -56.820347 4.611972 52.453888
v -56.820347 4.524190 53.823509
v -57.276958 4.514769 53.139431
v -57.276958 4.621391 53.137962
v -55.964108 4.514769 53.139431
v -55.964108 4.621391 53.137962
v -56.363739 4.621391 53.137962
v -56.363739 4.514769 53.139431
v -56.820347 4.514769 53.139431
v -56.820347 4.621391 53.137962
v -56.253723 4.516380 53.256340
v -56.127518 4.519327 53.470371
v -56.127518 4.516380 53.256340
v -56.363739 4.522274 53.684402
v -56.363739 4.516380 53.256340
v -56.127518 4.522274 53.684402
v -56.253723 4.522274 53.684402
v -57.087257 4.625950 53.468903
v -57.087257 4.623001 53.254871
v -56.943058 4.623001 53.254871
v -57.087257 4.628896 53.682934
v -56.943058 4.628896 53.682934
v -56.820347 4.628896 53.682934
v -56.820347 4.623001 53.254871
v -56.363739 4.628896 53.682934
v -56.363739 4.623001 53.254871
v -56.127518 4.623001 53.254871
v -56.253723 4.623001 53.254871
v -56.127518 4.628896 53.682934
v -56.253723 4.628896 53.682934
v -56.127518 4.625950 53.468903
v -56.542122 4.519327 53.470371
v -56.672653 4.516380 53.256340
v -56.397919 4.522274 53.684402
v -56.397919 4.516380 53.256340
v -56.542122 4.516380 53.256340
v -56.672653 4.522274 53.684402
v -56.798859 4.522274 53.684402
v -56.820347 4.522274 53.684402
v -56.820347 4.516380 53.256340
v -56.798859 4.516380 53.256340
v -56.542122 4.522274 53.684402
v -56.672653 4.519327 53.470371
v -56.943058 4.516380 53.256340
v -57.087257 4.516380 53.256340
v -57.087257 4.522274 53.684402
v -57.087257 4.519327 53.470371
v -56.943058 4.522274 53.684402
v -56.798859 4.628896 53.682934
v -56.798859 4.623001 53.254871
v -56.542122 4.623001 53.254871
v -56.672653 4.625950 53.468903
v -56.672653 4.623001 53.254871
v -56.672653 4.628896 53.682934
v -56.542122 4.628896 53.682934
v -56.542122 4.625950 53.468903
v -56.397919 4.623001 53.254871
v -56.397919 4.628896 53.682934
v -56.820347 4.619643 53.011032
v -56.798859 4.619643 53.011032
v -56.820347 4.613748 52.582970
v -56.798859 4.613748 52.582970
v -56.672653 4.616697 52.797001
v -56.542122 4.613748 52.582970
v -56.672653 4.613748 52.582970
v -56.672653 4.619643 53.011032
v -56.542122 4.619643 53.011032
v -56.542122 4.616697 52.797001
v -56.397919 4.619643 53.011032
v -56.363739 4.619643 53.011032
v -56.363739 4.613748 52.582970
v -56.397919 4.613748 52.582970
v -56.943058 4.507127 52.584438
v -57.087257 4.507127 52.584438
v -56.820347 4.513021 53.012497
v -56.820347 4.507127 52.584438
v -57.087257 4.513021 53.012497
v -57.087257 4.510074 52.798470
v -56.943058 4.513021 53.012497
v -56.542122 4.510074 52.798470
v -56.542122 4.507127 52.584438
v -56.672653 4.507127 52.584438
v -56.397919 4.513021 53.012497
v -56.363739 4.513021 53.012497
v -56.363739 4.507127 52.584438
v -56.397919 4.507127 52.584438
v -56.798859 4.513021 53.012497
v -56.798859 4.507127 52.584438
v -56.542122 4.513021 53.012497
v -56.672653 4.513021 53.012497
v -56.672653 4.510074 52.798470
v -56.127518 4.613748 52.582970
v -56.253723 4.613748 52.582970
v -56.253723 4.619643 53.011032
v -56.127518 4.616697 52.797001
v -56.127518 4.619643 53.011032
v -57.087257 4.616697 52.797001
v -56.943058 4.613748 52.582970
v -57.087257 4.613748 52.582970
v -57.087257 4.619643 53.011032
v -56.943058 4.619643 53.011032
v -56.253723 4.507127 52.584438
v -56.127518 4.510074 52.798470
v -56.127518 4.507127 52.584438
v -56.127518 4.513021 53.012497
v -56.253723 4.513021 53.012497
v -57.276958 4.524190 55.211296
v -57.276958 4.630812 55.209827
v -57.276958 4.505349 53.843143
v -57.276958 4.611972 53.841675
v -55.964108 4.524190 55.211296
v -55.964108 4.630812 55.209827
v -55.964108 4.505349 53.843143
v -55.964108 4.611972 53.841675
v -56.363739 4.505349 53.843143
v -56.363739 4.611972 53.841675
v -56.363739 4.524190 55.211296
v -56.363739 4.630812 55.209827
v -56.820347 4.505349 53.843143
v -56.820347 4.630812 55.209827
v -56.820347 4.611972 53.841675
v -56.820347 4.524190 55.211296
v -57.276958 4.514769 54.527222
v -57.276958 4.621391 54.525753
v -55.964108 4.514769 54.527222
v -55.964108 4.621391 54.525753
v -56.363739 4.621391 54.525753
v -56.363739 4.514769 54.527222
v -56.820347 4.514769 54.527222
v -56.820347 4.621391 54.525753
v -56.253723 4.516380 54.644131
v -56.127518 4.519327 54.858162
v -56.127518 4.516380 54.644131
v -56.363739 4.522274 55.072189
v -56.363739 4.516380 54.644131
v -56.127518 4.522274 55.072189
v -56.253723 4.522274 55.072189
v -57.087257 4.625950 54.856693
v -57.087257 4.623001 54.642662
v -56.943058 4.623001 54.642662
v -57.087257 4.628896 55.070724
v -56.943058 4.628896 55.070724
v -56.820347 4.628896 55.070724
v -56.820347 4.623001 54.642662
v -56.363739 4.628896 55.070724
v -56.363739 4.623001 54.642662
v -56.127518 4.623001 54.642662
v -56.253723 4.623001 54.642662
v -56.127518 4.628896 55.070724
v -56.253723 4.628896 55.070724
v -56.127518 4.625950 54.856693
v -56.542122 4.519327 54.858162
v -56.672653 4.516380 54.644131
v -56.397919 4.522274 55.072189
v -56.397919 4.516380 54.644131
v -56.542122 4.516380 54.644131
v -56.672653 4.522274 55.072189
v -56.798859 4.522274 55.072189
v -56.820347 4.522274 55.072189
v -56.820347 4.516380 54.644131
v -56.798859 4.516380 54.644131
v -56.542122 4.522274 55.072189
v -56.672653 4.519327 54.858162
v -56.943058 4.516380 54.644131
v -57.087257 4.516380 54.644131
v -57.087257 4.522274 55.072189
v -57.087257 4.519327 54.858162
v -56.943058 4.522274 55.072189
v -56.798859 4.628896 55.070724
v -56.798859 4.623001 54.642662
v -56.542122 4.623001 54.642662
v -56.672653 4.625950 54.856693
v -56.672653 4.623001 54.642662
v -56.672653 4.628896 55.070724
v -56.542122 4.628896 55.070724
v -56.542122 4.625950 54.856693
v -56.397919 4.623001 54.642662
v -56.397919 4.628896 55.070724
v -56.820347 4.619643 54.398819
v -56.798859 4.619643 54.398819
v -56.820347 4.613748 53.970757
v -56.798859 4.613748 53.970757
v -56.672653 4.616697 54.184788
v -56.542122 4.613748 53.970757
v -56.672653 4.613748 53.970757
v -56.672653 4.619643 54.398819
v -56.542122 4.619643 54.398819
v -56.542122 4.616697 54.184788
v -56.397919 4.619643 54.398819
v -56.363739 4.619643 54.398819
v -56.363739 4.613748 53.970757
v -56.397919 4.613748 53.970757
v -56.943058 4.507127 53.972225
v -57.087257 4.507127 53.972225
v -56.820347 4.513022 54.400288
v -56.820347 4.507127 53.972225
v -57.087257 4.513022 54.400288
v -57.087257 4.510074 54.186256
v -56.943058 4.513022 54.400288
v -56.542122 4.510074 54.186256
v -56.542122 4.507127 53.972225
v -56.672653 4.507127 53.972225
v -56.397919 4.513022 54.400288
v -56.363739 4.513022 54.400288
v -56.363739 4.507127 53.972225
v -56.397919 4.507127 53.972225
v -56.798859 4.513022 54.400288
v -56.798859 4.507127 53.972225
v -56.542122 4.513022 54.400288
v -56.672653 4.513022 54.400288
v -56.672653 4.510074 54.186256
v -56.127518 4.613748 53.970757
v -56.253723 4.613748 53.970757
v -56.253723 4.619643 54.398819
v -56.127518 4.616697 54.184788
v -56.127518 4.619643 54.398819
v -57.087257 4.616697 54.184788
v -56.943058 4.613748 53.970757
v -57.087257 4.613748 53.970757
v -57.087257 4.619643 54.398819
v -56.943058 4.619643 54.398819
v -56.253723 4.507127 53.972225
v -56.127518 4.510074 54.186256
v -56.127518 4.507127 53.972225
v -56.127518 4.513022 54.400288
v -56.253723 4.513022 54.400288
v -57.276958 4.524190 56.551483
v -57.276958 4.630812 56.550014
v -57.276958 4.505349 55.183331
v -57.276958 4.611972 55.181862
v -55.964108 4.524190 56.551483
v -55.964108 4.630812 56.550014
v -55.964108 4.505349 55.183331
v -55.964108 4.611972 55.181862
v -56.363739 4.505349 55.183331
v -56.363739 4.611972 55.181862
v -56.363739 4.524190 56.551483
v -56.363739 4.630812 56.550014
v -56.820347 4.505349 55.183331
v -56.820347 4.630812 56.550014
v -56.820347 4.611972 55.181862
v -56.820347 4.524190 56.551483
v -57.276958 4.514769 55.867409
v -57.276958 4.621391 55.865940
v -55.964108 4.514769 55.867409
v -55.964108 4.621391 55.865940
v -56.363739 4.621391 55.865940
v -56.363739 4.514769 55.867409
v -56.820347 4.514769 55.867409
v -56.820347 4.621391 55.865940
v -56.253723 4.516380 55.984318
v -56.127518 4.519327 56.198349
v -56.127518 4.516380 55.984318
v -56.363739 4.522274 56.412376
v -56.363739 4.516380 55.984318
v -56.127518 4.522274 56.412376
v -56.253723 4.522274 56.412376
v -57.087257 4.625950 56.196880
v -57.087257 4.623001 55.982849
v -56.943058 4.623001 55.982849
v -57.087257 4.628896 56.410912
v -56.943058 4.628896 56.410912
v -56.820347 4.628896 56.410912
v -56.820347 4.623001 55.982849
v -56.363739 4.628896 56.410912
v -56.363739 4.623001 55.982849
v -56.127518 4.623001 55.982849
v -56.253723 4.623001 55.982849
v -56.127518 4.628896 56.410912
v -56.253723 4.628896 56.410912
v -56.127518 4.625950 56.196880
v -56.542122 4.519327 56.198349
v -56.672653 4.516380 55.984318
v -56.397919 4.522274 56.412376
v -56.397919 4.516380 55.984318
v -56.542122 4.516380 55.984318
v -56.672653 4.522274 56.412376
v -56.798859 4.522274 56.412376
v -56.820347 4.522274 56.412376
v -56.820347 4.516380 55.984318
v -56.798859 4.516380 55.984318
v -56.542122 4.522274 56.412376
v -56.672653 4.519327 56.198349
v -56.943058 4.516380 55.984318
v -57.087257 4.516380 55.984318
v -57.087257 4.522274 56.412376
v -57.087257 4.519327 56.198349
v -56.943058 4.522274 56.412376
v -56.798859 4.628896 56.410912
v -56.798859 4.623001 55.982849
v -56.542122 4.623001 55.982849
v -56.672653 4.625950 56.196880
v -56.672653 4.623001 55.982849
v -56.672653 4.628896 56.410912
v -56.542122 4.628896 56.410912
v -56.542122 4.625950 56.196880
v -56.397919 4.623001 55.982849
v -56.397919 4.628896 56.410912
v -56.820347 4.619643 55.739006
v -56.798859 4.619643 55.739006
v -56.820347 4.613748 55.310944
v -56.798859 4.613748 55.310944
v -56.672653 4.616697 55.524975
v -56.542122 4.613748 55.310944
v -56.672653 4.613748 55.310944
v -56.672653 4.619643 55.739006
v -56.542122 4.619643 55.739006
v -56.542122 4.616697 55.524975
v -56.397919 4.619643 55.739006
v -56.363739 4.619643 55.739006
v -56.363739 4.613748 55.310944
v -56.397919 4.613748 55.310944
v -56.943058 4.507127 55.312412
v -57.087257 4.507127 55.312412
v -56.820347 4.513022 55.740475
v -56.820347 4.507127 55.312412
v -57.087257 4.513022 55.740475
v -57.087257 4.510074 55.526443
v -56.943058 4.513022 55.740475
v -56.542122 4.510074 55.526443
v -56.542122 4.507127 55.312412
v -56.672653 4.507127 55.312412
v -56.397919 4.513022 55.740475
v -56.363739 4.513022 55.740475
v -56.363739 4.507127 55.312412
v -56.397919 4.507127 55.312412
v -56.798859 4.513022 55.740475
v -56.798859 4.507127 55.312412
v -56.542122 4.513022 55.740475
v -56.672653 4.513022 55.740475
v -56.672653 4.510074 55.526443
v -56.127518 4.613748 55.310944
v -56.253723 4.613748 55.310944
v -56.253723 4.619643 55.739006
v -56.127518 4.616697 55.524975
v -56.127518 4.619643 55.739006
v -57.087257 4.616697 55.524975
v -56.943058 4.613748 55.310944
v -57.087257 4.613748 55.310944
v -57.087257 4.619643 55.739006
v -56.943058 4.619643 55.739006
v -56.253723 4.507127 55.312412
v -56.127518 4.510074 55.526443
v -56.127518 4.507127 55.312412
v -56.127518 4.513022 55.740475
v -56.253723 4.513022 55.740475
v -57.276958 4.524190 57.871971
v -57.276958 4.630812 57.870506
v -57.276958 4.505349 56.503822
v -57.276958 4.611972 56.502354
v -55.964108 4.524190 57.871971
v -55.964108 4.630812 57.870506
v -55.964108 4.505349 56.503822
v -55.964108 4.611972 56.502354
v -56.363739 4.505349 56.503822
v -56.363739 4.611972 56.502354
v -56.363739 4.524190 57.871971
v -56.363739 4.630812 57.870506
v -56.820347 4.505349 56.503822
v -56.820347 4.630812 57.870506
v -56.820347 4.611972 56.502354
v -56.820347 4.524190 57.871971
v -57.276958 4.514769 57.187897
v -57.276958 4.621391 57.186428
v -55.964108 4.514769 57.187897
v -55.964108 4.621391 57.186428
v -56.363739 4.621391 57.186428
v -56.363739 4.514769 57.187897
v -56.820347 4.514769 57.187897
v -56.820347 4.621391 57.186428
v -56.253723 4.516380 57.304806
v -56.127518 4.519327 57.518837
v -56.127518 4.516380 57.304806
v -56.363739 4.522274 57.732868
v -56.363739 4.516380 57.304806
v -56.127518 4.522274 57.732868
v -56.253723 4.522274 57.732868
v -57.087257 4.625950 57.517368
v -57.087257 4.623001 57.303337
v -56.943058 4.623001 57.303337
v -57.087257 4.628896 57.731400
v -56.943058 4.628896 57.731400
v -56.820347 4.628896 57.731400
v -56.820347 4.623001 57.303337
v -56.363739 4.628896 57.731400
v -56.363739 4.623001 57.303337
v -56.127518 4.623001 57.303337
v -56.253723 4.623001 57.303337
v -56.127518 4.628896 57.731400
v -56.253723 4.628896 57.731400
v -56.127518 4.625950 57.517368
v -56.542122 4.519327 57.518837
v -56.672653 4.516380 57.304806
v -56.397919 4.522274 57.732868
v -56.397919 4.516380 57.304806
v -56.542122 4.516380 57.304806
v -56.672653 4.522274 57.732868
v -56.798859 4.522274 57.732868
v -56.820347 4.522274 57.732868
v -56.820347 4.516380 57.304806
v -56.798859 4.516380 57.304806
v -56.542122 4.522274 57.732868
v -56.672653 4.519327 57.518837
v -56.943058 4.516380 57.304806
v -57.087257 4.516380 57.304806
v -57.087257 4.522274 57.732868
v -57.087257 4.519327 57.518837
v -56.943058 4.522274 57.732868
v -56.798859 4.628896 57.731400
v -56.798859 4.623001 57.303337
v -56.542122 4.623001 57.303337
v -56.672653 4.625950 57.517368
v -56.672653 4.623001 57.303337
v -56.672653 4.628896 57.731400
v -56.542122 4.628896 57.731400
v -56.542122 4.625950 57.517368
v -56.397919 4.623001 57.303337
v -56.397919 4.628896 57.731400
v -56.820347 4.619643 57.059498
v -56.798859 4.619643 57.059498
v -56.820347 4.613748 56.631435
v -56.798859 4.613748 56.631435
v -56.672653 4.616697 56.845467
v -56.542122 4.613748 56.631435
v -56.672653 4.613748 56.631435
v -56.672653 4.619643 57.059498
v -56.542122 4.619643 57.059498
v -56.542122 4.616697 56.845467
v -56.397919 4.619643 57.059498
v -56.363739 4.619643 57.059498
v -56.363739 4.613748 56.631435
v -56.397919 4.613748 56.631435
v -56.943058 4.507127 56.632904
v -57.087257 4.507127 56.632904
v -56.820347 4.513022 57.060966
v -56.820347 4.507127 56.632904
v -57.087257 4.513022 57.060966
v -57.087257 4.510074 56.846931
v -56.943058 4.513022 57.060966
v -56.542122 4.510074 56.846931
v -56.542122 4.507127 56.632904
v -56.672653 4.507127 56.632904
v -56.397919 4.513022 57.060966
v -56.363739 4.513022 57.060966
v -56.363739 4.507127 56.632904
v -56.397919 4.507127 56.632904
v -56.798859 4.513022 57.060966
v -56.798859 4.507127 56.632904
v -56.542122 4.513022 57.060966
v -56.672653 4.513022 57.060966
v -56.672653 4.510074 56.846931
v -56.127518 4.613748 56.631435
v -56.253723 4.613748 56.631435
v -56.253723 4.619643 57.059498
v -56.127518 4.616697 56.845467
v -56.127518 4.619643 57.059498
v -57.087257 4.616697 56.845467
v -56.943058 4.613748 56.631435
v -57.087257 4.613748 56.631435
v -57.087257 4.619643 57.059498
v -56.943058 4.619643 57.059498
v -56.253723 4.507127 56.632904
v -56.127518 4.510074 56.846931
v -56.127518 4.507127 56.632904
v -56.127518 4.513022 57.060966
v -56.253723 4.513022 57.060966
v -57.276958 4.524191 59.212158
v -57.276958 4.630813 59.210693
v -57.276958 4.505349 57.844009
v -57.276958 4.611972 57.842537
v -55.964108 4.524191 59.212158
v -55.964108 4.630813 59.210693
v -55.964108 4.505349 57.844009
v -55.964108 4.611972 57.842537
v -56.363739 4.505349 57.844009
v -56.363739 4.611972 57.842537
v -56.363739 4.524191 59.212158
v -56.363739 4.630813 59.210693
v -56.820347 4.505349 57.844009
v -56.820347 4.630813 59.210693
v -56.820347 4.611972 57.842537
v -56.820347 4.524191 59.212158
v -57.276958 4.514771 58.528084
v -57.276958 4.621392 58.526615
v -55.964108 4.514771 58.528084
v -55.964108 4.621392 58.526615
v -56.363739 4.621392 58.526615
v -56.363739 4.514771 58.528084
v -56.820347 4.514771 58.528084
v -56.820347 4.621392 58.526615
v -56.253723 4.516381 58.644993
v -56.127518 4.519328 58.859024
v -56.127518 4.516381 58.644993
v -56.363739 4.522275 59.073055
v -56.363739 4.516381 58.644993
v -56.127518 4.522275 59.073055
v -56.253723 4.522275 59.073055
v -57.087257 4.625950 58.857555
v -57.087257 4.623003 58.643524
v -56.943058 4.623003 58.643524
v -57.087257 4.628897 59.071587
v -56.943058 4.628897 59.071587
v -56.820347 4.628897 59.071587
v -56.820347 4.623003 58.643524
v -56.363739 4.628897 59.071587
v -56.363739 4.623003 58.643524
v -56.127518 4.623003 58.643524
v -56.253723 4.623003 58.643524
v -56.127518 4.628897 59.071587
v -56.253723 4.628897 59.071587
v -56.127518 4.625950 58.857555
v -56.542122 4.519328 58.859024
v -56.672653 4.516381 58.644993
v -56.397919 4.522275 59.073055
v -56.397919 4.516381 58.644993
v -56.542122 4.516381 58.644993
v -56.672653 4.522275 59.073055
v -56.798859 4.522275 59.073055
v -56.820347 4.522275 59.073055
v -56.820347 4.516381 58.644993
v -56.798859 4.516381 58.644993
v -56.542122 4.522275 59.073055
v -56.672653 4.519328 58.859024
v -56.943058 4.516381 58.644993
v -57.087257 4.516381 58.644993
v -57.087257 4.522275 59.073055
v -57.087257 4.519328 58.859024
v -56.943058 4.522275 59.073055
v -56.798859 4.628897 59.071587
v -56.798859 4.623003 58.643524
v -56.542122 4.623003 58.643524
v -56.672653 4.625950 58.857555
v -56.672653 4.623003 58.643524
v -56.672653 4.628897 59.071587
v -56.542122 4.628897 59.071587
v -56.542122 4.625950 58.857555
v -56.397919 4.623003 58.643524
v -56.397919 4.628897 59.071587
v -56.820347 4.619644 58.399681
v -56.798859 4.619644 58.399681
v -56.820347 4.613748 57.971622
v -56.798859 4.613748 57.971622
v -56.672653 4.616697 58.185654
v -56.542122 4.613748 57.971622
v -56.672653 4.613748 57.971622
v -56.672653 4.619644 58.399681
v -56.542122 4.619644 58.399681
v -56.542122 4.616697 58.185654
v -56.397919 4.619644 58.399681
v -56.363739 4.619644 58.399681
v -56.363739 4.613748 57.971622
v -56.397919 4.613748 57.971622
v -56.943058 4.507127 57.973091
v -57.087257 4.507127 57.973091
v -56.820347 4.513023 58.401154
v -56.820347 4.507127 57.973091
v -57.087257 4.513023 58.401154
v -57.087257 4.510074 58.187122
v -56.943058 4.513023 58.401154
v -56.542122 4.510074 58.187122
v -56.542122 4.507127 57.973091
v -56.672653 4.507127 57.973091
v -56.397919 4.513023 58.401154
v -56.363739 4.513023 58.401154
v -56.363739 4.507127 57.973091
v -56.397919 4.507127 57.973091
v -56.798859 4.513023 58.401154
v -56.798859 4.507127 57.973091
v -56.542122 4.513023 58.401154
v -56.672653 4.513023 58.401154
v -56.672653 4.510074 58.187122
v -56.127518 4.613748 57.971622
v -56.253723 4.613748 57.971622
v -56.253723 4.619644 58.399681
v -56.127518 4.616697 58.185654
v -56.127518 4.619644 58.399681
v -57.087257 4.616697 58.185654
v -56.943058 4.613748 57.971622
v -57.087257 4.613748 57.971622
v -57.087257 4.619644 58.399681
v -56.943058 4.619644 58.399681
v -56.253723 4.507127 57.973091
v -56.127518 4.510074 58.187122
v -56.127518 4.507127 57.973091
v -56.127518 4.513023 58.401154
v -56.253723 4.513023 58.401154
v -55.964108 4.524190 49.822643
v -55.964108 4.630812 49.821175
v -55.964108 4.505349 48.454491
v -55.964108 4.611971 48.453022
v -54.651257 4.524190 49.822643
v -54.651257 4.630812 49.821175
v -54.651257 4.505349 48.454491
v -54.651257 4.611971 48.453022
v -55.050888 4.505349 48.454491
v -55.050888 4.611971 48.453022
v -55.050888 4.524190 49.822643
v -55.050888 4.630812 49.821175
v -55.507496 4.505349 48.454491
v -55.507496 4.630812 49.821175
v -55.507496 4.611971 48.453022
v -55.507496 4.524190 49.822643
v -55.964108 4.514769 49.138569
v -55.964108 4.621391 49.137100
v -54.651257 4.514769 49.138569
v -54.651257 4.621391 49.137100
v -55.050888 4.621391 49.137100
v -55.050888 4.514769 49.138569
v -55.507496 4.514769 49.138569
v -55.507496 4.621391 49.137100
v -54.940872 4.516380 49.255478
v -54.814667 4.519327 49.469509
v -54.814667 4.516380 49.255478
v -55.050888 4.522274 49.683540
v -55.050888 4.516380 49.255478
v -54.814667 4.522274 49.683540
v -54.940872 4.522274 49.683540
v -55.774406 4.625949 49.468040
v -55.774406 4.623001 49.254009
v -55.630207 4.623001 49.254009
v -55.774406 4.628896 49.682072
v -55.630207 4.628896 49.682072
v -55.507496 4.628896 49.682072
v -55.507496 4.623001 49.254009
v -55.050888 4.628896 49.682072
v -55.050888 4.623001 49.254009
v -54.814667 4.623001 49.254009
v -54.940872 4.623001 49.254009
v -54.814667 4.628896 49.682072
v -54.940872 4.628896 49.682072
v -54.814667 4.625949 49.468040
v -55.229271 4.519327 49.469509
v -55.359802 4.516380 49.255478
v -55.085068 4.522274 49.683540
v -55.085068 4.516380 49.255478
v -55.229271 4.516380 49.255478
v -55.359802 4.522274 49.683540
v -55.486008 4.522274 49.683540
v -55.507496 4.522274 49.683540
v -55.507496 4.516380 49.255478
v -55.486008 4.516380 49.255478
v -55.229271 4.522274 49.683540
v -55.359802 4.519327 49.469509
v -55.630207 4.516380 49.255478
v -55.774406 4.516380 49.255478
v -55.774406 4.522274 49.683540
v -55.774406 4.519327 49.469509
v -55.630207 4.522274 49.683540
v -55.486008 4.628896 49.682072
v -55.486008 4.623001 49.254009
v -55.229271 4.623001 49.254009
v -55.359802 4.625949 49.468040
v -55.359802 4.623001 49.254009
v -55.359802 4.628896 49.682072
v -55.229271 4.628896 49.682072
v -55.229271 4.625949 49.468040
v -55.085068 4.623001 49.254009
v -55.085068 4.628896 49.682072
v -55.507496 4.619643 49.010166
v -55.486008 4.619643 49.010166
v -55.507496 4.613748 48.582108
v -55.486008 4.613748 48.582108
v -55.359802 4.616696 48.796135
v -55.229271 4.613748 48.582108
v -55.359802 4.613748 48.582108
v -55.359802 4.619643 49.010166
v -55.229271 4.619643 49.010166
v -55.229271 4.616696 48.796135
v -55.085068 4.619643 49.010166
v -55.050888 4.619643 49.010166
v -55.050888 4.613748 48.582108
v -55.085068 4.613748 48.582108
v -55.630207 4.507127 48.583572
v -55.774406 4.507127 48.583572
v -55.507496 4.513021 49.011635
v -55.507496 4.507127 48.583572
v -55.774406 4.513021 49.011635
v -55.774406 4.510074 48.797604
v -55.630207 4.513021 49.011635
v -55.229271 4.510074 48.797604
v -55.229271 4.507127 48.583572
v -55.359802 4.507127 48.583572
v -55.085068 4.513021 49.011635
v -55.050888 4.513021 49.011635
v -55.050888 4.507127 48.583572
v -55.085068 4.507127 48.583572
v -55.486008 4.513021 49.011635
v -55.486008 4.507127 48.583572
v -55.229271 4.513021 49.011635
v -55.359802 4.513021 49.011635
v -55.359802 4.510074 48.797604
v -54.814667 4.613748 48.582108
v -54.940872 4.613748 48.582108
v -54.940872 4.619643 49.010166
v -54.814667 4.616696 48.796135
v -54.814667 4.619643 49.010166
v -55.774406 4.616696 48.796135
v -55.630207 4.613748 48.582108
v -55.774406 4.613748 48.582108
v -55.774406 4.619643 49.010166
v -55.630207 4.619643 49.010166
v -54.940872 4.507127 48.583572
v -54.814667 4.510074 48.797604
v -54.814667 4.507127 48.583572
v -54.814667 4.513021 49.011635
v -54.940872 4.513021 49.011635
v -55.964108 4.524190 51.162830
v -55.964108 4.630812 51.161362
v -55.964108 4.505349 49.794678
v -55.964108 4.611971 49.793209
v -54.651257 4.524190 51.162830
v -54.651257 4.630812 51.161362
v -54.651257 4.505349 49.794678
v -54.651257 4.611971 49.793209
v -55.050888 4.505349 49.794678
v -55.050888 4.611971 49.793209
v -55.050888 4.524190 51.162830
v -55.050888 4.630812 51.161362
v -55.507496 4.505349 49.794678
v -55.507496 4.630812 51.161362
v -55.507496 4.611971 49.793209
v -55.507496 4.524190 51.162830
v -55.964108 4.514769 50.478756
v -55.964108 4.621391 50.477287
v -54.651257 4.514769 50.478756
v -54.651257 4.621391 50.477287
v -55.050888 4.621391 50.477287
v -55.050888 4.514769 50.478756
v -55.507496 4.514769 50.478756
v -55.507496 4.621391 50.477287
v -54.940872 4.516380 50.595665
v -54.814667 4.519327 50.809696
v -54.814667 4.516380 50.595665
v -55.050888 4.522274 51.023727
v -55.050888 4.516380 50.595665
v -54.814667 4.522274 51.023727
v -54.940872 4.522274 51.023727
v -55.774406 4.625949 50.808228
v -55.774406 4.623001 50.594196
v -55.630207 4.623001 50.594196
v -55.774406 4.628896 51.022259
v -55.630207 4.628896 51.022259
v -55.507496 4.628896 51.022259
v -55.507496 4.623001 50.594196
v -55.050888 4.628896 51.022259
v -55.050888 4.623001 50.594196
v -54.814667 4.623001 50.594196
v -54.940872 4.623001 50.594196
v -54.814667 4.628896 51.022259
v -54.940872 4.628896 51.022259
v -54.814667 4.625949 50.808228
v -55.229271 4.519327 50.809696
v -55.359802 4.516380 50.595665
v -55.085068 4.522274 51.023727
v -55.085068 4.516380 50.595665
v -55.229271 4.516380 50.595665
v -55.359802 4.522274 51.023727
v -55.486008 4.522274 51.023727
v -55.507496 4.522274 51.023727
v -55.507496 4.516380 50.595665
v -55.486008 4.516380 50.595665
v -55.229271 4.522274 51.023727
v -55.359802 4.519327 50.809696
v -55.630207 4.516380 50.595665
v -55.774406 4.516380 50.595665
v -55.774406 4.522274 51.023727
v -55.774406 4.519327 50.809696
v -55.630207 4.522274 51.023727
v -55.486008 4.628896 51.022259
v -55.486008 4.623001 50.594196
v -55.229271 4.623001 50.594196
v -55.359802 4.625949 50.808228
v -55.359802 4.623001 50.594196
v -55.359802 4.628896 51.022259
v -55.229271 4.628896 51.022259
v -55.229271 4.625949 50.808228
v -55.085068 4.623001 50.594196
v -55.085068 4.628896 51.022259
v -55.507496 4.619643 50.350353
v -55.486008 4.619643 50.350353
v -55.507496 4.613748 49.922295
v -55.486008 4.613748 49.922295
v -55.359802 4.616696 50.136322
v -55.229271 4.613748 49.922295
v -55.359802 4.613748 49.922295
v -55.359802 4.619643 50.350353
v -55.229271 4.619643 50.350353
v -55.229271 4.616696 50.136322
v -55.085068 4.619643 50.350353
v -55.050888 4.619643 50.350353
v -55.050888 4.613748 49.922295
v -55.085068 4.613748 49.922295
v -55.630207 4.507127 49.923759
v -55.774406 4.507127 49.923759
v -55.507496 4.513021 50.351822
v -55.507496 4.507127 49.923759
v -55.774406 4.513021 50.351822
v -55.774406 4.510074 50.137791
v -55.630207 4.513021 50.351822
v -55.229271 4.510074 50.137791
v -55.229271 4.507127 49.923759
v -55.359802 4.507127 49.923759
v -55.085068 4.513021 50.351822
v -55.050888 4.513021 50.351822
v -55.050888 4.507127 49.923759
v -55.085068 4.507127 49.923759
v -55.486008 4.513021 50.351822
v -55.486008 4.507127 49.923759
v -55.229271 4.513021 50.351822
v -55.359802 4.513021 50.351822
v -55.359802 4.510074 50.137791
v -54.814667 4.613748 49.922295
v -54.940872 4.613748 49.922295
v -54.940872 4.619643 50.350353
v -54.814667 4.616696 50.136322
v -54.814667 4.619643 50.350353
v -55.774406 4.616696 50.136322
v -55.630207 4.613748 49.922295
v -55.774406 4.613748 49.922295
v -55.774406 4.619643 50.350353
v -55.630207 4.619643 50.350353
v -54.940872 4.507127 49.923759
v -54.814667 4.510074 50.137791
v -54.814667 4.507127 49.923759
v -54.814667 4.513021 50.351822
v -54.940872 4.513021 50.351822
v -55.964108 4.524190 52.483322
v -55.964108 4.630812 52.481853
v -55.964108 4.505349 51.115170
v -55.964108 4.611971 51.113701
v -54.651257 4.524190 52.483322
v -54.651257 4.630812 52.481853
v -54.651257 4.505349 51.115170
v -54.651257 4.611971 51.113701
v -55.050888 4.505349 51.115170
v -55.050888 4.611971 51.113701
v -55.050888 4.524190 52.483322
v -55.050888 4.630812 52.481853
v -55.507496 4.505349 51.115170
v -55.507496 4.630812 52.481853
v -55.507496 4.611971 51.113701
v -55.507496 4.524190 52.483322
v -55.964108 4.514769 51.799244
v -55.964108 4.621391 51.797775
v -54.651257 4.514769 51.799244
v -54.651257 4.621391 51.797775
v -55.050888 4.621391 51.797775
v -55.050888 4.514769 51.799244
v -55.507496 4.514769 51.799244
v -55.507496 4.621391 51.797775
v -54.940872 4.516380 51.916153
v -54.814667 4.519327 52.130184
v -54.814667 4.516380 51.916153
v -55.050888 4.522274 52.344215
v -55.050888 4.516380 51.916153
v -54.814667 4.522274 52.344215
v -54.940872 4.522274 52.344215
v -55.774406 4.625950 52.128716
v -55.774406 4.623001 51.914684
v -55.630207 4.623001 51.914684
v -55.774406 4.628896 52.342747
v -55.630207 4.628896 52.342747
v -55.507496 4.628896 52.342747
v -55.507496 4.623001 51.914684
v -55.050888 4.628896 52.342747
v -55.050888 4.623001 51.914684
v -54.814667 4.623001 51.914684
v -54.940872 4.623001 51.914684
v -54.814667 4.628896 52.342747
v -54.940872 4.628896 52.342747
v -54.814667 4.625950 52.128716
v -55.229271 4.519327 52.130184
v -55.359802 4.516380 51.916153
v -55.085068 4.522274 52.344215
v -55.085068 4.516380 51.916153
v -55.229271 4.516380 51.916153
v -55.359802 4.522274 52.344215
v -55.486008 4.522274 52.344215
v -55.507496 4.522274 52.344215
v -55.507496 4.516380 51.916153
v -55.486008 4.516380 51.916153
v -55.229271 4.522274 52.344215
v -55.359802 4.519327 52.130184
v -55.630207 4.516380 51.916153
v -55.774406 4.516380 51.916153
v -55.774406 4.522274 52.344215
v -55.774406 4.519327 52.130184
v -55.630207 4.522274 52.344215
v -55.486008 4.628896 52.342747
v -55.486008 4.623001 51.914684
v -55.229271 4.623001 51.914684
v -55.359802 4.625950 52.128716
v -55.359802 4.623001 51.914684
v -55.359802 4.628896 52.342747
v -55.229271 4.628896 52.342747
v -55.229271 4.625950 52.128716
v -55.085068 4.623001 51.914684
v -55.085068 4.628896 52.342747
v -55.507496 4.619643 51.670845
v -55.486008 4.619643 51.670845
v -55.507496 4.613748 51.242783
v -55.486008 4.613748 51.242783
v -55.359802 4.616696 51.456814
v -55.229271 4.613748 51.242783
v -55.359802 4.613748 51.242783
v -55.359802 4.619643 51.670845
v -55.229271 4.619643 51.670845
v -55.229271 4.616696 51.456814
v -55.085068 4.619643 51.670845
v -55.050888 4.619643 51.670845
v -55.050888 4.613748 51.242783
v -55.085068 4.613748 51.242783
v -55.630207 4.507127 51.244251
v -55.774406 4.507127 51.244251
v -55.507496 4.513021 51.672314
v -55.507496 4.507127 51.244251
v -55.774406 4.513021 51.672314
v -55.774406 4.510074 51.458282
v -55.630207 4.513021 51.672314
v -55.229271 4.510074 51.458282
v -55.229271 4.507127 51.244251
v -55.359802 4.507127 51.244251
v -55.085068 4.513021 51.672314
v -55.050888 4.513021 51.672314
v -55.050888 4.507127 51.244251
v -55.085068 4.507127 51.244251
v -55.486008 4.513021 51.672314
v -55.486008 4.507127 51.244251
v -55.229271 4.513021 51.672314
v -55.359802 4.513021 51.672314
v -55.359802 4.510074 51.458282
v -54.814667 4.613748 51.242783
v -54.940872 4.613748 51.242783
v -54.940872 4.619643 51.670845
v -54.814667 4.616696 51.456814
v -54.814667 4.619643 51.670845
v -55.774406 4.616696 51.456814
v -55.630207 4.613748 51.242783
v -55.774406 4.613748 51.242783
v -55.774406 4.619643 51.670845
v -55.630207 4.619643 51.670845
v -54.940872 4.507127 51.244251
v -54.814667 4.510074 51.458282
v -54.814667 4.507127 51.244251
v -54.814667 4.513021 51.672314
v -54.940872 4.513021 51.672314
v -55.964108 4.524190 53.823509
v -55.964108 4.630812 53.822041
v -55.964108 4.505349 52.455353
v -55.964108 4.611972 52.453888
v -54.651257 4.524190 53.823509
v -54.651257 4.630812 53.822041
v -54.651257 4.505349 52.455353
v -54.651257 4.611972 52.453888
v -55.050888 4.505349 52.455353
v -55.050888 4.611972 52.453888
v -55.050888 4.524190 53.823509
v -55.050888 4.630812 53.822041
v -55.507496 4.505349 52.455353
v -55.507496 4.630812 53.822041
v -55.507496 4.611972 52.453888
v -55.507496 4.524190 53.823509
v -55.964108 4.514769 53.139431
v -55.964108 4.621391 53.137962
v -54.651257 4.514769 53.139431
v -54.651257 4.621391 53.137962
v -55.050888 4.621391 53.137962
v -55.050888 4.514769 53.139431
v -55.507496 4.514769 53.139431
v -55.507496 4.621391 53.137962
v -54.940872 4.516380 53.256340
v -54.814667 4.519327 53.470371
v -54.814667 4.516380 53.256340
v -55.050888 4.522274 53.684402
v -55.050888 4.516380 53.256340
v -54.814667 4.522274 53.684402
v -54.940872 4.522274 53.684402
v -55.774406 4.625950 53.468903
v -55.774406 4.623001 53.254871
v -55.630207 4.623001 53.254871
v -55.774406 4.628896 53.682934
v -55.630207 4.628896 53.682934
v -55.507496 4.628896 53.682934
v -55.507496 4.623001 53.254871
v -55.050888 4.628896 53.682934
v -55.050888 4.623001 53.254871
v -54.814667 4.623001 53.254871
v -54.940872 4.623001 53.254871
v -54.814667 4.628896 53.682934
v -54.940872 4.628896 53.682934
v -54.814667 4.625950 53.468903
v -55.229271 4.519327 53.470371
v -55.359802 4.516380 53.256340
v -55.085068 4.522274 53.684402
v -55.085068 4.516380 53.256340
v -55.229271 4.516380 53.256340
v -55.359802 4.522274 53.684402
v -55.486008 4.522274 53.684402
v -55.507496 4.522274 53.684402
v -55.507496 4.516380 53.256340
v -55.486008 4.516380 53.256340
v -55.229271 4.522274 53.684402
v -55.359802 4.519327 53.470371
v -55.630207 4.516380 53.256340
v -55.774406 4.516380 53.256340
v -55.774406 4.522274 53.684402
v -55.774406 4.519327 53.470371
v -55.630207 4.522274 53.684402
v -55.486008 4.628896 53.682934
v -55.486008 4.623001 53.254871
v -55.229271 4.623001 53.254871
v -55.359802 4.625950 53.468903
v -55.359802 4.623001 53.254871
v -55.359802 4.628896 53.682934
v -55.229271 4.628896 53.682934
v -55.229271 4.625950 53.468903
v -55.085068 4.623001 53.254871
v -55.085068 4.628896 53.682934
v -55.507496 4.619643 53.011032
v -55.486008 4.619643 53.011032
v -55.507496 4.613748 52.582970
v -55.486008 4.613748 52.582970
v -55.359802 4.616697 52.797001
v -55.229271 4.613748 52.582970
v -55.359802 4.613748 52.582970
v -55.359802 4.619643 53.011032
v -55.229271 4.619643 53.011032
v -55.229271 4.616697 52.797001
v -55.085068 4.619643 53.011032
v -55.050888 4.619643 53.011032
v -55.050888 4.613748 52.582970
v -55.085068 4.613748 52.582970
v -55.630207 4.507127 52.584438
v -55.774406 4.507127 52.584438
v -55.507496 4.513021 53.012497
v -55.507496 4.507127 52.584438
v -55.774406 4.513021 53.012497
v -55.774406 4.510074 52.798470
v -55.630207 4.513021 53.012497
v -55.229271 4.510074 52.798470
v -55.229271 4.507127 52.584438
v -55.359802 4.507127 52.584438
v -55.085068 4.513021 53.012497
v -55.050888 4.513021 53.012497
v -55.050888 4.507127 52.584438
v -55.085068 4.507127 52.584438
v -55.486008 4.513021 53.012497
v -55.486008 4.507127 52.584438
v -55.229271 4.513021 53.012497
v -55.359802 4.513021 53.012497
v -55.359802 4.510074 52.798470
v -54.814667 4.613748 52.582970
v -54.940872 4.613748 52.582970
v -54.940872 4.619643 53.011032
v -54.814667 4.616697 52.797001
v -54.814667 4.619643 53.011032
v -55.774406 4.616697 52.797001
v -55.630207 4.613748 52.582970
v -55.774406 4.613748 52.582970
v -55.774406 4.619643 53.011032
v -55.630207 4.619643 53.011032
v -54.940872 4.507127 52.584438
v -54.814667 4.510074 52.798470
v -54.814667 4.507127 52.584438
v -54.814667 4.513021 53.012497
v -54.940872 4.513021 53.012497
v -55.964108 4.524190 55.211296
v -55.964108 4.630812 55.209827
v -55.964108 4.505349 53.843143
v -55.964108 4.611972 53.841675
v -54.651257 4.524190 55.211296
v -54.651257 4.630812 55.209827
v -54.651257 4.505349 53.843143
v -54.651257 4.611972 53.841675
v -55.050888 4.505349 53.843143
v -55.050888 4.611972 53.841675
v -55.050888 4.524190 55.211296
v -55.050888 4.630812 55.209827
v -55.507496 4.505349 53.843143
v -55.507496 4.630812 55.209827
v -55.507496 4.611972 53.841675
v -55.507496 4.524190 55.211296
v -55.964108 4.514769 54.527222
v -55.964108 4.621391 54.525753
v -54.651257 4.514769 54.527222
v -54.651257 4.621391 54.525753
v -55.050888 4.621391 54.525753
v -55.050888 4.514769 54.527222
v -55.507496 4.514769 54.527222
v -55.507496 4.621391 54.525753
v -54.940872 4.516380 54.644131
v -54.814667 4.519327 54.858162
v -54.814667 4.516380 54.644131
v -55.050888 4.522274 55.072189
v -55.050888 4.516380 54.644131
v -54.814667 4.522274 55.072189
v -54.940872 4.522274 55.072189
v -55.774406 4.625950 54.856693
v -55.774406 4.623001 54.642662
v -55.630207 4.623001 54.642662
v -55.774406 4.628896 55.070724
v -55.630207 4.628896 55.070724
v -55.507496 4.628896 55.070724
v -55.507496 4.623001 54.642662
v -55.050888 4.628896 55.070724
v -55.050888 4.623001 54.642662
v -54.814667 4.623001 54.642662
v -54.940872 4.623001 54.642662
v -54.814667 4.628896 55.070724
v -54.940872 4.628896 55.070724
v -54.814667 4.625950 54.856693
v -55.229271 4.519327 54.858162
v -55.359802 4.516380 54.644131
v -55.085068 4.522274 55.072189
v -55.085068 4.516380 54.644131
v -55.229271 4.516380 54.644131
v -55.359802 4.522274 55.072189
v -55.486008 4.522274 55.072189
v -55.507496 4.522274 55.072189
v -55.507496 4.516380 54.644131
v -55.486008 4.516380 54.644131
v -55.229271 4.522274 55.072189
v -55.359802 4.519327 54.858162
v -55.630207 4.516380 54.644131
v -55.774406 4.516380 54.644131
v -55.774406 4.522274 55.072189
v -55.774406 4.519327 54.858162
v -55.630207 4.522274 55.072189
v -55.486008 4.628896 55.070724
v -55.486008 4.623001 54.642662
v -55.229271 4.623001 54.642662
v -55.359802 4.625950 54.856693
v -55.359802 4.623001 54.642662
v -55.359802 4.628896 55.070724
v -55.229271 4.628896 55.070724
v -55.229271 4.625950 54.856693
v -55.085068 4.623001 54.642662
v -55.085068 4.628896 55.070724
v -55.507496 4.619643 54.398819
v -55.486008 4.619643 54.398819
v -55.507496 4.613748 53.970757
v -55.486008 4.613748 53.970757
v -55.359802 4.616697 54.184788
v -55.229271 4.613748 53.970757
v -55.359802 4.613748 53.970757
v -55.359802 4.619643 54.398819
v -55.229271 4.619643 54.398819
v -55.229271 4.616697 54.184788
v -55.085068 4.619643 54.398819
v -55.050888 4.619643 54.398819
v -55.050888 4.613748 53.970757
v -55.085068 4.613748 53.970757
v -55.630207 4.507127 53.972225
v -55.774406 4.507127 53.972225
v -55.507496 4.513022 54.400288
v -55.507496 4.507127 53.972225
v -55.774406 4.513022 54.400288
v -55.774406 4.510074 54.186256
v -55.630207 4.513022 54.400288
v -55.229271 4.510074 54.186256
v -55.229271 4.507127 53.972225
v -55.359802 4.507127 53.972225
v -55.085068 4.513022 54.400288
v -55.050888 4.513022 54.400288
v -55.050888 4.507127 53.972225
v -55.085068 4.507127 53.972225
v -55.486008 4.513022 54.400288
v -55.486008 4.507127 53.972225
v -55.229271 4.513022 54.400288
v -55.359802 4.513022 54.400288
v -55.359802 4.510074 54.186256
v -54.814667 4.613748 53.970757
v -54.940872 4.613748 53.970757
v -54.940872 4.619643 54.398819
v -54.814667 4.616697 54.184788
v -54.814667 4.619643 54.398819
v -55.774406 4.616697 54.184788
v -55.630207 4.613748 53.970757
v -55.774406 4.613748 53.970757
v -55.774406 4.619643 54.398819
v -55.630207 4.619643 54.398819
v -54.940872 4.507127 53.972225
v -54.814667 4.510074 54.186256
v -54.814667 4.507127 53.972225
v -54.814667 4.513022 54.400288
v -54.940872 4.513022 54.400288
v -55.964108 4.524190 56.551483
v -55.964108 4.630812 56.550014
v -55.964108 4.505349 55.183331
v -55.964108 4.611972 55.181862
v -54.651257 4.524190 56.551483
v -54.651257 4.630812 56.550014
v -54.651257 4.505349 55.183331
v -54.651257 4.611972 55.181862
v -55.050888 4.505349 55.183331
v -55.050888 4.611972 55.181862
v -55.050888 4.524190 56.551483
v -55.050888 4.630812 56.550014
v -55.507496 4.505349 55.183331
v -55.507496 4.630812 56.550014
v -55.507496 4.611972 55.181862
v -55.507496 4.524190 56.551483
v -55.964108 4.514769 55.867409
v -55.964108 4.621391 55.865940
v -54.651257 4.514769 55.867409
v -54.651257 4.621391 55.865940
v -55.050888 4.621391 55.865940
v -55.050888 4.514769 55.867409
v -55.507496 4.514769 55.867409
v -55.507496 4.621391 55.865940
v -54.940872 4.516380 55.984318
v -54.814667 4.519327 56.198349
v -54.814667 4.516380 55.984318
v -55.050888 4.522274 56.412376
v -55.050888 4.516380 55.984318
v -54.814667 4.522274 56.412376
v -54.940872 4.522274 56.412376
v -55.774406 4.625950 56.196880
v -55.774406 4.623001 55.982849
v -55.630207 4.623001 55.982849
v -55.774406 4.628896 56.410912
v -55.630207 4.628896 56.410912
v -55.507496 4.628896 56.410912
v -55.507496 4.623001 55.982849
v -55.050888 4.628896 56.410912
v -55.050888 4.623001 55.982849
v -54.814667 4.623001 55.982849
v -54.940872 4.623001 55.982849
v -54.814667 4.628896 56.410912
v -54.940872 4.628896 56.410912
v -54.814667 4.625950 56.196880
v -55.229271 4.519327 56.198349
v -55.359802 4.516380 55.984318
v -55.085068 4.522274 56.412376
v -55.085068 4.516380 55.984318
v -55.229271 4.516380 55.984318
v -55.359802 4.522274 56.412376
v -55.486008 4.522274 56.412376
v -55.507496 4.522274 56.412376
v -55.507496 4.516380 55.984318
v -55.486008 4.516380 55.984318
v -55.229271 4.522274 56.412376
v -55.359802 4.519327 56.198349
v -55.630207 4.516380 55.984318
v -55.774406 4.516380 55.984318
v -55.774406 4.522274 56.412376
v -55.774406 4.519327 56.198349
v -55.630207 4.522274 56.412376
v -55.486008 4.628896 56.410912
v -55.486008 4.623001 55.982849
v -55.229271 4.623001 55.982849
v -55.359802 4.625950 56.196880
v -55.359802 4.623001 55.982849
v -55.359802 4.628896 56.410912
v -55.229271 4.628896 56.410912
v -55.229271 4.625950 56.196880
v -55.085068 4.623001 55.982849
v -55.085068 4.628896 56.410912
v -55.507496 4.619643 55.739006
v -55.486008 4.619643 55.739006
v -55.507496 4.613748 55.310944
v -55.486008 4.613748 55.310944
v -55.359802 4.616697 55.524975
v -55.229271 4.613748 55.310944
v -55.359802 4.613748 55.310944
v -55.359802 4.619643 55.739006
v -55.229271 4.619643 55.739006
v -55.229271 4.616697 55.524975
v -55.085068 4.619643 55.739006
v -55.050888 4.619643 55.739006
v -55.050888 4.613748 55.310944
v -55.085068 4.613748 55.310944
v -55.630207 4.507127 55.312412
v -55.774406 4.507127 55.312412
v -55.507496 4.513022 55.740475
v -55.507496 4.507127 55.312412
v -55.774406 4.513022 55.740475
v -55.774406 4.510074 55.526443
v -55.630207 4.513022 55.740475
v -55.229271 4.510074 55.526443
v -55.229271 4.507127 55.312412
v -55.359802 4.507127 55.312412
v -55.085068 4.513022 55.740475
v -55.050888 4.513022 55.740475
v -55.050888 4.507127 55.312412
v -55.085068 4.507127 55.312412
v -55.486008 4.513022 55.740475
v -55.486008 4.507127 55.312412
v -55.229271 4.513022 55.740475
v -55.359802 4.513022 55.740475
v -55.359802 4.510074 55.526443
v -54.814667 4.613748 55.310944
v -54.940872 4.613748 55.310944
v -54.940872 4.619643 55.739006
v -54.814667 4.616697 55.524975
v -54.814667 4.619643 55.739006
v -55.774406 4.616697 55.524975
v -55.630207 4.613748 55.310944
v -55.774406 4.613748 55.310944
v -55.774406 4.619643 55.739006
v -55.630207 4.619643 55.739006
v -54.940872 4.507127 55.312412
v -54.814667 4.510074 55.526443
v -54.814667 4.507127 55.312412
v -54.814667 4.513022 55.740475
v -54.940872 4.513022 55.740475
v -55.964108 4.524190 57.871971
v -55.964108 4.630812 57.870506
v -55.964108 4.505349 56.503822
v -55.964108 4.611972 56.502354
v -54.651257 4.524190 57.871971
v -54.651257 4.630812 57.870506
v -54.651257 4.505349 56.503822
v -54.651257 4.611972 56.502354
v -55.050888 4.505349 56.503822
v -55.050888 4.611972 56.502354
v -55.050888 4.524190 57.871971
v -55.050888 4.630812 57.870506
v -55.507496 4.505349 56.503822
v -55.507496 4.630812 57.870506
v -55.507496 4.611972 56.502354
v -55.507496 4.524190 57.871971
v -55.964108 4.514769 57.187897
v -55.964108 4.621391 57.186428
v -54.651257 4.514769 57.187897
v -54.651257 4.621391 57.186428
v -55.050888 4.621391 57.186428
v -55.050888 4.514769 57.187897
v -55.507496 4.514769 57.187897
v -55.507496 4.621391 57.186428
v -54.940872 4.516380 57.304806
v -54.814667 4.519327 57.518837
v -54.814667 4.516380 57.304806
v -55.050888 4.522274 57.732868
v -55.050888 4.516380 57.304806
v -54.814667 4.522274 57.732868
v -54.940872 4.522274 57.732868
v -55.774406 4.625950 57.517368
v -55.774406 4.623001 57.303337
v -55.630207 4.623001 57.303337
v -55.774406 4.628896 57.731400
v -55.630207 4.628896 57.731400
v -55.507496 4.628896 57.731400
v -55.507496 4.623001 57.303337
v -55.050888 4.628896 57.731400
v -55.050888 4.623001 57.303337
v -54.814667 4.623001 57.303337
v -54.940872 4.623001 57.303337
v -54.814667 4.628896 57.731400
v -54.940872 4.628896 57.731400
v -54.814667 4.625950 57.517368
v -55.229271 4.519327 57.518837
v -55.359802 4.516380 57.304806
v -55.085068 4.522274 57.732868
v -55.085068 4.516380 57.304806
v -55.229271 4.516380 57.304806
v -55.359802 4.522274 57.732868
v -55.486008 4.522274 57.732868
v -55.507496 4.522274 57.732868
v -55.507496 4.516380 57.304806
v -55.486008 4.516380 57.304806
v -55.229271 4.522274 57.732868
v -55.359802 4.519327 57.518837
v -55.630207 4.516380 57.304806
v -55.774406 4.516380 57.304806
v -55.774406 4.522274 57.732868
v -55.774406 4.519327 57.518837
v -55.630207 4.522274 57.732868
v -55.486008 4.628896 57.731400
v -55.486008 4.623001 57.303337
v -55.229271 4.623001 57.303337
v -55.359802 4.625950 57.517368
v -55.359802 4.623001 57.303337
v -55.359802 4.628896 57.731400
v -55.229271 4.628896 57.731400
v -55.229271 4.625950 57.517368
v -55.085068 4.623001 57.303337
v -55.085068 4.628896 57.731400
v -55.507496 4.619643 57.059498
v -55.486008 4.619643 57.059498
v -55.507496 4.613748 56.631435
v -55.486008 4.613748 56.631435
v -55.359802 4.616697 56.845467
v -55.229271 4.613748 56.631435
v -55.359802 4.613748 56.631435
v -55.359802 4.619643 57.059498
v -55.229271 4.619643 57.059498
v -55.229271 4.616697 56.845467
v -55.085068 4.619643 57.059498
v -55.050888 4.619643 57.059498
v -55.050888 4.613748 56.631435
v -55.085068 4.613748 56.631435
v -55.630207 4.507127 56.632904
v -55.774406 4.507127 56.632904
v -55.507496 4.513022 57.060966
v -55.507496 4.507127 56.632904
v -55.774406 4.513022 57.060966
v -55.774406 4.510074 56.846931
v -55.630207 4.513022 57.060966
v -55.229271 4.510074 56.846931
v -55.229271 4.507127 56.632904
v -55.359802 4.507127 56.632904
v -55.085068 4.513022 57.060966
v -55.050888 4.513022 57.060966
v -55.050888 4.507127 56.632904
v -55.085068 4.507127 56.632904
v -55.486008 4.513022 57.060966
v -55.486008 4.507127 56.632904
v -55.229271 4.513022 57.060966
v -55.359802 4.513022 57.060966
v -55.359802 4.510074 56.846931
v -54.814667 4.613748 56.631435
v -54.940872 4.613748 56.631435
v -54.940872 4.619643 57.059498
v -54.814667 4.616697 56.845467
v -54.814667 4.619643 57.059498
v -55.774406 4.616697 56.845467
v -55.630207 4.613748 56.631435
v -55.774406 4.613748 56.631435
v -55.774406 4.619643 57.059498
v -55.630207 4.619643 57.059498
v -54.940872 4.507127 56.632904
v -54.814667 4.510074 56.846931
v -54.814667 4.507127 56.632904
v -54.814667 4.513022 57.060966
v -54.940872 4.513022 57.060966
v -55.964108 4.524191 59.212158
v -55.964108 4.630813 59.210693
v -55.964108 4.505349 57.844009
v -55.964108 4.611972 57.842537
v -54.651257 4.524191 59.212158
v -54.651257 4.630813 59.210693
v -54.651257 4.505349 57.844009
v -54.651257 4.611972 57.842537
v -55.050888 4.505349 57.844009
v -55.050888 4.611972 57.842537
v -55.050888 4.524191 59.212158
v -55.050888 4.630813 59.210693
v -55.507496 4.505349 57.844009
v -55.507496 4.630813 59.210693
v -55.507496 4.611972 57.842537
v -55.507496 4.524191 59.212158
v -55.964108 4.514771 58.528084
v -55.964108 4.621392 58.526615
v -54.651257 4.514771 58.528084
v -54.651257 4.621392 58.526615
v -55.050888 4.621392 58.526615
v -55.050888 4.514771 58.528084
v -55.507496 4.514771 58.528084
v -55.507496 4.621392 58.526615
v -54.940872 4.516381 58.644993
v -54.814667 4.519328 58.859024
v -54.814667 4.516381 58.644993
v -55.050888 4.522275 59.073055
v -55.050888 4.516381 58.644993
v -54.814667 4.522275 59.073055
v -54.940872 4.522275 59.073055
v -55.774406 4.625950 58.857555
v -55.774406 4.623003 58.643524
v -55.630207 4.623003 58.643524
v -55.774406 4.628897 59.071587
v -55.630207 4.628897 59.071587
v -55.507496 4.628897 59.071587
v -55.507496 4.623003 58.643524
v -55.050888 4.628897 59.071587
v -55.050888 4.623003 58.643524
v -54.814667 4.623003 58.643524
v -54.940872 4.623003 58.643524
v -54.814667 4.628897 59.071587
v -54.940872 4.628897 59.071587
v -54.814667 4.625950 58.857555
v -55.229271 4.519328 58.859024
v -55.359802 4.516381 58.644993
v -55.085068 4.522275 59.073055
v -55.085068 4.516381 58.644993
v -55.229271 4.516381 58.644993
v -55.359802 4.522275 59.073055
v -55.486008 4.522275 59.073055
v -55.507496 4.522275 59.073055
v -55.507496 4.516381 58.644993
v -55.486008 4.516381 58.644993
v -55.229271 4.522275 59.073055
v -55.359802 4.519328 58.859024
v -55.630207 4.516381 58.644993
v -55.774406 4.516381 58.644993
v -55.774406 4.522275 59.073055
v -55.774406 4.519328 58.859024
v -55.630207 4.522275 59.073055
v -55.486008 4.628897 59.071587
v -55.486008 4.623003 58.643524
v -55.229271 4.623003 58.643524
v -55.359802 4.625950 58.857555
v -55.359802 4.623003 58.643524
v -55.359802 4.628897 59.071587
v -55.229271 4.628897 59.071587
v -55.229271 4.625950 58.857555
v -55.085068 4.623003 58.643524
v -55.085068 4.628897 59.071587
v -55.507496 4.619644 58.399681
v -55.486008 4.619644 58.399681
v -55.507496 4.613748 57.971622
v -55.486008 4.613748 57.971622
v -55.359802 4.616697 58.185654
v -55.229271 4.613748 57.971622
v -55.359802 4.613748 57.971622
v -55.359802 4.619644 58.399681
v -55.229271 4.619644 58.399681
v -55.229271 4.616697 58.185654
v -55.085068 4.619644 58.399681
v -55.050888 4.619644 58.399681
v -55.050888 4.613748 57.971622
v -55.085068 4.613748 57.971622
v -55.630207 4.507127 57.973091
v -55.774406 4.507127 57.973091
v -55.507496 4.513023 58.401154
v -55.507496 4.507127 57.973091
v -55.774406 4.513023 58.401154
v -55.774406 4.510074 58.187122
v -55.630207 4.513023 58.401154
v -55.229271 4.510074 58.187122
v -55.229271 4.507127 57.973091
v -55.359802 4.507127 57.973091
v -55.085068 4.513023 58.401154
v -55.050888 4.513023 58.401154
v -55.050888 4.507127 57.973091
v -55.085068 4.507127 57.973091
v -55.486008 4.513023 58.401154
v -55.486008 4.507127 57.973091
v -55.229271 4.513023 58.401154
v -55.359802 4.513023 58.401154
v -55.359802 4.510074 58.187122
v -54.814667 4.613748 57.971622
v -54.940872 4.613748 57.971622
v -54.940872 4.619644 58.399681
v -54.814667 4.616697 58.185654
v -54.814667 4.619644 58.399681
v -55.774406 4.616697 58.185654
v -55.630207 4.613748 57.971622
v -55.774406 4.613748 57.971622
v -55.774406 4.619644 58.399681
v -55.630207 4.619644 58.399681
v -54.940872 4.507127 57.973091
v -54.814667 4.510074 58.187122
v -54.814667 4.507127 57.973091
v -54.814667 4.513023 58.401154
v -54.940872 4.513023 58.401154
vn -0.0809 -0.9966 0.0139
vn -0.0810 0.9966 -0.0137
vn -0.0807 0.9926 -0.0910
vn -0.0806 -0.9947 -0.0637
vn -0.0001 -0.9980 -0.0640
vn -0.0000 0.9958 -0.0914
vn 0.0807 0.9926 -0.0911
vn 0.0807 -0.9947 -0.0638
vn 0.0810 -0.9966 0.0135
vn 0.0810 0.9966 -0.0138
vn 0.0806 0.9947 0.0637
vn 0.0807 -0.9926 0.0911
vn -0.0003 -0.9958 0.0914
vn -0.0000 0.9980 0.0640
vn -0.0807 0.9947 0.0638
vn -0.0806 -0.9926 0.0910
vn -0.0000 -0.9958 0.0913
vn -0.0000 -0.9999 0.0138
vn -0.0000 -0.9958 0.0914
vn -0.0000 -0.9980 -0.0639
vn -0.0807 -0.9947 -0.0638
vn -0.0810 -0.9966 0.0138
vn -0.0000 0.9980 0.0639
vn -0.0000 0.9999 -0.0138
vn -0.0000 0.9958 -0.0913
vn 0.0807 0.9926 -0.0910
vn 0.0808 0.9966 -0.0137
vn 0.0806 0.9947 0.0638
vn -0.0810 0.9966 -0.0138
vn -0.0806 0.9926 -0.0910
vn 0.0807 -0.9926 0.0910
vn 0.0810 -0.9966 0.0137
vn 0.0806 -0.9947 -0.0638
vn 0.0810 0.9966 -0.0137
vn -0.0000 0.9980 0.0638
vn -0.0807 0.9926 -0.0911
vn 0.0806 -0.9926 0.0910
vn 0.0809 -0.9966 0.0137
vn -0.0808 -0.9966 0.0138
vn -0.0807 -0.9926 0.0911
vn -0.0807 -0.9926 0.0910
vn -0.0809 -0.9966 0.0138
vn 0.0806 -0.9947 -0.0637
vn 0.0001 -0.9958 0.0914
vn 0.0809 0.9966 -0.0137
vn -0.0002 -0.9980 -0.0640
vn 0.0808 -0.9966 0.0137
vn -0.0806 0.9926 -0.0911
vn -0.0807 -0.9947 -0.0637
vn -0.0809 0.9966 -0.0137
vn -0.0000 -0.9980 -0.0638
vn 0.0806 0.9926 -0.0912
vn 0.0002 -0.9958 0.0914
vn 0.0806 0.9926 -0.0910
vn -0.0809 0.9966 -0.0138
vn -0.0809 -0.9966 0.0134
vn -0.0810 -0.9966 0.0139
vn 0.0809 0.9966 -0.0138
vn -0.0003 -0.9958 0.0913
vn -0.0807 0.9947 0.0637
vn -0.0806 0.9947 0.0638
vn -0.0002 -0.9980 -0.0638
vn 0.0810 -0.9966 0.0134
vn -0.0004 -0.9958 0.0913
vn -0.0003 -0.9980 -0.0638
vn -0.0000 0.9958 -0.0912
vn 0.0806 0.9926 -0.0911
vn -0.0000 -0.9980 -0.0640
vn -0.0806 -0.9947 -0.0638
vn 0.0003 -0.9980 -0.0640
vn 0.0807 0.9947 0.0638
vn 0.0807 -0.9926 0.0909
vn -0.0806 0.9947 0.0637
vn -0.0806 -0.9926 0.0911
vn -0.0003 -0.9980 -0.0640
vn -0.0810 -0.9966 0.0135
vn 0.0809 -0.9966 0.0134
vn 0.0807 0.9926 -0.0909
vn 0.0809 -0.9966 0.0135
vn 0.0002 -0.9958 0.0913
vn 0.0807 0.9947 0.0637
vn 0.0001 -0.9958 0.0913
vn 0.0003 -0.9958 0.0914
vn -0.0809 -0.9966 0.0135
vn -0.0001 -0.9980 -0.0638
vn 0.0003 -0.9958 0.0913
vn -0.0808 0.9966 -0.0138
vn -0.0004 -0.9958 0.0914
vn 0.0805 0.9926 -0.0911
vn 0.0806 -0.9926 0.0911
vn -0.0810 -0.9966 0.0134
vn -0.0810 -0.9966 0.0140
vn -0.0805 0.9926 -0.0911
vn 0.0805 -0.9947 -0.0638
vn 0.0004 -0.9958 0.0914
vn 0.0001 -0.9980 -0.0640
vn -0.0809 -0.9966 0.0140
vn -0.0806 0.9926 -0.0912
vn -0.0002 -0.9980 -0.0639
vn -0.0002 -0.9958 0.0914
vn -0.0001 -0.9980 -0.0639
vt 0.375000 0.125000
vt 0.625000 0.125000
vt 0.625000 0.250000
vt 0.375000 0.250000
vt 0.375000 0.423900
vt 0.625000 0.423900
vt 0.625000 0.500000
vt 0.375000 0.500000
vt 0.375000 0.625000
vt 0.625000 0.625000
vt 0.625000 0.750000
vt 0.375000 0.750000
vt 0.375000 0.913050
vt 0.625000 0.913050
vt 0.625000 1.000000
vt 0.375000 1.000000
vt 0.298900 0.646363
vt 0.298900 0.625000
vt 0.298900 0.750000
vt 0.298900 0.724581
vt 0.319850 0.724581
vt 0.343883 0.724582
vt 0.343883 0.685472
vt 0.343883 0.646363
vt 0.319850 0.646363
vt 0.788050 0.646363
vt 0.788050 0.625000
vt 0.875000 0.625000
vt 0.875000 0.750000
vt 0.788050 0.750000
vt 0.788050 0.724581
vt 0.811417 0.724582
vt 0.838876 0.724581
vt 0.838876 0.685472
vt 0.838876 0.646363
vt 0.811417 0.646363
vt 0.701100 0.724581
vt 0.701100 0.750000
vt 0.701100 0.625000
vt 0.701100 0.646363
vt 0.680150 0.646363
vt 0.656117 0.646363
vt 0.656117 0.685472
vt 0.656117 0.724581
vt 0.680150 0.724581
vt 0.211950 0.625000
vt 0.292391 0.646363
vt 0.264932 0.646363
vt 0.264932 0.685472
vt 0.264932 0.724581
vt 0.292391 0.724582
vt 0.211950 0.750000
vt 0.211950 0.724581
vt 0.216042 0.724581
vt 0.240075 0.724581
vt 0.240075 0.685472
vt 0.240075 0.646363
vt 0.216042 0.646363
vt 0.211950 0.646363
vt 0.625000 0.826100
vt 0.375000 0.826100
vt 0.375000 0.336950
vt 0.625000 0.336950
vt 0.125000 0.750000
vt 0.125000 0.625000
vt 0.188583 0.646363
vt 0.161124 0.646363
vt 0.161124 0.685472
vt 0.161124 0.724582
vt 0.188583 0.724581
vt 0.783958 0.646363
vt 0.759925 0.646363
vt 0.759925 0.685472
vt 0.759925 0.724582
vt 0.783958 0.724581
vt 0.707609 0.724581
vt 0.735068 0.724581
vt 0.735068 0.685472
vt 0.735069 0.646363
vt 0.707609 0.646363
vt 0.788050 0.601806
vt 0.701100 0.601806
vt 0.707609 0.601806
vt 0.735068 0.601806
vt 0.735068 0.562696
vt 0.735068 0.523587
vt 0.707609 0.523587
vt 0.701100 0.523587
vt 0.701100 0.500000
vt 0.788050 0.500000
vt 0.788050 0.523587
vt 0.783958 0.523587
vt 0.759925 0.523587
vt 0.759925 0.562696
vt 0.759925 0.601806
vt 0.783958 0.601806
vt 0.125000 0.500000
vt 0.211950 0.500000
vt 0.211950 0.523587
vt 0.188583 0.523587
vt 0.161124 0.523587
vt 0.161124 0.562696
vt 0.161124 0.601806
vt 0.188583 0.601806
vt 0.211950 0.601806
vt 0.298900 0.500000
vt 0.298900 0.523587
vt 0.292391 0.523587
vt 0.264932 0.523587
vt 0.264932 0.562696
vt 0.264932 0.601806
vt 0.292391 0.601806
vt 0.298900 0.601806
vt 0.216042 0.601806
vt 0.240075 0.601806
vt 0.240075 0.562696
vt 0.240075 0.523587
vt 0.216042 0.523587
vt 0.680150 0.523587
vt 0.656117 0.523587
vt 0.656117 0.562696
vt 0.656117 0.601806
vt 0.680150 0.601806
vt 0.875000 0.500000
vt 0.811417 0.601806
vt 0.838876 0.601806
vt 0.838876 0.562696
vt 0.838876 0.523587
vt 0.811417 0.523587
vt 0.319850 0.601806
vt 0.343883 0.601806
vt 0.343883 0.562696
vt 0.343883 0.523587
vt 0.319850 0.523587
vt 0.375000 0.000000
vt 0.625000 0.000000
vt 0.447931 0.250000
vt 0.503882 0.250000
vt 0.503882 0.125000
vt 0.447931 0.125000
vt 0.447931 0.500000
vt 0.503882 0.500000
vt 0.503882 0.423900
vt 0.447931 0.423900
vt 0.503882 0.750000
vt 0.503882 0.625000
vt 0.447931 0.625000
vt 0.447931 0.750000
vt 0.503882 1.000000
vt 0.503882 0.913050
vt 0.447931 0.913050
vt 0.447931 1.000000
vt 0.503882 0.826100
vt 0.447931 0.826100
vt 0.503882 0.357562
vt 0.503882 0.336950
vt 0.447931 0.336950
vt 0.447931 0.357562
vt 0.503882 0.892438
vt 0.447931 0.892438
vt 0.503882 0.000000
vt 0.447931 0.000000
vt 0.551362 0.125000
vt 0.495411 0.125000
vt 0.495411 0.250000
vt 0.551362 0.250000
vt 0.551362 0.423900
vt 0.495411 0.423900
vt 0.495411 0.500000
vt 0.551362 0.500000
vt 0.495411 0.625000
vt 0.495411 0.750000
vt 0.551362 0.750000
vt 0.551362 0.625000
vt 0.495411 0.913050
vt 0.495411 1.000000
vt 0.551362 1.000000
vt 0.551362 0.913050
vt 0.495411 0.826100
vt 0.551362 0.826100
vt 0.551362 0.336950
vt 0.495411 0.336950
vt 0.495411 0.357562
vt 0.551362 0.357562
vt 0.495411 0.892439
vt 0.551362 0.892438
vt 0.551362 0.000000
vt 0.495411 0.000000
vt 0.495411 0.410942
vt 0.551362 0.410942
vt 0.551362 0.839058
vt 0.495411 0.839058
vt 0.503882 0.410942
vt 0.447931 0.410942
vt 0.503882 0.839058
vt 0.447931 0.839058
s 1
usemtl Material.001
f 17/1/1 18/2/2 4/3/3 3/4/4
f 9/5/5 10/6/6 8/7/7 7/8/8
f 19/9/9 20/10/10 6/11/11 5/12/12
f 16/13/13 14/14/14 2/15/15 1/16/16
f 29/17/17 22/18/18 19/9/9 5/12/12 11/19/19 28/20/20 31/21/20 30/22/21 26/23/22 27/24/16 25/25/17
f 38/26/23 24/27/24 18/28/2 2/29/15 14/30/14 37/31/25 36/32/25 35/33/26 32/34/27 33/35/28 34/36/23
f 39/37/25 12/38/14 6/11/11 20/10/10 21/39/24 40/40/23 42/41/23 41/42/15 45/43/29 43/44/30 44/45/25
f 23/46/18 22/18/18 29/17/17 49/47/17 50/48/31 46/49/32 56/50/33 48/51/20 28/20/20 11/19/19 16/52/13 53/53/20 52/54/20 51/55/21 57/56/22 47/57/16 55/58/17 54/59/17
f 5/12/12 6/11/11 12/60/14 11/61/19
f 13/62/5 15/63/6 10/6/6 9/5/5
f 3/4/4 4/3/3 15/63/6 13/62/5
f 16/52/13 1/64/16 17/65/1 23/46/18 54/59/17 58/66/17 59/67/31 61/68/32 60/69/33 62/70/20 53/53/20
f 40/40/23 21/39/24 24/27/24 38/26/23 64/71/23 67/72/15 66/73/29 68/74/30 63/75/25 37/31/25 14/30/14 12/38/14 39/37/25 72/76/25 69/77/26 70/78/34 65/79/28 71/80/23
f 11/61/19 12/60/14 14/14/14 16/13/13
f 73/81/25 24/27/24 21/39/24 84/82/25 83/83/25 81/84/26 82/85/34 78/86/28 86/87/35 85/88/35 10/89/6 15/90/6 75/91/35 76/92/35 79/93/15 77/94/29 80/95/36 74/96/25
f 23/46/18 17/65/1 3/97/4 13/98/5 90/99/19 87/100/19 88/101/37 92/102/38 91/103/33 93/104/20 89/105/20
f 13/98/5 9/106/5 99/107/19 100/108/19 95/109/31 94/110/32 103/111/33 97/112/20 98/113/20 22/18/18 23/46/18 89/105/20 101/114/20 104/115/21 105/116/39 96/117/40 102/118/19 90/99/19
f 84/82/25 21/39/24 20/10/10 8/7/7 10/89/6 85/88/35 107/119/35 106/120/15 109/121/29 110/122/30 108/123/25
f 75/91/35 15/90/6 4/124/3 18/28/2 24/27/24 73/81/25 115/125/25 114/126/26 111/127/34 113/128/28 112/129/35
f 99/107/19 9/106/5 7/8/8 19/9/9 22/18/18 98/113/20 120/130/20 119/131/21 117/132/22 118/133/41 116/134/19
f 7/8/8 8/7/7 20/10/10 19/9/9
f 1/135/16 2/136/15 18/2/2 17/1/1
f 95/137/31 78/138/28 82/139/34 94/140/32
f 118/141/41 106/142/15 107/143/35 116/144/19
f 110/145/30 109/146/29 117/147/22 119/148/21
f 81/149/26 83/150/25 97/151/20 103/152/33
f 108/153/25 110/145/30 119/148/21 120/154/20
f 116/144/19 107/143/35 85/155/35 86/156/35 100/157/19 99/158/19
f 100/157/19 86/156/35 78/138/28 95/137/31
f 83/150/25 84/159/25 108/153/25 120/154/20 98/160/20 97/151/20
f 109/146/29 106/142/15 118/141/41 117/147/22
f 94/140/32 82/139/34 81/161/26 103/162/33
f 70/163/34 46/164/32 50/165/31 65/166/28
f 42/167/23 25/168/17 27/169/16 41/170/15
f 26/171/22 30/172/21 43/173/30 45/174/29
f 48/175/20 56/176/33 69/177/26 72/178/25
f 30/172/21 31/179/20 44/180/25 43/173/30
f 71/181/23 49/182/17 29/183/17 25/168/17 42/167/23 40/184/23
f 65/166/28 50/165/31 49/182/17 71/181/23
f 31/179/20 28/185/20 48/175/20 72/178/25 39/186/25 44/180/25
f 27/169/16 26/171/22 45/174/29 41/170/15
f 69/187/26 56/188/33 46/164/32 70/163/34
f 59/165/31 33/166/28 32/163/27 61/164/32
f 64/167/23 55/168/17 47/169/16 67/170/15
f 57/171/22 51/172/21 68/173/30 66/174/29
f 35/177/26 36/178/25 62/175/20 60/176/33
f 51/172/21 52/179/20 63/180/25 68/173/30
f 54/189/17 55/168/17 64/167/23 38/190/23 34/181/23 58/182/17
f 58/182/17 34/181/23 33/166/28 59/165/31
f 36/178/25 37/191/25 63/180/25 52/179/20 53/192/20 62/175/20
f 47/169/16 57/171/22 66/174/29 67/170/15
f 61/164/32 32/163/27 35/187/26 60/188/33
f 111/139/34 92/140/38 88/137/37 113/138/28
f 96/141/40 79/142/15 76/143/35 102/144/19
f 80/145/36 77/146/29 105/147/39 104/148/21
f 93/151/20 91/152/33 114/149/26 115/150/25
f 74/153/25 80/145/36 104/148/21 101/154/20
f 102/144/19 76/143/35 75/193/35 112/156/35 87/157/19 90/194/19
f 113/138/28 88/137/37 87/157/19 112/156/35
f 73/195/25 74/153/25 101/154/20 89/196/20 93/151/20 115/150/25
f 77/146/29 79/142/15 96/141/40 105/147/39
f 114/161/26 91/162/33 92/140/38 111/139/34
f 137/1/42 138/2/2 124/3/3 123/4/4
f 129/5/5 130/6/6 128/7/7 127/8/8
f 139/9/9 140/10/10 126/11/11 125/12/12
f 136/13/13 134/14/14 122/15/15 121/16/16
f 149/17/17 142/18/18 139/9/9 125/12/12 131/19/19 148/20/20 151/21/20 150/22/21 146/23/22 147/24/16 145/25/17
f 158/26/23 144/27/24 138/28/2 122/29/15 134/30/14 157/31/25 156/32/25 155/33/26 152/34/27 153/35/28 154/36/23
f 159/37/25 132/38/14 126/11/11 140/10/10 141/39/24 160/40/23 162/41/23 161/42/15 165/43/29 163/44/30 164/45/25
f 143/46/18 142/18/18 149/17/17 169/47/17 170/48/31 166/49/32 176/50/33 168/51/20 148/20/20 131/19/19 136/52/13 173/53/20 172/54/20 171/55/21 177/56/22 167/57/16 175/58/17 174/59/17
f 125/12/12 126/11/11 132/60/14 131/61/19
f 133/62/5 135/63/6 130/6/6 129/5/5
f 123/4/4 124/3/3 135/63/6 133/62/5
f 136/52/13 121/64/16 137/65/42 143/46/18 174/59/17 178/66/17 179/67/31 181/68/32 180/69/33 182/70/20 173/53/20
f 160/40/23 141/39/24 144/27/24 158/26/23 184/71/23 187/72/15 186/73/29 188/74/30 183/75/25 157/31/25 134/30/14 132/38/14 159/37/25 192/76/25 189/77/26 190/78/34 185/79/28 191/80/23
f 131/61/19 132/60/14 134/14/14 136/13/13
f 193/81/25 144/27/24 141/39/24 204/82/25 203/83/25 201/84/26 202/85/34 198/86/28 206/87/35 205/88/35 130/89/6 135/90/6 195/91/35 196/92/35 199/93/15 197/94/29 200/95/36 194/96/25
f 143/46/18 137/65/42 123/97/4 133/98/5 210/99/19 207/100/19 208/101/37 212/102/38 211/103/33 213/104/20 209/105/20
f 133/98/5 129/106/5 219/107/19 220/108/19 215/109/31 214/110/32 223/111/33 217/112/20 218/113/20 142/18/18 143/46/18 209/105/20 221/114/20 224/115/21 225/116/39 216/117/40 222/118/19 210/99/19
f 204/82/25 141/39/24 140/10/10 128/7/7 130/89/6 205/88/35 227/119/35 226/120/15 229/121/29 230/122/30 228/123/25
f 195/91/35 135/90/6 124/124/3 138/28/2 144/27/24 193/81/25 235/125/25 234/126/26 231/127/34 233/128/28 232/129/35
f 219/107/19 129/106/5 127/8/8 139/9/9 142/18/18 218/113/20 240/130/20 239/131/21 237/132/22 238/133/41 236/134/19
f 127/8/8 128/7/7 140/10/10 139/9/9
f 121/135/16 122/136/15 138/2/2 137/1/42
f 215/137/31 198/138/28 202/139/34 214/140/32
f 238/141/41 226/142/15 227/143/35 236/144/19
f 230/145/30 229/146/29 237/147/22 239/148/21
f 201/149/26 203/150/25 217/151/20 223/152/33
f 228/153/25 230/145/30 239/148/21 240/154/20
f 236/144/19 227/143/35 205/155/35 206/156/35 220/157/19 219/158/19
f 220/157/19 206/156/35 198/138/28 215/137/31
f 203/150/25 204/159/25 228/153/25 240/154/20 218/160/20 217/151/20
f 229/146/29 226/142/15 238/141/41 237/147/22
f 214/140/32 202/139/34 201/161/26 223/162/33
f 190/163/34 166/164/32 170/165/31 185/166/28
f 162/167/23 145/168/17 147/169/16 161/170/15
f 146/171/22 150/172/21 163/173/30 165/174/29
f 168/175/20 176/176/33 189/177/26 192/178/25
f 150/172/21 151/179/20 164/180/25 163/173/30
f 191/181/23 169/182/17 149/183/17 145/168/17 162/167/23 160/184/23
f 185/166/28 170/165/31 169/182/17 191/181/23
f 151/179/20 148/185/20 168/175/20 192/178/25 159/186/25 164/180/25
f 147/169/16 146/171/22 165/174/29 161/170/15
f 189/187/26 176/188/33 166/164/32 190/163/34
f 179/165/31 153/166/28 152/163/27 181/164/32
f 184/167/23 175/168/17 167/169/16 187/170/15
f 177/171/22 171/172/21 188/173/30 186/174/29
f 155/177/26 156/178/25 182/175/20 180/176/33
f 171/172/21 172/179/20 183/180/25 188/173/30
f 174/189/17 175/168/17 184/167/23 158/190/23 154/181/23 178/182/17
f 178/182/17 154/181/23 153/166/28 179/165/31
f 156/178/25 157/191/25 183/180/25 172/179/20 173/192/20 182/175/20
f 167/169/16 177/171/22 186/174/29 187/170/15
f 181/164/32 152/163/27 155/187/26 180/188/33
f 231/139/34 212/140/38 208/137/37 233/138/28
f 216/141/40 199/142/15 196/143/35 222/144/19
f 200/145/36 197/146/29 225/147/39 224/148/21
f 213/151/20 211/152/33 234/149/26 235/150/25
f 194/153/25 200/145/36 224/148/21 221/154/20
f 222/144/19 196/143/35 195/193/35 232/156/35 207/157/19 210/194/19
f 233/138/28 208/137/37 207/157/19 232/156/35
f 193/195/25 194/153/25 221/154/20 209/196/20 213/151/20 235/150/25
f 197/146/29 199/142/15 216/141/40 225/147/39
f 234/161/26 211/162/33 212/140/38 231/139/34
f 257/1/1 258/2/2 244/3/3 243/4/4
f 249/5/5 250/6/6 248/7/7 247/8/43
f 259/9/32 260/10/10 246/11/11 245/12/12
f 256/13/44 254/14/14 242/15/15 241/16/16
f 269/17/17 262/18/18 259/9/32 245/12/12 251/19/19 268/20/20 271/21/20 270/22/21 266/23/22 267/24/16 265/25/17
f 278/26/23 264/27/24 258/28/2 242/29/15 254/30/14 277/31/25 276/32/25 275/33/26 272/34/45 273/35/28 274/36/23
f 279/37/25 252/38/14 246/11/11 260/10/10 261/39/24 280/40/23 282/41/23 281/42/15 285/43/29 283/44/30 284/45/25
f 263/46/18 262/18/18 269/17/17 289/47/17 290/48/31 286/49/32 296/50/33 288/51/20 268/20/20 251/19/19 256/52/44 293/53/20 292/54/20 291/55/21 297/56/22 287/57/16 295/58/17 294/59/17
f 245/12/12 246/11/11 252/60/14 251/61/19
f 253/62/46 255/63/6 250/6/6 249/5/5
f 243/4/4 244/3/3 255/63/6 253/62/46
f 256/52/44 241/64/16 257/65/1 263/46/18 294/59/17 298/66/17 299/67/31 301/68/32 300/69/33 302/70/20 293/53/20
f 280/40/23 261/39/24 264/27/24 278/26/23 304/71/23 307/72/15 306/73/29 308/74/30 303/75/25 277/31/25 254/30/14 252/38/14 279/37/25 312/76/25 309/77/26 310/78/34 305/79/28 311/80/23
f 251/61/19 252/60/14 254/14/14 256/13/44
f 313/81/25 264/27/24 261/39/24 324/82/25 323/83/25 321/84/26 322/85/34 318/86/28 326/87/23 325/88/23 250/89/6 255/90/6 315/91/23 316/92/23 319/93/15 317/94/29 320/95/36 314/96/25
f 263/46/18 257/65/1 243/97/4 253/98/46 330/99/17 327/100/17 328/101/31 332/102/47 331/103/33 333/104/20 329/105/20
f 253/98/46 249/106/5 339/107/17 340/108/17 335/109/31 334/110/32 343/111/33 337/112/20 338/113/20 262/18/18 263/46/18 329/105/20 341/114/20 344/115/21 345/116/22 336/117/16 342/118/17 330/99/17
f 324/82/25 261/39/24 260/10/10 248/7/7 250/89/6 325/88/23 347/119/23 346/120/15 349/121/29 350/122/30 348/123/25
f 315/91/23 255/90/6 244/124/3 258/28/2 264/27/24 313/81/25 355/125/25 354/126/26 351/127/34 353/128/28 352/129/23
f 339/107/17 249/106/5 247/8/43 259/9/32 262/18/18 338/113/20 360/130/20 359/131/21 357/132/22 358/133/16 356/134/17
f 247/8/43 248/7/7 260/10/10 259/9/32
f 241/135/16 242/136/15 258/2/2 257/1/1
f 335/137/31 318/138/28 322/139/34 334/140/32
f 358/141/16 346/142/15 347/143/23 356/144/17
f 350/145/30 349/146/29 357/147/22 359/148/21
f 321/149/26 323/150/25 337/151/20 343/152/33
f 348/153/25 350/145/30 359/148/21 360/154/20
f 356/144/17 347/143/23 325/155/23 326/156/23 340/157/17 339/158/17
f 340/157/17 326/156/23 318/138/28 335/137/31
f 323/150/25 324/159/25 348/153/25 360/154/20 338/160/20 337/151/20
f 349/146/29 346/142/15 358/141/16 357/147/22
f 334/140/32 322/139/34 321/161/26 343/162/33
f 310/163/34 286/164/32 290/165/31 305/166/28
f 282/167/23 265/168/17 267/169/16 281/170/15
f 266/171/22 270/172/21 283/173/30 285/174/29
f 288/175/20 296/176/33 309/177/26 312/178/25
f 270/172/21 271/179/20 284/180/25 283/173/30
f 311/181/23 289/182/17 269/183/17 265/168/17 282/167/23 280/184/23
f 305/166/28 290/165/31 289/182/17 311/181/23
f 271/179/20 268/185/20 288/175/20 312/178/25 279/186/25 284/180/25
f 267/169/16 266/171/22 285/174/29 281/170/15
f 309/187/26 296/188/33 286/164/32 310/163/34
f 299/165/31 273/166/28 272/163/45 301/164/32
f 304/167/23 295/168/17 287/169/16 307/170/15
f 297/171/22 291/172/21 308/173/30 306/174/29
f 275/177/26 276/178/25 302/175/20 300/176/33
f 291/172/21 292/179/20 303/180/25 308/173/30
f 294/189/17 295/168/17 304/167/23 278/190/23 274/181/23 298/182/17
f 298/182/17 274/181/23 273/166/28 299/165/31
f 276/178/25 277/191/25 303/180/25 292/179/20 293/192/20 302/175/20
f 287/169/16 297/171/22 306/174/29 307/170/15
f 301/164/32 272/163/45 275/187/26 300/188/33
f 351/139/34 332/140/47 328/137/31 353/138/28
f 336/141/16 319/142/15 316/143/23 342/144/17
f 320/145/36 317/146/29 345/147/22 344/148/21
f 333/151/20 331/152/33 354/149/26 355/150/25
f 314/153/25 320/145/36 344/148/21 341/154/20
f 342/144/17 316/143/23 315/193/23 352/156/23 327/157/17 330/194/17
f 353/138/28 328/137/31 327/157/17 352/156/23
f 313/195/25 314/153/25 341/154/20 329/196/20 333/151/20 355/150/25
f 317/146/29 319/142/15 336/141/16 345/147/22
f 354/161/26 331/162/33 332/140/47 351/139/34
f 377/1/42 378/2/2 364/3/48 363/4/49
f 369/5/5 370/6/25 368/7/26 367/8/43
f 379/9/32 380/10/10 366/11/11 365/12/12
f 376/13/44 374/14/14 362/15/15 361/16/16
f 389/17/17 382/18/18 379/9/32 365/12/12 371/19/19 388/20/20 391/21/20 390/22/21 386/23/22 387/24/16 385/25/17
f 398/26/23 384/27/24 378/28/2 362/29/15 374/30/14 397/31/25 396/32/25 395/33/26 392/34/45 393/35/28 394/36/23
f 399/37/25 372/38/14 366/11/11 380/10/10 381/39/24 400/40/23 402/41/23 401/42/15 405/43/29 403/44/30 404/45/25
f 383/46/18 382/18/18 389/17/17 409/47/17 410/48/31 406/49/32 416/50/33 408/51/20 388/20/20 371/19/19 376/52/44 413/53/20 412/54/20 411/55/21 417/56/22 407/57/16 415/58/17 414/59/17
f 365/12/12 366/11/11 372/60/14 371/61/19
f 373/62/5 375/63/25 370/6/25 369/5/5
f 363/4/49 364/3/48 375/63/25 373/62/5
f 376/52/44 361/64/16 377/65/42 383/46/18 414/59/17 418/66/17 419/67/31 421/68/32 420/69/33 422/70/20 413/53/20
f 400/40/23 381/39/24 384/27/24 398/26/23 424/71/23 427/72/15 426/73/29 428/74/30 423/75/25 397/31/25 374/30/14 372/38/14 399/37/25 432/76/25 429/77/26 430/78/34 425/79/28 431/80/23
f 371/61/19 372/60/14 374/14/14 376/13/44
f 433/81/6 384/27/24 381/39/24 444/82/6 443/83/6 441/84/26 442/85/34 438/86/28 446/87/23 445/88/23 370/89/25 375/90/25 435/91/23 436/92/23 439/93/15 437/94/50 440/95/36 434/96/6
f 383/46/18 377/65/42 363/97/49 373/98/5 450/99/17 447/100/17 448/101/31 452/102/32 451/103/33 453/104/51 449/105/51
f 373/98/5 369/106/5 459/107/17 460/108/17 455/109/31 454/110/32 463/111/33 457/112/51 458/113/51 382/18/18 383/46/18 449/105/51 461/114/51 464/115/21 465/116/22 456/117/16 462/118/17 450/99/17
f 444/82/6 381/39/24 380/10/10 368/7/26 370/89/25 445/88/23 467/119/23 466/120/15 469/121/29 470/122/30 468/123/6
f 435/91/23 375/90/25 364/124/48 378/28/2 384/27/24 433/81/6 475/125/6 474/126/26 471/127/34 473/128/28 472/129/23
f 459/107/17 369/106/5 367/8/43 379/9/32 382/18/18 458/113/51 480/130/51 479/131/21 477/132/22 478/133/16 476/134/17
f 367/8/43 368/7/26 380/10/10 379/9/32
f 361/135/16 362/136/15 378/2/2 377/1/42
f 455/137/31 438/138/28 442/139/34 454/140/32
f 478/141/16 466/142/15 467/143/23 476/144/17
f 470/145/30 469/146/29 477/147/22 479/148/21
f 441/149/26 443/150/6 457/151/51 463/152/33
f 468/153/6 470/145/30 479/148/21 480/154/51
f 476/144/17 467/143/23 445/155/23 446/156/23 460/157/17 459/158/17
f 460/157/17 446/156/23 438/138/28 455/137/31
f 443/150/6 444/159/6 468/153/6 480/154/51 458/160/51 457/151/51
f 469/146/29 466/142/15 478/141/16 477/147/22
f 454/140/32 442/139/34 441/161/26 463/162/33
f 430/163/34 406/164/32 410/165/31 425/166/28
f 402/167/23 385/168/17 387/169/16 401/170/15
f 386/171/22 390/172/21 403/173/30 405/174/29
f 408/175/20 416/176/33 429/177/26 432/178/25
f 390/172/21 391/179/20 404/180/25 403/173/30
f 431/181/23 409/182/17 389/183/17 385/168/17 402/167/23 400/184/23
f 425/166/28 410/165/31 409/182/17 431/181/23
f 391/179/20 388/185/20 408/175/20 432/178/25 399/186/25 404/180/25
f 387/169/16 386/171/22 405/174/29 401/170/15
f 429/187/26 416/188/33 406/164/32 430/163/34
f 419/165/31 393/166/28 392/163/45 421/164/32
f 424/167/23 415/168/17 407/169/16 427/170/15
f 417/171/22 411/172/21 428/173/30 426/174/29
f 395/177/26 396/178/25 422/175/20 420/176/33
f 411/172/21 412/179/20 423/180/25 428/173/30
f 414/189/17 415/168/17 424/167/23 398/190/23 394/181/23 418/182/17
f 418/182/17 394/181/23 393/166/28 419/165/31
f 396/178/25 397/191/25 423/180/25 412/179/20 413/192/20 422/175/20
f 407/169/16 417/171/22 426/174/29 427/170/15
f 421/164/32 392/163/45 395/187/26 420/188/33
f 471/139/34 452/140/32 448/137/31 473/138/28
f 456/141/16 439/142/15 436/143/23 462/144/17
f 440/145/36 437/146/50 465/147/22 464/148/21
f 453/151/51 451/152/33 474/149/26 475/150/6
f 434/153/6 440/145/36 464/148/21 461/154/51
f 462/144/17 436/143/23 435/193/23 472/156/23 447/157/17 450/194/17
f 473/138/28 448/137/31 447/157/17 472/156/23
f 433/195/6 434/153/6 461/154/51 449/196/51 453/151/51 475/150/6
f 437/146/50 439/142/15 456/141/16 465/147/22
f 474/161/26 451/162/33 452/140/32 471/139/34
f 497/1/42 498/2/2 484/3/3 483/4/4
f 489/5/5 490/6/6 488/7/52 487/8/8
f 499/9/32 500/10/10 486/11/11 485/12/12
f 496/13/53 494/14/14 482/15/15 481/16/16
f 509/17/17 502/18/18 499/9/32 485/12/12 491/19/19 508/20/51 511/21/51 510/22/21 506/23/22 507/24/16 505/25/17
f 518/26/23 504/27/24 498/28/2 482/29/15 494/30/14 517/31/6 516/32/6 515/33/54 512/34/45 513/35/28 514/36/23
f 519/37/6 492/38/14 486/11/11 500/10/10 501/39/24 520/40/23 522/41/23 521/42/15 525/43/29 523/44/36 524/45/6
f 503/46/18 502/18/18 509/17/17 529/47/17 530/48/31 526/49/32 536/50/33 528/51/51 508/20/51 491/19/19 496/52/53 533/53/51 532/54/51 531/55/21 537/56/22 527/57/16 535/58/17 534/59/17
f 485/12/12 486/11/11 492/60/14 491/61/19
f 493/62/46 495/63/6 490/6/6 489/5/5
f 483/4/4 484/3/3 495/63/6 493/62/46
f 496/52/53 481/64/16 497/65/42 503/46/18 534/59/17 538/66/17 539/67/31 541/68/32 540/69/33 542/70/51 533/53/51
f 520/40/23 501/39/24 504/27/24 518/26/23 544/71/23 547/72/15 546/73/55 548/74/36 543/75/6 517/31/6 494/30/14 492/38/14 519/37/6 552/76/6 549/77/54 550/78/34 545/79/28 551/80/23
f 491/61/19 492/60/14 494/14/14 496/13/53
f 553/81/25 504/27/24 501/39/24 564/82/25 563/83/25 561/84/26 562/85/34 558/86/28 566/87/23 565/88/23 490/89/6 495/90/6 555/91/23 556/92/23 559/93/15 557/94/2 560/95/3 554/96/6
f 503/46/18 497/65/42 483/97/4 493/98/46 570/99/17 567/100/17 568/101/31 572/102/47 571/103/33 573/104/20 569/105/20
f 493/98/46 489/106/5 579/107/17 580/108/17 575/109/31 574/110/32 583/111/33 577/112/20 578/113/20 502/18/18 503/46/18 569/105/20 581/114/20 584/115/21 585/116/22 576/117/16 582/118/17 570/99/17
f 564/82/25 501/39/24 500/10/10 488/7/52 490/89/6 565/88/23 587/119/23 586/120/15 589/121/29 590/122/30 588/123/25
f 555/91/23 495/90/6 484/124/3 498/28/2 504/27/24 553/81/25 595/125/25 594/126/26 591/127/45 593/128/28 592/129/23
f 579/107/17 489/106/5 487/8/8 499/9/32 502/18/18 578/113/20 600/130/20 599/131/21 597/132/22 598/133/16 596/134/17
f 487/8/8 488/7/52 500/10/10 499/9/32
f 481/135/16 482/136/15 498/2/2 497/1/42
f 575/137/31 558/138/28 562/139/34 574/140/32
f 598/141/16 586/142/15 587/143/23 596/144/17
f 590/145/30 589/146/29 597/147/22 599/148/21
f 561/149/26 563/150/25 577/151/20 583/152/33
f 588/153/25 590/145/30 599/148/21 600/154/20
f 596/144/17 587/143/23 565/155/23 566/156/23 580/157/17 579/158/17
f 580/157/17 566/156/23 558/138/28 575/137/31
f 563/150/25 564/159/25 588/153/25 600/154/20 578/160/20 577/151/20
f 589/146/29 586/142/15 598/141/16 597/147/22
f 574/140/32 562/139/34 561/161/26 583/162/33
f 550/163/34 526/164/32 530/165/31 545/166/28
f 522/167/23 505/168/17 507/169/16 521/170/15
f 506/171/22 510/172/21 523/173/36 525/174/29
f 528/175/51 536/176/33 549/177/54 552/178/6
f 510/172/21 511/179/51 524/180/6 523/173/36
f 551/181/23 529/182/17 509/183/17 505/168/17 522/167/23 520/184/23
f 545/166/28 530/165/31 529/182/17 551/181/23
f 511/179/51 508/185/51 528/175/51 552/178/6 519/186/6 524/180/6
f 507/169/16 506/171/22 525/174/29 521/170/15
f 549/187/54 536/188/33 526/164/32 550/163/34
f 539/165/31 513/166/28 512/163/45 541/164/32
f 544/167/23 535/168/17 527/169/16 547/170/15
f 537/171/22 531/172/21 548/173/36 546/174/55
f 515/177/54 516/178/6 542/175/51 540/176/33
f 531/172/21 532/179/51 543/180/6 548/173/36
f 534/189/17 535/168/17 544/167/23 518/190/23 514/181/23 538/182/17
f 538/182/17 514/181/23 513/166/28 539/165/31
f 516/178/6 517/191/6 543/180/6 532/179/51 533/192/51 542/175/51
f 527/169/16 537/171/22 546/174/55 547/170/15
f 541/164/32 512/163/45 515/187/54 540/188/33
f 591/139/45 572/140/47 568/137/31 593/138/28
f 576/141/16 559/142/15 556/143/23 582/144/17
f 560/145/3 557/146/2 585/147/22 584/148/21
f 573/151/20 571/152/33 594/149/26 595/150/25
f 554/153/6 560/145/3 584/148/21 581/154/20
f 582/144/17 556/143/23 555/193/23 592/156/23 567/157/17 570/194/17
f 593/138/28 568/137/31 567/157/17 592/156/23
f 553/195/25 554/153/6 581/154/20 569/196/20 573/151/20 595/150/25
f 557/146/2 559/142/15 576/141/16 585/147/22
f 594/161/26 571/162/33 572/140/47 591/139/45
f 617/1/56 618/2/2 604/3/3 603/4/4
f 609/5/5 610/6/6 608/7/7 607/8/8
f 619/9/9 620/10/10 606/11/11 605/12/12
f 616/13/53 614/14/14 602/15/15 601/16/16
f 629/17/17 622/18/18 619/9/9 605/12/12 611/19/19 628/20/51 631/21/51 630/22/21 626/23/22 627/24/16 625/25/17
f 638/26/23 624/27/24 618/28/2 602/29/15 614/30/14 637/31/6 636/32/6 635/33/54 632/34/45 633/35/28 634/36/23
f 639/37/6 612/38/14 606/11/11 620/10/10 621/39/24 640/40/23 642/41/23 641/42/15 645/43/29 643/44/36 644/45/6
f 623/46/18 622/18/18 629/17/17 649/47/17 650/48/31 646/49/32 656/50/33 648/51/51 628/20/51 611/19/19 616/52/53 653/53/51 652/54/51 651/55/21 657/56/22 647/57/16 655/58/17 654/59/17
f 605/12/12 606/11/11 612/60/14 611/61/19
f 613/62/46 615/63/6 610/6/6 609/5/5
f 603/4/4 604/3/3 615/63/6 613/62/46
f 616/52/53 601/64/16 617/65/56 623/46/18 654/59/17 658/66/17 659/67/31 661/68/32 660/69/33 662/70/51 653/53/51
f 640/40/23 621/39/24 624/27/24 638/26/23 664/71/23 667/72/15 666/73/55 668/74/36 663/75/6 637/31/6 614/30/14 612/38/14 639/37/6 672/76/6 669/77/54 670/78/34 665/79/28 671/80/23
f 611/61/19 612/60/14 614/14/14 616/13/53
f 673/81/25 624/27/24 621/39/24 684/82/25 683/83/25 681/84/26 682/85/34 678/86/28 686/87/23 685/88/23 610/89/6 615/90/6 675/91/23 676/92/23 679/93/15 677/94/2 680/95/3 674/96/6
f 623/46/18 617/65/56 603/97/4 613/98/46 690/99/17 687/100/17 688/101/31 692/102/47 691/103/33 693/104/20 689/105/20
f 613/98/46 609/106/5 699/107/17 700/108/17 695/109/31 694/110/32 703/111/33 697/112/20 698/113/20 622/18/18 623/46/18 689/105/20 701/114/20 704/115/21 705/116/22 696/117/16 702/118/17 690/99/17
f 684/82/25 621/39/24 620/10/10 608/7/7 610/89/6 685/88/23 707/119/23 706/120/15 709/121/29 710/122/30 708/123/25
f 675/91/23 615/90/6 604/124/3 618/28/2 624/27/24 673/81/25 715/125/25 714/126/26 711/127/45 713/128/28 712/129/23
f 699/107/17 609/106/5 607/8/8 619/9/9 622/18/18 698/113/20 720/130/20 719/131/21 717/132/22 718/133/16 716/134/17
f 607/8/8 608/7/7 620/10/10 619/9/9
f 601/135/16 602/136/15 618/2/2 617/1/56
f 695/137/31 678/138/28 682/139/34 694/140/32
f 718/141/16 706/142/15 707/143/23 716/144/17
f 710/145/30 709/146/29 717/147/22 719/148/21
f 681/149/26 683/150/25 697/151/20 703/152/33
f 708/153/25 710/145/30 719/148/21 720/154/20
f 716/144/17 707/143/23 685/155/23 686/156/23 700/157/17 699/158/17
f 700/157/17 686/156/23 678/138/28 695/137/31
f 683/150/25 684/159/25 708/153/25 720/154/20 698/160/20 697/151/20
f 709/146/29 706/142/15 718/141/16 717/147/22
f 694/140/32 682/139/34 681/161/26 703/162/33
f 670/163/34 646/164/32 650/165/31 665/166/28
f 642/167/23 625/168/17 627/169/16 641/170/15
f 626/171/22 630/172/21 643/173/36 645/174/29
f 648/175/51 656/176/33 669/177/54 672/178/6
f 630/172/21 631/179/51 644/180/6 643/173/36
f 671/181/23 649/182/17 629/183/17 625/168/17 642/167/23 640/184/23
f 665/166/28 650/165/31 649/182/17 671/181/23
f 631/179/51 628/185/51 648/175/51 672/178/6 639/186/6 644/180/6
f 627/169/16 626/171/22 645/174/29 641/170/15
f 669/187/54 656/188/33 646/164/32 670/163/34
f 659/165/31 633/166/28 632/163/45 661/164/32
f 664/167/23 655/168/17 647/169/16 667/170/15
f 657/171/22 651/172/21 668/173/36 666/174/55
f 635/177/54 636/178/6 662/175/51 660/176/33
f 651/172/21 652/179/51 663/180/6 668/173/36
f 654/189/17 655/168/17 664/167/23 638/190/23 634/181/23 658/182/17
f 658/182/17 634/181/23 633/166/28 659/165/31
f 636/178/6 637/191/6 663/180/6 652/179/51 653/192/51 662/175/51
f 647/169/16 657/171/22 666/174/55 667/170/15
f 661/164/32 632/163/45 635/187/54 660/188/33
f 711/139/45 692/140/47 688/137/31 713/138/28
f 696/141/16 679/142/15 676/143/23 702/144/17
f 680/145/3 677/146/2 705/147/22 704/148/21
f 693/151/20 691/152/33 714/149/26 715/150/25
f 674/153/6 680/145/3 704/148/21 701/154/20
f 702/144/17 676/143/23 675/193/23 712/156/23 687/157/17 690/194/17
f 713/138/28 688/137/31 687/157/17 712/156/23
f 673/195/25 674/153/6 701/154/20 689/196/20 693/151/20 715/150/25
f 677/146/2 679/142/15 696/141/16 705/147/22
f 714/161/26 691/162/33 692/140/47 711/139/45
f 737/1/57 738/2/2 724/3/3 723/4/4
f 729/5/5 730/6/6 728/7/7 727/8/8
f 739/9/9 740/10/58 726/11/28 725/12/12
f 736/13/59 734/14/14 722/15/60 721/16/16
f 749/17/17 742/18/18 739/9/9 725/12/12 731/19/17 748/20/20 751/21/20 750/22/21 746/23/22 747/24/16 745/25/17
f 758/26/23 744/27/24 738/28/2 722/29/60 734/30/14 757/31/25 756/32/25 755/33/26 752/34/45 753/35/28 754/36/23
f 759/37/25 732/38/14 726/11/28 740/10/58 741/39/24 760/40/23 762/41/23 761/42/15 765/43/29 763/44/30 764/45/25
f 743/46/18 742/18/18 749/17/17 769/47/17 770/48/31 766/49/32 776/50/33 768/51/20 748/20/20 731/19/17 736/52/59 773/53/20 772/54/20 771/55/21 777/56/22 767/57/16 775/58/17 774/59/17
f 725/12/12 726/11/28 732/60/14 731/61/17
f 733/62/46 735/63/6 730/6/6 729/5/5
f 723/4/4 724/3/3 735/63/6 733/62/46
f 736/52/59 721/64/16 737/65/57 743/46/18 774/59/17 778/66/17 779/67/31 781/68/32 780/69/33 782/70/20 773/53/20
f 760/40/23 741/39/24 744/27/24 758/26/23 784/71/23 787/72/15 786/73/29 788/74/30 783/75/25 757/31/25 734/30/14 732/38/14 759/37/25 792/76/25 789/77/26 790/78/34 785/79/28 791/80/23
f 731/61/17 732/60/14 734/14/14 736/13/59
f 793/81/25 744/27/24 741/39/24 804/82/25 803/83/25 801/84/26 802/85/34 798/86/28 806/87/23 805/88/23 730/89/6 735/90/6 795/91/23 796/92/23 799/93/61 797/94/50 800/95/3 794/96/6
f 743/46/18 737/65/57 723/97/4 733/98/46 810/99/17 807/100/17 808/101/31 812/102/32 811/103/33 813/104/20 809/105/20
f 733/98/46 729/106/5 819/107/17 820/108/17 815/109/31 814/110/32 823/111/33 817/112/20 818/113/20 742/18/18 743/46/18 809/105/20 821/114/20 824/115/21 825/116/22 816/117/40 822/118/17 810/99/17
f 804/82/25 741/39/24 740/10/58 728/7/7 730/89/6 805/88/23 827/119/23 826/120/15 829/121/29 830/122/30 828/123/25
f 795/91/23 735/90/6 724/124/3 738/28/2 744/27/24 793/81/25 835/125/25 834/126/26 831/127/34 833/128/28 832/129/23
f 819/107/17 729/106/5 727/8/8 739/9/9 742/18/18 818/113/20 840/130/20 839/131/21 837/132/22 838/133/16 836/134/17
f 727/8/8 728/7/7 740/10/58 739/9/9
f 721/135/16 722/136/60 738/2/2 737/1/57
f 815/137/31 798/138/28 802/139/34 814/140/32
f 838/141/16 826/142/15 827/143/23 836/144/17
f 830/145/30 829/146/29 837/147/22 839/148/21
f 801/149/26 803/150/25 817/151/20 823/152/33
f 828/153/25 830/145/30 839/148/21 840/154/20
f 836/144/17 827/143/23 805/155/23 806/156/23 820/157/17 819/158/17
f 820/157/17 806/156/23 798/138/28 815/137/31
f 803/150/25 804/159/25 828/153/25 840/154/20 818/160/20 817/151/20
f 829/146/29 826/142/15 838/141/16 837/147/22
f 814/140/32 802/139/34 801/161/26 823/162/33
f 790/163/34 766/164/32 770/165/31 785/166/28
f 762/167/23 745/168/17 747/169/16 761/170/15
f 746/171/22 750/172/21 763/173/30 765/174/29
f 768/175/20 776/176/33 789/177/26 792/178/25
f 750/172/21 751/179/20 764/180/25 763/173/30
f 791/181/23 769/182/17 749/183/17 745/168/17 762/167/23 760/184/23
f 785/166/28 770/165/31 769/182/17 791/181/23
f 751/179/20 748/185/20 768/175/20 792/178/25 759/186/25 764/180/25
f 747/169/16 746/171/22 765/174/29 761/170/15
f 789/187/26 776/188/33 766/164/32 790/163/34
f 779/165/31 753/166/28 752/163/45 781/164/32
f 784/167/23 775/168/17 767/169/16 787/170/15
f 777/171/22 771/172/21 788/173/30 786/174/29
f 755/177/26 756/178/25 782/175/20 780/176/33
f 771/172/21 772/179/20 783/180/25 788/173/30
f 774/189/17 775/168/17 784/167/23 758/190/23 754/181/23 778/182/17
f 778/182/17 754/181/23 753/166/28 779/165/31
f 756/178/25 757/191/25 783/180/25 772/179/20 773/192/20 782/175/20
f 767/169/16 777/171/22 786/174/29 787/170/15
f 781/164/32 752/163/45 755/187/26 780/188/33
f 831/139/34 812/140/32 808/137/31 833/138/28
f 816/141/40 799/142/61 796/143/23 822/144/17
f 800/145/3 797/146/50 825/147/22 824/148/21
f 813/151/20 811/152/33 834/149/26 835/150/25
f 794/153/6 800/145/3 824/148/21 821/154/20
f 822/144/17 796/143/23 795/193/23 832/156/23 807/157/17 810/194/17
f 833/138/28 808/137/31 807/157/17 832/156/23
f 793/195/25 794/153/6 821/154/20 809/196/20 813/151/20 835/150/25
f 797/146/50 799/142/61 816/141/40 825/147/22
f 834/161/26 811/162/33 812/140/32 831/139/34
f 857/1/22 858/2/2 844/3/36 843/4/21
f 849/5/62 850/6/6 848/7/7 847/8/8
f 859/9/63 860/10/58 846/11/28 845/12/12
f 856/13/64 854/14/14 842/15/60 841/16/16
f 869/17/17 862/18/18 859/9/63 845/12/12 851/19/17 868/20/20 871/21/20 870/22/21 866/23/22 867/24/16 865/25/17
f 878/26/23 864/27/24 858/28/2 842/29/60 854/30/14 877/31/25 876/32/25 875/33/26 872/34/27 873/35/28 874/36/23
f 879/37/25 852/38/14 846/11/28 860/10/58 861/39/24 880/40/23 882/41/23 881/42/15 885/43/29 883/44/30 884/45/25
f 863/46/18 862/18/18 869/17/17 889/47/17 890/48/31 886/49/32 896/50/33 888/51/20 868/20/20 851/19/17 856/52/64 893/53/20 892/54/20 891/55/21 897/56/22 887/57/16 895/58/17 894/59/17
f 845/12/12 846/11/28 852/60/14 851/61/17
f 853/62/65 855/63/6 850/6/6 849/5/62
f 843/4/21 844/3/36 855/63/6 853/62/65
f 856/52/64 841/64/16 857/65/22 863/46/18 894/59/17 898/66/17 899/67/31 901/68/32 900/69/33 902/70/20 893/53/20
f 880/40/23 861/39/24 864/27/24 878/26/23 904/71/23 907/72/15 906/73/29 908/74/30 903/75/25 877/31/25 854/30/14 852/38/14 879/37/25 912/76/25 909/77/26 910/78/34 905/79/28 911/80/23
f 851/61/17 852/60/14 854/14/14 856/13/64
f 913/81/66 864/27/24 861/39/24 924/82/66 923/83/66 921/84/67 922/85/34 918/86/28 926/87/23 925/88/23 850/89/6 855/90/6 915/91/23 916/92/23 919/93/15 917/94/29 920/95/36 914/96/66
f 863/46/18 857/65/22 843/97/21 853/98/65 930/99/17 927/100/17 928/101/31 932/102/38 931/103/33 933/104/68 929/105/68
f 853/98/65 849/106/62 939/107/17 940/108/17 935/109/31 934/110/32 943/111/33 937/112/68 938/113/68 862/18/18 863/46/18 929/105/68 941/114/68 944/115/69 945/116/22 936/117/16 942/118/17 930/99/17
f 924/82/66 861/39/24 860/10/58 848/7/7 850/89/6 925/88/23 947/119/23 946/120/15 949/121/29 950/122/36 948/123/66
f 915/91/23 855/90/6 844/124/36 858/28/2 864/27/24 913/81/66 955/125/66 954/126/54 951/127/34 953/128/28 952/129/23
f 939/107/17 849/106/62 847/8/8 859/9/63 862/18/18 938/113/68 960/130/68 959/131/4 957/132/39 958/133/16 956/134/17
f 847/8/8 848/7/7 860/10/58 859/9/63
f 841/135/16 842/136/60 858/2/2 857/1/22
f 935/137/31 918/138/28 922/139/34 934/140/32
f 958/141/16 946/142/15 947/143/23 956/144/17
f 950/145/36 949/146/29 957/147/39 959/148/4
f 921/149/67 923/150/66 937/151/68 943/152/33
f 948/153/66 950/145/36 959/148/4 960/154/68
f 956/144/17 947/143/23 925/155/23 926/156/23 940/157/17 939/158/17
f 940/157/17 926/156/23 918/138/28 935/137/31
f 923/150/66 924/159/66 948/153/66 960/154/68 938/160/68 937/151/68
f 949/146/29 946/142/15 958/141/16 957/147/39
f 934/140/32 922/139/34 921/161/67 943/162/33
f 910/163/34 886/164/32 890/165/31 905/166/28
f 882/167/23 865/168/17 867/169/16 881/170/15
f 866/171/22 870/172/21 883/173/30 885/174/29
f 888/175/20 896/176/33 909/177/26 912/178/25
f 870/172/21 871/179/20 884/180/25 883/173/30
f 911/181/23 889/182/17 869/183/17 865/168/17 882/167/23 880/184/23
f 905/166/28 890/165/31 889/182/17 911/181/23
f 871/179/20 868/185/20 888/175/20 912/178/25 879/186/25 884/180/25
f 867/169/16 866/171/22 885/174/29 881/170/15
f 909/187/26 896/188/33 886/164/32 910/163/34
f 899/165/31 873/166/28 872/163/27 901/164/32
f 904/167/23 895/168/17 887/169/16 907/170/15
f 897/171/22 891/172/21 908/173/30 906/174/29
f 875/177/26 876/178/25 902/175/20 900/176/33
f 891/172/21 892/179/20 903/180/25 908/173/30
f 894/189/17 895/168/17 904/167/23 878/190/23 874/181/23 898/182/17
f 898/182/17 874/181/23 873/166/28 899/165/31
f 876/178/25 877/191/25 903/180/25 892/179/20 893/192/20 902/175/20
f 887/169/16 897/171/22 906/174/29 907/170/15
f 901/164/32 872/163/27 875/187/26 900/188/33
f 951/139/34 932/140/38 928/137/31 953/138/28
f 936/141/16 919/142/15 916/143/23 942/144/17
f 920/145/36 917/146/29 945/147/22 944/148/69
f 933/151/68 931/152/33 954/149/54 955/150/66
f 914/153/66 920/145/36 944/148/69 941/154/68
f 942/144/17 916/143/23 915/193/23 952/156/23 927/157/17 930/194/17
f 953/138/28 928/137/31 927/157/17 952/156/23
f 913/195/66 914/153/66 941/154/68 929/196/68 933/151/68 955/150/66
f 917/146/29 919/142/15 936/141/16 945/147/22
f 954/161/54 931/162/33 932/140/38 951/139/34
f 977/1/22 978/2/2 964/3/36 963/4/4
f 969/5/70 970/6/6 968/7/26 967/8/8
f 979/9/38 980/10/10 966/11/71 965/12/72
f 976/13/44 974/14/14 962/15/73 961/16/74
f 989/17/17 982/18/18 979/9/38 965/12/72 971/19/19 988/20/20 991/21/20 990/22/21 986/23/22 987/24/16 985/25/17
f 998/26/23 984/27/24 978/28/2 962/29/73 974/30/14 997/31/25 996/32/25 995/33/26 992/34/34 993/35/28 994/36/23
f 999/37/25 972/38/14 966/11/71 980/10/10 981/39/24 1000/40/23 1002/41/23 1001/42/15 1005/43/29 1003/44/30 1004/45/25
f 983/46/18 982/18/18 989/17/17 1009/47/17 1010/48/31 1006/49/32 1016/50/33 1008/51/20 988/20/20 971/19/19 976/52/44 1013/53/20 1012/54/20 1011/55/21 1017/56/22 1007/57/16 1015/58/17 1014/59/17
f 965/12/72 966/11/71 972/60/14 971/61/19
f 973/62/75 975/63/6 970/6/6 969/5/70
f 963/4/4 964/3/36 975/63/6 973/62/75
f 976/52/44 961/64/74 977/65/22 983/46/18 1014/59/17 1018/66/17 1019/67/31 1021/68/47 1020/69/33 1022/70/20 1013/53/20
f 1000/40/23 981/39/24 984/27/24 998/26/23 1024/71/23 1027/72/15 1026/73/29 1028/74/30 1023/75/25 997/31/25 974/30/14 972/38/14 999/37/25 1032/76/25 1029/77/26 1030/78/34 1025/79/28 1031/80/23
f 971/61/19 972/60/14 974/14/14 976/13/44
f 1033/81/25 984/27/24 981/39/24 1044/82/25 1043/83/25 1041/84/26 1042/85/27 1038/86/28 1046/87/35 1045/88/35 970/89/6 975/90/6 1035/91/35 1036/92/35 1039/93/15 1037/94/29 1040/95/36 1034/96/25
f 983/46/18 977/65/22 963/97/4 973/98/75 1050/99/19 1047/100/19 1048/101/31 1052/102/32 1051/103/33 1053/104/20 1049/105/20
f 973/98/75 969/106/70 1059/107/19 1060/108/19 1055/109/31 1054/110/32 1063/111/33 1057/112/20 1058/113/20 982/18/18 983/46/18 1049/105/20 1061/114/20 1064/115/21 1065/116/22 1056/117/16 1062/118/19 1050/99/19
f 1044/82/25 981/39/24 980/10/10 968/7/26 970/89/6 1045/88/35 1067/119/35 1066/120/15 1069/121/29 1070/122/3 1068/123/25
f 1035/91/35 975/90/6 964/124/36 978/28/2 984/27/24 1033/81/25 1075/125/25 1074/126/26 1071/127/34 1073/128/28 1072/129/35
f 1059/107/19 969/106/70 967/8/8 979/9/38 982/18/18 1058/113/20 1080/130/20 1079/131/21 1077/132/22 1078/133/41 1076/134/19
f 967/8/8 968/7/26 980/10/10 979/9/38
f 961/135/74 962/136/73 978/2/2 977/1/22
f 1055/137/31 1038/138/28 1042/139/27 1054/140/32
f 1078/141/41 1066/142/15 1067/143/35 1076/144/19
f 1070/145/3 1069/146/29 1077/147/22 1079/148/21
f 1041/149/26 1043/150/25 1057/151/20 1063/152/33
f 1068/153/25 1070/145/3 1079/148/21 1080/154/20
f 1076/144/19 1067/143/35 1045/155/35 1046/156/35 1060/157/19 1059/158/19
f 1060/157/19 1046/156/35 1038/138/28 1055/137/31
f 1043/150/25 1044/159/25 1068/153/25 1080/154/20 1058/160/20 1057/151/20
f 1069/146/29 1066/142/15 1078/141/41 1077/147/22
f 1054/140/32 1042/139/27 1041/161/26 1063/162/33
f 1030/163/34 1006/164/32 1010/165/31 1025/166/28
f 1002/167/23 985/168/17 987/169/16 1001/170/15
f 986/171/22 990/172/21 1003/173/30 1005/174/29
f 1008/175/20 1016/176/33 1029/177/26 1032/178/25
f 990/172/21 991/179/20 1004/180/25 1003/173/30
f 1031/181/23 1009/182/17 989/183/17 985/168/17 1002/167/23 1000/184/23
f 1025/166/28 1010/165/31 1009/182/17 1031/181/23
f 991/179/20 988/185/20 1008/175/20 1032/178/25 999/186/25 1004/180/25
f 987/169/16 986/171/22 1005/174/29 1001/170/15
f 1029/187/26 1016/188/33 1006/164/32 1030/163/34
f 1019/165/31 993/166/28 992/163/34 1021/164/47
f 1024/167/23 1015/168/17 1007/169/16 1027/170/15
f 1017/171/22 1011/172/21 1028/173/30 1026/174/29
f 995/177/26 996/178/25 1022/175/20 1020/176/33
f 1011/172/21 1012/179/20 1023/180/25 1028/173/30
f 1014/189/17 1015/168/17 1024/167/23 998/190/23 994/181/23 1018/182/17
f 1018/182/17 994/181/23 993/166/28 1019/165/31
f 996/178/25 997/191/25 1023/180/25 1012/179/20 1013/192/20 1022/175/20
f 1007/169/16 1017/171/22 1026/174/29 1027/170/15
f 1021/164/47 992/163/34 995/187/26 1020/188/33
f 1071/139/34 1052/140/32 1048/137/31 1073/138/28
f 1056/141/16 1039/142/15 1036/143/35 1062/144/19
f 1040/145/36 1037/146/29 1065/147/22 1064/148/21
f 1053/151/20 1051/152/33 1074/149/26 1075/150/25
f 1034/153/25 1040/145/36 1064/148/21 1061/154/20
f 1062/144/19 1036/143/35 1035/193/35 1072/156/35 1047/157/19 1050/194/19
f 1073/138/28 1048/137/31 1047/157/19 1072/156/35
f 1033/195/25 1034/153/25 1061/154/20 1049/196/20 1053/151/20 1075/150/25
f 1037/146/29 1039/142/15 1056/141/16 1065/147/22
f 1074/161/26 1051/162/33 1052/140/32 1071/139/34
f 1097/1/76 1098/2/2 1084/3/36 1083/4/4
f 1089/5/70 1090/6/6 1088/7/26 1087/8/8
f 1099/9/77 1100/10/10 1086/11/71 1085/12/72
f 1096/13/44 1094/14/14 1082/15/73 1081/16/74
f 1109/17/17 1102/18/18 1099/9/77 1085/12/72 1091/19/19 1108/20/20 1111/21/20 1110/22/21 1106/23/22 1107/24/16 1105/25/17
f 1118/26/23 1104/27/24 1098/28/2 1082/29/73 1094/30/14 1117/31/25 1116/32/25 1115/33/26 1112/34/34 1113/35/28 1114/36/23
f 1119/37/25 1092/38/14 1086/11/71 1100/10/10 1101/39/24 1120/40/23 1122/41/23 1121/42/15 1125/43/29 1123/44/30 1124/45/25
f 1103/46/18 1102/18/18 1109/17/17 1129/47/17 1130/48/31 1126/49/32 1136/50/33 1128/51/20 1108/20/20 1091/19/19 1096/52/44 1133/53/20 1132/54/20 1131/55/21 1137/56/22 1127/57/16 1135/58/17 1134/59/17
f 1085/12/72 1086/11/71 1092/60/14 1091/61/19
f 1093/62/75 1095/63/6 1090/6/6 1089/5/70
f 1083/4/4 1084/3/36 1095/63/6 1093/62/75
f 1096/52/44 1081/64/74 1097/65/76 1103/46/18 1134/59/17 1138/66/17 1139/67/31 1141/68/47 1140/69/33 1142/70/20 1133/53/20
f 1120/40/23 1101/39/24 1104/27/24 1118/26/23 1144/71/23 1147/72/15 1146/73/29 1148/74/30 1143/75/25 1117/31/25 1094/30/14 1092/38/14 1119/37/25 1152/76/25 1149/77/26 1150/78/34 1145/79/28 1151/80/23
f 1091/61/19 1092/60/14 1094/14/14 1096/13/44
f 1153/81/25 1104/27/24 1101/39/24 1164/82/25 1163/83/25 1161/84/26 1162/85/27 1158/86/28 1166/87/35 1165/88/35 1090/89/6 1095/90/6 1155/91/35 1156/92/35 1159/93/15 1157/94/29 1160/95/36 1154/96/25
f 1103/46/18 1097/65/76 1083/97/4 1093/98/75 1170/99/19 1167/100/19 1168/101/31 1172/102/32 1171/103/33 1173/104/20 1169/105/20
f 1093/98/75 1089/106/70 1179/107/19 1180/108/19 1175/109/31 1174/110/32 1183/111/33 1177/112/20 1178/113/20 1102/18/18 1103/46/18 1169/105/20 1181/114/20 1184/115/21 1185/116/22 1176/117/16 1182/118/19 1170/99/19
f 1164/82/25 1101/39/24 1100/10/10 1088/7/26 1090/89/6 1165/88/35 1187/119/35 1186/120/15 1189/121/29 1190/122/3 1188/123/25
f 1155/91/35 1095/90/6 1084/124/36 1098/28/2 1104/27/24 1153/81/25 1195/125/25 1194/126/26 1191/127/34 1193/128/28 1192/129/35
f 1179/107/19 1089/106/70 1087/8/8 1099/9/77 1102/18/18 1178/113/20 1200/130/20 1199/131/21 1197/132/22 1198/133/41 1196/134/19
f 1087/8/8 1088/7/26 1100/10/10 1099/9/77
f 1081/135/74 1082/136/73 1098/2/2 1097/1/76
f 1175/137/31 1158/138/28 1162/139/27 1174/140/32
f 1198/141/41 1186/142/15 1187/143/35 1196/144/19
f 1190/145/3 1189/146/29 1197/147/22 1199/148/21
f 1161/149/26 1163/150/25 1177/151/20 1183/152/33
f 1188/153/25 1190/145/3 1199/148/21 1200/154/20
f 1196/144/19 1187/143/35 1165/155/35 1166/156/35 1180/157/19 1179/158/19
f 1180/157/19 1166/156/35 1158/138/28 1175/137/31
f 1163/150/25 1164/159/25 1188/153/25 1200/154/20 1178/160/20 1177/151/20
f 1189/146/29 1186/142/15 1198/141/41 1197/147/22
f 1174/140/32 1162/139/27 1161/161/26 1183/162/33
f 1150/163/34 1126/164/32 1130/165/31 1145/166/28
f 1122/167/23 1105/168/17 1107/169/16 1121/170/15
f 1106/171/22 1110/172/21 1123/173/30 1125/174/29
f 1128/175/20 1136/176/33 1149/177/26 1152/178/25
f 1110/172/21 1111/179/20 1124/180/25 1123/173/30
f 1151/181/23 1129/182/17 1109/183/17 1105/168/17 1122/167/23 1120/184/23
f 1145/166/28 1130/165/31 1129/182/17 1151/181/23
f 1111/179/20 1108/185/20 1128/175/20 1152/178/25 1119/186/25 1124/180/25
f 1107/169/16 1106/171/22 1125/174/29 1121/170/15
f 1149/187/26 1136/188/33 1126/164/32 1150/163/34
f 1139/165/31 1113/166/28 1112/163/34 1141/164/47
f 1144/167/23 1135/168/17 1127/169/16 1147/170/15
f 1137/171/22 1131/172/21 1148/173/30 1146/174/29
f 1115/177/26 1116/178/25 1142/175/20 1140/176/33
f 1131/172/21 1132/179/20 1143/180/25 1148/173/30
f 1134/189/17 1135/168/17 1144/167/23 1118/190/23 1114/181/23 1138/182/17
f 1138/182/17 1114/181/23 1113/166/28 1139/165/31
f 1116/178/25 1117/191/25 1143/180/25 1132/179/20 1133/192/20 1142/175/20
f 1127/169/16 1137/171/22 1146/174/29 1147/170/15
f 1141/164/47 1112/163/34 1115/187/26 1140/188/33
f 1191/139/34 1172/140/32 1168/137/31 1193/138/28
f 1176/141/16 1159/142/15 1156/143/35 1182/144/19
f 1160/145/36 1157/146/29 1185/147/22 1184/148/21
f 1173/151/20 1171/152/33 1194/149/26 1195/150/25
f 1154/153/25 1160/145/36 1184/148/21 1181/154/20
f 1182/144/19 1156/143/35 1155/193/35 1192/156/35 1167/157/19 1170/194/19
f 1193/138/28 1168/137/31 1167/157/19 1192/156/35
f 1153/195/25 1154/153/25 1181/154/20 1169/196/20 1173/151/20 1195/150/25
f 1157/146/29 1159/142/15 1176/141/16 1185/147/22
f 1194/161/26 1171/162/33 1172/140/32 1191/139/34
f 1217/1/22 1218/2/2 1204/3/36 1203/4/4
f 1209/5/46 1210/6/6 1208/7/26 1207/8/8
f 1219/9/38 1220/10/10 1206/11/71 1205/12/72
f 1216/13/44 1214/14/14 1202/15/73 1201/16/74
f 1229/17/17 1222/18/18 1219/9/38 1205/12/72 1211/19/19 1228/20/20 1231/21/20 1230/22/21 1226/23/22 1227/24/16 1225/25/17
f 1238/26/23 1224/27/24 1218/28/2 1202/29/73 1214/30/14 1237/31/25 1236/32/25 1235/33/78 1232/34/45 1233/35/28 1234/36/23
f 1239/37/25 1212/38/14 1206/11/71 1220/10/10 1221/39/24 1240/40/23 1242/41/23 1241/42/15 1245/43/29 1243/44/30 1244/45/25
f 1223/46/18 1222/18/18 1229/17/17 1249/47/17 1250/48/31 1246/49/32 1256/50/33 1248/51/20 1228/20/20 1211/19/19 1216/52/44 1253/53/20 1252/54/20 1251/55/21 1257/56/22 1247/57/16 1255/58/17 1254/59/17
f 1205/12/72 1206/11/71 1212/60/14 1211/61/19
f 1213/62/5 1215/63/6 1210/6/6 1209/5/46
f 1203/4/4 1204/3/36 1215/63/6 1213/62/5
f 1216/52/44 1201/64/74 1217/65/22 1223/46/18 1254/59/17 1258/66/17 1259/67/31 1261/68/47 1260/69/33 1262/70/20 1253/53/20
f 1240/40/23 1221/39/24 1224/27/24 1238/26/23 1264/71/23 1267/72/15 1266/73/29 1268/74/30 1263/75/25 1237/31/25 1214/30/14 1212/38/14 1239/37/25 1272/76/25 1269/77/26 1270/78/34 1265/79/28 1271/80/23
f 1211/61/19 1212/60/14 1214/14/14 1216/13/44
f 1273/81/25 1224/27/24 1221/39/24 1284/82/25 1283/83/25 1281/84/26 1282/85/34 1278/86/28 1286/87/23 1285/88/23 1210/89/6 1215/90/6 1275/91/23 1276/92/23 1279/93/15 1277/94/29 1280/95/36 1274/96/25
f 1223/46/18 1217/65/22 1203/97/4 1213/98/5 1290/99/17 1287/100/17 1288/101/31 1292/102/32 1291/103/33 1293/104/20 1289/105/20
f 1213/98/5 1209/106/46 1299/107/17 1300/108/17 1295/109/31 1294/110/32 1303/111/33 1297/112/20 1298/113/20 1222/18/18 1223/46/18 1289/105/20 1301/114/20 1304/115/21 1305/116/22 1296/117/16 1302/118/17 1290/99/17
f 1284/82/25 1221/39/24 1220/10/10 1208/7/26 1210/89/6 1285/88/23 1307/119/23 1306/120/15 1309/121/29 1310/122/3 1308/123/25
f 1275/91/23 1215/90/6 1204/124/36 1218/28/2 1224/27/24 1273/81/25 1315/125/25 1314/126/26 1311/127/27 1313/128/28 1312/129/23
f 1299/107/17 1209/106/46 1207/8/8 1219/9/38 1222/18/18 1298/113/20 1320/130/20 1319/131/21 1317/132/22 1318/133/16 1316/134/17
f 1207/8/8 1208/7/26 1220/10/10 1219/9/38
f 1201/135/74 1202/136/73 1218/2/2 1217/1/22
f 1295/137/31 1278/138/28 1282/139/34 1294/140/32
f 1318/141/16 1306/142/15 1307/143/23 1316/144/17
f 1310/145/3 1309/146/29 1317/147/22 1319/148/21
f 1281/149/26 1283/150/25 1297/151/20 1303/152/33
f 1308/153/25 1310/145/3 1319/148/21 1320/154/20
f 1316/144/17 1307/143/23 1285/155/23 1286/156/23 1300/157/17 1299/158/17
f 1300/157/17 1286/156/23 1278/138/28 1295/137/31
f 1283/150/25 1284/159/25 1308/153/25 1320/154/20 1298/160/20 1297/151/20
f 1309/146/29 1306/142/15 1318/141/16 1317/147/22
f 1294/140/32 1282/139/34 1281/161/26 1303/162/33
f 1270/163/34 1246/164/32 1250/165/31 1265/166/28
f 1242/167/23 1225/168/17 1227/169/16 1241/170/15
f 1226/171/22 1230/172/21 1243/173/30 1245/174/29
f 1248/175/20 1256/176/33 1269/177/26 1272/178/25
f 1230/172/21 1231/179/20 1244/180/25 1243/173/30
f 1271/181/23 1249/182/17 1229/183/17 1225/168/17 1242/167/23 1240/184/23
f 1265/166/28 1250/165/31 1249/182/17 1271/181/23
f 1231/179/20 1228/185/20 1248/175/20 1272/178/25 1239/186/25 1244/180/25
f 1227/169/16 1226/171/22 1245/174/29 1241/170/15
f 1269/187/26 1256/188/33 1246/164/32 1270/163/34
f 1259/165/31 1233/166/28 1232/163/45 1261/164/47
f 1264/167/23 1255/168/17 1247/169/16 1267/170/15
f 1257/171/22 1251/172/21 1268/173/30 1266/174/29
f 1235/177/78 1236/178/25 1262/175/20 1260/176/33
f 1251/172/21 1252/179/20 1263/180/25 1268/173/30
f 1254/189/17 1255/168/17 1264/167/23 1238/190/23 1234/181/23 1258/182/17
f 1258/182/17 1234/181/23 1233/166/28 1259/165/31
f 1236/178/25 1237/191/25 1263/180/25 1252/179/20 1253/192/20 1262/175/20
f 1247/169/16 1257/171/22 1266/174/29 1267/170/15
f 1261/164/47 1232/163/45 1235/187/78 1260/188/33
f 1311/139/27 1292/140/32 1288/137/31 1313/138/28
f 1296/141/16 1279/142/15 1276/143/23 1302/144/17
f 1280/145/36 1277/146/29 1305/147/22 1304/148/21
f 1293/151/20 1291/152/33 1314/149/26 1315/150/25
f 1274/153/25 1280/145/36 1304/148/21 1301/154/20
f 1302/144/17 1276/143/23 1275/193/23 1312/156/23 1287/157/17 1290/194/17
f 1313/138/28 1288/137/31 1287/157/17 1312/156/23
f 1273/195/25 1274/153/25 1301/154/20 1289/196/20 1293/151/20 1315/150/25
f 1277/146/29 1279/142/15 1296/141/16 1305/147/22
f 1314/161/26 1291/162/33 1292/140/32 1311/139/27
f 1337/1/22 1338/2/50 1324/3/48 1323/4/4
f 1329/5/5 1330/6/25 1328/7/26 1327/8/8
f 1339/9/38 1340/10/10 1326/11/71 1325/12/72
f 1336/13/44 1334/14/14 1322/15/73 1321/16/74
f 1349/17/17 1342/18/18 1339/9/38 1325/12/72 1331/19/19 1348/20/20 1351/21/20 1350/22/21 1346/23/22 1347/24/16 1345/25/17
f 1358/26/23 1344/27/24 1338/28/50 1322/29/73 1334/30/14 1357/31/25 1356/32/25 1355/33/78 1352/34/45 1353/35/28 1354/36/23
f 1359/37/25 1332/38/14 1326/11/71 1340/10/10 1341/39/24 1360/40/23 1362/41/23 1361/42/15 1365/43/29 1363/44/30 1364/45/25
f 1343/46/18 1342/18/18 1349/17/17 1369/47/17 1370/48/31 1366/49/32 1376/50/33 1368/51/20 1348/20/20 1331/19/19 1336/52/44 1373/53/20 1372/54/20 1371/55/21 1377/56/22 1367/57/16 1375/58/17 1374/59/17
f 1325/12/72 1326/11/71 1332/60/14 1331/61/19
f 1333/62/75 1335/63/25 1330/6/25 1329/5/5
f 1323/4/4 1324/3/48 1335/63/25 1333/62/75
f 1336/52/44 1321/64/74 1337/65/22 1343/46/18 1374/59/17 1378/66/17 1379/67/31 1381/68/47 1380/69/33 1382/70/20 1373/53/20
f 1360/40/23 1341/39/24 1344/27/24 1358/26/23 1384/71/23 1387/72/15 1386/73/29 1388/74/30 1383/75/25 1357/31/25 1334/30/14 1332/38/14 1359/37/25 1392/76/25 1389/77/26 1390/78/34 1385/79/28 1391/80/23
f 1331/61/19 1332/60/14 1334/14/14 1336/13/44
f 1393/81/6 1344/27/24 1341/39/24 1404/82/6 1403/83/6 1401/84/26 1402/85/45 1398/86/28 1406/87/23 1405/88/23 1330/89/25 1335/90/25 1395/91/23 1396/92/23 1399/93/15 1397/94/2 1400/95/30 1394/96/6
f 1343/46/18 1337/65/22 1323/97/4 1333/98/75 1410/99/17 1407/100/17 1408/101/31 1412/102/32 1411/103/33 1413/104/51 1409/105/51
f 1333/98/75 1329/106/5 1419/107/17 1420/108/17 1415/109/31 1414/110/47 1423/111/33 1417/112/51 1418/113/51 1342/18/18 1343/46/18 1409/105/51 1421/114/51 1424/115/21 1425/116/22 1416/117/16 1422/118/17 1410/99/17
f 1404/82/6 1341/39/24 1340/10/10 1328/7/26 1330/89/25 1405/88/23 1427/119/23 1426/120/15 1429/121/29 1430/122/30 1428/123/6
f 1395/91/23 1335/90/25 1324/124/48 1338/28/50 1344/27/24 1393/81/6 1435/125/6 1434/126/26 1431/127/45 1433/128/28 1432/129/23
f 1419/107/17 1329/106/5 1327/8/8 1339/9/38 1342/18/18 1418/113/51 1440/130/51 1439/131/21 1437/132/22 1438/133/16 1436/134/17
f 1327/8/8 1328/7/26 1340/10/10 1339/9/38
f 1321/135/74 1322/136/73 1338/2/50 1337/1/22
f 1415/137/31 1398/138/28 1402/139/45 1414/140/47
f 1438/141/16 1426/142/15 1427/143/23 1436/144/17
f 1430/145/30 1429/146/29 1437/147/22 1439/148/21
f 1401/149/26 1403/150/6 1417/151/51 1423/152/33
f 1428/153/6 1430/145/30 1439/148/21 1440/154/51
f 1436/144/17 1427/143/23 1405/155/23 1406/156/23 1420/157/17 1419/158/17
f 1420/157/17 1406/156/23 1398/138/28 1415/137/31
f 1403/150/6 1404/159/6 1428/153/6 1440/154/51 1418/160/51 1417/151/51
f 1429/146/29 1426/142/15 1438/141/16 1437/147/22
f 1414/140/47 1402/139/45 1401/161/26 1423/162/33
f 1390/163/34 1366/164/32 1370/165/31 1385/166/28
f 1362/167/23 1345/168/17 1347/169/16 1361/170/15
f 1346/171/22 1350/172/21 1363/173/30 1365/174/29
f 1368/175/20 1376/176/33 1389/177/26 1392/178/25
f 1350/172/21 1351/179/20 1364/180/25 1363/173/30
f 1391/181/23 1369/182/17 1349/183/17 1345/168/17 1362/167/23 1360/184/23
f 1385/166/28 1370/165/31 1369/182/17 1391/181/23
f 1351/179/20 1348/185/20 1368/175/20 1392/178/25 1359/186/25 1364/180/25
f 1347/169/16 1346/171/22 1365/174/29 1361/170/15
f 1389/187/26 1376/188/33 1366/164/32 1390/163/34
f 1379/165/31 1353/166/28 1352/163/45 1381/164/47
f 1384/167/23 1375/168/17 1367/169/16 1387/170/15
f 1377/171/22 1371/172/21 1388/173/30 1386/174/29
f 1355/177/78 1356/178/25 1382/175/20 1380/176/33
f 1371/172/21 1372/179/20 1383/180/25 1388/173/30
f 1374/189/17 1375/168/17 1384/167/23 1358/190/23 1354/181/23 1378/182/17
f 1378/182/17 1354/181/23 1353/166/28 1379/165/31
f 1356/178/25 1357/191/25 1383/180/25 1372/179/20 1373/192/20 1382/175/20
f 1367/169/16 1377/171/22 1386/174/29 1387/170/15
f 1381/164/47 1352/163/45 1355/187/78 1380/188/33
f 1431/139/45 1412/140/32 1408/137/31 1433/138/28
f 1416/141/16 1399/142/15 1396/143/23 1422/144/17
f 1400/145/30 1397/146/2 1425/147/22 1424/148/21
f 1413/151/51 1411/152/33 1434/149/26 1435/150/6
f 1394/153/6 1400/145/30 1424/148/21 1421/154/51
f 1422/144/17 1396/143/23 1395/193/23 1432/156/23 1407/157/17 1410/194/17
f 1433/138/28 1408/137/31 1407/157/17 1432/156/23
f 1393/195/6 1394/153/6 1421/154/51 1409/196/51 1413/151/51 1435/150/6
f 1397/146/2 1399/142/15 1416/141/16 1425/147/22
f 1434/161/26 1411/162/33 1412/140/32 1431/139/45
f 1457/1/22 1458/2/2 1444/3/36 1443/4/4
f 1449/5/5 1450/6/6 1448/7/26 1447/8/8
f 1459/9/79 1460/10/10 1446/11/71 1445/12/72
f 1456/13/44 1454/14/14 1442/15/73 1441/16/74
f 1469/17/17 1462/18/18 1459/9/79 1445/12/72 1451/19/19 1468/20/51 1471/21/51 1470/22/21 1466/23/22 1467/24/16 1465/25/17
f 1478/26/23 1464/27/24 1458/28/2 1442/29/73 1454/30/14 1477/31/6 1476/32/6 1475/33/26 1472/34/45 1473/35/28 1474/36/23
f 1479/37/6 1452/38/14 1446/11/71 1460/10/10 1461/39/24 1480/40/23 1482/41/23 1481/42/15 1485/43/29 1483/44/36 1484/45/6
f 1463/46/18 1462/18/18 1469/17/17 1489/47/17 1490/48/31 1486/49/47 1496/50/33 1488/51/51 1468/20/51 1451/19/19 1456/52/44 1493/53/51 1492/54/51 1491/55/21 1497/56/22 1487/57/16 1495/58/17 1494/59/17
f 1445/12/72 1446/11/71 1452/60/14 1451/61/19
f 1453/62/5 1455/63/6 1450/6/6 1449/5/5
f 1443/4/4 1444/3/36 1455/63/6 1453/62/5
f 1456/52/44 1441/64/74 1457/65/22 1463/46/18 1494/59/17 1498/66/17 1499/67/31 1501/68/47 1500/69/33 1502/70/51 1493/53/51
f 1480/40/23 1461/39/24 1464/27/24 1478/26/23 1504/71/23 1507/72/15 1506/73/29 1508/74/30 1503/75/6 1477/31/6 1454/30/14 1452/38/14 1479/37/6 1512/76/6 1509/77/26 1510/78/45 1505/79/28 1511/80/23
f 1451/61/19 1452/60/14 1454/14/14 1456/13/44
f 1513/81/25 1464/27/24 1461/39/24 1524/82/25 1523/83/25 1521/84/26 1522/85/34 1518/86/28 1526/87/23 1525/88/23 1450/89/6 1455/90/6 1515/91/23 1516/92/23 1519/93/15 1517/94/2 1520/95/3 1514/96/6
f 1463/46/18 1457/65/22 1443/97/4 1453/98/5 1530/99/17 1527/100/17 1528/101/31 1532/102/32 1531/103/33 1533/104/20 1529/105/20
f 1453/98/5 1449/106/5 1539/107/17 1540/108/17 1535/109/31 1534/110/32 1543/111/33 1537/112/20 1538/113/20 1462/18/18 1463/46/18 1529/105/20 1541/114/20 1544/115/21 1545/116/22 1536/117/16 1542/118/17 1530/99/17
f 1524/82/25 1461/39/24 1460/10/10 1448/7/26 1450/89/6 1525/88/23 1547/119/23 1546/120/15 1549/121/29 1550/122/3 1548/123/25
f 1515/91/23 1455/90/6 1444/124/36 1458/28/2 1464/27/24 1513/81/25 1555/125/25 1554/126/26 1551/127/45 1553/128/28 1552/129/23
f 1539/107/17 1449/106/5 1447/8/8 1459/9/79 1462/18/18 1538/113/20 1560/130/20 1559/131/21 1557/132/22 1558/133/16 1556/134/17
f 1447/8/8 1448/7/26 1460/10/10 1459/9/79
f 1441/135/74 1442/136/73 1458/2/2 1457/1/22
f 1535/137/31 1518/138/28 1522/139/34 1534/140/32
f 1558/141/16 1546/142/15 1547/143/23 1556/144/17
f 1550/145/3 1549/146/29 1557/147/22 1559/148/21
f 1521/149/26 1523/150/25 1537/151/20 1543/152/33
f 1548/153/25 1550/145/3 1559/148/21 1560/154/20
f 1556/144/17 1547/143/23 1525/155/23 1526/156/23 1540/157/17 1539/158/17
f 1540/157/17 1526/156/23 1518/138/28 1535/137/31
f 1523/150/25 1524/159/25 1548/153/25 1560/154/20 1538/160/20 1537/151/20
f 1549/146/29 1546/142/15 1558/141/16 1557/147/22
f 1534/140/32 1522/139/34 1521/161/26 1543/162/33
f 1510/163/45 1486/164/47 1490/165/31 1505/166/28
f 1482/167/23 1465/168/17 1467/169/16 1481/170/15
f 1466/171/22 1470/172/21 1483/173/36 1485/174/29
f 1488/175/51 1496/176/33 1509/177/26 1512/178/6
f 1470/172/21 1471/179/51 1484/180/6 1483/173/36
f 1511/181/23 1489/182/17 1469/183/17 1465/168/17 1482/167/23 1480/184/23
f 1505/166/28 1490/165/31 1489/182/17 1511/181/23
f 1471/179/51 1468/185/51 1488/175/51 1512/178/6 1479/186/6 1484/180/6
f 1467/169/16 1466/171/22 1485/174/29 1481/170/15
f 1509/187/26 1496/188/33 1486/164/47 1510/163/45
f 1499/165/31 1473/166/28 1472/163/45 1501/164/47
f 1504/167/23 1495/168/17 1487/169/16 1507/170/15
f 1497/171/22 1491/172/21 1508/173/30 1506/174/29
f 1475/177/26 1476/178/6 1502/175/51 1500/176/33
f 1491/172/21 1492/179/51 1503/180/6 1508/173/30
f 1494/189/17 1495/168/17 1504/167/23 1478/190/23 1474/181/23 1498/182/17
f 1498/182/17 1474/181/23 1473/166/28 1499/165/31
f 1476/178/6 1477/191/6 1503/180/6 1492/179/51 1493/192/51 1502/175/51
f 1487/169/16 1497/171/22 1506/174/29 1507/170/15
f 1501/164/47 1472/163/45 1475/187/26 1500/188/33
f 1551/139/45 1532/140/32 1528/137/31 1553/138/28
f 1536/141/16 1519/142/15 1516/143/23 1542/144/17
f 1520/145/3 1517/146/2 1545/147/22 1544/148/21
f 1533/151/20 1531/152/33 1554/149/26 1555/150/25
f 1514/153/6 1520/145/3 1544/148/21 1541/154/20
f 1542/144/17 1516/143/23 1515/193/23 1552/156/23 1527/157/17 1530/194/17
f 1553/138/28 1528/137/31 1527/157/17 1552/156/23
f 1513/195/25 1514/153/6 1541/154/20 1529/196/20 1533/151/20 1555/150/25
f 1517/146/2 1519/142/15 1536/141/16 1545/147/22
f 1554/161/26 1531/162/33 1532/140/32 1551/139/45
f 1577/1/22 1578/2/2 1564/3/36 1563/4/4
f 1569/5/5 1570/6/6 1568/7/26 1567/8/8
f 1579/9/79 1580/10/10 1566/11/71 1565/12/72
f 1576/13/44 1574/14/14 1562/15/73 1561/16/74
f 1589/17/17 1582/18/18 1579/9/79 1565/12/72 1571/19/19 1588/20/51 1591/21/51 1590/22/21 1586/23/22 1587/24/16 1585/25/17
f 1598/26/23 1584/27/24 1578/28/2 1562/29/73 1574/30/14 1597/31/6 1596/32/6 1595/33/26 1592/34/45 1593/35/28 1594/36/23
f 1599/37/6 1572/38/14 1566/11/71 1580/10/10 1581/39/24 1600/40/23 1602/41/23 1601/42/15 1605/43/29 1603/44/36 1604/45/6
f 1583/46/18 1582/18/18 1589/17/17 1609/47/17 1610/48/31 1606/49/47 1616/50/33 1608/51/51 1588/20/51 1571/19/19 1576/52/44 1613/53/51 1612/54/51 1611/55/21 1617/56/22 1607/57/16 1615/58/17 1614/59/17
f 1565/12/72 1566/11/71 1572/60/14 1571/61/19
f 1573/62/5 1575/63/6 1570/6/6 1569/5/5
f 1563/4/4 1564/3/36 1575/63/6 1573/62/5
f 1576/52/44 1561/64/74 1577/65/22 1583/46/18 1614/59/17 1618/66/17 1619/67/31 1621/68/47 1620/69/33 1622/70/51 1613/53/51
f 1600/40/23 1581/39/24 1584/27/24 1598/26/23 1624/71/23 1627/72/15 1626/73/29 1628/74/30 1623/75/6 1597/31/6 1574/30/14 1572/38/14 1599/37/6 1632/76/6 1629/77/26 1630/78/45 1625/79/28 1631/80/23
f 1571/61/19 1572/60/14 1574/14/14 1576/13/44
f 1633/81/25 1584/27/24 1581/39/24 1644/82/25 1643/83/25 1641/84/26 1642/85/34 1638/86/28 1646/87/23 1645/88/23 1570/89/6 1575/90/6 1635/91/23 1636/92/23 1639/93/15 1637/94/2 1640/95/3 1634/96/6
f 1583/46/18 1577/65/22 1563/97/4 1573/98/5 1650/99/17 1647/100/17 1648/101/31 1652/102/32 1651/103/33 1653/104/20 1649/105/20
f 1573/98/5 1569/106/5 1659/107/17 1660/108/17 1655/109/31 1654/110/32 1663/111/33 1657/112/20 1658/113/20 1582/18/18 1583/46/18 1649/105/20 1661/114/20 1664/115/21 1665/116/22 1656/117/16 1662/118/17 1650/99/17
f 1644/82/25 1581/39/24 1580/10/10 1568/7/26 1570/89/6 1645/88/23 1667/119/23 1666/120/15 1669/121/29 1670/122/3 1668/123/25
f 1635/91/23 1575/90/6 1564/124/36 1578/28/2 1584/27/24 1633/81/25 1675/125/25 1674/126/26 1671/127/45 1673/128/28 1672/129/23
f 1659/107/17 1569/106/5 1567/8/8 1579/9/79 1582/18/18 1658/113/20 1680/130/20 1679/131/21 1677/132/22 1678/133/16 1676/134/17
f 1567/8/8 1568/7/26 1580/10/10 1579/9/79
f 1561/135/74 1562/136/73 1578/2/2 1577/1/22
f 1655/137/31 1638/138/28 1642/139/34 1654/140/32
f 1678/141/16 1666/142/15 1667/143/23 1676/144/17
f 1670/145/3 1669/146/29 1677/147/22 1679/148/21
f 1641/149/26 1643/150/25 1657/151/20 1663/152/33
f 1668/153/25 1670/145/3 1679/148/21 1680/154/20
f 1676/144/17 1667/143/23 1645/155/23 1646/156/23 1660/157/17 1659/158/17
f 1660/157/17 1646/156/23 1638/138/28 1655/137/31
f 1643/150/25 1644/159/25 1668/153/25 1680/154/20 1658/160/20 1657/151/20
f 1669/146/29 1666/142/15 1678/141/16 1677/147/22
f 1654/140/32 1642/139/34 1641/161/26 1663/162/33
f 1630/163/45 1606/164/47 1610/165/31 1625/166/28
f 1602/167/23 1585/168/17 1587/169/16 1601/170/15
f 1586/171/22 1590/172/21 1603/173/36 1605/174/29
f 1608/175/51 1616/176/33 1629/177/26 1632/178/6
f 1590/172/21 1591/179/51 1604/180/6 1603/173/36
f 1631/181/23 1609/182/17 1589/183/17 1585/168/17 1602/167/23 1600/184/23
f 1625/166/28 1610/165/31 1609/182/17 1631/181/23
f 1591/179/51 1588/185/51 1608/175/51 1632/178/6 1599/186/6 1604/180/6
f 1587/169/16 1586/171/22 1605/174/29 1601/170/15
f 1629/187/26 1616/188/33 1606/164/47 1630/163/45
f 1619/165/31 1593/166/28 1592/163/45 1621/164/47
f 1624/167/23 1615/168/17 1607/169/16 1627/170/15
f 1617/171/22 1611/172/21 1628/173/30 1626/174/29
f 1595/177/26 1596/178/6 1622/175/51 1620/176/33
f 1611/172/21 1612/179/51 1623/180/6 1628/173/30
f 1614/189/17 1615/168/17 1624/167/23 1598/190/23 1594/181/23 1618/182/17
f 1618/182/17 1594/181/23 1593/166/28 1619/165/31
f 1596/178/6 1597/191/6 1623/180/6 1612/179/51 1613/192/51 1622/175/51
f 1607/169/16 1617/171/22 1626/174/29 1627/170/15
f 1621/164/47 1592/163/45 1595/187/26 1620/188/33
f 1671/139/45 1652/140/32 1648/137/31 1673/138/28
f 1656/141/16 1639/142/15 1636/143/23 1662/144/17
f 1640/145/3 1637/146/2 1665/147/22 1664/148/21
f 1653/151/20 1651/152/33 1674/149/26 1675/150/25
f 1634/153/6 1640/145/3 1664/148/21 1661/154/20
f 1662/144/17 1636/143/23 1635/193/23 1672/156/23 1647/157/17 1650/194/17
f 1673/138/28 1648/137/31 1647/157/17 1672/156/23
f 1633/195/25 1634/153/6 1661/154/20 1649/196/20 1653/151/20 1675/150/25
f 1637/146/2 1639/142/15 1656/141/16 1665/147/22
f 1674/161/26 1651/162/33 1652/140/32 1671/139/45
f 1697/1/22 1698/2/2 1684/3/36 1683/4/4
f 1689/5/5 1690/6/6 1688/7/26 1687/8/8
f 1699/9/77 1700/10/10 1686/11/28 1685/12/12
f 1696/13/80 1694/14/14 1682/15/60 1681/16/40
f 1709/17/17 1702/18/18 1699/9/77 1685/12/12 1691/19/17 1708/20/20 1711/21/20 1710/22/21 1706/23/22 1707/24/16 1705/25/17
f 1718/26/23 1704/27/24 1698/28/2 1682/29/60 1694/30/14 1717/31/25 1716/32/25 1715/33/78 1712/34/45 1713/35/28 1714/36/23
f 1719/37/25 1692/38/14 1686/11/28 1700/10/10 1701/39/24 1720/40/23 1722/41/23 1721/42/15 1725/43/29 1723/44/30 1724/45/25
f 1703/46/18 1702/18/18 1709/17/17 1729/47/17 1730/48/31 1726/49/32 1736/50/33 1728/51/20 1708/20/20 1691/19/17 1696/52/80 1733/53/20 1732/54/20 1731/55/21 1737/56/22 1727/57/16 1735/58/17 1734/59/17
f 1685/12/12 1686/11/28 1692/60/14 1691/61/17
f 1693/62/5 1695/63/6 1690/6/6 1689/5/5
f 1683/4/4 1684/3/36 1695/63/6 1693/62/5
f 1696/52/80 1681/64/40 1697/65/22 1703/46/18 1734/59/17 1738/66/17 1739/67/31 1741/68/47 1740/69/33 1742/70/20 1733/53/20
f 1720/40/23 1701/39/24 1704/27/24 1718/26/23 1744/71/23 1747/72/15 1746/73/29 1748/74/30 1743/75/25 1717/31/25 1694/30/14 1692/38/14 1719/37/25 1752/76/25 1749/77/26 1750/78/34 1745/79/28 1751/80/23
f 1691/61/17 1692/60/14 1694/14/14 1696/13/80
f 1753/81/25 1704/27/24 1701/39/24 1764/82/25 1763/83/25 1761/84/26 1762/85/45 1758/86/28 1766/87/23 1765/88/23 1690/89/6 1695/90/6 1755/91/23 1756/92/23 1759/93/15 1757/94/2 1760/95/3 1754/96/25
f 1703/46/18 1697/65/22 1683/97/4 1693/98/5 1770/99/17 1767/100/17 1768/101/31 1772/102/32 1771/103/33 1773/104/20 1769/105/20
f 1693/98/5 1689/106/5 1779/107/17 1780/108/17 1775/109/31 1774/110/32 1783/111/33 1777/112/20 1778/113/20 1702/18/18 1703/46/18 1769/105/20 1781/114/20 1784/115/21 1785/116/22 1776/117/16 1782/118/17 1770/99/17
f 1764/82/25 1701/39/24 1700/10/10 1688/7/26 1690/89/6 1765/88/23 1787/119/23 1786/120/15 1789/121/29 1790/122/30 1788/123/25
f 1755/91/23 1695/90/6 1684/124/36 1698/28/2 1704/27/24 1753/81/25 1795/125/25 1794/126/26 1791/127/45 1793/128/28 1792/129/23
f 1779/107/17 1689/106/5 1687/8/8 1699/9/77 1702/18/18 1778/113/20 1800/130/20 1799/131/21 1797/132/22 1798/133/16 1796/134/17
f 1687/8/8 1688/7/26 1700/10/10 1699/9/77
f 1681/135/40 1682/136/60 1698/2/2 1697/1/22
f 1775/137/31 1758/138/28 1762/139/45 1774/140/32
f 1798/141/16 1786/142/15 1787/143/23 1796/144/17
f 1790/145/30 1789/146/29 1797/147/22 1799/148/21
f 1761/149/26 1763/150/25 1777/151/20 1783/152/33
f 1788/153/25 1790/145/30 1799/148/21 1800/154/20
f 1796/144/17 1787/143/23 1765/155/23 1766/156/23 1780/157/17 1779/158/17
f 1780/157/17 1766/156/23 1758/138/28 1775/137/31
f 1763/150/25 1764/159/25 1788/153/25 1800/154/20 1778/160/20 1777/151/20
f 1789/146/29 1786/142/15 1798/141/16 1797/147/22
f 1774/140/32 1762/139/45 1761/161/26 1783/162/33
f 1750/163/34 1726/164/32 1730/165/31 1745/166/28
f 1722/167/23 1705/168/17 1707/169/16 1721/170/15
f 1706/171/22 1710/172/21 1723/173/30 1725/174/29
f 1728/175/20 1736/176/33 1749/177/26 1752/178/25
f 1710/172/21 1711/179/20 1724/180/25 1723/173/30
f 1751/181/23 1729/182/17 1709/183/17 1705/168/17 1722/167/23 1720/184/23
f 1745/166/28 1730/165/31 1729/182/17 1751/181/23
f 1711/179/20 1708/185/20 1728/175/20 1752/178/25 1719/186/25 1724/180/25
f 1707/169/16 1706/171/22 1725/174/29 1721/170/15
f 1749/187/26 1736/188/33 1726/164/32 1750/163/34
f 1739/165/31 1713/166/28 1712/163/45 1741/164/47
f 1744/167/23 1735/168/17 1727/169/16 1747/170/15
f 1737/171/22 1731/172/21 1748/173/30 1746/174/29
f 1715/177/78 1716/178/25 1742/175/20 1740/176/33
f 1731/172/21 1732/179/20 1743/180/25 1748/173/30
f 1734/189/17 1735/168/17 1744/167/23 1718/190/23 1714/181/23 1738/182/17
f 1738/182/17 1714/181/23 1713/166/28 1739/165/31
f 1716/178/25 1717/191/25 1743/180/25 1732/179/20 1733/192/20 1742/175/20
f 1727/169/16 1737/171/22 1746/174/29 1747/170/15
f 1741/164/47 1712/163/45 1715/187/78 1740/188/33
f 1791/139/45 1772/140/32 1768/137/31 1793/138/28
f 1776/141/16 1759/142/15 1756/143/23 1782/144/17
f 1760/145/3 1757/146/2 1785/147/22 1784/148/21
f 1773/151/20 1771/152/33 1794/149/26 1795/150/25
f 1754/153/25 1760/145/3 1784/148/21 1781/154/20
f 1782/144/17 1756/143/23 1755/193/23 1792/156/23 1767/157/17 1770/194/17
f 1793/138/28 1768/137/31 1767/157/17 1792/156/23
f 1753/195/25 1754/153/25 1781/154/20 1769/196/20 1773/151/20 1795/150/25
f 1757/146/2 1759/142/15 1776/141/16 1785/147/22
f 1794/161/26 1771/162/33 1772/140/32 1791/139/45
f 1817/1/22 1818/2/2 1804/3/36 1803/4/4
f 1809/5/62 1810/6/6 1808/7/54 1807/8/8
f 1819/9/63 1820/10/10 1806/11/81 1805/12/12
f 1816/13/82 1814/14/14 1802/15/61 1801/16/40
f 1829/17/17 1822/18/18 1819/9/63 1805/12/12 1811/19/17 1828/20/20 1831/21/20 1830/22/21 1826/23/22 1827/24/16 1825/25/17
f 1838/26/23 1824/27/24 1818/28/2 1802/29/61 1814/30/14 1837/31/25 1836/32/25 1835/33/26 1832/34/34 1833/35/28 1834/36/23
f 1839/37/25 1812/38/14 1806/11/81 1820/10/10 1821/39/24 1840/40/23 1842/41/23 1841/42/15 1845/43/29 1843/44/30 1844/45/25
f 1823/46/18 1822/18/18 1829/17/17 1849/47/17 1850/48/31 1846/49/32 1856/50/33 1848/51/20 1828/20/20 1811/19/17 1816/52/82 1853/53/20 1852/54/20 1851/55/21 1857/56/22 1847/57/16 1855/58/17 1854/59/17
f 1805/12/12 1806/11/81 1812/60/14 1811/61/17
f 1813/62/62 1815/63/6 1810/6/6 1809/5/62
f 1803/4/4 1804/3/36 1815/63/6 1813/62/62
f 1816/52/82 1801/64/40 1817/65/22 1823/46/18 1854/59/17 1858/66/17 1859/67/31 1861/68/47 1860/69/33 1862/70/20 1853/53/20
f 1840/40/23 1821/39/24 1824/27/24 1838/26/23 1864/71/23 1867/72/15 1866/73/29 1868/74/30 1863/75/25 1837/31/25 1814/30/14 1812/38/14 1839/37/25 1872/76/25 1869/77/26 1870/78/34 1865/79/28 1871/80/23
f 1811/61/17 1812/60/14 1814/14/14 1816/13/82
f 1873/81/66 1824/27/24 1821/39/24 1884/82/66 1883/83/66 1881/84/67 1882/85/27 1878/86/28 1886/87/23 1885/88/23 1810/89/6 1815/90/6 1875/91/23 1876/92/23 1879/93/15 1877/94/29 1880/95/36 1874/96/66
f 1823/46/18 1817/65/22 1803/97/4 1813/98/62 1890/99/17 1887/100/17 1888/101/31 1892/102/32 1891/103/33 1893/104/68 1889/105/68
f 1813/98/62 1809/106/62 1899/107/17 1900/108/17 1895/109/31 1894/110/32 1903/111/33 1897/112/68 1898/113/68 1822/18/18 1823/46/18 1889/105/68 1901/114/68 1904/115/69 1905/116/22 1896/117/16 1902/118/17 1890/99/17
f 1884/82/66 1821/39/24 1820/10/10 1808/7/54 1810/89/6 1885/88/23 1907/119/23 1906/120/15 1909/121/29 1910/122/36 1908/123/66
f 1875/91/23 1815/90/6 1804/124/36 1818/28/2 1824/27/24 1873/81/66 1915/125/66 1914/126/67 1911/127/34 1913/128/28 1912/129/23
f 1899/107/17 1809/106/62 1807/8/8 1819/9/63 1822/18/18 1898/113/68 1920/130/68 1919/131/69 1917/132/22 1918/133/16 1916/134/17
f 1807/8/8 1808/7/54 1820/10/10 1819/9/63
f 1801/135/40 1802/136/61 1818/2/2 1817/1/22
f 1895/137/31 1878/138/28 1882/139/27 1894/140/32
f 1918/141/16 1906/142/15 1907/143/23 1916/144/17
f 1910/145/36 1909/146/29 1917/147/22 1919/148/69
f 1881/149/67 1883/150/66 1897/151/68 1903/152/33
f 1908/153/66 1910/145/36 1919/148/69 1920/154/68
f 1916/144/17 1907/143/23 1885/155/23 1886/156/23 1900/157/17 1899/158/17
f 1900/157/17 1886/156/23 1878/138/28 1895/137/31
f 1883/150/66 1884/159/66 1908/153/66 1920/154/68 1898/160/68 1897/151/68
f 1909/146/29 1906/142/15 1918/141/16 1917/147/22
f 1894/140/32 1882/139/27 1881/161/67 1903/162/33
f 1870/163/34 1846/164/32 1850/165/31 1865/166/28
f 1842/167/23 1825/168/17 1827/169/16 1841/170/15
f 1826/171/22 1830/172/21 1843/173/30 1845/174/29
f 1848/175/20 1856/176/33 1869/177/26 1872/178/25
f 1830/172/21 1831/179/20 1844/180/25 1843/173/30
f 1871/181/23 1849/182/17 1829/183/17 1825/168/17 1842/167/23 1840/184/23
f 1865/166/28 1850/165/31 1849/182/17 1871/181/23
f 1831/179/20 1828/185/20 1848/175/20 1872/178/25 1839/186/25 1844/180/25
f 1827/169/16 1826/171/22 1845/174/29 1841/170/15
f 1869/187/26 1856/188/33 1846/164/32 1870/163/34
f 1859/165/31 1833/166/28 1832/163/34 1861/164/47
f 1864/167/23 1855/168/17 1847/169/16 1867/170/15
f 1857/171/22 1851/172/21 1868/173/30 1866/174/29
f 1835/177/26 1836/178/25 1862/175/20 1860/176/33
f 1851/172/21 1852/179/20 1863/180/25 1868/173/30
f 1854/189/17 1855/168/17 1864/167/23 1838/190/23 1834/181/23 1858/182/17
f 1858/182/17 1834/181/23 1833/166/28 1859/165/31
f 1836/178/25 1837/191/25 1863/180/25 1852/179/20 1853/192/20 1862/175/20
f 1847/169/16 1857/171/22 1866/174/29 1867/170/15
f 1861/164/47 1832/163/34 1835/187/26 1860/188/33
f 1911/139/34 1892/140/32 1888/137/31 1913/138/28
f 1896/141/16 1879/142/15 1876/143/23 1902/144/17
f 1880/145/36 1877/146/29 1905/147/22 1904/148/69
f 1893/151/68 1891/152/33 1914/149/67 1915/150/66
f 1874/153/66 1880/145/36 1904/148/69 1901/154/68
f 1902/144/17 1876/143/23 1875/193/23 1912/156/23 1887/157/17 1890/194/17
f 1913/138/28 1888/137/31 1887/157/17 1912/156/23
f 1873/195/66 1874/153/66 1901/154/68 1889/196/68 1893/151/68 1915/150/66
f 1877/146/29 1879/142/15 1896/141/16 1905/147/22
f 1914/161/67 1891/162/33 1892/140/32 1911/139/34
f 1937/1/42 1938/2/2 1924/3/3 1923/4/4
f 1929/5/46 1930/6/6 1928/7/7 1927/8/8
f 1939/9/32 1940/10/10 1926/11/11 1925/12/12
f 1936/13/83 1934/14/14 1922/15/15 1921/16/16
f 1949/17/17 1942/18/18 1939/9/32 1925/12/12 1931/19/19 1948/20/20 1951/21/20 1950/22/21 1946/23/22 1947/24/16 1945/25/17
f 1958/26/23 1944/27/24 1938/28/2 1922/29/15 1934/30/14 1957/31/25 1956/32/25 1955/33/26 1952/34/34 1953/35/28 1954/36/23
f 1959/37/25 1932/38/14 1926/11/11 1940/10/10 1941/39/24 1960/40/23 1962/41/23 1961/42/15 1965/43/29 1963/44/30 1964/45/25
f 1943/46/18 1942/18/18 1949/17/17 1969/47/17 1970/48/31 1966/49/32 1976/50/33 1968/51/20 1948/20/20 1931/19/19 1936/52/83 1973/53/20 1972/54/20 1971/55/21 1977/56/22 1967/57/16 1975/58/17 1974/59/17
f 1925/12/12 1926/11/11 1932/60/14 1931/61/19
f 1933/62/5 1935/63/6 1930/6/6 1929/5/46
f 1923/4/4 1924/3/3 1935/63/6 1933/62/5
f 1936/52/83 1921/64/16 1937/65/42 1943/46/18 1974/59/17 1978/66/17 1979/67/31 1981/68/32 1980/69/33 1982/70/20 1973/53/20
f 1960/40/23 1941/39/24 1944/27/24 1958/26/23 1984/71/23 1987/72/15 1986/73/29 1988/74/30 1983/75/25 1957/31/25 1934/30/14 1932/38/14 1959/37/25 1992/76/25 1989/77/26 1990/78/34 1985/79/28 1991/80/23
f 1931/61/19 1932/60/14 1934/14/14 1936/13/83
f 1993/81/25 1944/27/24 1941/39/24 2004/82/25 2003/83/25 2001/84/26 2002/85/34 1998/86/28 2006/87/35 2005/88/35 1930/89/6 1935/90/6 1995/91/35 1996/92/35 1999/93/15 1997/94/29 2000/95/3 1994/96/25
f 1943/46/18 1937/65/42 1923/97/4 1933/98/5 2010/99/19 2007/100/19 2008/101/31 2012/102/32 2011/103/33 2013/104/20 2009/105/20
f 1933/98/5 1929/106/46 2019/107/19 2020/108/19 2015/109/31 2014/110/32 2023/111/33 2017/112/20 2018/113/20 1942/18/18 1943/46/18 2009/105/20 2021/114/20 2024/115/21 2025/116/22 2016/117/16 2022/118/19 2010/99/19
f 2004/82/25 1941/39/24 1940/10/10 1928/7/7 1930/89/6 2005/88/35 2027/119/35 2026/120/15 2029/121/29 2030/122/30 2028/123/25
f 1995/91/35 1935/90/6 1924/124/3 1938/28/2 1944/27/24 1993/81/25 2035/125/25 2034/126/26 2031/127/27 2033/128/28 2032/129/35
f 2019/107/19 1929/106/46 1927/8/8 1939/9/32 1942/18/18 2018/113/20 2040/130/20 2039/131/21 2037/132/22 2038/133/41 2036/134/19
f 1927/8/8 1928/7/7 1940/10/10 1939/9/32
f 1921/135/16 1922/136/15 1938/2/2 1937/1/42
f 2015/137/31 1998/138/28 2002/139/34 2014/140/32
f 2038/141/41 2026/142/15 2027/143/35 2036/144/19
f 2030/145/30 2029/146/29 2037/147/22 2039/148/21
f 2001/149/26 2003/150/25 2017/151/20 2023/152/33
f 2028/153/25 2030/145/30 2039/148/21 2040/154/20
f 2036/144/19 2027/143/35 2005/155/35 2006/156/35 2020/157/19 2019/158/19
f 2020/157/19 2006/156/35 1998/138/28 2015/137/31
f 2003/150/25 2004/159/25 2028/153/25 2040/154/20 2018/160/20 2017/151/20
f 2029/146/29 2026/142/15 2038/141/41 2037/147/22
f 2014/140/32 2002/139/34 2001/161/26 2023/162/33
f 1990/163/34 1966/164/32 1970/165/31 1985/166/28
f 1962/167/23 1945/168/17 1947/169/16 1961/170/15
f 1946/171/22 1950/172/21 1963/173/30 1965/174/29
f 1968/175/20 1976/176/33 1989/177/26 1992/178/25
f 1950/172/21 1951/179/20 1964/180/25 1963/173/30
f 1991/181/23 1969/182/17 1949/183/17 1945/168/17 1962/167/23 1960/184/23
f 1985/166/28 1970/165/31 1969/182/17 1991/181/23
f 1951/179/20 1948/185/20 1968/175/20 1992/178/25 1959/186/25 1964/180/25
f 1947/169/16 1946/171/22 1965/174/29 1961/170/15
f 1989/187/26 1976/188/33 1966/164/32 1990/163/34
f 1979/165/31 1953/166/28 1952/163/34 1981/164/32
f 1984/167/23 1975/168/17 1967/169/16 1987/170/15
f 1977/171/22 1971/172/21 1988/173/30 1986/174/29
f 1955/177/26 1956/178/25 1982/175/20 1980/176/33
f 1971/172/21 1972/179/20 1983/180/25 1988/173/30
f 1974/189/17 1975/168/17 1984/167/23 1958/190/23 1954/181/23 1978/182/17
f 1978/182/17 1954/181/23 1953/166/28 1979/165/31
f 1956/178/25 1957/191/25 1983/180/25 1972/179/20 1973/192/20 1982/175/20
f 1967/169/16 1977/171/22 1986/174/29 1987/170/15
f 1981/164/32 1952/163/34 1955/187/26 1980/188/33
f 2031/139/27 2012/140/32 2008/137/31 2033/138/28
f 2016/141/16 1999/142/15 1996/143/35 2022/144/19
f 2000/145/3 1997/146/29 2025/147/22 2024/148/21
f 2013/151/20 2011/152/33 2034/149/26 2035/150/25
f 1994/153/25 2000/145/3 2024/148/21 2021/154/20
f 2022/144/19 1996/143/35 1995/193/35 2032/156/35 2007/157/19 2010/194/19
f 2033/138/28 2008/137/31 2007/157/19 2032/156/35
f 1993/195/25 1994/153/25 2021/154/20 2009/196/20 2013/151/20 2035/150/25
f 1997/146/29 1999/142/15 2016/141/16 2025/147/22
f 2034/161/26 2011/162/33 2012/140/32 2031/139/27
f 2057/1/42 2058/2/2 2044/3/3 2043/4/4
f 2049/5/46 2050/6/6 2048/7/7 2047/8/8
f 2059/9/32 2060/10/10 2046/11/11 2045/12/12
f 2056/13/83 2054/14/14 2042/15/15 2041/16/16
f 2069/17/17 2062/18/18 2059/9/32 2045/12/12 2051/19/19 2068/20/20 2071/21/20 2070/22/21 2066/23/22 2067/24/16 2065/25/17
f 2078/26/23 2064/27/24 2058/28/2 2042/29/15 2054/30/14 2077/31/25 2076/32/25 2075/33/26 2072/34/34 2073/35/28 2074/36/23
f 2079/37/25 2052/38/14 2046/11/11 2060/10/10 2061/39/24 2080/40/23 2082/41/23 2081/42/15 2085/43/29 2083/44/30 2084/45/25
f 2063/46/18 2062/18/18 2069/17/17 2089/47/17 2090/48/31 2086/49/32 2096/50/33 2088/51/20 2068/20/20 2051/19/19 2056/52/83 2093/53/20 2092/54/20 2091/55/21 2097/56/22 2087/57/16 2095/58/17 2094/59/17
f 2045/12/12 2046/11/11 2052/60/14 2051/61/19
f 2053/62/5 2055/63/6 2050/6/6 2049/5/46
f 2043/4/4 2044/3/3 2055/63/6 2053/62/5
f 2056/52/83 2041/64/16 2057/65/42 2063/46/18 2094/59/17 2098/66/17 2099/67/31 2101/68/32 2100/69/33 2102/70/20 2093/53/20
f 2080/40/23 2061/39/24 2064/27/24 2078/26/23 2104/71/23 2107/72/15 2106/73/29 2108/74/30 2103/75/25 2077/31/25 2054/30/14 2052/38/14 2079/37/25 2112/76/25 2109/77/26 2110/78/34 2105/79/28 2111/80/23
f 2051/61/19 2052/60/14 2054/14/14 2056/13/83
f 2113/81/25 2064/27/24 2061/39/24 2124/82/25 2123/83/25 2121/84/26 2122/85/34 2118/86/28 2126/87/35 2125/88/35 2050/89/6 2055/90/6 2115/91/35 2116/92/35 2119/93/15 2117/94/29 2120/95/3 2114/96/25
f 2063/46/18 2057/65/42 2043/97/4 2053/98/5 2130/99/19 2127/100/19 2128/101/31 2132/102/32 2131/103/33 2133/104/20 2129/105/20
f 2053/98/5 2049/106/46 2139/107/19 2140/108/19 2135/109/31 2134/110/32 2143/111/33 2137/112/20 2138/113/20 2062/18/18 2063/46/18 2129/105/20 2141/114/20 2144/115/21 2145/116/22 2136/117/16 2142/118/19 2130/99/19
f 2124/82/25 2061/39/24 2060/10/10 2048/7/7 2050/89/6 2125/88/35 2147/119/35 2146/120/15 2149/121/29 2150/122/30 2148/123/25
f 2115/91/35 2055/90/6 2044/124/3 2058/28/2 2064/27/24 2113/81/25 2155/125/25 2154/126/26 2151/127/27 2153/128/28 2152/129/35
f 2139/107/19 2049/106/46 2047/8/8 2059/9/32 2062/18/18 2138/113/20 2160/130/20 2159/131/21 2157/132/22 2158/133/41 2156/134/19
f 2047/8/8 2048/7/7 2060/10/10 2059/9/32
f 2041/135/16 2042/136/15 2058/2/2 2057/1/42
f 2135/137/31 2118/138/28 2122/139/34 2134/140/32
f 2158/141/41 2146/142/15 2147/143/35 2156/144/19
f 2150/145/30 2149/146/29 2157/147/22 2159/148/21
f 2121/149/26 2123/150/25 2137/151/20 2143/152/33
f 2148/153/25 2150/145/30 2159/148/21 2160/154/20
f 2156/144/19 2147/143/35 2125/155/35 2126/156/35 2140/157/19 2139/158/19
f 2140/157/19 2126/156/35 2118/138/28 2135/137/31
f 2123/150/25 2124/159/25 2148/153/25 2160/154/20 2138/160/20 2137/151/20
f 2149/146/29 2146/142/15 2158/141/41 2157/147/22
f 2134/140/32 2122/139/34 2121/161/26 2143/162/33
f 2110/163/34 2086/164/32 2090/165/31 2105/166/28
f 2082/167/23 2065/168/17 2067/169/16 2081/170/15
f 2066/171/22 2070/172/21 2083/173/30 2085/174/29
f 2088/175/20 2096/176/33 2109/177/26 2112/178/25
f 2070/172/21 2071/179/20 2084/180/25 2083/173/30
f 2111/181/23 2089/182/17 2069/183/17 2065/168/17 2082/167/23 2080/184/23
f 2105/166/28 2090/165/31 2089/182/17 2111/181/23
f 2071/179/20 2068/185/20 2088/175/20 2112/178/25 2079/186/25 2084/180/25
f 2067/169/16 2066/171/22 2085/174/29 2081/170/15
f 2109/187/26 2096/188/33 2086/164/32 2110/163/34
f 2099/165/31 2073/166/28 2072/163/34 2101/164/32
f 2104/167/23 2095/168/17 2087/169/16 2107/170/15
f 2097/171/22 2091/172/21 2108/173/30 2106/174/29
f 2075/177/26 2076/178/25 2102/175/20 2100/176/33
f 2091/172/21 2092/179/20 2103/180/25 2108/173/30
f 2094/189/17 2095/168/17 2104/167/23 2078/190/23 2074/181/23 2098/182/17
f 2098/182/17 2074/181/23 2073/166/28 2099/165/31
f 2076/178/25 2077/191/25 2103/180/25 2092/179/20 2093/192/20 2102/175/20
f 2087/169/16 2097/171/22 2106/174/29 2107/170/15
f 2101/164/32 2072/163/34 2075/187/26 2100/188/33
f 2151/139/27 2132/140/32 2128/137/31 2153/138/28
f 2136/141/16 2119/142/15 2116/143/35 2142/144/19
f 2120/145/3 2117/146/29 2145/147/22 2144/148/21
f 2133/151/20 2131/152/33 2154/149/26 2155/150/25
f 2114/153/25 2120/145/3 2144/148/21 2141/154/20
f 2142/144/19 2116/143/35 2115/193/35 2152/156/35 2127/157/19 2130/194/19
f 2153/138/28 2128/137/31 2127/157/19 2152/156/35
f 2113/195/25 2114/153/25 2141/154/20 2129/196/20 2133/151/20 2155/150/25
f 2117/146/29 2119/142/15 2136/141/16 2145/147/22
f 2154/161/26 2131/162/33 2132/140/32 2151/139/27
f 2177/1/84 2178/2/2 2164/3/3 2163/4/4
f 2169/5/75 2170/6/6 2168/7/7 2167/8/8
f 2179/9/63 2180/10/10 2166/11/11 2165/12/12
f 2176/13/53 2174/14/14 2162/15/15 2161/16/16
f 2189/17/17 2182/18/18 2179/9/63 2165/12/12 2171/19/19 2188/20/20 2191/21/20 2190/22/21 2186/23/22 2187/24/16 2185/25/17
f 2198/26/23 2184/27/24 2178/28/2 2162/29/15 2174/30/14 2197/31/25 2196/32/25 2195/33/26 2192/34/45 2193/35/28 2194/36/23
f 2199/37/25 2172/38/14 2166/11/11 2180/10/10 2181/39/24 2200/40/23 2202/41/23 2201/42/15 2205/43/29 2203/44/30 2204/45/25
f 2183/46/18 2182/18/18 2189/17/17 2209/47/17 2210/48/31 2206/49/32 2216/50/33 2208/51/20 2188/20/20 2171/19/19 2176/52/53 2213/53/20 2212/54/20 2211/55/21 2217/56/22 2207/57/16 2215/58/17 2214/59/17
f 2165/12/12 2166/11/11 2172/60/14 2171/61/19
f 2173/62/46 2175/63/6 2170/6/6 2169/5/75
f 2163/4/4 2164/3/3 2175/63/6 2173/62/46
f 2176/52/53 2161/64/16 2177/65/84 2183/46/18 2214/59/17 2218/66/17 2219/67/31 2221/68/32 2220/69/33 2222/70/20 2213/53/20
f 2200/40/23 2181/39/24 2184/27/24 2198/26/23 2224/71/23 2227/72/15 2226/73/29 2228/74/30 2223/75/25 2197/31/25 2174/30/14 2172/38/14 2199/37/25 2232/76/25 2229/77/26 2230/78/45 2225/79/28 2231/80/23
f 2171/61/19 2172/60/14 2174/14/14 2176/13/53
f 2233/81/25 2184/27/24 2181/39/24 2244/82/25 2243/83/25 2241/84/26 2242/85/27 2238/86/28 2246/87/23 2245/88/23 2170/89/6 2175/90/6 2235/91/23 2236/92/23 2239/93/15 2237/94/29 2240/95/3 2234/96/25
f 2183/46/18 2177/65/84 2163/97/4 2173/98/46 2250/99/17 2247/100/17 2248/101/31 2252/102/32 2251/103/33 2253/104/20 2249/105/20
f 2173/98/46 2169/106/75 2259/107/17 2260/108/17 2255/109/31 2254/110/32 2263/111/33 2257/112/20 2258/113/20 2182/18/18 2183/46/18 2249/105/20 2261/114/20 2264/115/21 2265/116/22 2256/117/16 2262/118/17 2250/99/17
f 2244/82/25 2181/39/24 2180/10/10 2168/7/7 2170/89/6 2245/88/23 2267/119/23 2266/120/15 2269/121/29 2270/122/30 2268/123/25
f 2235/91/23 2175/90/6 2164/124/3 2178/28/2 2184/27/24 2233/81/25 2275/125/25 2274/126/26 2271/127/27 2273/128/28 2272/129/23
f 2259/107/17 2169/106/75 2167/8/8 2179/9/63 2182/18/18 2258/113/20 2280/130/20 2279/131/21 2277/132/22 2278/133/16 2276/134/17
f 2167/8/8 2168/7/7 2180/10/10 2179/9/63
f 2161/135/16 2162/136/15 2178/2/2 2177/1/84
f 2255/137/31 2238/138/28 2242/139/27 2254/140/32
f 2278/141/16 2266/142/15 2267/143/23 2276/144/17
f 2270/145/30 2269/146/29 2277/147/22 2279/148/21
f 2241/149/26 2243/150/25 2257/151/20 2263/152/33
f 2268/153/25 2270/145/30 2279/148/21 2280/154/20
f 2276/144/17 2267/143/23 2245/155/23 2246/156/23 2260/157/17 2259/158/17
f 2260/157/17 2246/156/23 2238/138/28 2255/137/31
f 2243/150/25 2244/159/25 2268/153/25 2280/154/20 2258/160/20 2257/151/20
f 2269/146/29 2266/142/15 2278/141/16 2277/147/22
f 2254/140/32 2242/139/27 2241/161/26 2263/162/33
f 2230/163/45 2206/164/32 2210/165/31 2225/166/28
f 2202/167/23 2185/168/17 2187/169/16 2201/170/15
f 2186/171/22 2190/172/21 2203/173/30 2205/174/29
f 2208/175/20 2216/176/33 2229/177/26 2232/178/25
f 2190/172/21 2191/179/20 2204/180/25 2203/173/30
f 2231/181/23 2209/182/17 2189/183/17 2185/168/17 2202/167/23 2200/184/23
f 2225/166/28 2210/165/31 2209/182/17 2231/181/23
f 2191/179/20 2188/185/20 2208/175/20 2232/178/25 2199/186/25 2204/180/25
f 2187/169/16 2186/171/22 2205/174/29 2201/170/15
f 2229/187/26 2216/188/33 2206/164/32 2230/163/45
f 2219/165/31 2193/166/28 2192/163/45 2221/164/32
f 2224/167/23 2215/168/17 2207/169/16 2227/170/15
f 2217/171/22 2211/172/21 2228/173/30 2226/174/29
f 2195/177/26 2196/178/25 2222/175/20 2220/176/33
f 2211/172/21 2212/179/20 2223/180/25 2228/173/30
f 2214/189/17 2215/168/17 2224/167/23 2198/190/23 2194/181/23 2218/182/17
f 2218/182/17 2194/181/23 2193/166/28 2219/165/31
f 2196/178/25 2197/191/25 2223/180/25 2212/179/20 2213/192/20 2222/175/20
f 2207/169/16 2217/171/22 2226/174/29 2227/170/15
f 2221/164/32 2192/163/45 2195/187/26 2220/188/33
f 2271/139/27 2252/140/32 2248/137/31 2273/138/28
f 2256/141/16 2239/142/15 2236/143/23 2262/144/17
f 2240/145/3 2237/146/29 2265/147/22 2264/148/21
f 2253/151/20 2251/152/33 2274/149/26 2275/150/25
f 2234/153/25 2240/145/3 2264/148/21 2261/154/20
f 2262/144/17 2236/143/23 2235/193/23 2272/156/23 2247/157/17 2250/194/17
f 2273/138/28 2248/137/31 2247/157/17 2272/156/23
f 2233/195/25 2234/153/25 2261/154/20 2249/196/20 2253/151/20 2275/150/25
f 2237/146/29 2239/142/15 2256/141/16 2265/147/22
f 2274/161/26 2251/162/33 2252/140/32 2271/139/27
f 2297/1/1 2298/2/2 2284/3/48 2283/4/49
f 2289/5/75 2290/6/25 2288/7/26 2287/8/43
f 2299/9/32 2300/10/10 2286/11/11 2285/12/12
f 2296/13/53 2294/14/14 2282/15/15 2281/16/16
f 2309/17/17 2302/18/18 2299/9/32 2285/12/12 2291/19/19 2308/20/20 2311/21/20 2310/22/21 2306/23/22 2307/24/16 2305/25/17
f 2318/26/23 2304/27/24 2298/28/2 2282/29/15 2294/30/14 2317/31/25 2316/32/25 2315/33/26 2312/34/45 2313/35/28 2314/36/23
f 2319/37/25 2292/38/14 2286/11/11 2300/10/10 2301/39/24 2320/40/23 2322/41/23 2321/42/15 2325/43/29 2323/44/30 2324/45/25
f 2303/46/18 2302/18/18 2309/17/17 2329/47/17 2330/48/31 2326/49/32 2336/50/33 2328/51/20 2308/20/20 2291/19/19 2296/52/53 2333/53/20 2332/54/20 2331/55/21 2337/56/22 2327/57/16 2335/58/17 2334/59/17
f 2285/12/12 2286/11/11 2292/60/14 2291/61/19
f 2293/62/46 2295/63/25 2290/6/25 2289/5/75
f 2283/4/49 2284/3/48 2295/63/25 2293/62/46
f 2296/52/53 2281/64/16 2297/65/1 2303/46/18 2334/59/17 2338/66/17 2339/67/31 2341/68/32 2340/69/33 2342/70/20 2333/53/20
f 2320/40/23 2301/39/24 2304/27/24 2318/26/23 2344/71/23 2347/72/15 2346/73/29 2348/74/30 2343/75/25 2317/31/25 2294/30/14 2292/38/14 2319/37/25 2352/76/25 2349/77/26 2350/78/45 2345/79/28 2351/80/23
f 2291/61/19 2292/60/14 2294/14/14 2296/13/53
f 2353/81/6 2304/27/24 2301/39/24 2364/82/6 2363/83/6 2361/84/26 2362/85/45 2358/86/28 2366/87/23 2365/88/23 2290/89/25 2295/90/25 2355/91/23 2356/92/23 2359/93/15 2357/94/2 2360/95/30 2354/96/6
f 2303/46/18 2297/65/1 2283/97/49 2293/98/46 2370/99/17 2367/100/17 2368/101/31 2372/102/32 2371/103/33 2373/104/51 2369/105/51
f 2293/98/46 2289/106/75 2379/107/17 2380/108/17 2375/109/31 2374/110/32 2383/111/33 2377/112/51 2378/113/51 2302/18/18 2303/46/18 2369/105/51 2381/114/51 2384/115/21 2385/116/22 2376/117/16 2382/118/17 2370/99/17
f 2364/82/6 2301/39/24 2300/10/10 2288/7/26 2290/89/25 2365/88/23 2387/119/23 2386/120/15 2389/121/29 2390/122/30 2388/123/6
f 2355/91/23 2295/90/25 2284/124/48 2298/28/2 2304/27/24 2353/81/6 2395/125/6 2394/126/26 2391/127/45 2393/128/28 2392/129/23
f 2379/107/17 2289/106/75 2287/8/43 2299/9/32 2302/18/18 2378/113/51 2400/130/51 2399/131/21 2397/132/22 2398/133/16 2396/134/17
f 2287/8/43 2288/7/26 2300/10/10 2299/9/32
f 2281/135/16 2282/136/15 2298/2/2 2297/1/1
f 2375/137/31 2358/138/28 2362/139/45 2374/140/32
f 2398/141/16 2386/142/15 2387/143/23 2396/144/17
f 2390/145/30 2389/146/29 2397/147/22 2399/148/21
f 2361/149/26 2363/150/6 2377/151/51 2383/152/33
f 2388/153/6 2390/145/30 2399/148/21 2400/154/51
f 2396/144/17 2387/143/23 2365/155/23 2366/156/23 2380/157/17 2379/158/17
f 2380/157/17 2366/156/23 2358/138/28 2375/137/31
f 2363/150/6 2364/159/6 2388/153/6 2400/154/51 2378/160/51 2377/151/51
f 2389/146/29 2386/142/15 2398/141/16 2397/147/22
f 2374/140/32 2362/139/45 2361/161/26 2383/162/33
f 2350/163/45 2326/164/32 2330/165/31 2345/166/28
f 2322/167/23 2305/168/17 2307/169/16 2321/170/15
f 2306/171/22 2310/172/21 2323/173/30 2325/174/29
f 2328/175/20 2336/176/33 2349/177/26 2352/178/25
f 2310/172/21 2311/179/20 2324/180/25 2323/173/30
f 2351/181/23 2329/182/17 2309/183/17 2305/168/17 2322/167/23 2320/184/23
f 2345/166/28 2330/165/31 2329/182/17 2351/181/23
f 2311/179/20 2308/185/20 2328/175/20 2352/178/25 2319/186/25 2324/180/25
f 2307/169/16 2306/171/22 2325/174/29 2321/170/15
f 2349/187/26 2336/188/33 2326/164/32 2350/163/45
f 2339/165/31 2313/166/28 2312/163/45 2341/164/32
f 2344/167/23 2335/168/17 2327/169/16 2347/170/15
f 2337/171/22 2331/172/21 2348/173/30 2346/174/29
f 2315/177/26 2316/178/25 2342/175/20 2340/176/33
f 2331/172/21 2332/179/20 2343/180/25 2348/173/30
f 2334/189/17 2335/168/17 2344/167/23 2318/190/23 2314/181/23 2338/182/17
f 2338/182/17 2314/181/23 2313/166/28 2339/165/31
f 2316/178/25 2317/191/25 2343/180/25 2332/179/20 2333/192/20 2342/175/20
f 2327/169/16 2337/171/22 2346/174/29 2347/170/15
f 2341/164/32 2312/163/45 2315/187/26 2340/188/33
f 2391/139/45 2372/140/32 2368/137/31 2393/138/28
f 2376/141/16 2359/142/15 2356/143/23 2382/144/17
f 2360/145/30 2357/146/2 2385/147/22 2384/148/21
f 2373/151/51 2371/152/33 2394/149/26 2395/150/6
f 2354/153/6 2360/145/30 2384/148/21 2381/154/51
f 2382/144/17 2356/143/23 2355/193/23 2392/156/23 2367/157/17 2370/194/17
f 2393/138/28 2368/137/31 2367/157/17 2392/156/23
f 2353/195/6 2354/153/6 2381/154/51 2369/196/51 2373/151/51 2395/150/6
f 2357/146/2 2359/142/15 2376/141/16 2385/147/22
f 2394/161/26 2371/162/33 2372/140/32 2391/139/45
f 2417/1/42 2418/2/2 2404/3/48 2403/4/4
f 2409/5/5 2410/6/6 2408/7/7 2407/8/8
f 2419/9/32 2420/10/10 2406/11/11 2405/12/12
f 2416/13/53 2414/14/14 2402/15/15 2401/16/16
f 2429/17/17 2422/18/18 2419/9/32 2405/12/12 2411/19/19 2428/20/51 2431/21/51 2430/22/21 2426/23/22 2427/24/16 2425/25/17
f 2438/26/23 2424/27/24 2418/28/2 2402/29/15 2414/30/14 2437/31/6 2436/32/6 2435/33/26 2432/34/45 2433/35/28 2434/36/23
f 2439/37/6 2412/38/14 2406/11/11 2420/10/10 2421/39/24 2440/40/23 2442/41/23 2441/42/15 2445/43/29 2443/44/36 2444/45/6
f 2423/46/18 2422/18/18 2429/17/17 2449/47/17 2450/48/31 2446/49/32 2456/50/33 2448/51/51 2428/20/51 2411/19/19 2416/52/53 2453/53/51 2452/54/51 2451/55/21 2457/56/22 2447/57/16 2455/58/17 2454/59/17
f 2405/12/12 2406/11/11 2412/60/14 2411/61/19
f 2413/62/5 2415/63/6 2410/6/6 2409/5/5
f 2403/4/4 2404/3/48 2415/63/6 2413/62/5
f 2416/52/53 2401/64/16 2417/65/42 2423/46/18 2454/59/17 2458/66/17 2459/67/31 2461/68/47 2460/69/33 2462/70/51 2453/53/51
f 2440/40/23 2421/39/24 2424/27/24 2438/26/23 2464/71/23 2467/72/15 2466/73/29 2468/74/30 2463/75/6 2437/31/6 2414/30/14 2412/38/14 2439/37/6 2472/76/6 2469/77/26 2470/78/45 2465/79/28 2471/80/23
f 2411/61/19 2412/60/14 2414/14/14 2416/13/53
f 2473/81/25 2424/27/24 2421/39/24 2484/82/25 2483/83/25 2481/84/26 2482/85/45 2478/86/28 2486/87/23 2485/88/23 2410/89/6 2415/90/6 2475/91/23 2476/92/23 2479/93/15 2477/94/2 2480/95/3 2474/96/25
f 2423/46/18 2417/65/42 2403/97/4 2413/98/5 2490/99/17 2487/100/17 2488/101/31 2492/102/32 2491/103/33 2493/104/20 2489/105/20
f 2413/98/5 2409/106/5 2499/107/17 2500/108/17 2495/109/31 2494/110/32 2503/111/33 2497/112/20 2498/113/20 2422/18/18 2423/46/18 2489/105/20 2501/114/20 2504/115/21 2505/116/22 2496/117/16 2502/118/17 2490/99/17
f 2484/82/25 2421/39/24 2420/10/10 2408/7/7 2410/89/6 2485/88/23 2507/119/23 2506/120/15 2509/121/29 2510/122/30 2508/123/25
f 2475/91/23 2415/90/6 2404/124/48 2418/28/2 2424/27/24 2473/81/25 2515/125/25 2514/126/26 2511/127/45 2513/128/28 2512/129/23
f 2499/107/17 2409/106/5 2407/8/8 2419/9/32 2422/18/18 2498/113/20 2520/130/20 2519/131/21 2517/132/22 2518/133/16 2516/134/17
f 2407/8/8 2408/7/7 2420/10/10 2419/9/32
f 2401/135/16 2402/136/15 2418/2/2 2417/1/42
f 2495/137/31 2478/138/28 2482/139/45 2494/140/32
f 2518/141/16 2506/142/15 2507/143/23 2516/144/17
f 2510/145/30 2509/146/29 2517/147/22 2519/148/21
f 2481/149/26 2483/150/25 2497/151/20 2503/152/33
f 2508/153/25 2510/145/30 2519/148/21 2520/154/20
f 2516/144/17 2507/143/23 2485/155/23 2486/156/23 2500/157/17 2499/158/17
f 2500/157/17 2486/156/23 2478/138/28 2495/137/31
f 2483/150/25 2484/159/25 2508/153/25 2520/154/20 2498/160/20 2497/151/20
f 2509/146/29 2506/142/15 2518/141/16 2517/147/22
f 2494/140/32 2482/139/45 2481/161/26 2503/162/33
f 2470/163/45 2446/164/32 2450/165/31 2465/166/28
f 2442/167/23 2425/168/17 2427/169/16 2441/170/15
f 2426/171/22 2430/172/21 2443/173/36 2445/174/29
f 2448/175/51 2456/176/33 2469/177/26 2472/178/6
f 2430/172/21 2431/179/51 2444/180/6 2443/173/36
f 2471/181/23 2449/182/17 2429/183/17 2425/168/17 2442/167/23 2440/184/23
f 2465/166/28 2450/165/31 2449/182/17 2471/181/23
f 2431/179/51 2428/185/51 2448/175/51 2472/178/6 2439/186/6 2444/180/6
f 2427/169/16 2426/171/22 2445/174/29 2441/170/15
f 2469/187/26 2456/188/33 2446/164/32 2470/163/45
f 2459/165/31 2433/166/28 2432/163/45 2461/164/47
f 2464/167/23 2455/168/17 2447/169/16 2467/170/15
f 2457/171/22 2451/172/21 2468/173/30 2466/174/29
f 2435/177/26 2436/178/6 2462/175/51 2460/176/33
f 2451/172/21 2452/179/51 2463/180/6 2468/173/30
f 2454/189/17 2455/168/17 2464/167/23 2438/190/23 2434/181/23 2458/182/17
f 2458/182/17 2434/181/23 2433/166/28 2459/165/31
f 2436/178/6 2437/191/6 2463/180/6 2452/179/51 2453/192/51 2462/175/51
f 2447/169/16 2457/171/22 2466/174/29 2467/170/15
f 2461/164/47 2432/163/45 2435/187/26 2460/188/33
f 2511/139/45 2492/140/32 2488/137/31 2513/138/28
f 2496/141/16 2479/142/15 2476/143/23 2502/144/17
f 2480/145/3 2477/146/2 2505/147/22 2504/148/21
f 2493/151/20 2491/152/33 2514/149/26 2515/150/25
f 2474/153/25 2480/145/3 2504/148/21 2501/154/20
f 2502/144/17 2476/143/23 2475/193/23 2512/156/23 2487/157/17 2490/194/17
f 2513/138/28 2488/137/31 2487/157/17 2512/156/23
f 2473/195/25 2474/153/25 2501/154/20 2489/196/20 2493/151/20 2515/150/25
f 2477/146/2 2479/142/15 2496/141/16 2505/147/22
f 2514/161/26 2491/162/33 2492/140/32 2511/139/45
f 2537/1/42 2538/2/2 2524/3/48 2523/4/4
f 2529/5/5 2530/6/6 2528/7/7 2527/8/8
f 2539/9/32 2540/10/10 2526/11/11 2525/12/12
f 2536/13/53 2534/14/14 2522/15/15 2521/16/16
f 2549/17/17 2542/18/18 2539/9/32 2525/12/12 2531/19/19 2548/20/51 2551/21/51 2550/22/21 2546/23/22 2547/24/16 2545/25/17
f 2558/26/23 2544/27/24 2538/28/2 2522/29/15 2534/30/14 2557/31/6 2556/32/6 2555/33/26 2552/34/45 2553/35/28 2554/36/23
f 2559/37/6 2532/38/14 2526/11/11 2540/10/10 2541/39/24 2560/40/23 2562/41/23 2561/42/15 2565/43/29 2563/44/36 2564/45/6
f 2543/46/18 2542/18/18 2549/17/17 2569/47/17 2570/48/31 2566/49/32 2576/50/33 2568/51/51 2548/20/51 2531/19/19 2536/52/53 2573/53/51 2572/54/51 2571/55/21 2577/56/22 2567/57/16 2575/58/17 2574/59/17
f 2525/12/12 2526/11/11 2532/60/14 2531/61/19
f 2533/62/5 2535/63/6 2530/6/6 2529/5/5
f 2523/4/4 2524/3/48 2535/63/6 2533/62/5
f 2536/52/53 2521/64/16 2537/65/42 2543/46/18 2574/59/17 2578/66/17 2579/67/31 2581/68/47 2580/69/33 2582/70/51 2573/53/51
f 2560/40/23 2541/39/24 2544/27/24 2558/26/23 2584/71/23 2587/72/15 2586/73/29 2588/74/30 2583/75/6 2557/31/6 2534/30/14 2532/38/14 2559/37/6 2592/76/6 2589/77/26 2590/78/45 2585/79/28 2591/80/23
f 2531/61/19 2532/60/14 2534/14/14 2536/13/53
f 2593/81/25 2544/27/24 2541/39/24 2604/82/25 2603/83/25 2601/84/26 2602/85/45 2598/86/28 2606/87/23 2605/88/23 2530/89/6 2535/90/6 2595/91/23 2596/92/23 2599/93/15 2597/94/2 2600/95/3 2594/96/25
f 2543/46/18 2537/65/42 2523/97/4 2533/98/5 2610/99/17 2607/100/17 2608/101/31 2612/102/32 2611/103/33 2613/104/20 2609/105/20
f 2533/98/5 2529/106/5 2619/107/17 2620/108/17 2615/109/31 2614/110/32 2623/111/33 2617/112/20 2618/113/20 2542/18/18 2543/46/18 2609/105/20 2621/114/20 2624/115/21 2625/116/22 2616/117/16 2622/118/17 2610/99/17
f 2604/82/25 2541/39/24 2540/10/10 2528/7/7 2530/89/6 2605/88/23 2627/119/23 2626/120/15 2629/121/29 2630/122/30 2628/123/25
f 2595/91/23 2535/90/6 2524/124/48 2538/28/2 2544/27/24 2593/81/25 2635/125/25 2634/126/26 2631/127/45 2633/128/28 2632/129/23
f 2619/107/17 2529/106/5 2527/8/8 2539/9/32 2542/18/18 2618/113/20 2640/130/20 2639/131/21 2637/132/22 2638/133/16 2636/134/17
f 2527/8/8 2528/7/7 2540/10/10 2539/9/32
f 2521/135/16 2522/136/15 2538/2/2 2537/1/42
f 2615/137/31 2598/138/28 2602/139/45 2614/140/32
f 2638/141/16 2626/142/15 2627/143/23 2636/144/17
f 2630/145/30 2629/146/29 2637/147/22 2639/148/21
f 2601/149/26 2603/150/25 2617/151/20 2623/152/33
f 2628/153/25 2630/145/30 2639/148/21 2640/154/20
f 2636/144/17 2627/143/23 2605/155/23 2606/156/23 2620/157/17 2619/158/17
f 2620/157/17 2606/156/23 2598/138/28 2615/137/31
f 2603/150/25 2604/159/25 2628/153/25 2640/154/20 2618/160/20 2617/151/20
f 2629/146/29 2626/142/15 2638/141/16 2637/147/22
f 2614/140/32 2602/139/45 2601/161/26 2623/162/33
f 2590/163/45 2566/164/32 2570/165/31 2585/166/28
f 2562/167/23 2545/168/17 2547/169/16 2561/170/15
f 2546/171/22 2550/172/21 2563/173/36 2565/174/29
f 2568/175/51 2576/176/33 2589/177/26 2592/178/6
f 2550/172/21 2551/179/51 2564/180/6 2563/173/36
f 2591/181/23 2569/182/17 2549/183/17 2545/168/17 2562/167/23 2560/184/23
f 2585/166/28 2570/165/31 2569/182/17 2591/181/23
f 2551/179/51 2548/185/51 2568/175/51 2592/178/6 2559/186/6 2564/180/6
f 2547/169/16 2546/171/22 2565/174/29 2561/170/15
f 2589/187/26 2576/188/33 2566/164/32 2590/163/45
f 2579/165/31 2553/166/28 2552/163/45 2581/164/47
f 2584/167/23 2575/168/17 2567/169/16 2587/170/15
f 2577/171/22 2571/172/21 2588/173/30 2586/174/29
f 2555/177/26 2556/178/6 2582/175/51 2580/176/33
f 2571/172/21 2572/179/51 2583/180/6 2588/173/30
f 2574/189/17 2575/168/17 2584/167/23 2558/190/23 2554/181/23 2578/182/17
f 2578/182/17 2554/181/23 2553/166/28 2579/165/31
f 2556/178/6 2557/191/6 2583/180/6 2572/179/51 2573/192/51 2582/175/51
f 2567/169/16 2577/171/22 2586/174/29 2587/170/15
f 2581/164/47 2552/163/45 2555/187/26 2580/188/33
f 2631/139/45 2612/140/32 2608/137/31 2633/138/28
f 2616/141/16 2599/142/15 2596/143/23 2622/144/17
f 2600/145/3 2597/146/2 2625/147/22 2624/148/21
f 2613/151/20 2611/152/33 2634/149/26 2635/150/25
f 2594/153/25 2600/145/3 2624/148/21 2621/154/20
f 2622/144/17 2596/143/23 2595/193/23 2632/156/23 2607/157/17 2610/194/17
f 2633/138/28 2608/137/31 2607/157/17 2632/156/23
f 2593/195/25 2594/153/25 2621/154/20 2609/196/20 2613/151/20 2635/150/25
f 2597/146/2 2599/142/15 2616/141/16 2625/147/22
f 2634/161/26 2611/162/33 2612/140/32 2631/139/45
f 2657/1/56 2658/2/2 2644/3/3 2643/4/4
f 2649/5/46 2650/6/6 2648/7/7 2647/8/8
f 2659/9/32 2660/10/10 2646/11/81 2645/12/12
f 2656/13/82 2654/14/14 2642/15/60 2641/16/40
f 2669/17/17 2662/18/18 2659/9/32 2645/12/12 2651/19/17 2668/20/20 2671/21/20 2670/22/21 2666/23/22 2667/24/16 2665/25/17
f 2678/26/23 2664/27/24 2658/28/2 2642/29/60 2654/30/14 2677/31/25 2676/32/25 2675/33/26 2672/34/45 2673/35/28 2674/36/23
f 2679/37/25 2652/38/14 2646/11/81 2660/10/10 2661/39/24 2680/40/23 2682/41/23 2681/42/15 2685/43/29 2683/44/30 2684/45/25
f 2663/46/18 2662/18/18 2669/17/17 2689/47/17 2690/48/31 2686/49/32 2696/50/33 2688/51/20 2668/20/20 2651/19/17 2656/52/82 2693/53/20 2692/54/20 2691/55/21 2697/56/22 2687/57/16 2695/58/17 2694/59/17
f 2645/12/12 2646/11/81 2652/60/14 2651/61/17
f 2653/62/75 2655/63/6 2650/6/6 2649/5/46
f 2643/4/4 2644/3/3 2655/63/6 2653/62/75
f 2656/52/82 2641/64/40 2657/65/56 2663/46/18 2694/59/17 2698/66/17 2699/67/31 2701/68/32 2700/69/33 2702/70/20 2693/53/20
f 2680/40/23 2661/39/24 2664/27/24 2678/26/23 2704/71/23 2707/72/15 2706/73/29 2708/74/30 2703/75/25 2677/31/25 2654/30/14 2652/38/14 2679/37/25 2712/76/25 2709/77/26 2710/78/45 2705/79/28 2711/80/23
f 2651/61/17 2652/60/14 2654/14/14 2656/13/82
f 2713/81/25 2664/27/24 2661/39/24 2724/82/25 2723/83/25 2721/84/26 2722/85/45 2718/86/28 2726/87/23 2725/88/23 2650/89/6 2655/90/6 2715/91/23 2716/92/23 2719/93/15 2717/94/2 2720/95/3 2714/96/25
f 2663/46/18 2657/65/56 2643/97/4 2653/98/75 2730/99/17 2727/100/17 2728/101/31 2732/102/32 2731/103/33 2733/104/20 2729/105/20
f 2653/98/75 2649/106/46 2739/107/17 2740/108/17 2735/109/31 2734/110/32 2743/111/33 2737/112/20 2738/113/20 2662/18/18 2663/46/18 2729/105/20 2741/114/20 2744/115/21 2745/116/22 2736/117/16 2742/118/17 2730/99/17
f 2724/82/25 2661/39/24 2660/10/10 2648/7/7 2650/89/6 2725/88/23 2747/119/23 2746/120/15 2749/121/29 2750/122/30 2748/123/25
f 2715/91/23 2655/90/6 2644/124/3 2658/28/2 2664/27/24 2713/81/25 2755/125/25 2754/126/26 2751/127/45 2753/128/28 2752/129/23
f 2739/107/17 2649/106/46 2647/8/8 2659/9/32 2662/18/18 2738/113/20 2760/130/20 2759/131/21 2757/132/22 2758/133/16 2756/134/17
f 2647/8/8 2648/7/7 2660/10/10 2659/9/32
f 2641/135/40 2642/136/60 2658/2/2 2657/1/56
f 2735/137/31 2718/138/28 2722/139/45 2734/140/32
f 2758/141/16 2746/142/15 2747/143/23 2756/144/17
f 2750/145/30 2749/146/29 2757/147/22 2759/148/21
f 2721/149/26 2723/150/25 2737/151/20 2743/152/33
f 2748/153/25 2750/145/30 2759/148/21 2760/154/20
f 2756/144/17 2747/143/23 2725/155/23 2726/156/23 2740/157/17 2739/158/17
f 2740/157/17 2726/156/23 2718/138/28 2735/137/31
f 2723/150/25 2724/159/25 2748/153/25 2760/154/20 2738/160/20 2737/151/20
f 2749/146/29 2746/142/15 2758/141/16 2757/147/22
f 2734/140/32 2722/139/45 2721/161/26 2743/162/33
f 2710/163/45 2686/164/32 2690/165/31 2705/166/28
f 2682/167/23 2665/168/17 2667/169/16 2681/170/15
f 2666/171/22 2670/172/21 2683/173/30 2685/174/29
f 2688/175/20 2696/176/33 2709/177/26 2712/178/25
f 2670/172/21 2671/179/20 2684/180/25 2683/173/30
f 2711/181/23 2689/182/17 2669/183/17 2665/168/17 2682/167/23 2680/184/23
f 2705/166/28 2690/165/31 2689/182/17 2711/181/23
f 2671/179/20 2668/185/20 2688/175/20 2712/178/25 2679/186/25 2684/180/25
f 2667/169/16 2666/171/22 2685/174/29 2681/170/15
f 2709/187/26 2696/188/33 2686/164/32 2710/163/45
f 2699/165/31 2673/166/28 2672/163/45 2701/164/32
f 2704/167/23 2695/168/17 2687/169/16 2707/170/15
f 2697/171/22 2691/172/21 2708/173/30 2706/174/29
f 2675/177/26 2676/178/25 2702/175/20 2700/176/33
f 2691/172/21 2692/179/20 2703/180/25 2708/173/30
f 2694/189/17 2695/168/17 2704/167/23 2678/190/23 2674/181/23 2698/182/17
f 2698/182/17 2674/181/23 2673/166/28 2699/165/31
f 2676/178/25 2677/191/25 2703/180/25 2692/179/20 2693/192/20 2702/175/20
f 2687/169/16 2697/171/22 2706/174/29 2707/170/15
f 2701/164/32 2672/163/45 2675/187/26 2700/188/33
f 2751/139/45 2732/140/32 2728/137/31 2753/138/28
f 2736/141/16 2719/142/15 2716/143/23 2742/144/17
f 2720/145/3 2717/146/2 2745/147/22 2744/148/21
f 2733/151/20 2731/152/33 2754/149/26 2755/150/25
f 2714/153/25 2720/145/3 2744/148/21 2741/154/20
f 2742/144/17 2716/143/23 2715/193/23 2752/156/23 2727/157/17 2730/194/17
f 2753/138/28 2728/137/31 2727/157/17 2752/156/23
f 2713/195/25 2714/153/25 2741/154/20 2729/196/20 2733/151/20 2755/150/25
f 2717/146/2 2719/142/15 2736/141/16 2745/147/22
f 2754/161/26 2731/162/33 2732/140/32 2751/139/45
f 2777/1/84 2778/2/2 2764/3/36 2763/4/4
f 2769/5/85 2770/6/6 2768/7/7 2767/8/8
f 2779/9/32 2780/10/10 2766/11/28 2765/12/12
f 2776/13/86 2774/14/14 2762/15/60 2761/16/40
f 2789/17/17 2782/18/18 2779/9/32 2765/12/12 2771/19/17 2788/20/20 2791/21/20 2790/22/21 2786/23/22 2787/24/16 2785/25/17
f 2798/26/23 2784/27/24 2778/28/2 2762/29/60 2774/30/14 2797/31/25 2796/32/25 2795/33/26 2792/34/34 2793/35/28 2794/36/23
f 2799/37/25 2772/38/14 2766/11/28 2780/10/10 2781/39/24 2800/40/23 2802/41/23 2801/42/15 2805/43/29 2803/44/30 2804/45/25
f 2783/46/18 2782/18/18 2789/17/17 2809/47/17 2810/48/31 2806/49/32 2816/50/33 2808/51/20 2788/20/20 2771/19/17 2776/52/86 2813/53/20 2812/54/20 2811/55/21 2817/56/22 2807/57/16 2815/58/17 2814/59/17
f 2765/12/12 2766/11/28 2772/60/14 2771/61/17
f 2773/62/65 2775/63/6 2770/6/6 2769/5/85
f 2763/4/4 2764/3/36 2775/63/6 2773/62/65
f 2776/52/86 2761/64/40 2777/65/84 2783/46/18 2814/59/17 2818/66/17 2819/67/31 2821/68/32 2820/69/33 2822/70/20 2813/53/20
f 2800/40/23 2781/39/24 2784/27/24 2798/26/23 2824/71/23 2827/72/15 2826/73/29 2828/74/30 2823/75/25 2797/31/25 2774/30/14 2772/38/14 2799/37/25 2832/76/25 2829/77/26 2830/78/34 2825/79/28 2831/80/23
f 2771/61/17 2772/60/14 2774/14/14 2776/13/86
f 2833/81/66 2784/27/24 2781/39/24 2844/82/66 2843/83/66 2841/84/67 2842/85/34 2838/86/28 2846/87/23 2845/88/23 2770/89/6 2775/90/6 2835/91/23 2836/92/23 2839/93/15 2837/94/29 2840/95/36 2834/96/66
f 2783/46/18 2777/65/84 2763/97/4 2773/98/65 2850/99/17 2847/100/17 2848/101/31 2852/102/32 2851/103/33 2853/104/68 2849/105/68
f 2773/98/65 2769/106/85 2859/107/17 2860/108/17 2855/109/31 2854/110/32 2863/111/33 2857/112/68 2858/113/68 2782/18/18 2783/46/18 2849/105/68 2861/114/68 2864/115/69 2865/116/22 2856/117/16 2862/118/17 2850/99/17
f 2844/82/66 2781/39/24 2780/10/10 2768/7/7 2770/89/6 2845/88/23 2867/119/23 2866/120/15 2869/121/29 2870/122/36 2868/123/66
f 2835/91/23 2775/90/6 2764/124/36 2778/28/2 2784/27/24 2833/81/66 2875/125/66 2874/126/54 2871/127/34 2873/128/28 2872/129/23
f 2859/107/17 2769/106/85 2767/8/8 2779/9/32 2782/18/18 2858/113/68 2880/130/68 2879/131/69 2877/132/22 2878/133/16 2876/134/17
f 2767/8/8 2768/7/7 2780/10/10 2779/9/32
f 2761/135/40 2762/136/60 2778/2/2 2777/1/84
f 2855/137/31 2838/138/28 2842/139/34 2854/140/32
f 2878/141/16 2866/142/15 2867/143/23 2876/144/17
f 2870/145/36 2869/146/29 2877/147/22 2879/148/69
f 2841/149/67 2843/150/66 2857/151/68 2863/152/33
f 2868/153/66 2870/145/36 2879/148/69 2880/154/68
f 2876/144/17 2867/143/23 2845/155/23 2846/156/23 2860/157/17 2859/158/17
f 2860/157/17 2846/156/23 2838/138/28 2855/137/31
f 2843/150/66 2844/159/66 2868/153/66 2880/154/68 2858/160/68 2857/151/68
f 2869/146/29 2866/142/15 2878/141/16 2877/147/22
f 2854/140/32 2842/139/34 2841/161/67 2863/162/33
f 2830/163/34 2806/164/32 2810/165/31 2825/166/28
f 2802/167/23 2785/168/17 2787/169/16 2801/170/15
f 2786/171/22 2790/172/21 2803/173/30 2805/174/29
f 2808/175/20 2816/176/33 2829/177/26 2832/178/25
f 2790/172/21 2791/179/20 2804/180/25 2803/173/30
f 2831/181/23 2809/182/17 2789/183/17 2785/168/17 2802/167/23 2800/184/23
f 2825/166/28 2810/165/31 2809/182/17 2831/181/23
f 2791/179/20 2788/185/20 2808/175/20 2832/178/25 2799/186/25 2804/180/25
f 2787/169/16 2786/171/22 2805/174/29 2801/170/15
f 2829/187/26 2816/188/33 2806/164/32 2830/163/34
f 2819/165/31 2793/166/28 2792/163/34 2821/164/32
f 2824/167/23 2815/168/17 2807/169/16 2827/170/15
f 2817/171/22 2811/172/21 2828/173/30 2826/174/29
f 2795/177/26 2796/178/25 2822/175/20 2820/176/33
f 2811/172/21 2812/179/20 2823/180/25 2828/173/30
f 2814/189/17 2815/168/17 2824/167/23 2798/190/23 2794/181/23 2818/182/17
f 2818/182/17 2794/181/23 2793/166/28 2819/165/31
f 2796/178/25 2797/191/25 2823/180/25 2812/179/20 2813/192/20 2822/175/20
f 2807/169/16 2817/171/22 2826/174/29 2827/170/15
f 2821/164/32 2792/163/34 2795/187/26 2820/188/33
f 2871/139/34 2852/140/32 2848/137/31 2873/138/28
f 2856/141/16 2839/142/15 2836/143/23 2862/144/17
f 2840/145/36 2837/146/29 2865/147/22 2864/148/69
f 2853/151/68 2851/152/33 2874/149/54 2875/150/66
f 2834/153/66 2840/145/36 2864/148/69 2861/154/68
f 2862/144/17 2836/143/23 2835/193/23 2872/156/23 2847/157/17 2850/194/17
f 2873/138/28 2848/137/31 2847/157/17 2872/156/23
f 2833/195/66 2834/153/66 2861/154/68 2849/196/68 2853/151/68 2875/150/66
f 2837/146/29 2839/142/15 2856/141/16 2865/147/22
f 2874/161/54 2851/162/33 2852/140/32 2871/139/34
f 2897/1/22 2898/2/2 2884/3/36 2883/4/4
f 2889/5/75 2890/6/6 2888/7/54 2887/8/8
f 2899/9/63 2900/10/58 2886/11/11 2885/12/12
f 2896/13/53 2894/14/14 2882/15/73 2881/16/40
f 2909/17/17 2902/18/18 2899/9/63 2885/12/12 2891/19/19 2908/20/20 2911/21/20 2910/22/21 2906/23/22 2907/24/16 2905/25/17
f 2918/26/23 2904/27/24 2898/28/2 2882/29/73 2894/30/14 2917/31/25 2916/32/25 2915/33/26 2912/34/34 2913/35/28 2914/36/23
f 2919/37/25 2892/38/14 2886/11/11 2900/10/58 2901/39/24 2920/40/23 2922/41/23 2921/42/15 2925/43/29 2923/44/30 2924/45/25
f 2903/46/18 2902/18/18 2909/17/17 2929/47/17 2930/48/31 2926/49/47 2936/50/33 2928/51/20 2908/20/20 2891/19/19 2896/52/53 2933/53/20 2932/54/20 2931/55/21 2937/56/22 2927/57/16 2935/58/17 2934/59/17
f 2885/12/12 2886/11/11 2892/60/14 2891/61/19
f 2893/62/5 2895/63/6 2890/6/6 2889/5/75
f 2883/4/4 2884/3/36 2895/63/6 2893/62/5
f 2896/52/53 2881/64/40 2897/65/22 2903/46/18 2934/59/17 2938/66/17 2939/67/31 2941/68/32 2940/69/33 2942/70/20 2933/53/20
f 2920/40/23 2901/39/24 2904/27/24 2918/26/23 2944/71/23 2947/72/15 2946/73/29 2948/74/30 2943/75/25 2917/31/25 2894/30/14 2892/38/14 2919/37/25 2952/76/25 2949/77/26 2950/78/34 2945/79/28 2951/80/23
f 2891/61/19 2892/60/14 2894/14/14 2896/13/53
f 2953/81/25 2904/27/24 2901/39/24 2964/82/25 2963/83/25 2961/84/26 2962/85/27 2958/86/28 2966/87/35 2965/88/35 2890/89/6 2895/90/6 2955/91/35 2956/92/35 2959/93/15 2957/94/87 2960/95/3 2954/96/25
f 2903/46/18 2897/65/22 2883/97/4 2893/98/5 2970/99/19 2967/100/19 2968/101/31 2972/102/32 2971/103/33 2973/104/20 2969/105/20
f 2893/98/5 2889/106/75 2979/107/19 2980/108/19 2975/109/31 2974/110/32 2983/111/33 2977/112/20 2978/113/20 2902/18/18 2903/46/18 2969/105/20 2981/114/20 2984/115/21 2985/116/22 2976/117/16 2982/118/19 2970/99/19
f 2964/82/25 2901/39/24 2900/10/58 2888/7/54 2890/89/6 2965/88/35 2987/119/35 2986/120/15 2989/121/29 2990/122/30 2988/123/25
f 2955/91/35 2895/90/6 2884/124/36 2898/28/2 2904/27/24 2953/81/25 2995/125/25 2994/126/26 2991/127/34 2993/128/28 2992/129/35
f 2979/107/19 2889/106/75 2887/8/8 2899/9/63 2902/18/18 2978/113/20 3000/130/20 2999/131/21 2997/132/39 2998/133/40 2996/134/19
f 2887/8/8 2888/7/54 2900/10/58 2899/9/63
f 2881/135/40 2882/136/73 2898/2/2 2897/1/22
f 2975/137/31 2958/138/28 2962/139/27 2974/140/32
f 2998/141/40 2986/142/15 2987/143/35 2996/144/19
f 2990/145/30 2989/146/29 2997/147/39 2999/148/21
f 2961/149/26 2963/150/25 2977/151/20 2983/152/33
f 2988/153/25 2990/145/30 2999/148/21 3000/154/20
f 2996/144/19 2987/143/35 2965/155/35 2966/156/35 2980/157/19 2979/158/19
f 2980/157/19 2966/156/35 2958/138/28 2975/137/31
f 2963/150/25 2964/159/25 2988/153/25 3000/154/20 2978/160/20 2977/151/20
f 2989/146/29 2986/142/15 2998/141/40 2997/147/39
f 2974/140/32 2962/139/27 2961/161/26 2983/162/33
f 2950/163/34 2926/164/47 2930/165/31 2945/166/28
f 2922/167/23 2905/168/17 2907/169/16 2921/170/15
f 2906/171/22 2910/172/21 2923/173/30 2925/174/29
f 2928/175/20 2936/176/33 2949/177/26 2952/178/25
f 2910/172/21 2911/179/20 2924/180/25 2923/173/30
f 2951/181/23 2929/182/17 2909/183/17 2905/168/17 2922/167/23 2920/184/23
f 2945/166/28 2930/165/31 2929/182/17 2951/181/23
f 2911/179/20 2908/185/20 2928/175/20 2952/178/25 2919/186/25 2924/180/25
f 2907/169/16 2906/171/22 2925/174/29 2921/170/15
f 2949/187/26 2936/188/33 2926/164/47 2950/163/34
f 2939/165/31 2913/166/28 2912/163/34 2941/164/32
f 2944/167/23 2935/168/17 2927/169/16 2947/170/15
f 2937/171/22 2931/172/21 2948/173/30 2946/174/29
f 2915/177/26 2916/178/25 2942/175/20 2940/176/33
f 2931/172/21 2932/179/20 2943/180/25 2948/173/30
f 2934/189/17 2935/168/17 2944/167/23 2918/190/23 2914/181/23 2938/182/17
f 2938/182/17 2914/181/23 2913/166/28 2939/165/31
f 2916/178/25 2917/191/25 2943/180/25 2932/179/20 2933/192/20 2942/175/20
f 2927/169/16 2937/171/22 2946/174/29 2947/170/15
f 2941/164/32 2912/163/34 2915/187/26 2940/188/33
f 2991/139/34 2972/140/32 2968/137/31 2993/138/28
f 2976/141/16 2959/142/15 2956/143/35 2982/144/19
f 2960/145/3 2957/146/87 2985/147/22 2984/148/21
f 2973/151/20 2971/152/33 2994/149/26 2995/150/25
f 2954/153/25 2960/145/3 2984/148/21 2981/154/20
f 2982/144/19 2956/143/35 2955/193/35 2992/156/35 2967/157/19 2970/194/19
f 2993/138/28 2968/137/31 2967/157/19 2992/156/35
f 2953/195/25 2954/153/25 2981/154/20 2969/196/20 2973/151/20 2995/150/25
f 2957/146/87 2959/142/15 2976/141/16 2985/147/22
f 2994/161/26 2971/162/33 2972/140/32 2991/139/34
f 3017/1/22 3018/2/2 3004/3/36 3003/4/4
f 3009/5/75 3010/6/6 3008/7/54 3007/8/8
f 3019/9/32 3020/10/58 3006/11/11 3005/12/12
f 3016/13/53 3014/14/14 3002/15/73 3001/16/40
f 3029/17/17 3022/18/18 3019/9/32 3005/12/12 3011/19/19 3028/20/20 3031/21/20 3030/22/21 3026/23/22 3027/24/16 3025/25/17
f 3038/26/23 3024/27/24 3018/28/2 3002/29/73 3014/30/14 3037/31/25 3036/32/25 3035/33/26 3032/34/34 3033/35/28 3034/36/23
f 3039/37/25 3012/38/14 3006/11/11 3020/10/58 3021/39/24 3040/40/23 3042/41/23 3041/42/15 3045/43/29 3043/44/30 3044/45/25
f 3023/46/18 3022/18/18 3029/17/17 3049/47/17 3050/48/31 3046/49/47 3056/50/33 3048/51/20 3028/20/20 3011/19/19 3016/52/53 3053/53/20 3052/54/20 3051/55/21 3057/56/22 3047/57/16 3055/58/17 3054/59/17
f 3005/12/12 3006/11/11 3012/60/14 3011/61/19
f 3013/62/5 3015/63/6 3010/6/6 3009/5/75
f 3003/4/4 3004/3/36 3015/63/6 3013/62/5
f 3016/52/53 3001/64/40 3017/65/22 3023/46/18 3054/59/17 3058/66/17 3059/67/31 3061/68/32 3060/69/33 3062/70/20 3053/53/20
f 3040/40/23 3021/39/24 3024/27/24 3038/26/23 3064/71/23 3067/72/15 3066/73/29 3068/74/30 3063/75/25 3037/31/25 3014/30/14 3012/38/14 3039/37/25 3072/76/25 3069/77/26 3070/78/34 3065/79/28 3071/80/23
f 3011/61/19 3012/60/14 3014/14/14 3016/13/53
f 3073/81/25 3024/27/24 3021/39/24 3084/82/25 3083/83/25 3081/84/26 3082/85/27 3078/86/28 3086/87/35 3085/88/35 3010/89/6 3015/90/6 3075/91/35 3076/92/35 3079/93/15 3077/94/87 3080/95/3 3074/96/25
f 3023/46/18 3017/65/22 3003/97/4 3013/98/5 3090/99/19 3087/100/19 3088/101/31 3092/102/32 3091/103/33 3093/104/20 3089/105/20
f 3013/98/5 3009/106/75 3099/107/19 3100/108/19 3095/109/31 3094/110/32 3103/111/33 3097/112/20 3098/113/20 3022/18/18 3023/46/18 3089/105/20 3101/114/20 3104/115/21 3105/116/22 3096/117/16 3102/118/19 3090/99/19
f 3084/82/25 3021/39/24 3020/10/58 3008/7/54 3010/89/6 3085/88/35 3107/119/35 3106/120/15 3109/121/29 3110/122/30 3108/123/25
f 3075/91/35 3015/90/6 3004/124/36 3018/28/2 3024/27/24 3073/81/25 3115/125/25 3114/126/26 3111/127/34 3113/128/28 3112/129/35
f 3099/107/19 3009/106/75 3007/8/8 3019/9/32 3022/18/18 3098/113/20 3120/130/20 3119/131/21 3117/132/39 3118/133/40 3116/134/19
f 3007/8/8 3008/7/54 3020/10/58 3019/9/32
f 3001/135/40 3002/136/73 3018/2/2 3017/1/22
f 3095/137/31 3078/138/28 3082/139/27 3094/140/32
f 3118/141/40 3106/142/15 3107/143/35 3116/144/19
f 3110/145/30 3109/146/29 3117/147/39 3119/148/21
f 3081/149/26 3083/150/25 3097/151/20 3103/152/33
f 3108/153/25 3110/145/30 3119/148/21 3120/154/20
f 3116/144/19 3107/143/35 3085/155/35 3086/156/35 3100/157/19 3099/158/19
f 3100/157/19 3086/156/35 3078/138/28 3095/137/31
f 3083/150/25 3084/159/25 3108/153/25 3120/154/20 3098/160/20 3097/151/20
f 3109/146/29 3106/142/15 3118/141/40 3117/147/39
f 3094/140/32 3082/139/27 3081/161/26 3103/162/33
f 3070/163/34 3046/164/47 3050/165/31 3065/166/28
f 3042/167/23 3025/168/17 3027/169/16 3041/170/15
f 3026/171/22 3030/172/21 3043/173/30 3045/174/29
f 3048/175/20 3056/176/33 3069/177/26 3072/178/25
f 3030/172/21 3031/179/20 3044/180/25 3043/173/30
f 3071/181/23 3049/182/17 3029/183/17 3025/168/17 3042/167/23 3040/184/23
f 3065/166/28 3050/165/31 3049/182/17 3071/181/23
f 3031/179/20 3028/185/20 3048/175/20 3072/178/25 3039/186/25 3044/180/25
f 3027/169/16 3026/171/22 3045/174/29 3041/170/15
f 3069/187/26 3056/188/33 3046/164/47 3070/163/34
f 3059/165/31 3033/166/28 3032/163/34 3061/164/32
f 3064/167/23 3055/168/17 3047/169/16 3067/170/15
f 3057/171/22 3051/172/21 3068/173/30 3066/174/29
f 3035/177/26 3036/178/25 3062/175/20 3060/176/33
f 3051/172/21 3052/179/20 3063/180/25 3068/173/30
f 3054/189/17 3055/168/17 3064/167/23 3038/190/23 3034/181/23 3058/182/17
f 3058/182/17 3034/181/23 3033/166/28 3059/165/31
f 3036/178/25 3037/191/25 3063/180/25 3052/179/20 3053/192/20 3062/175/20
f 3047/169/16 3057/171/22 3066/174/29 3067/170/15
f 3061/164/32 3032/163/34 3035/187/26 3060/188/33
f 3111/139/34 3092/140/32 3088/137/31 3113/138/28
f 3096/141/16 3079/142/15 3076/143/35 3102/144/19
f 3080/145/3 3077/146/87 3105/147/22 3104/148/21
f 3093/151/20 3091/152/33 3114/149/26 3115/150/25
f 3074/153/25 3080/145/3 3104/148/21 3101/154/20
f 3102/144/19 3076/143/35 3075/193/35 3112/156/35 3087/157/19 3090/194/19
f 3113/138/28 3088/137/31 3087/157/19 3112/156/35
f 3073/195/25 3074/153/25 3101/154/20 3089/196/20 3093/151/20 3115/150/25
f 3077/146/87 3079/142/15 3096/141/16 3105/147/22
f 3114/161/26 3091/162/33 3092/140/32 3111/139/34
f 3137/1/57 3138/2/2 3124/3/36 3123/4/4
f 3129/5/5 3130/6/6 3128/7/54 3127/8/8
f 3139/9/9 3140/10/58 3126/11/11 3125/12/12
f 3136/13/53 3134/14/14 3122/15/73 3121/16/40
f 3149/17/17 3142/18/18 3139/9/9 3125/12/12 3131/19/19 3148/20/20 3151/21/20 3150/22/21 3146/23/22 3147/24/16 3145/25/17
f 3158/26/23 3144/27/24 3138/28/2 3122/29/73 3134/30/14 3157/31/25 3156/32/25 3155/33/26 3152/34/34 3153/35/28 3154/36/23
f 3159/37/25 3132/38/14 3126/11/11 3140/10/58 3141/39/24 3160/40/23 3162/41/23 3161/42/15 3165/43/29 3163/44/30 3164/45/25
f 3143/46/18 3142/18/18 3149/17/17 3169/47/17 3170/48/31 3166/49/47 3176/50/33 3168/51/20 3148/20/20 3131/19/19 3136/52/53 3173/53/20 3172/54/20 3171/55/21 3177/56/22 3167/57/16 3175/58/17 3174/59/17
f 3125/12/12 3126/11/11 3132/60/14 3131/61/19
f 3133/62/46 3135/63/6 3130/6/6 3129/5/5
f 3123/4/4 3124/3/36 3135/63/6 3133/62/46
f 3136/52/53 3121/64/40 3137/65/57 3143/46/18 3174/59/17 3178/66/17 3179/67/31 3181/68/32 3180/69/33 3182/70/20 3173/53/20
f 3160/40/23 3141/39/24 3144/27/24 3158/26/23 3184/71/23 3187/72/15 3186/73/29 3188/74/30 3183/75/25 3157/31/25 3134/30/14 3132/38/14 3159/37/25 3192/76/25 3189/77/78 3190/78/45 3185/79/28 3191/80/23
f 3131/61/19 3132/60/14 3134/14/14 3136/13/53
f 3193/81/25 3144/27/24 3141/39/24 3204/82/25 3203/83/25 3201/84/26 3202/85/45 3198/86/28 3206/87/23 3205/88/23 3130/89/6 3135/90/6 3195/91/23 3196/92/23 3199/93/15 3197/94/29 3200/95/3 3194/96/25
f 3143/46/18 3137/65/57 3123/97/4 3133/98/46 3210/99/17 3207/100/17 3208/101/31 3212/102/32 3211/103/33 3213/104/20 3209/105/20
f 3133/98/46 3129/106/5 3219/107/17 3220/108/17 3215/109/31 3214/110/32 3223/111/33 3217/112/20 3218/113/20 3142/18/18 3143/46/18 3209/105/20 3221/114/20 3224/115/21 3225/116/22 3216/117/16 3222/118/17 3210/99/17
f 3204/82/25 3141/39/24 3140/10/58 3128/7/54 3130/89/6 3205/88/23 3227/119/23 3226/120/15 3229/121/29 3230/122/30 3228/123/25
f 3195/91/23 3135/90/6 3124/124/36 3138/28/2 3144/27/24 3193/81/25 3235/125/25 3234/126/26 3231/127/34 3233/128/28 3232/129/23
f 3219/107/17 3129/106/5 3127/8/8 3139/9/9 3142/18/18 3218/113/20 3240/130/20 3239/131/21 3237/132/22 3238/133/16 3236/134/17
f 3127/8/8 3128/7/54 3140/10/58 3139/9/9
f 3121/135/40 3122/136/73 3138/2/2 3137/1/57
f 3215/137/31 3198/138/28 3202/139/45 3214/140/32
f 3238/141/16 3226/142/15 3227/143/23 3236/144/17
f 3230/145/30 3229/146/29 3237/147/22 3239/148/21
f 3201/149/26 3203/150/25 3217/151/20 3223/152/33
f 3228/153/25 3230/145/30 3239/148/21 3240/154/20
f 3236/144/17 3227/143/23 3205/155/23 3206/156/23 3220/157/17 3219/158/17
f 3220/157/17 3206/156/23 3198/138/28 3215/137/31
f 3203/150/25 3204/159/25 3228/153/25 3240/154/20 3218/160/20 3217/151/20
f 3229/146/29 3226/142/15 3238/141/16 3237/147/22
f 3214/140/32 3202/139/45 3201/161/26 3223/162/33
f 3190/163/45 3166/164/47 3170/165/31 3185/166/28
f 3162/167/23 3145/168/17 3147/169/16 3161/170/15
f 3146/171/22 3150/172/21 3163/173/30 3165/174/29
f 3168/175/20 3176/176/33 3189/177/78 3192/178/25
f 3150/172/21 3151/179/20 3164/180/25 3163/173/30
f 3191/181/23 3169/182/17 3149/183/17 3145/168/17 3162/167/23 3160/184/23
f 3185/166/28 3170/165/31 3169/182/17 3191/181/23
f 3151/179/20 3148/185/20 3168/175/20 3192/178/25 3159/186/25 3164/180/25
f 3147/169/16 3146/171/22 3165/174/29 3161/170/15
f 3189/187/78 3176/188/33 3166/164/47 3190/163/45
f 3179/165/31 3153/166/28 3152/163/34 3181/164/32
f 3184/167/23 3175/168/17 3167/169/16 3187/170/15
f 3177/171/22 3171/172/21 3188/173/30 3186/174/29
f 3155/177/26 3156/178/25 3182/175/20 3180/176/33
f 3171/172/21 3172/179/20 3183/180/25 3188/173/30
f 3174/189/17 3175/168/17 3184/167/23 3158/190/23 3154/181/23 3178/182/17
f 3178/182/17 3154/181/23 3153/166/28 3179/165/31
f 3156/178/25 3157/191/25 3183/180/25 3172/179/20 3173/192/20 3182/175/20
f 3167/169/16 3177/171/22 3186/174/29 3187/170/15
f 3181/164/32 3152/163/34 3155/187/26 3180/188/33
f 3231/139/34 3212/140/32 3208/137/31 3233/138/28
f 3216/141/16 3199/142/15 3196/143/23 3222/144/17
f 3200/145/3 3197/146/29 3225/147/22 3224/148/21
f 3213/151/20 3211/152/33 3234/149/26 3235/150/25
f 3194/153/25 3200/145/3 3224/148/21 3221/154/20
f 3222/144/17 3196/143/23 3195/193/23 3232/156/23 3207/157/17 3210/194/17
f 3233/138/28 3208/137/31 3207/157/17 3232/156/23
f 3193/195/25 3194/153/25 3221/154/20 3209/196/20 3213/151/20 3235/150/25
f 3197/146/29 3199/142/15 3216/141/16 3225/147/22
f 3234/161/26 3211/162/33 3212/140/32 3231/139/34
f 3257/1/22 3258/2/2 3244/3/3 3243/4/4
f 3249/5/5 3250/6/25 3248/7/26 3247/8/8
f 3259/9/32 3260/10/10 3246/11/11 3245/12/12
f 3256/13/53 3254/14/14 3242/15/73 3241/16/40
f 3269/17/17 3262/18/18 3259/9/32 3245/12/12 3251/19/19 3268/20/20 3271/21/20 3270/22/21 3266/23/22 3267/24/16 3265/25/17
f 3278/26/23 3264/27/24 3258/28/2 3242/29/73 3254/30/14 3277/31/25 3276/32/25 3275/33/26 3272/34/34 3273/35/28 3274/36/23
f 3279/37/25 3252/38/14 3246/11/11 3260/10/10 3261/39/24 3280/40/23 3282/41/23 3281/42/15 3285/43/29 3283/44/30 3284/45/25
f 3263/46/18 3262/18/18 3269/17/17 3289/47/17 3290/48/31 3286/49/47 3296/50/33 3288/51/20 3268/20/20 3251/19/19 3256/52/53 3293/53/20 3292/54/20 3291/55/21 3297/56/22 3287/57/16 3295/58/17 3294/59/17
f 3245/12/12 3246/11/11 3252/60/14 3251/61/19
f 3253/62/5 3255/63/25 3250/6/25 3249/5/5
f 3243/4/4 3244/3/3 3255/63/25 3253/62/5
f 3256/52/53 3241/64/40 3257/65/22 3263/46/18 3294/59/17 3298/66/17 3299/67/31 3301/68/32 3300/69/33 3302/70/20 3293/53/20
f 3280/40/23 3261/39/24 3264/27/24 3278/26/23 3304/71/23 3307/72/15 3306/73/29 3308/74/30 3303/75/25 3277/31/25 3254/30/14 3252/38/14 3279/37/25 3312/76/25 3309/77/78 3310/78/45 3305/79/28 3311/80/23
f 3251/61/19 3252/60/14 3254/14/14 3256/13/53
f 3313/81/6 3264/27/24 3261/39/24 3324/82/6 3323/83/6 3321/84/26 3322/85/45 3318/86/28 3326/87/23 3325/88/23 3250/89/25 3255/90/25 3315/91/23 3316/92/23 3319/93/15 3317/94/50 3320/95/30 3314/96/6
f 3263/46/18 3257/65/22 3243/97/4 3253/98/5 3330/99/17 3327/100/17 3328/101/31 3332/102/32 3331/103/33 3333/104/51 3329/105/51
f 3253/98/5 3249/106/5 3339/107/17 3340/108/17 3335/109/31 3334/110/32 3343/111/33 3337/112/51 3338/113/51 3262/18/18 3263/46/18 3329/105/51 3341/114/51 3344/115/21 3345/116/39 3336/117/16 3342/118/17 3330/99/17
f 3324/82/6 3261/39/24 3260/10/10 3248/7/26 3250/89/25 3325/88/23 3347/119/23 3346/120/15 3349/121/55 3350/122/36 3348/123/6
f 3315/91/23 3255/90/25 3244/124/3 3258/28/2 3264/27/24 3313/81/6 3355/125/6 3354/126/26 3351/127/45 3353/128/28 3352/129/23
f 3339/107/17 3249/106/5 3247/8/8 3259/9/32 3262/18/18 3338/113/51 3360/130/51 3359/131/21 3357/132/22 3358/133/16 3356/134/17
f 3247/8/8 3248/7/26 3260/10/10 3259/9/32
f 3241/135/40 3242/136/73 3258/2/2 3257/1/22
f 3335/137/31 3318/138/28 3322/139/45 3334/140/32
f 3358/141/16 3346/142/15 3347/143/23 3356/144/17
f 3350/145/36 3349/146/55 3357/147/22 3359/148/21
f 3321/149/26 3323/150/6 3337/151/51 3343/152/33
f 3348/153/6 3350/145/36 3359/148/21 3360/154/51
f 3356/144/17 3347/143/23 3325/155/23 3326/156/23 3340/157/17 3339/158/17
f 3340/157/17 3326/156/23 3318/138/28 3335/137/31
f 3323/150/6 3324/159/6 3348/153/6 3360/154/51 3338/160/51 3337/151/51
f 3349/146/55 3346/142/15 3358/141/16 3357/147/22
f 3334/140/32 3322/139/45 3321/161/26 3343/162/33
f 3310/163/45 3286/164/47 3290/165/31 3305/166/28
f 3282/167/23 3265/168/17 3267/169/16 3281/170/15
f 3266/171/22 3270/172/21 3283/173/30 3285/174/29
f 3288/175/20 3296/176/33 3309/177/78 3312/178/25
f 3270/172/21 3271/179/20 3284/180/25 3283/173/30
f 3311/181/23 3289/182/17 3269/183/17 3265/168/17 3282/167/23 3280/184/23
f 3305/166/28 3290/165/31 3289/182/17 3311/181/23
f 3271/179/20 3268/185/20 3288/175/20 3312/178/25 3279/186/25 3284/180/25
f 3267/169/16 3266/171/22 3285/174/29 3281/170/15
f 3309/187/78 3296/188/33 3286/164/47 3310/163/45
f 3299/165/31 3273/166/28 3272/163/34 3301/164/32
f 3304/167/23 3295/168/17 3287/169/16 3307/170/15
f 3297/171/22 3291/172/21 3308/173/30 3306/174/29
f 3275/177/26 3276/178/25 3302/175/20 3300/176/33
f 3291/172/21 3292/179/20 3303/180/25 3308/173/30
f 3294/189/17 3295/168/17 3304/167/23 3278/190/23 3274/181/23 3298/182/17
f 3298/182/17 3274/181/23 3273/166/28 3299/165/31
f 3276/178/25 3277/191/25 3303/180/25 3292/179/20 3293/192/20 3302/175/20
f 3287/169/16 3297/171/22 3306/174/29 3307/170/15
f 3301/164/32 3272/163/34 3275/187/26 3300/188/33
f 3351/139/45 3332/140/32 3328/137/31 3353/138/28
f 3336/141/16 3319/142/15 3316/143/23 3342/144/17
f 3320/145/30 3317/146/50 3345/147/39 3344/148/21
f 3333/151/51 3331/152/33 3354/149/26 3355/150/6
f 3314/153/6 3320/145/30 3344/148/21 3341/154/51
f 3342/144/17 3316/143/23 3315/193/23 3352/156/23 3327/157/17 3330/194/17
f 3353/138/28 3328/137/31 3327/157/17 3352/156/23
f 3313/195/6 3314/153/6 3341/154/51 3329/196/51 3333/151/51 3355/150/6
f 3317/146/50 3319/142/15 3336/141/16 3345/147/39
f 3354/161/26 3331/162/33 3332/140/32 3351/139/45
f 3377/1/22 3378/2/2 3364/3/36 3363/4/4
f 3369/5/75 3370/6/6 3368/7/54 3367/8/8
f 3379/9/32 3380/10/58 3366/11/11 3365/12/12
f 3376/13/88 3374/14/14 3362/15/73 3361/16/40
f 3389/17/17 3382/18/18 3379/9/32 3365/12/12 3371/19/19 3388/20/51 3391/21/51 3390/22/21 3386/23/22 3387/24/16 3385/25/17
f 3398/26/23 3384/27/24 3378/28/2 3362/29/73 3374/30/14 3397/31/6 3396/32/6 3395/33/26 3392/34/45 3393/35/28 3394/36/23
f 3399/37/6 3372/38/14 3366/11/11 3380/10/58 3381/39/24 3400/40/23 3402/41/23 3401/42/15 3405/43/55 3403/44/36 3404/45/6
f 3383/46/18 3382/18/18 3389/17/17 3409/47/17 3410/48/31 3406/49/47 3416/50/33 3408/51/51 3388/20/51 3371/19/19 3376/52/88 3413/53/51 3412/54/51 3411/55/21 3417/56/39 3407/57/16 3415/58/17 3414/59/17
f 3365/12/12 3366/11/11 3372/60/14 3371/61/19
f 3373/62/5 3375/63/6 3370/6/6 3369/5/75
f 3363/4/4 3364/3/36 3375/63/6 3373/62/5
f 3376/52/88 3361/64/40 3377/65/22 3383/46/18 3414/59/17 3418/66/17 3419/67/31 3421/68/32 3420/69/33 3422/70/51 3413/53/51
f 3400/40/23 3381/39/24 3384/27/24 3398/26/23 3424/71/23 3427/72/15 3426/73/55 3428/74/30 3423/75/6 3397/31/6 3374/30/14 3372/38/14 3399/37/6 3432/76/6 3429/77/26 3430/78/45 3425/79/28 3431/80/23
f 3371/61/19 3372/60/14 3374/14/14 3376/13/88
f 3433/81/25 3384/27/24 3381/39/24 3444/82/25 3443/83/25 3441/84/26 3442/85/45 3438/86/28 3446/87/23 3445/88/23 3370/89/6 3375/90/6 3435/91/23 3436/92/23 3439/93/15 3437/94/2 3440/95/3 3434/96/25
f 3383/46/18 3377/65/22 3363/97/4 3373/98/5 3450/99/17 3447/100/17 3448/101/31 3452/102/32 3451/103/33 3453/104/20 3449/105/20
f 3373/98/5 3369/106/75 3459/107/17 3460/108/17 3455/109/31 3454/110/32 3463/111/33 3457/112/20 3458/113/20 3382/18/18 3383/46/18 3449/105/20 3461/114/20 3464/115/21 3465/116/22 3456/117/16 3462/118/17 3450/99/17
f 3444/82/25 3381/39/24 3380/10/58 3368/7/54 3370/89/6 3445/88/23 3467/119/23 3466/120/15 3469/121/29 3470/122/30 3468/123/25
f 3435/91/23 3375/90/6 3364/124/36 3378/28/2 3384/27/24 3433/81/25 3475/125/25 3474/126/26 3471/127/34 3473/128/28 3472/129/23
f 3459/107/17 3369/106/75 3367/8/8 3379/9/32 3382/18/18 3458/113/20 3480/130/20 3479/131/21 3477/132/22 3478/133/16 3476/134/17
f 3367/8/8 3368/7/54 3380/10/58 3379/9/32
f 3361/135/40 3362/136/73 3378/2/2 3377/1/22
f 3455/137/31 3438/138/28 3442/139/45 3454/140/32
f 3478/141/16 3466/142/15 3467/143/23 3476/144/17
f 3470/145/30 3469/146/29 3477/147/22 3479/148/21
f 3441/149/26 3443/150/25 3457/151/20 3463/152/33
f 3468/153/25 3470/145/30 3479/148/21 3480/154/20
f 3476/144/17 3467/143/23 3445/155/23 3446/156/23 3460/157/17 3459/158/17
f 3460/157/17 3446/156/23 3438/138/28 3455/137/31
f 3443/150/25 3444/159/25 3468/153/25 3480/154/20 3458/160/20 3457/151/20
f 3469/146/29 3466/142/15 3478/141/16 3477/147/22
f 3454/140/32 3442/139/45 3441/161/26 3463/162/33
f 3430/163/45 3406/164/47 3410/165/31 3425/166/28
f 3402/167/23 3385/168/17 3387/169/16 3401/170/15
f 3386/171/22 3390/172/21 3403/173/36 3405/174/55
f 3408/175/51 3416/176/33 3429/177/26 3432/178/6
f 3390/172/21 3391/179/51 3404/180/6 3403/173/36
f 3431/181/23 3409/182/17 3389/183/17 3385/168/17 3402/167/23 3400/184/23
f 3425/166/28 3410/165/31 3409/182/17 3431/181/23
f 3391/179/51 3388/185/51 3408/175/51 3432/178/6 3399/186/6 3404/180/6
f 3387/169/16 3386/171/22 3405/174/55 3401/170/15
f 3429/187/26 3416/188/33 3406/164/47 3430/163/45
f 3419/165/31 3393/166/28 3392/163/45 3421/164/32
f 3424/167/23 3415/168/17 3407/169/16 3427/170/15
f 3417/171/39 3411/172/21 3428/173/30 3426/174/55
f 3395/177/26 3396/178/6 3422/175/51 3420/176/33
f 3411/172/21 3412/179/51 3423/180/6 3428/173/30
f 3414/189/17 3415/168/17 3424/167/23 3398/190/23 3394/181/23 3418/182/17
f 3418/182/17 3394/181/23 3393/166/28 3419/165/31
f 3396/178/6 3397/191/6 3423/180/6 3412/179/51 3413/192/51 3422/175/51
f 3407/169/16 3417/171/39 3426/174/55 3427/170/15
f 3421/164/32 3392/163/45 3395/187/26 3420/188/33
f 3471/139/34 3452/140/32 3448/137/31 3473/138/28
f 3456/141/16 3439/142/15 3436/143/23 3462/144/17
f 3440/145/3 3437/146/2 3465/147/22 3464/148/21
f 3453/151/20 3451/152/33 3474/149/26 3475/150/25
f 3434/153/25 3440/145/3 3464/148/21 3461/154/20
f 3462/144/17 3436/143/23 3435/193/23 3472/156/23 3447/157/17 3450/194/17
f 3473/138/28 3448/137/31 3447/157/17 3472/156/23
f 3433/195/25 3434/153/25 3461/154/20 3449/196/20 3453/151/20 3475/150/25
f 3437/146/2 3439/142/15 3456/141/16 3465/147/22
f 3474/161/26 3451/162/33 3452/140/32 3471/139/34
f 3497/1/22 3498/2/2 3484/3/36 3483/4/4
f 3489/5/75 3490/6/6 3488/7/89 3487/8/8
f 3499/9/9 3500/10/58 3486/11/11 3485/12/12
f 3496/13/88 3494/14/14 3482/15/73 3481/16/40
f 3509/17/17 3502/18/18 3499/9/9 3485/12/12 3491/19/19 3508/20/51 3511/21/51 3510/22/21 3506/23/22 3507/24/16 3505/25/17
f 3518/26/23 3504/27/24 3498/28/2 3482/29/73 3494/30/14 3517/31/6 3516/32/6 3515/33/26 3512/34/45 3513/35/28 3514/36/23
f 3519/37/6 3492/38/14 3486/11/11 3500/10/58 3501/39/24 3520/40/23 3522/41/23 3521/42/15 3525/43/55 3523/44/36 3524/45/6
f 3503/46/18 3502/18/18 3509/17/17 3529/47/17 3530/48/31 3526/49/47 3536/50/33 3528/51/51 3508/20/51 3491/19/19 3496/52/88 3533/53/51 3532/54/51 3531/55/21 3537/56/39 3527/57/16 3535/58/17 3534/59/17
f 3485/12/12 3486/11/11 3492/60/14 3491/61/19
f 3493/62/5 3495/63/6 3490/6/6 3489/5/75
f 3483/4/4 3484/3/36 3495/63/6 3493/62/5
f 3496/52/88 3481/64/40 3497/65/22 3503/46/18 3534/59/17 3538/66/17 3539/67/31 3541/68/32 3540/69/33 3542/70/51 3533/53/51
f 3520/40/23 3501/39/24 3504/27/24 3518/26/23 3544/71/23 3547/72/15 3546/73/55 3548/74/30 3543/75/6 3517/31/6 3494/30/14 3492/38/14 3519/37/6 3552/76/6 3549/77/26 3550/78/45 3545/79/28 3551/80/23
f 3491/61/19 3492/60/14 3494/14/14 3496/13/88
f 3553/81/25 3504/27/24 3501/39/24 3564/82/25 3563/83/25 3561/84/26 3562/85/45 3558/86/28 3566/87/23 3565/88/23 3490/89/6 3495/90/6 3555/91/23 3556/92/23 3559/93/15 3557/94/2 3560/95/3 3554/96/25
f 3503/46/18 3497/65/22 3483/97/4 3493/98/5 3570/99/17 3567/100/17 3568/101/31 3572/102/32 3571/103/33 3573/104/20 3569/105/20
f 3493/98/5 3489/106/75 3579/107/17 3580/108/17 3575/109/31 3574/110/32 3583/111/33 3577/112/20 3578/113/20 3502/18/18 3503/46/18 3569/105/20 3581/114/20 3584/115/21 3585/116/22 3576/117/16 3582/118/17 3570/99/17
f 3564/82/25 3501/39/24 3500/10/58 3488/7/89 3490/89/6 3565/88/23 3587/119/23 3586/120/15 3589/121/29 3590/122/30 3588/123/25
f 3555/91/23 3495/90/6 3484/124/36 3498/28/2 3504/27/24 3553/81/25 3595/125/25 3594/126/26 3591/127/34 3593/128/28 3592/129/23
f 3579/107/17 3489/106/75 3487/8/8 3499/9/9 3502/18/18 3578/113/20 3600/130/20 3599/131/21 3597/132/22 3598/133/16 3596/134/17
f 3487/8/8 3488/7/89 3500/10/58 3499/9/9
f 3481/135/40 3482/136/73 3498/2/2 3497/1/22
f 3575/137/31 3558/138/28 3562/139/45 3574/140/32
f 3598/141/16 3586/142/15 3587/143/23 3596/144/17
f 3590/145/30 3589/146/29 3597/147/22 3599/148/21
f 3561/149/26 3563/150/25 3577/151/20 3583/152/33
f 3588/153/25 3590/145/30 3599/148/21 3600/154/20
f 3596/144/17 3587/143/23 3565/155/23 3566/156/23 3580/157/17 3579/158/17
f 3580/157/17 3566/156/23 3558/138/28 3575/137/31
f 3563/150/25 3564/159/25 3588/153/25 3600/154/20 3578/160/20 3577/151/20
f 3589/146/29 3586/142/15 3598/141/16 3597/147/22
f 3574/140/32 3562/139/45 3561/161/26 3583/162/33
f 3550/163/45 3526/164/47 3530/165/31 3545/166/28
f 3522/167/23 3505/168/17 3507/169/16 3521/170/15
f 3506/171/22 3510/172/21 3523/173/36 3525/174/55
f 3528/175/51 3536/176/33 3549/177/26 3552/178/6
f 3510/172/21 3511/179/51 3524/180/6 3523/173/36
f 3551/181/23 3529/182/17 3509/183/17 3505/168/17 3522/167/23 3520/184/23
f 3545/166/28 3530/165/31 3529/182/17 3551/181/23
f 3511/179/51 3508/185/51 3528/175/51 3552/178/6 3519/186/6 3524/180/6
f 3507/169/16 3506/171/22 3525/174/55 3521/170/15
f 3549/187/26 3536/188/33 3526/164/47 3550/163/45
f 3539/165/31 3513/166/28 3512/163/45 3541/164/32
f 3544/167/23 3535/168/17 3527/169/16 3547/170/15
f 3537/171/39 3531/172/21 3548/173/30 3546/174/55
f 3515/177/26 3516/178/6 3542/175/51 3540/176/33
f 3531/172/21 3532/179/51 3543/180/6 3548/173/30
f 3534/189/17 3535/168/17 3544/167/23 3518/190/23 3514/181/23 3538/182/17
f 3538/182/17 3514/181/23 3513/166/28 3539/165/31
f 3516/178/6 3517/191/6 3543/180/6 3532/179/51 3533/192/51 3542/175/51
f 3527/169/16 3537/171/39 3546/174/55 3547/170/15
f 3541/164/32 3512/163/45 3515/187/26 3540/188/33
f 3591/139/34 3572/140/32 3568/137/31 3593/138/28
f 3576/141/16 3559/142/15 3556/143/23 3582/144/17
f 3560/145/3 3557/146/2 3585/147/22 3584/148/21
f 3573/151/20 3571/152/33 3594/149/26 3595/150/25
f 3554/153/25 3560/145/3 3584/148/21 3581/154/20
f 3582/144/17 3556/143/23 3555/193/23 3592/156/23 3567/157/17 3570/194/17
f 3593/138/28 3568/137/31 3567/157/17 3592/156/23
f 3553/195/25 3554/153/25 3581/154/20 3569/196/20 3573/151/20 3595/150/25
f 3557/146/2 3559/142/15 3576/141/16 3585/147/22
f 3594/161/26 3571/162/33 3572/140/32 3591/139/34
f 3617/1/22 3618/2/2 3604/3/36 3603/4/4
f 3609/5/5 3610/6/6 3608/7/54 3607/8/8
f 3619/9/32 3620/10/58 3606/11/81 3605/12/12
f 3616/13/82 3614/14/14 3602/15/61 3601/16/40
f 3629/17/17 3622/18/18 3619/9/32 3605/12/12 3611/19/17 3628/20/20 3631/21/20 3630/22/21 3626/23/22 3627/24/16 3625/25/17
f 3638/26/23 3624/27/24 3618/28/2 3602/29/61 3614/30/14 3637/31/25 3636/32/25 3635/33/26 3632/34/34 3633/35/28 3634/36/23
f 3639/37/25 3612/38/14 3606/11/81 3620/10/58 3621/39/24 3640/40/23 3642/41/23 3641/42/15 3645/43/29 3643/44/30 3644/45/25
f 3623/46/18 3622/18/18 3629/17/17 3649/47/17 3650/48/31 3646/49/47 3656/50/33 3648/51/20 3628/20/20 3611/19/17 3616/52/82 3653/53/20 3652/54/20 3651/55/21 3657/56/22 3647/57/16 3655/58/17 3654/59/17
f 3605/12/12 3606/11/81 3612/60/14 3611/61/17
f 3613/62/5 3615/63/6 3610/6/6 3609/5/5
f 3603/4/4 3604/3/36 3615/63/6 3613/62/5
f 3616/52/82 3601/64/40 3617/65/22 3623/46/18 3654/59/17 3658/66/17 3659/67/31 3661/68/32 3660/69/33 3662/70/20 3653/53/20
f 3640/40/23 3621/39/24 3624/27/24 3638/26/23 3664/71/23 3667/72/15 3666/73/29 3668/74/30 3663/75/25 3637/31/25 3614/30/14 3612/38/14 3639/37/25 3672/76/25 3669/77/78 3670/78/45 3665/79/28 3671/80/23
f 3611/61/17 3612/60/14 3614/14/14 3616/13/82
f 3673/81/25 3624/27/24 3621/39/24 3684/82/25 3683/83/25 3681/84/26 3682/85/45 3678/86/28 3686/87/23 3685/88/23 3610/89/6 3615/90/6 3675/91/23 3676/92/23 3679/93/15 3677/94/2 3680/95/30 3674/96/25
f 3623/46/18 3617/65/22 3603/97/4 3613/98/5 3690/99/17 3687/100/17 3688/101/90 3692/102/32 3691/103/33 3693/104/20 3689/105/20
f 3613/98/5 3609/106/5 3699/107/17 3700/108/17 3695/109/31 3694/110/32 3703/111/33 3697/112/20 3698/113/20 3622/18/18 3623/46/18 3689/105/20 3701/114/20 3704/115/21 3705/116/22 3696/117/16 3702/118/17 3690/99/17
f 3684/82/25 3621/39/24 3620/10/58 3608/7/54 3610/89/6 3685/88/23 3707/119/23 3706/120/61 3709/121/55 3710/122/30 3708/123/25
f 3675/91/23 3615/90/6 3604/124/36 3618/28/2 3624/27/24 3673/81/25 3715/125/25 3714/126/26 3711/127/45 3713/128/28 3712/129/23
f 3699/107/17 3609/106/5 3607/8/8 3619/9/32 3622/18/18 3698/113/20 3720/130/20 3719/131/21 3717/132/22 3718/133/40 3716/134/17
f 3607/8/8 3608/7/54 3620/10/58 3619/9/32
f 3601/135/40 3602/136/61 3618/2/2 3617/1/22
f 3695/137/31 3678/138/28 3682/139/45 3694/140/32
f 3718/141/40 3706/142/61 3707/143/23 3716/144/17
f 3710/145/30 3709/146/55 3717/147/22 3719/148/21
f 3681/149/26 3683/150/25 3697/151/20 3703/152/33
f 3708/153/25 3710/145/30 3719/148/21 3720/154/20
f 3716/144/17 3707/143/23 3685/155/23 3686/156/23 3700/157/17 3699/158/17
f 3700/157/17 3686/156/23 3678/138/28 3695/137/31
f 3683/150/25 3684/159/25 3708/153/25 3720/154/20 3698/160/20 3697/151/20
f 3709/146/55 3706/142/61 3718/141/40 3717/147/22
f 3694/140/32 3682/139/45 3681/161/26 3703/162/33
f 3670/163/45 3646/164/47 3650/165/31 3665/166/28
f 3642/167/23 3625/168/17 3627/169/16 3641/170/15
f 3626/171/22 3630/172/21 3643/173/30 3645/174/29
f 3648/175/20 3656/176/33 3669/177/78 3672/178/25
f 3630/172/21 3631/179/20 3644/180/25 3643/173/30
f 3671/181/23 3649/182/17 3629/183/17 3625/168/17 3642/167/23 3640/184/23
f 3665/166/28 3650/165/31 3649/182/17 3671/181/23
f 3631/179/20 3628/185/20 3648/175/20 3672/178/25 3639/186/25 3644/180/25
f 3627/169/16 3626/171/22 3645/174/29 3641/170/15
f 3669/187/78 3656/188/33 3646/164/47 3670/163/45
f 3659/165/31 3633/166/28 3632/163/34 3661/164/32
f 3664/167/23 3655/168/17 3647/169/16 3667/170/15
f 3657/171/22 3651/172/21 3668/173/30 3666/174/29
f 3635/177/26 3636/178/25 3662/175/20 3660/176/33
f 3651/172/21 3652/179/20 3663/180/25 3668/173/30
f 3654/189/17 3655/168/17 3664/167/23 3638/190/23 3634/181/23 3658/182/17
f 3658/182/17 3634/181/23 3633/166/28 3659/165/31
f 3636/178/25 3637/191/25 3663/180/25 3652/179/20 3653/192/20 3662/175/20
f 3647/169/16 3657/171/22 3666/174/29 3667/170/15
f 3661/164/32 3632/163/34 3635/187/26 3660/188/33
f 3711/139/45 3692/140/32 3688/137/90 3713/138/28
f 3696/141/16 3679/142/15 3676/143/23 3702/144/17
f 3680/145/30 3677/146/2 3705/147/22 3704/148/21
f 3693/151/20 3691/152/33 3714/149/26 3715/150/25
f 3674/153/25 3680/145/30 3704/148/21 3701/154/20
f 3702/144/17 3676/143/23 3675/193/23 3712/156/23 3687/157/17 3690/194/17
f 3713/138/28 3688/137/90 3687/157/17 3712/156/23
f 3673/195/25 3674/153/25 3701/154/20 3689/196/20 3693/151/20 3715/150/25
f 3677/146/2 3679/142/15 3696/141/16 3705/147/22
f 3714/161/26 3691/162/33 3692/140/32 3711/139/45
f 3737/1/76 3738/2/2 3724/3/30 3723/4/21
f 3729/5/62 3730/6/6 3728/7/54 3727/8/8
f 3739/9/63 3740/10/58 3726/11/28 3725/12/12
f 3736/13/82 3734/14/14 3722/15/61 3721/16/40
f 3749/17/17 3742/18/18 3739/9/63 3725/12/12 3731/19/17 3748/20/20 3751/21/20 3750/22/21 3746/23/22 3747/24/16 3745/25/17
f 3758/26/23 3744/27/24 3738/28/2 3722/29/61 3734/30/14 3757/31/25 3756/32/25 3755/33/26 3752/34/34 3753/35/28 3754/36/23
f 3759/37/25 3732/38/14 3726/11/28 3740/10/58 3741/39/24 3760/40/23 3762/41/23 3761/42/15 3765/43/29 3763/44/30 3764/45/25
f 3743/46/18 3742/18/18 3749/17/17 3769/47/17 3770/48/31 3766/49/47 3776/50/33 3768/51/20 3748/20/20 3731/19/17 3736/52/82 3773/53/20 3772/54/20 3771/55/21 3777/56/22 3767/57/16 3775/58/17 3774/59/17
f 3725/12/12 3726/11/28 3732/60/14 3731/61/17
f 3733/62/85 3735/63/6 3730/6/6 3729/5/62
f 3723/4/21 3724/3/30 3735/63/6 3733/62/85
f 3736/52/82 3721/64/40 3737/65/76 3743/46/18 3774/59/17 3778/66/17 3779/67/31 3781/68/32 3780/69/33 3782/70/20 3773/53/20
f 3760/40/23 3741/39/24 3744/27/24 3758/26/23 3784/71/23 3787/72/15 3786/73/29 3788/74/30 3783/75/25 3757/31/25 3734/30/14 3732/38/14 3759/37/25 3792/76/25 3789/77/26 3790/78/34 3785/79/28 3791/80/23
f 3731/61/17 3732/60/14 3734/14/14 3736/13/82
f 3793/81/66 3744/27/24 3741/39/24 3804/82/66 3803/83/66 3801/84/67 3802/85/27 3798/86/28 3806/87/23 3805/88/23 3730/89/6 3735/90/6 3795/91/23 3796/92/23 3799/93/15 3797/94/29 3800/95/36 3794/96/66
f 3743/46/18 3737/65/76 3723/97/21 3733/98/85 3810/99/17 3807/100/17 3808/101/31 3812/102/47 3811/103/33 3813/104/68 3809/105/68
f 3733/98/85 3729/106/62 3819/107/17 3820/108/17 3815/109/31 3814/110/32 3823/111/33 3817/112/68 3818/113/68 3742/18/18 3743/46/18 3809/105/68 3821/114/68 3824/115/69 3825/116/22 3816/117/16 3822/118/17 3810/99/17
f 3804/82/66 3741/39/24 3740/10/58 3728/7/54 3730/89/6 3805/88/23 3827/119/23 3826/120/15 3829/121/29 3830/122/36 3828/123/66
f 3795/91/23 3735/90/6 3724/124/30 3738/28/2 3744/27/24 3793/81/66 3835/125/66 3834/126/67 3831/127/34 3833/128/28 3832/129/23
f 3819/107/17 3729/106/62 3727/8/8 3739/9/63 3742/18/18 3818/113/68 3840/130/68 3839/131/4 3837/132/39 3838/133/16 3836/134/17
f 3727/8/8 3728/7/54 3740/10/58 3739/9/63
f 3721/135/40 3722/136/61 3738/2/2 3737/1/76
f 3815/137/31 3798/138/28 3802/139/27 3814/140/32
f 3838/141/16 3826/142/15 3827/143/23 3836/144/17
f 3830/145/36 3829/146/29 3837/147/39 3839/148/4
f 3801/149/67 3803/150/66 3817/151/68 3823/152/33
f 3828/153/66 3830/145/36 3839/148/4 3840/154/68
f 3836/144/17 3827/143/23 3805/155/23 3806/156/23 3820/157/17 3819/158/17
f 3820/157/17 3806/156/23 3798/138/28 3815/137/31
f 3803/150/66 3804/159/66 3828/153/66 3840/154/68 3818/160/68 3817/151/68
f 3829/146/29 3826/142/15 3838/141/16 3837/147/39
f 3814/140/32 3802/139/27 3801/161/67 3823/162/33
f 3790/163/34 3766/164/47 3770/165/31 3785/166/28
f 3762/167/23 3745/168/17 3747/169/16 3761/170/15
f 3746/171/22 3750/172/21 3763/173/30 3765/174/29
f 3768/175/20 3776/176/33 3789/177/26 3792/178/25
f 3750/172/21 3751/179/20 3764/180/25 3763/173/30
f 3791/181/23 3769/182/17 3749/183/17 3745/168/17 3762/167/23 3760/184/23
f 3785/166/28 3770/165/31 3769/182/17 3791/181/23
f 3751/179/20 3748/185/20 3768/175/20 3792/178/25 3759/186/25 3764/180/25
f 3747/169/16 3746/171/22 3765/174/29 3761/170/15
f 3789/187/26 3776/188/33 3766/164/47 3790/163/34
f 3779/165/31 3753/166/28 3752/163/34 3781/164/32
f 3784/167/23 3775/168/17 3767/169/16 3787/170/15
f 3777/171/22 3771/172/21 3788/173/30 3786/174/29
f 3755/177/26 3756/178/25 3782/175/20 3780/176/33
f 3771/172/21 3772/179/20 3783/180/25 3788/173/30
f 3774/189/17 3775/168/17 3784/167/23 3758/190/23 3754/181/23 3778/182/17
f 3778/182/17 3754/181/23 3753/166/28 3779/165/31
f 3756/178/25 3757/191/25 3783/180/25 3772/179/20 3773/192/20 3782/175/20
f 3767/169/16 3777/171/22 3786/174/29 3787/170/15
f 3781/164/32 3752/163/34 3755/187/26 3780/188/33
f 3831/139/34 3812/140/47 3808/137/31 3833/138/28
f 3816/141/16 3799/142/15 3796/143/23 3822/144/17
f 3800/145/36 3797/146/29 3825/147/22 3824/148/69
f 3813/151/68 3811/152/33 3834/149/67 3835/150/66
f 3794/153/66 3800/145/36 3824/148/69 3821/154/68
f 3822/144/17 3796/143/23 3795/193/23 3832/156/23 3807/157/17 3810/194/17
f 3833/138/28 3808/137/31 3807/157/17 3832/156/23
f 3793/195/66 3794/153/66 3821/154/68 3809/196/68 3813/151/68 3835/150/66
f 3797/146/29 3799/142/15 3816/141/16 3825/147/22
f 3834/161/67 3811/162/33 3812/140/47 3831/139/34
f 3857/1/76 3858/2/50 3844/3/30 3843/4/21
f 3849/5/75 3850/6/6 3848/7/7 3847/8/8
f 3859/9/32 3860/10/10 3846/11/11 3845/12/12
f 3856/13/53 3854/14/14 3842/15/73 3841/16/74
f 3869/17/17 3862/18/18 3859/9/32 3845/12/12 3851/19/19 3868/20/20 3871/21/20 3870/22/21 3866/23/22 3867/24/16 3865/25/17
f 3878/26/23 3864/27/24 3858/28/50 3842/29/73 3854/30/14 3877/31/25 3876/32/25 3875/33/26 3872/34/34 3873/35/28 3874/36/23
f 3879/37/25 3852/38/14 3846/11/11 3860/10/10 3861/39/24 3880/40/23 3882/41/23 3881/42/15 3885/43/29 3883/44/30 3884/45/25
f 3863/46/18 3862/18/18 3869/17/17 3889/47/17 3890/48/31 3886/49/32 3896/50/33 3888/51/20 3868/20/20 3851/19/19 3856/52/53 3893/53/20 3892/54/20 3891/55/21 3897/56/22 3887/57/16 3895/58/17 3894/59/17
f 3845/12/12 3846/11/11 3852/60/14 3851/61/19
f 3853/62/5 3855/63/6 3850/6/6 3849/5/75
f 3843/4/21 3844/3/30 3855/63/6 3853/62/5
f 3856/52/53 3841/64/74 3857/65/76 3863/46/18 3894/59/17 3898/66/17 3899/67/31 3901/68/32 3900/69/33 3902/70/20 3893/53/20
f 3880/40/23 3861/39/24 3864/27/24 3878/26/23 3904/71/23 3907/72/15 3906/73/29 3908/74/30 3903/75/25 3877/31/25 3854/30/14 3852/38/14 3879/37/25 3912/76/25 3909/77/26 3910/78/27 3905/79/28 3911/80/23
f 3851/61/19 3852/60/14 3854/14/14 3856/13/53
f 3913/81/25 3864/27/24 3861/39/24 3924/82/25 3923/83/25 3921/84/26 3922/85/34 3918/86/28 3926/87/35 3925/88/35 3850/89/6 3855/90/6 3915/91/35 3916/92/35 3919/93/15 3917/94/29 3920/95/3 3914/96/25
f 3863/46/18 3857/65/76 3843/97/21 3853/98/5 3930/99/19 3927/100/19 3928/101/37 3932/102/32 3931/103/33 3933/104/20 3929/105/20
f 3853/98/5 3849/106/75 3939/107/19 3940/108/19 3935/109/31 3934/110/47 3943/111/33 3937/112/20 3938/113/20 3862/18/18 3863/46/18 3929/105/20 3941/114/20 3944/115/21 3945/116/39 3936/117/40 3942/118/19 3930/99/19
f 3924/82/25 3861/39/24 3860/10/10 3848/7/7 3850/89/6 3925/88/35 3947/119/35 3946/120/15 3949/121/87 3950/122/30 3948/123/25
f 3915/91/35 3855/90/6 3844/124/30 3858/28/50 3864/27/24 3913/81/25 3955/125/25 3954/126/26 3951/127/34 3953/128/28 3952/129/35
f 3939/107/19 3849/106/75 3847/8/8 3859/9/32 3862/18/18 3938/113/20 3960/130/20 3959/131/21 3957/132/22 3958/133/16 3956/134/19
f 3847/8/8 3848/7/7 3860/10/10 3859/9/32
f 3841/135/74 3842/136/73 3858/2/50 3857/1/76
f 3935/137/31 3918/138/28 3922/139/34 3934/140/47
f 3958/141/16 3946/142/15 3947/143/35 3956/144/19
f 3950/145/30 3949/146/87 3957/147/22 3959/148/21
f 3921/149/26 3923/150/25 3937/151/20 3943/152/33
f 3948/153/25 3950/145/30 3959/148/21 3960/154/20
f 3956/144/19 3947/143/35 3925/155/35 3926/156/35 3940/157/19 3939/158/19
f 3940/157/19 3926/156/35 3918/138/28 3935/137/31
f 3923/150/25 3924/159/25 3948/153/25 3960/154/20 3938/160/20 3937/151/20
f 3949/146/87 3946/142/15 3958/141/16 3957/147/22
f 3934/140/47 3922/139/34 3921/161/26 3943/162/33
f 3910/163/27 3886/164/32 3890/165/31 3905/166/28
f 3882/167/23 3865/168/17 3867/169/16 3881/170/15
f 3866/171/22 3870/172/21 3883/173/30 3885/174/29
f 3888/175/20 3896/176/33 3909/177/26 3912/178/25
f 3870/172/21 3871/179/20 3884/180/25 3883/173/30
f 3911/181/23 3889/182/17 3869/183/17 3865/168/17 3882/167/23 3880/184/23
f 3905/166/28 3890/165/31 3889/182/17 3911/181/23
f 3871/179/20 3868/185/20 3888/175/20 3912/178/25 3879/186/25 3884/180/25
f 3867/169/16 3866/171/22 3885/174/29 3881/170/15
f 3909/187/26 3896/188/33 3886/164/32 3910/163/27
f 3899/165/31 3873/166/28 3872/163/34 3901/164/32
f 3904/167/23 3895/168/17 3887/169/16 3907/170/15
f 3897/171/22 3891/172/21 3908/173/30 3906/174/29
f 3875/177/26 3876/178/25 3902/175/20 3900/176/33
f 3891/172/21 3892/179/20 3903/180/25 3908/173/30
f 3894/189/17 3895/168/17 3904/167/23 3878/190/23 3874/181/23 3898/182/17
f 3898/182/17 3874/181/23 3873/166/28 3899/165/31
f 3876/178/25 3877/191/25 3903/180/25 3892/179/20 3893/192/20 3902/175/20
f 3887/169/16 3897/171/22 3906/174/29 3907/170/15
f 3901/164/32 3872/163/34 3875/187/26 3900/188/33
f 3951/139/34 3932/140/32 3928/137/37 3953/138/28
f 3936/141/40 3919/142/15 3916/143/35 3942/144/19
f 3920/145/3 3917/146/29 3945/147/39 3944/148/21
f 3933/151/20 3931/152/33 3954/149/26 3955/150/25
f 3914/153/25 3920/145/3 3944/148/21 3941/154/20
f 3942/144/19 3916/143/35 3915/193/35 3952/156/35 3927/157/19 3930/194/19
f 3953/138/28 3928/137/37 3927/157/19 3952/156/35
f 3913/195/25 3914/153/25 3941/154/20 3929/196/20 3933/151/20 3955/150/25
f 3917/146/29 3919/142/15 3936/141/40 3945/147/39
f 3954/161/26 3931/162/33 3932/140/32 3951/139/34
f 3977/1/91 3978/2/50 3964/3/30 3963/4/21
f 3969/5/75 3970/6/6 3968/7/7 3967/8/8
f 3979/9/32 3980/10/10 3966/11/11 3965/12/12
f 3976/13/53 3974/14/14 3962/15/73 3961/16/74
f 3989/17/17 3982/18/18 3979/9/32 3965/12/12 3971/19/19 3988/20/20 3991/21/20 3990/22/21 3986/23/22 3987/24/16 3985/25/17
f 3998/26/23 3984/27/24 3978/28/50 3962/29/73 3974/30/14 3997/31/25 3996/32/25 3995/33/26 3992/34/34 3993/35/28 3994/36/23
f 3999/37/25 3972/38/14 3966/11/11 3980/10/10 3981/39/24 4000/40/23 4002/41/23 4001/42/15 4005/43/29 4003/44/30 4004/45/25
f 3983/46/18 3982/18/18 3989/17/17 4009/47/17 4010/48/31 4006/49/32 4016/50/33 4008/51/20 3988/20/20 3971/19/19 3976/52/53 4013/53/20 4012/54/20 4011/55/21 4017/56/22 4007/57/16 4015/58/17 4014/59/17
f 3965/12/12 3966/11/11 3972/60/14 3971/61/19
f 3973/62/5 3975/63/6 3970/6/6 3969/5/75
f 3963/4/21 3964/3/30 3975/63/6 3973/62/5
f 3976/52/53 3961/64/74 3977/65/91 3983/46/18 4014/59/17 4018/66/17 4019/67/31 4021/68/32 4020/69/33 4022/70/20 4013/53/20
f 4000/40/23 3981/39/24 3984/27/24 3998/26/23 4024/71/23 4027/72/15 4026/73/29 4028/74/30 4023/75/25 3997/31/25 3974/30/14 3972/38/14 3999/37/25 4032/76/25 4029/77/26 4030/78/27 4025/79/28 4031/80/23
f 3971/61/19 3972/60/14 3974/14/14 3976/13/53
f 4033/81/25 3984/27/24 3981/39/24 4044/82/25 4043/83/25 4041/84/26 4042/85/34 4038/86/28 4046/87/35 4045/88/35 3970/89/6 3975/90/6 4035/91/35 4036/92/35 4039/93/15 4037/94/29 4040/95/3 4034/96/25
f 3983/46/18 3977/65/91 3963/97/21 3973/98/5 4050/99/19 4047/100/19 4048/101/37 4052/102/32 4051/103/33 4053/104/20 4049/105/20
f 3973/98/5 3969/106/75 4059/107/19 4060/108/19 4055/109/31 4054/110/47 4063/111/33 4057/112/20 4058/113/20 3982/18/18 3983/46/18 4049/105/20 4061/114/20 4064/115/21 4065/116/39 4056/117/40 4062/118/19 4050/99/19
f 4044/82/25 3981/39/24 3980/10/10 3968/7/7 3970/89/6 4045/88/35 4067/119/35 4066/120/15 4069/121/87 4070/122/30 4068/123/25
f 4035/91/35 3975/90/6 3964/124/30 3978/28/50 3984/27/24 4033/81/25 4075/125/25 4074/126/26 4071/127/34 4073/128/28 4072/129/35
f 4059/107/19 3969/106/75 3967/8/8 3979/9/32 3982/18/18 4058/113/20 4080/130/20 4079/131/21 4077/132/22 4078/133/16 4076/134/19
f 3967/8/8 3968/7/7 3980/10/10 3979/9/32
f 3961/135/74 3962/136/73 3978/2/50 3977/1/91
f 4055/137/31 4038/138/28 4042/139/34 4054/140/47
f 4078/141/16 4066/142/15 4067/143/35 4076/144/19
f 4070/145/30 4069/146/87 4077/147/22 4079/148/21
f 4041/149/26 4043/150/25 4057/151/20 4063/152/33
f 4068/153/25 4070/145/30 4079/148/21 4080/154/20
f 4076/144/19 4067/143/35 4045/155/35 4046/156/35 4060/157/19 4059/158/19
f 4060/157/19 4046/156/35 4038/138/28 4055/137/31
f 4043/150/25 4044/159/25 4068/153/25 4080/154/20 4058/160/20 4057/151/20
f 4069/146/87 4066/142/15 4078/141/16 4077/147/22
f 4054/140/47 4042/139/34 4041/161/26 4063/162/33
f 4030/163/27 4006/164/32 4010/165/31 4025/166/28
f 4002/167/23 3985/168/17 3987/169/16 4001/170/15
f 3986/171/22 3990/172/21 4003/173/30 4005/174/29
f 4008/175/20 4016/176/33 4029/177/26 4032/178/25
f 3990/172/21 3991/179/20 4004/180/25 4003/173/30
f 4031/181/23 4009/182/17 3989/183/17 3985/168/17 4002/167/23 4000/184/23
f 4025/166/28 4010/165/31 4009/182/17 4031/181/23
f 3991/179/20 3988/185/20 4008/175/20 4032/178/25 3999/186/25 4004/180/25
f 3987/169/16 3986/171/22 4005/174/29 4001/170/15
f 4029/187/26 4016/188/33 4006/164/32 4030/163/27
f 4019/165/31 3993/166/28 3992/163/34 4021/164/32
f 4024/167/23 4015/168/17 4007/169/16 4027/170/15
f 4017/171/22 4011/172/21 4028/173/30 4026/174/29
f 3995/177/26 3996/178/25 4022/175/20 4020/176/33
f 4011/172/21 4012/179/20 4023/180/25 4028/173/30
f 4014/189/17 4015/168/17 4024/167/23 3998/190/23 3994/181/23 4018/182/17
f 4018/182/17 3994/181/23 3993/166/28 4019/165/31
f 3996/178/25 3997/191/25 4023/180/25 4012/179/20 4013/192/20 4022/175/20
f 4007/169/16 4017/171/22 4026/174/29 4027/170/15
f 4021/164/32 3992/163/34 3995/187/26 4020/188/33
f 4071/139/34 4052/140/32 4048/137/37 4073/138/28
f 4056/141/40 4039/142/15 4036/143/35 4062/144/19
f 4040/145/3 4037/146/29 4065/147/39 4064/148/21
f 4053/151/20 4051/152/33 4074/149/26 4075/150/25
f 4034/153/25 4040/145/3 4064/148/21 4061/154/20
f 4062/144/19 4036/143/35 4035/193/35 4072/156/35 4047/157/19 4050/194/19
f 4073/138/28 4048/137/37 4047/157/19 4072/156/35
f 4033/195/25 4034/153/25 4061/154/20 4049/196/20 4053/151/20 4075/150/25
f 4037/146/29 4039/142/15 4056/141/40 4065/147/39
f 4074/161/26 4051/162/33 4052/140/32 4071/139/34
f 4097/1/92 4098/2/50 4084/3/30 4083/4/21
f 4089/5/75 4090/6/6 4088/7/7 4087/8/8
f 4099/9/32 4100/10/10 4086/11/11 4085/12/12
f 4096/13/88 4094/14/14 4082/15/73 4081/16/74
f 4109/17/17 4102/18/18 4099/9/32 4085/12/12 4091/19/19 4108/20/20 4111/21/20 4110/22/21 4106/23/22 4107/24/16 4105/25/17
f 4118/26/23 4104/27/24 4098/28/50 4082/29/73 4094/30/14 4117/31/25 4116/32/25 4115/33/26 4112/34/45 4113/35/28 4114/36/23
f 4119/37/25 4092/38/14 4086/11/11 4100/10/10 4101/39/24 4120/40/23 4122/41/23 4121/42/15 4125/43/29 4123/44/30 4124/45/25
f 4103/46/18 4102/18/18 4109/17/17 4129/47/17 4130/48/31 4126/49/32 4136/50/33 4128/51/20 4108/20/20 4091/19/19 4096/52/88 4133/53/20 4132/54/20 4131/55/21 4137/56/22 4127/57/16 4135/58/17 4134/59/17
f 4085/12/12 4086/11/11 4092/60/14 4091/61/19
f 4093/62/5 4095/63/6 4090/6/6 4089/5/75
f 4083/4/21 4084/3/30 4095/63/6 4093/62/5
f 4096/52/88 4081/64/74 4097/65/92 4103/46/18 4134/59/17 4138/66/17 4139/67/31 4141/68/32 4140/69/33 4142/70/20 4133/53/20
f 4120/40/23 4101/39/24 4104/27/24 4118/26/23 4144/71/23 4147/72/15 4146/73/29 4148/74/30 4143/75/25 4117/31/25 4094/30/14 4092/38/14 4119/37/25 4152/76/25 4149/77/26 4150/78/45 4145/79/28 4151/80/23
f 4091/61/19 4092/60/14 4094/14/14 4096/13/88
f 4153/81/25 4104/27/24 4101/39/24 4164/82/25 4163/83/25 4161/84/26 4162/85/34 4158/86/28 4166/87/23 4165/88/23 4090/89/6 4095/90/6 4155/91/23 4156/92/23 4159/93/15 4157/94/29 4160/95/3 4154/96/25
f 4103/46/18 4097/65/92 4083/97/21 4093/98/5 4170/99/17 4167/100/17 4168/101/31 4172/102/32 4171/103/33 4173/104/20 4169/105/20
f 4093/98/5 4089/106/75 4179/107/17 4180/108/17 4175/109/31 4174/110/47 4183/111/33 4177/112/20 4178/113/20 4102/18/18 4103/46/18 4169/105/20 4181/114/20 4184/115/21 4185/116/22 4176/117/16 4182/118/17 4170/99/17
f 4164/82/25 4101/39/24 4100/10/10 4088/7/7 4090/89/6 4165/88/23 4187/119/23 4186/120/15 4189/121/29 4190/122/30 4188/123/25
f 4155/91/23 4095/90/6 4084/124/30 4098/28/50 4104/27/24 4153/81/25 4195/125/25 4194/126/26 4191/127/34 4193/128/28 4192/129/23
f 4179/107/17 4089/106/75 4087/8/8 4099/9/32 4102/18/18 4178/113/20 4200/130/20 4199/131/21 4197/132/22 4198/133/16 4196/134/17
f 4087/8/8 4088/7/7 4100/10/10 4099/9/32
f 4081/135/74 4082/136/73 4098/2/50 4097/1/92
f 4175/137/31 4158/138/28 4162/139/34 4174/140/47
f 4198/141/16 4186/142/15 4187/143/23 4196/144/17
f 4190/145/30 4189/146/29 4197/147/22 4199/148/21
f 4161/149/26 4163/150/25 4177/151/20 4183/152/33
f 4188/153/25 4190/145/30 4199/148/21 4200/154/20
f 4196/144/17 4187/143/23 4165/155/23 4166/156/23 4180/157/17 4179/158/17
f 4180/157/17 4166/156/23 4158/138/28 4175/137/31
f 4163/150/25 4164/159/25 4188/153/25 4200/154/20 4178/160/20 4177/151/20
f 4189/146/29 4186/142/15 4198/141/16 4197/147/22
f 4174/140/47 4162/139/34 4161/161/26 4183/162/33
f 4150/163/45 4126/164/32 4130/165/31 4145/166/28
f 4122/167/23 4105/168/17 4107/169/16 4121/170/15
f 4106/171/22 4110/172/21 4123/173/30 4125/174/29
f 4128/175/20 4136/176/33 4149/177/26 4152/178/25
f 4110/172/21 4111/179/20 4124/180/25 4123/173/30
f 4151/181/23 4129/182/17 4109/183/17 4105/168/17 4122/167/23 4120/184/23
f 4145/166/28 4130/165/31 4129/182/17 4151/181/23
f 4111/179/20 4108/185/20 4128/175/20 4152/178/25 4119/186/25 4124/180/25
f 4107/169/16 4106/171/22 4125/174/29 4121/170/15
f 4149/187/26 4136/188/33 4126/164/32 4150/163/45
f 4139/165/31 4113/166/28 4112/163/45 4141/164/32
f 4144/167/23 4135/168/17 4127/169/16 4147/170/15
f 4137/171/22 4131/172/21 4148/173/30 4146/174/29
f 4115/177/26 4116/178/25 4142/175/20 4140/176/33
f 4131/172/21 4132/179/20 4143/180/25 4148/173/30
f 4134/189/17 4135/168/17 4144/167/23 4118/190/23 4114/181/23 4138/182/17
f 4138/182/17 4114/181/23 4113/166/28 4139/165/31
f 4116/178/25 4117/191/25 4143/180/25 4132/179/20 4133/192/20 4142/175/20
f 4127/169/16 4137/171/22 4146/174/29 4147/170/15
f 4141/164/32 4112/163/45 4115/187/26 4140/188/33
f 4191/139/34 4172/140/32 4168/137/31 4193/138/28
f 4176/141/16 4159/142/15 4156/143/23 4182/144/17
f 4160/145/3 4157/146/29 4185/147/22 4184/148/21
f 4173/151/20 4171/152/33 4194/149/26 4195/150/25
f 4154/153/25 4160/145/3 4184/148/21 4181/154/20
f 4182/144/17 4156/143/23 4155/193/23 4192/156/23 4167/157/17 4170/194/17
f 4193/138/28 4168/137/31 4167/157/17 4192/156/23
f 4153/195/25 4154/153/25 4181/154/20 4169/196/20 4173/151/20 4195/150/25
f 4157/146/29 4159/142/15 4176/141/16 4185/147/22
f 4194/161/26 4171/162/33 4172/140/32 4191/139/34
f 4217/1/22 4218/2/50 4204/3/93 4203/4/21
f 4209/5/5 4210/6/25 4208/7/26 4207/8/43
f 4219/9/32 4220/10/10 4206/11/11 4205/12/12
f 4216/13/88 4214/14/14 4202/15/73 4201/16/74
f 4229/17/17 4222/18/18 4219/9/32 4205/12/12 4211/19/19 4228/20/20 4231/21/20 4230/22/21 4226/23/22 4227/24/16 4225/25/17
f 4238/26/23 4224/27/24 4218/28/50 4202/29/73 4214/30/14 4237/31/25 4236/32/25 4235/33/26 4232/34/34 4233/35/28 4234/36/23
f 4239/37/25 4212/38/14 4206/11/11 4220/10/10 4221/39/24 4240/40/23 4242/41/23 4241/42/15 4245/43/29 4243/44/30 4244/45/25
f 4223/46/18 4222/18/18 4229/17/17 4249/47/17 4250/48/31 4246/49/32 4256/50/33 4248/51/20 4228/20/20 4211/19/19 4216/52/88 4253/53/20 4252/54/20 4251/55/21 4257/56/22 4247/57/16 4255/58/17 4254/59/17
f 4205/12/12 4206/11/11 4212/60/14 4211/61/19
f 4213/62/75 4215/63/25 4210/6/25 4209/5/5
f 4203/4/21 4204/3/93 4215/63/25 4213/62/75
f 4216/52/88 4201/64/74 4217/65/22 4223/46/18 4254/59/17 4258/66/17 4259/67/31 4261/68/32 4260/69/33 4262/70/20 4253/53/20
f 4240/40/23 4221/39/24 4224/27/24 4238/26/23 4264/71/23 4267/72/15 4266/73/29 4268/74/30 4263/75/25 4237/31/25 4214/30/14 4212/38/14 4239/37/25 4272/76/25 4269/77/26 4270/78/45 4265/79/28 4271/80/23
f 4211/61/19 4212/60/14 4214/14/14 4216/13/88
f 4273/81/6 4224/27/24 4221/39/24 4284/82/6 4283/83/6 4281/84/26 4282/85/45 4278/86/28 4286/87/23 4285/88/23 4210/89/25 4215/90/25 4275/91/23 4276/92/23 4279/93/15 4277/94/55 4280/95/36 4274/96/6
f 4223/46/18 4217/65/22 4203/97/21 4213/98/75 4290/99/17 4287/100/17 4288/101/31 4292/102/32 4291/103/33 4293/104/51 4289/105/51
f 4213/98/75 4209/106/5 4299/107/17 4300/108/17 4295/109/31 4294/110/47 4303/111/33 4297/112/51 4298/113/51 4222/18/18 4223/46/18 4289/105/51 4301/114/51 4304/115/21 4305/116/22 4296/117/16 4302/118/17 4290/99/17
f 4284/82/6 4221/39/24 4220/10/10 4208/7/26 4210/89/25 4285/88/23 4307/119/23 4306/120/15 4309/121/55 4310/122/30 4308/123/6
f 4275/91/23 4215/90/25 4204/124/93 4218/28/50 4224/27/24 4273/81/6 4315/125/6 4314/126/26 4311/127/45 4313/128/28 4312/129/23
f 4299/107/17 4209/106/5 4207/8/43 4219/9/32 4222/18/18 4298/113/51 4320/130/51 4319/131/21 4317/132/39 4318/133/16 4316/134/17
f 4207/8/43 4208/7/26 4220/10/10 4219/9/32
f 4201/135/74 4202/136/73 4218/2/50 4217/1/22
f 4295/137/31 4278/138/28 4282/139/45 4294/140/47
f 4318/141/16 4306/142/15 4307/143/23 4316/144/17
f 4310/145/30 4309/146/55 4317/147/39 4319/148/21
f 4281/149/26 4283/150/6 4297/151/51 4303/152/33
f 4308/153/6 4310/145/30 4319/148/21 4320/154/51
f 4316/144/17 4307/143/23 4285/155/23 4286/156/23 4300/157/17 4299/158/17
f 4300/157/17 4286/156/23 4278/138/28 4295/137/31
f 4283/150/6 4284/159/6 4308/153/6 4320/154/51 4298/160/51 4297/151/51
f 4309/146/55 4306/142/15 4318/141/16 4317/147/39
f 4294/140/47 4282/139/45 4281/161/26 4303/162/33
f 4270/163/45 4246/164/32 4250/165/31 4265/166/28
f 4242/167/23 4225/168/17 4227/169/16 4241/170/15
f 4226/171/22 4230/172/21 4243/173/30 4245/174/29
f 4248/175/20 4256/176/33 4269/177/26 4272/178/25
f 4230/172/21 4231/179/20 4244/180/25 4243/173/30
f 4271/181/23 4249/182/17 4229/183/17 4225/168/17 4242/167/23 4240/184/23
f 4265/166/28 4250/165/31 4249/182/17 4271/181/23
f 4231/179/20 4228/185/20 4248/175/20 4272/178/25 4239/186/25 4244/180/25
f 4227/169/16 4226/171/22 4245/174/29 4241/170/15
f 4269/187/26 4256/188/33 4246/164/32 4270/163/45
f 4259/165/31 4233/166/28 4232/163/34 4261/164/32
f 4264/167/23 4255/168/17 4247/169/16 4267/170/15
f 4257/171/22 4251/172/21 4268/173/30 4266/174/29
f 4235/177/26 4236/178/25 4262/175/20 4260/176/33
f 4251/172/21 4252/179/20 4263/180/25 4268/173/30
f 4254/189/17 4255/168/17 4264/167/23 4238/190/23 4234/181/23 4258/182/17
f 4258/182/17 4234/181/23 4233/166/28 4259/165/31
f 4236/178/25 4237/191/25 4263/180/25 4252/179/20 4253/192/20 4262/175/20
f 4247/169/16 4257/171/22 4266/174/29 4267/170/15
f 4261/164/32 4232/163/34 4235/187/26 4260/188/33
f 4311/139/45 4292/140/32 4288/137/31 4313/138/28
f 4296/141/16 4279/142/15 4276/143/23 4302/144/17
f 4280/145/36 4277/146/55 4305/147/22 4304/148/21
f 4293/151/51 4291/152/33 4314/149/26 4315/150/6
f 4274/153/6 4280/145/36 4304/148/21 4301/154/51
f 4302/144/17 4276/143/23 4275/193/23 4312/156/23 4287/157/17 4290/194/17
f 4313/138/28 4288/137/31 4287/157/17 4312/156/23
f 4273/195/6 4274/153/6 4301/154/51 4289/196/51 4293/151/51 4315/150/6
f 4277/146/55 4279/142/15 4296/141/16 4305/147/22
f 4314/161/26 4291/162/33 4292/140/32 4311/139/45
f 4337/1/76 4338/2/50 4324/3/30 4323/4/21
f 4329/5/5 4330/6/6 4328/7/7 4327/8/8
f 4339/9/32 4340/10/10 4326/11/11 4325/12/12
f 4336/13/53 4334/14/14 4322/15/73 4321/16/74
f 4349/17/17 4342/18/18 4339/9/32 4325/12/12 4331/19/19 4348/20/51 4351/21/51 4350/22/21 4346/23/39 4347/24/16 4345/25/17
f 4358/26/23 4344/27/24 4338/28/50 4322/29/73 4334/30/14 4357/31/6 4356/32/6 4355/33/54 4352/34/34 4353/35/28 4354/36/23
f 4359/37/6 4332/38/14 4326/11/11 4340/10/10 4341/39/24 4360/40/23 4362/41/23 4361/42/15 4365/43/55 4363/44/30 4364/45/6
f 4343/46/18 4342/18/18 4349/17/17 4369/47/17 4370/48/31 4366/49/32 4376/50/33 4368/51/51 4348/20/51 4331/19/19 4336/52/53 4373/53/51 4372/54/51 4371/55/21 4377/56/22 4367/57/16 4375/58/17 4374/59/17
f 4325/12/12 4326/11/11 4332/60/14 4331/61/19
f 4333/62/5 4335/63/6 4330/6/6 4329/5/5
f 4323/4/21 4324/3/30 4335/63/6 4333/62/5
f 4336/52/53 4321/64/74 4337/65/76 4343/46/18 4374/59/17 4378/66/17 4379/67/31 4381/68/32 4380/69/33 4382/70/51 4373/53/51
f 4360/40/23 4341/39/24 4344/27/24 4358/26/23 4384/71/23 4387/72/15 4386/73/55 4388/74/36 4383/75/6 4357/31/6 4334/30/14 4332/38/14 4359/37/6 4392/76/6 4389/77/26 4390/78/45 4385/79/28 4391/80/23
f 4331/61/19 4332/60/14 4334/14/14 4336/13/53
f 4393/81/25 4344/27/24 4341/39/24 4404/82/25 4403/83/25 4401/84/26 4402/85/45 4398/86/28 4406/87/23 4405/88/23 4330/89/6 4335/90/6 4395/91/23 4396/92/23 4399/93/15 4397/94/2 4400/95/3 4394/96/25
f 4343/46/18 4337/65/76 4323/97/21 4333/98/5 4410/99/17 4407/100/17 4408/101/31 4412/102/32 4411/103/33 4413/104/20 4409/105/20
f 4333/98/5 4329/106/5 4419/107/17 4420/108/17 4415/109/31 4414/110/47 4423/111/33 4417/112/20 4418/113/20 4342/18/18 4343/46/18 4409/105/20 4421/114/20 4424/115/21 4425/116/22 4416/117/16 4422/118/17 4410/99/17
f 4404/82/25 4341/39/24 4340/10/10 4328/7/7 4330/89/6 4405/88/23 4427/119/23 4426/120/15 4429/121/29 4430/122/30 4428/123/25
f 4395/91/23 4335/90/6 4324/124/30 4338/28/50 4344/27/24 4393/81/25 4435/125/25 4434/126/26 4431/127/45 4433/128/28 4432/129/23
f 4419/107/17 4329/106/5 4327/8/8 4339/9/32 4342/18/18 4418/113/20 4440/130/20 4439/131/21 4437/132/22 4438/133/16 4436/134/17
f 4327/8/8 4328/7/7 4340/10/10 4339/9/32
f 4321/135/74 4322/136/73 4338/2/50 4337/1/76
f 4415/137/31 4398/138/28 4402/139/45 4414/140/47
f 4438/141/16 4426/142/15 4427/143/23 4436/144/17
f 4430/145/30 4429/146/29 4437/147/22 4439/148/21
f 4401/149/26 4403/150/25 4417/151/20 4423/152/33
f 4428/153/25 4430/145/30 4439/148/21 4440/154/20
f 4436/144/17 4427/143/23 4405/155/23 4406/156/23 4420/157/17 4419/158/17
f 4420/157/17 4406/156/23 4398/138/28 4415/137/31
f 4403/150/25 4404/159/25 4428/153/25 4440/154/20 4418/160/20 4417/151/20
f 4429/146/29 4426/142/15 4438/141/16 4437/147/22
f 4414/140/47 4402/139/45 4401/161/26 4423/162/33
f 4390/163/45 4366/164/32 4370/165/31 4385/166/28
f 4362/167/23 4345/168/17 4347/169/16 4361/170/15
f 4346/171/39 4350/172/21 4363/173/30 4365/174/55
f 4368/175/51 4376/176/33 4389/177/26 4392/178/6
f 4350/172/21 4351/179/51 4364/180/6 4363/173/30
f 4391/181/23 4369/182/17 4349/183/17 4345/168/17 4362/167/23 4360/184/23
f 4385/166/28 4370/165/31 4369/182/17 4391/181/23
f 4351/179/51 4348/185/51 4368/175/51 4392/178/6 4359/186/6 4364/180/6
f 4347/169/16 4346/171/39 4365/174/55 4361/170/15
f 4389/187/26 4376/188/33 4366/164/32 4390/163/45
f 4379/165/31 4353/166/28 4352/163/34 4381/164/32
f 4384/167/23 4375/168/17 4367/169/16 4387/170/15
f 4377/171/22 4371/172/21 4388/173/36 4386/174/55
f 4355/177/54 4356/178/6 4382/175/51 4380/176/33
f 4371/172/21 4372/179/51 4383/180/6 4388/173/36
f 4374/189/17 4375/168/17 4384/167/23 4358/190/23 4354/181/23 4378/182/17
f 4378/182/17 4354/181/23 4353/166/28 4379/165/31
f 4356/178/6 4357/191/6 4383/180/6 4372/179/51 4373/192/51 4382/175/51
f 4367/169/16 4377/171/22 4386/174/55 4387/170/15
f 4381/164/32 4352/163/34 4355/187/54 4380/188/33
f 4431/139/45 4412/140/32 4408/137/31 4433/138/28
f 4416/141/16 4399/142/15 4396/143/23 4422/144/17
f 4400/145/3 4397/146/2 4425/147/22 4424/148/21
f 4413/151/20 4411/152/33 4434/149/26 4435/150/25
f 4394/153/25 4400/145/3 4424/148/21 4421/154/20
f 4422/144/17 4396/143/23 4395/193/23 4432/156/23 4407/157/17 4410/194/17
f 4433/138/28 4408/137/31 4407/157/17 4432/156/23
f 4393/195/25 4394/153/25 4421/154/20 4409/196/20 4413/151/20 4435/150/25
f 4397/146/2 4399/142/15 4416/141/16 4425/147/22
f 4434/161/26 4411/162/33 4412/140/32 4431/139/45
f 4457/1/22 4458/2/50 4444/3/30 4443/4/21
f 4449/5/5 4450/6/6 4448/7/7 4447/8/8
f 4459/9/32 4460/10/10 4446/11/11 4445/12/12
f 4456/13/53 4454/14/14 4442/15/73 4441/16/74
f 4469/17/17 4462/18/18 4459/9/32 4445/12/12 4451/19/19 4468/20/51 4471/21/51 4470/22/21 4466/23/39 4467/24/16 4465/25/17
f 4478/26/23 4464/27/24 4458/28/50 4442/29/73 4454/30/14 4477/31/6 4476/32/6 4475/33/54 4472/34/34 4473/35/28 4474/36/23
f 4479/37/6 4452/38/14 4446/11/11 4460/10/10 4461/39/24 4480/40/23 4482/41/23 4481/42/15 4485/43/55 4483/44/30 4484/45/6
f 4463/46/18 4462/18/18 4469/17/17 4489/47/17 4490/48/31 4486/49/32 4496/50/33 4488/51/51 4468/20/51 4451/19/19 4456/52/53 4493/53/51 4492/54/51 4491/55/21 4497/56/22 4487/57/16 4495/58/17 4494/59/17
f 4445/12/12 4446/11/11 4452/60/14 4451/61/19
f 4453/62/5 4455/63/6 4450/6/6 4449/5/5
f 4443/4/21 4444/3/30 4455/63/6 4453/62/5
f 4456/52/53 4441/64/74 4457/65/22 4463/46/18 4494/59/17 4498/66/17 4499/67/31 4501/68/32 4500/69/33 4502/70/51 4493/53/51
f 4480/40/23 4461/39/24 4464/27/24 4478/26/23 4504/71/23 4507/72/15 4506/73/55 4508/74/36 4503/75/6 4477/31/6 4454/30/14 4452/38/14 4479/37/6 4512/76/6 4509/77/26 4510/78/45 4505/79/28 4511/80/23
f 4451/61/19 4452/60/14 4454/14/14 4456/13/53
f 4513/81/25 4464/27/24 4461/39/24 4524/82/25 4523/83/25 4521/84/26 4522/85/45 4518/86/28 4526/87/23 4525/88/23 4450/89/6 4455/90/6 4515/91/23 4516/92/23 4519/93/15 4517/94/2 4520/95/3 4514/96/25
f 4463/46/18 4457/65/22 4443/97/21 4453/98/5 4530/99/17 4527/100/17 4528/101/31 4532/102/32 4531/103/33 4533/104/20 4529/105/20
f 4453/98/5 4449/106/5 4539/107/17 4540/108/17 4535/109/31 4534/110/47 4543/111/33 4537/112/20 4538/113/20 4462/18/18 4463/46/18 4529/105/20 4541/114/20 4544/115/21 4545/116/22 4536/117/16 4542/118/17 4530/99/17
f 4524/82/25 4461/39/24 4460/10/10 4448/7/7 4450/89/6 4525/88/23 4547/119/23 4546/120/15 4549/121/29 4550/122/30 4548/123/25
f 4515/91/23 4455/90/6 4444/124/30 4458/28/50 4464/27/24 4513/81/25 4555/125/25 4554/126/26 4551/127/45 4553/128/28 4552/129/23
f 4539/107/17 4449/106/5 4447/8/8 4459/9/32 4462/18/18 4538/113/20 4560/130/20 4559/131/21 4557/132/22 4558/133/16 4556/134/17
f 4447/8/8 4448/7/7 4460/10/10 4459/9/32
f 4441/135/74 4442/136/73 4458/2/50 4457/1/22
f 4535/137/31 4518/138/28 4522/139/45 4534/140/47
f 4558/141/16 4546/142/15 4547/143/23 4556/144/17
f 4550/145/30 4549/146/29 4557/147/22 4559/148/21
f 4521/149/26 4523/150/25 4537/151/20 4543/152/33
f 4548/153/25 4550/145/30 4559/148/21 4560/154/20
f 4556/144/17 4547/143/23 4525/155/23 4526/156/23 4540/157/17 4539/158/17
f 4540/157/17 4526/156/23 4518/138/28 4535/137/31
f 4523/150/25 4524/159/25 4548/153/25 4560/154/20 4538/160/20 4537/151/20
f 4549/146/29 4546/142/15 4558/141/16 4557/147/22
f 4534/140/47 4522/139/45 4521/161/26 4543/162/33
f 4510/163/45 4486/164/32 4490/165/31 4505/166/28
f 4482/167/23 4465/168/17 4467/169/16 4481/170/15
f 4466/171/39 4470/172/21 4483/173/30 4485/174/55
f 4488/175/51 4496/176/33 4509/177/26 4512/178/6
f 4470/172/21 4471/179/51 4484/180/6 4483/173/30
f 4511/181/23 4489/182/17 4469/183/17 4465/168/17 4482/167/23 4480/184/23
f 4505/166/28 4490/165/31 4489/182/17 4511/181/23
f 4471/179/51 4468/185/51 4488/175/51 4512/178/6 4479/186/6 4484/180/6
f 4467/169/16 4466/171/39 4485/174/55 4481/170/15
f 4509/187/26 4496/188/33 4486/164/32 4510/163/45
f 4499/165/31 4473/166/28 4472/163/34 4501/164/32
f 4504/167/23 4495/168/17 4487/169/16 4507/170/15
f 4497/171/22 4491/172/21 4508/173/36 4506/174/55
f 4475/177/54 4476/178/6 4502/175/51 4500/176/33
f 4491/172/21 4492/179/51 4503/180/6 4508/173/36
f 4494/189/17 4495/168/17 4504/167/23 4478/190/23 4474/181/23 4498/182/17
f 4498/182/17 4474/181/23 4473/166/28 4499/165/31
f 4476/178/6 4477/191/6 4503/180/6 4492/179/51 4493/192/51 4502/175/51
f 4487/169/16 4497/171/22 4506/174/55 4507/170/15
f 4501/164/32 4472/163/34 4475/187/54 4500/188/33
f 4551/139/45 4532/140/32 4528/137/31 4553/138/28
f 4536/141/16 4519/142/15 4516/143/23 4542/144/17
f 4520/145/3 4517/146/2 4545/147/22 4544/148/21
f 4533/151/20 4531/152/33 4554/149/26 4555/150/25
f 4514/153/25 4520/145/3 4544/148/21 4541/154/20
f 4542/144/17 4516/143/23 4515/193/23 4552/156/23 4527/157/17 4530/194/17
f 4553/138/28 4528/137/31 4527/157/17 4552/156/23
f 4513/195/25 4514/153/25 4541/154/20 4529/196/20 4533/151/20 4555/150/25
f 4517/146/2 4519/142/15 4536/141/16 4545/147/22
f 4554/161/26 4531/162/33 4532/140/32 4551/139/45
f 4577/1/22 4578/2/2 4564/3/30 4563/4/21
f 4569/5/5 4570/6/6 4568/7/7 4567/8/8
f 4579/9/32 4580/10/10 4566/11/81 4565/12/12
f 4576/13/80 4574/14/14 4562/15/61 4561/16/40
f 4589/17/17 4582/18/18 4579/9/32 4565/12/12 4571/19/17 4588/20/20 4591/21/20 4590/22/21 4586/23/22 4587/24/16 4585/25/17
f 4598/26/23 4584/27/24 4578/28/2 4562/29/61 4574/30/14 4597/31/25 4596/32/25 4595/33/26 4592/34/34 4593/35/28 4594/36/23
f 4599/37/25 4572/38/14 4566/11/81 4580/10/10 4581/39/24 4600/40/23 4602/41/23 4601/42/15 4605/43/29 4603/44/30 4604/45/25
f 4583/46/18 4582/18/18 4589/17/17 4609/47/17 4610/48/31 4606/49/32 4616/50/33 4608/51/20 4588/20/20 4571/19/17 4576/52/80 4613/53/20 4612/54/20 4611/55/21 4617/56/22 4607/57/16 4615/58/17 4614/59/17
f 4565/12/12 4566/11/81 4572/60/14 4571/61/17
f 4573/62/5 4575/63/6 4570/6/6 4569/5/5
f 4563/4/21 4564/3/30 4575/63/6 4573/62/5
f 4576/52/80 4561/64/40 4577/65/22 4583/46/18 4614/59/17 4618/66/17 4619/67/31 4621/68/32 4620/69/33 4622/70/20 4613/53/20
f 4600/40/23 4581/39/24 4584/27/24 4598/26/23 4624/71/23 4627/72/15 4626/73/29 4628/74/30 4623/75/25 4597/31/25 4574/30/14 4572/38/14 4599/37/25 4632/76/25 4629/77/26 4630/78/45 4625/79/28 4631/80/23
f 4571/61/17 4572/60/14 4574/14/14 4576/13/80
f 4633/81/25 4584/27/24 4581/39/24 4644/82/25 4643/83/25 4641/84/26 4642/85/45 4638/86/28 4646/87/23 4645/88/23 4570/89/6 4575/90/6 4635/91/23 4636/92/23 4639/93/61 4637/94/55 4640/95/3 4634/96/25
f 4583/46/18 4577/65/22 4563/97/21 4573/98/5 4650/99/17 4647/100/17 4648/101/31 4652/102/32 4651/103/33 4653/104/20 4649/105/20
f 4573/98/5 4569/106/5 4659/107/17 4660/108/17 4655/109/31 4654/110/32 4663/111/33 4657/112/20 4658/113/20 4582/18/18 4583/46/18 4649/105/20 4661/114/20 4664/115/21 4665/116/22 4656/117/40 4662/118/17 4650/99/17
f 4644/82/25 4581/39/24 4580/10/10 4568/7/7 4570/89/6 4645/88/23 4667/119/23 4666/120/15 4669/121/55 4670/122/30 4668/123/25
f 4635/91/23 4575/90/6 4564/124/30 4578/28/2 4584/27/24 4633/81/25 4675/125/25 4674/126/26 4671/127/34 4673/128/28 4672/129/23
f 4659/107/17 4569/106/5 4567/8/8 4579/9/32 4582/18/18 4658/113/20 4680/130/20 4679/131/21 4677/132/22 4678/133/16 4676/134/17
f 4567/8/8 4568/7/7 4580/10/10 4579/9/32
f 4561/135/40 4562/136/61 4578/2/2 4577/1/22
f 4655/137/31 4638/138/28 4642/139/45 4654/140/32
f 4678/141/16 4666/142/15 4667/143/23 4676/144/17
f 4670/145/30 4669/146/55 4677/147/22 4679/148/21
f 4641/149/26 4643/150/25 4657/151/20 4663/152/33
f 4668/153/25 4670/145/30 4679/148/21 4680/154/20
f 4676/144/17 4667/143/23 4645/155/23 4646/156/23 4660/157/17 4659/158/17
f 4660/157/17 4646/156/23 4638/138/28 4655/137/31
f 4643/150/25 4644/159/25 4668/153/25 4680/154/20 4658/160/20 4657/151/20
f 4669/146/55 4666/142/15 4678/141/16 4677/147/22
f 4654/140/32 4642/139/45 4641/161/26 4663/162/33
f 4630/163/45 4606/164/32 4610/165/31 4625/166/28
f 4602/167/23 4585/168/17 4587/169/16 4601/170/15
f 4586/171/22 4590/172/21 4603/173/30 4605/174/29
f 4608/175/20 4616/176/33 4629/177/26 4632/178/25
f 4590/172/21 4591/179/20 4604/180/25 4603/173/30
f 4631/181/23 4609/182/17 4589/183/17 4585/168/17 4602/167/23 4600/184/23
f 4625/166/28 4610/165/31 4609/182/17 4631/181/23
f 4591/179/20 4588/185/20 4608/175/20 4632/178/25 4599/186/25 4604/180/25
f 4587/169/16 4586/171/22 4605/174/29 4601/170/15
f 4629/187/26 4616/188/33 4606/164/32 4630/163/45
f 4619/165/31 4593/166/28 4592/163/34 4621/164/32
f 4624/167/23 4615/168/17 4607/169/16 4627/170/15
f 4617/171/22 4611/172/21 4628/173/30 4626/174/29
f 4595/177/26 4596/178/25 4622/175/20 4620/176/33
f 4611/172/21 4612/179/20 4623/180/25 4628/173/30
f 4614/189/17 4615/168/17 4624/167/23 4598/190/23 4594/181/23 4618/182/17
f 4618/182/17 4594/181/23 4593/166/28 4619/165/31
f 4596/178/25 4597/191/25 4623/180/25 4612/179/20 4613/192/20 4622/175/20
f 4607/169/16 4617/171/22 4626/174/29 4627/170/15
f 4621/164/32 4592/163/34 4595/187/26 4620/188/33
f 4671/139/34 4652/140/32 4648/137/31 4673/138/28
f 4656/141/40 4639/142/61 4636/143/23 4662/144/17
f 4640/145/3 4637/146/55 4665/147/22 4664/148/21
f 4653/151/20 4651/152/33 4674/149/26 4675/150/25
f 4634/153/25 4640/145/3 4664/148/21 4661/154/20
f 4662/144/17 4636/143/23 4635/193/23 4672/156/23 4647/157/17 4650/194/17
f 4673/138/28 4648/137/31 4647/157/17 4672/156/23
f 4633/195/25 4634/153/25 4661/154/20 4649/196/20 4653/151/20 4675/150/25
f 4637/146/55 4639/142/61 4656/141/40 4665/147/22
f 4674/161/26 4651/162/33 4652/140/32 4671/139/34
f 4697/1/42 4698/2/2 4684/3/36 4683/4/21
f 4689/5/85 4690/6/6 4688/7/7 4687/8/8
f 4699/9/32 4700/10/10 4686/11/28 4685/12/12
f 4696/13/82 4694/14/14 4682/15/61 4681/16/40
f 4709/17/17 4702/18/18 4699/9/32 4685/12/12 4691/19/17 4708/20/20 4711/21/20 4710/22/21 4706/23/22 4707/24/16 4705/25/17
f 4718/26/23 4704/27/24 4698/28/2 4682/29/61 4694/30/14 4717/31/25 4716/32/25 4715/33/26 4712/34/34 4713/35/28 4714/36/23
f 4719/37/25 4692/38/14 4686/11/28 4700/10/10 4701/39/24 4720/40/23 4722/41/23 4721/42/15 4725/43/29 4723/44/30 4724/45/25
f 4703/46/18 4702/18/18 4709/17/17 4729/47/17 4730/48/31 4726/49/32 4736/50/33 4728/51/20 4708/20/20 4691/19/17 4696/52/82 4733/53/20 4732/54/20 4731/55/21 4737/56/22 4727/57/16 4735/58/17 4734/59/17
f 4685/12/12 4686/11/28 4692/60/14 4691/61/17
f 4693/62/62 4695/63/6 4690/6/6 4689/5/85
f 4683/4/21 4684/3/36 4695/63/6 4693/62/62
f 4696/52/82 4681/64/40 4697/65/42 4703/46/18 4734/59/17 4738/66/17 4739/67/31 4741/68/32 4740/69/33 4742/70/20 4733/53/20
f 4720/40/23 4701/39/24 4704/27/24 4718/26/23 4744/71/23 4747/72/15 4746/73/29 4748/74/30 4743/75/25 4717/31/25 4694/30/14 4692/38/14 4719/37/25 4752/76/25 4749/77/26 4750/78/27 4745/79/28 4751/80/23
f 4691/61/17 4692/60/14 4694/14/14 4696/13/82
f 4753/81/66 4704/27/24 4701/39/24 4764/82/66 4763/83/66 4761/84/67 4762/85/34 4758/86/28 4766/87/23 4765/88/23 4690/89/6 4695/90/6 4755/91/23 4756/92/23 4759/93/15 4757/94/29 4760/95/36 4754/96/66
f 4703/46/18 4697/65/42 4683/97/21 4693/98/62 4770/99/17 4767/100/17 4768/101/31 4772/102/32 4771/103/33 4773/104/68 4769/105/68
f 4693/98/62 4689/106/85 4779/107/17 4780/108/17 4775/109/31 4774/110/47 4783/111/33 4777/112/68 4778/113/68 4702/18/18 4703/46/18 4769/105/68 4781/114/68 4784/115/69 4785/116/22 4776/117/16 4782/118/17 4770/99/17
f 4764/82/66 4701/39/24 4700/10/10 4688/7/7 4690/89/6 4765/88/23 4787/119/23 4786/120/15 4789/121/87 4790/122/36 4788/123/66
f 4755/91/23 4695/90/6 4684/124/36 4698/28/2 4704/27/24 4753/81/66 4795/125/66 4794/126/67 4791/127/34 4793/128/28 4792/129/23
f 4779/107/17 4689/106/85 4687/8/8 4699/9/32 4702/18/18 4778/113/68 4800/130/68 4799/131/21 4797/132/22 4798/133/16 4796/134/17
f 4687/8/8 4688/7/7 4700/10/10 4699/9/32
f 4681/135/40 4682/136/61 4698/2/2 4697/1/42
f 4775/137/31 4758/138/28 4762/139/34 4774/140/47
f 4798/141/16 4786/142/15 4787/143/23 4796/144/17
f 4790/145/36 4789/146/87 4797/147/22 4799/148/21
f 4761/149/67 4763/150/66 4777/151/68 4783/152/33
f 4788/153/66 4790/145/36 4799/148/21 4800/154/68
f 4796/144/17 4787/143/23 4765/155/23 4766/156/23 4780/157/17 4779/158/17
f 4780/157/17 4766/156/23 4758/138/28 4775/137/31
f 4763/150/66 4764/159/66 4788/153/66 4800/154/68 4778/160/68 4777/151/68
f 4789/146/87 4786/142/15 4798/141/16 4797/147/22
f 4774/140/47 4762/139/34 4761/161/67 4783/162/33
f 4750/163/27 4726/164/32 4730/165/31 4745/166/28
f 4722/167/23 4705/168/17 4707/169/16 4721/170/15
f 4706/171/22 4710/172/21 4723/173/30 4725/174/29
f 4728/175/20 4736/176/33 4749/177/26 4752/178/25
f 4710/172/21 4711/179/20 4724/180/25 4723/173/30
f 4751/181/23 4729/182/17 4709/183/17 4705/168/17 4722/167/23 4720/184/23
f 4745/166/28 4730/165/31 4729/182/17 4751/181/23
f 4711/179/20 4708/185/20 4728/175/20 4752/178/25 4719/186/25 4724/180/25
f 4707/169/16 4706/171/22 4725/174/29 4721/170/15
f 4749/187/26 4736/188/33 4726/164/32 4750/163/27
f 4739/165/31 4713/166/28 4712/163/34 4741/164/32
f 4744/167/23 4735/168/17 4727/169/16 4747/170/15
f 4737/171/22 4731/172/21 4748/173/30 4746/174/29
f 4715/177/26 4716/178/25 4742/175/20 4740/176/33
f 4731/172/21 4732/179/20 4743/180/25 4748/173/30
f 4734/189/17 4735/168/17 4744/167/23 4718/190/23 4714/181/23 4738/182/17
f 4738/182/17 4714/181/23 4713/166/28 4739/165/31
f 4716/178/25 4717/191/25 4743/180/25 4732/179/20 4733/192/20 4742/175/20
f 4727/169/16 4737/171/22 4746/174/29 4747/170/15
f 4741/164/32 4712/163/34 4715/187/26 4740/188/33
f 4791/139/34 4772/140/32 4768/137/31 4793/138/28
f 4776/141/16 4759/142/15 4756/143/23 4782/144/17
f 4760/145/36 4757/146/29 4785/147/22 4784/148/69
f 4773/151/68 4771/152/33 4794/149/67 4795/150/66
f 4754/153/66 4760/145/36 4784/148/69 4781/154/68
f 4782/144/17 4756/143/23 4755/193/23 4792/156/23 4767/157/17 4770/194/17
f 4793/138/28 4768/137/31 4767/157/17 4792/156/23
f 4753/195/66 4754/153/66 4781/154/68 4769/196/68 4773/151/68 4795/150/66
f 4757/146/29 4759/142/15 4776/141/16 4785/147/22
f 4794/161/67 4771/162/33 4772/140/32 4791/139/34
f 4817/1/22 4818/2/2 4804/3/36 4803/4/4
f 4809/5/46 4810/6/6 4808/7/7 4807/8/8
f 4819/9/32 4820/10/58 4806/11/11 4805/12/12
f 4816/13/53 4814/14/14 4802/15/73 4801/16/40
f 4829/17/17 4822/18/18 4819/9/32 4805/12/12 4811/19/19 4828/20/20 4831/21/20 4830/22/21 4826/23/22 4827/24/16 4825/25/17
f 4838/26/23 4824/27/24 4818/28/2 4802/29/73 4814/30/14 4837/31/25 4836/32/25 4835/33/26 4832/34/27 4833/35/28 4834/36/23
f 4839/37/25 4812/38/14 4806/11/11 4820/10/58 4821/39/24 4840/40/23 4842/41/23 4841/42/15 4845/43/29 4843/44/30 4844/45/25
f 4823/46/18 4822/18/18 4829/17/17 4849/47/17 4850/48/31 4846/49/32 4856/50/33 4848/51/20 4828/20/20 4811/19/19 4816/52/53 4853/53/20 4852/54/20 4851/55/21 4857/56/22 4847/57/16 4855/58/17 4854/59/17
f 4805/12/12 4806/11/11 4812/60/14 4811/61/19
f 4813/62/5 4815/63/6 4810/6/6 4809/5/46
f 4803/4/4 4804/3/36 4815/63/6 4813/62/5
f 4816/52/53 4801/64/40 4817/65/22 4823/46/18 4854/59/17 4858/66/17 4859/67/31 4861/68/32 4860/69/33 4862/70/20 4853/53/20
f 4840/40/23 4821/39/24 4824/27/24 4838/26/23 4864/71/23 4867/72/15 4866/73/29 4868/74/30 4863/75/25 4837/31/25 4814/30/14 4812/38/14 4839/37/25 4872/76/25 4869/77/26 4870/78/34 4865/79/28 4871/80/23
f 4811/61/19 4812/60/14 4814/14/14 4816/13/53
f 4873/81/25 4824/27/24 4821/39/24 4884/82/25 4883/83/25 4881/84/26 4882/85/34 4878/86/28 4886/87/35 4885/88/35 4810/89/6 4815/90/6 4875/91/35 4876/92/35 4879/93/15 4877/94/29 4880/95/3 4874/96/25
f 4823/46/18 4817/65/22 4803/97/4 4813/98/5 4890/99/19 4887/100/19 4888/101/31 4892/102/47 4891/103/33 4893/104/20 4889/105/20
f 4813/98/5 4809/106/46 4899/107/19 4900/108/19 4895/109/37 4894/110/32 4903/111/33 4897/112/20 4898/113/20 4822/18/18 4823/46/18 4889/105/20 4901/114/20 4904/115/21 4905/116/22 4896/117/16 4902/118/19 4890/99/19
f 4884/82/25 4821/39/24 4820/10/58 4808/7/7 4810/89/6 4885/88/35 4907/119/35 4906/120/15 4909/121/29 4910/122/3 4908/123/25
f 4875/91/35 4815/90/6 4804/124/36 4818/28/2 4824/27/24 4873/81/25 4915/125/25 4914/126/26 4911/127/34 4913/128/28 4912/129/35
f 4899/107/19 4809/106/46 4807/8/8 4819/9/32 4822/18/18 4898/113/20 4920/130/20 4919/131/21 4917/132/22 4918/133/41 4916/134/19
f 4807/8/8 4808/7/7 4820/10/58 4819/9/32
f 4801/135/40 4802/136/73 4818/2/2 4817/1/22
f 4895/137/37 4878/138/28 4882/139/34 4894/140/32
f 4918/141/41 4906/142/15 4907/143/35 4916/144/19
f 4910/145/3 4909/146/29 4917/147/22 4919/148/21
f 4881/149/26 4883/150/25 4897/151/20 4903/152/33
f 4908/153/25 4910/145/3 4919/148/21 4920/154/20
f 4916/144/19 4907/143/35 4885/155/35 4886/156/35 4900/157/19 4899/158/19
f 4900/157/19 4886/156/35 4878/138/28 4895/137/37
f 4883/150/25 4884/159/25 4908/153/25 4920/154/20 4898/160/20 4897/151/20
f 4909/146/29 4906/142/15 4918/141/41 4917/147/22
f 4894/140/32 4882/139/34 4881/161/26 4903/162/33
f 4870/163/34 4846/164/32 4850/165/31 4865/166/28
f 4842/167/23 4825/168/17 4827/169/16 4841/170/15
f 4826/171/22 4830/172/21 4843/173/30 4845/174/29
f 4848/175/20 4856/176/33 4869/177/26 4872/178/25
f 4830/172/21 4831/179/20 4844/180/25 4843/173/30
f 4871/181/23 4849/182/17 4829/183/17 4825/168/17 4842/167/23 4840/184/23
f 4865/166/28 4850/165/31 4849/182/17 4871/181/23
f 4831/179/20 4828/185/20 4848/175/20 4872/178/25 4839/186/25 4844/180/25
f 4827/169/16 4826/171/22 4845/174/29 4841/170/15
f 4869/187/26 4856/188/33 4846/164/32 4870/163/34
f 4859/165/31 4833/166/28 4832/163/27 4861/164/32
f 4864/167/23 4855/168/17 4847/169/16 4867/170/15
f 4857/171/22 4851/172/21 4868/173/30 4866/174/29
f 4835/177/26 4836/178/25 4862/175/20 4860/176/33
f 4851/172/21 4852/179/20 4863/180/25 4868/173/30
f 4854/189/17 4855/168/17 4864/167/23 4838/190/23 4834/181/23 4858/182/17
f 4858/182/17 4834/181/23 4833/166/28 4859/165/31
f 4836/178/25 4837/191/25 4863/180/25 4852/179/20 4853/192/20 4862/175/20
f 4847/169/16 4857/171/22 4866/174/29 4867/170/15
f 4861/164/32 4832/163/27 4835/187/26 4860/188/33
f 4911/139/34 4892/140/47 4888/137/31 4913/138/28
f 4896/141/16 4879/142/15 4876/143/35 4902/144/19
f 4880/145/3 4877/146/29 4905/147/22 4904/148/21
f 4893/151/20 4891/152/33 4914/149/26 4915/150/25
f 4874/153/25 4880/145/3 4904/148/21 4901/154/20
f 4902/144/19 4876/143/35 4875/193/35 4912/156/35 4887/157/19 4890/194/19
f 4913/138/28 4888/137/31 4887/157/19 4912/156/35
f 4873/195/25 4874/153/25 4901/154/20 4889/196/20 4893/151/20 4915/150/25
f 4877/146/29 4879/142/15 4896/141/16 4905/147/22
f 4914/161/26 4891/162/33 4892/140/47 4911/139/34
f 4937/1/22 4938/2/2 4924/3/36 4923/4/4
f 4929/5/46 4930/6/6 4928/7/7 4927/8/8
f 4939/9/32 4940/10/58 4926/11/11 4925/12/12
f 4936/13/53 4934/14/14 4922/15/73 4921/16/40
f 4949/17/17 4942/18/18 4939/9/32 4925/12/12 4931/19/19 4948/20/20 4951/21/20 4950/22/21 4946/23/22 4947/24/16 4945/25/17
f 4958/26/23 4944/27/24 4938/28/2 4922/29/73 4934/30/14 4957/31/25 4956/32/25 4955/33/26 4952/34/27 4953/35/28 4954/36/23
f 4959/37/25 4932/38/14 4926/11/11 4940/10/58 4941/39/24 4960/40/23 4962/41/23 4961/42/15 4965/43/29 4963/44/30 4964/45/25
f 4943/46/18 4942/18/18 4949/17/17 4969/47/17 4970/48/31 4966/49/32 4976/50/33 4968/51/20 4948/20/20 4931/19/19 4936/52/53 4973/53/20 4972/54/20 4971/55/21 4977/56/22 4967/57/16 4975/58/17 4974/59/17
f 4925/12/12 4926/11/11 4932/60/14 4931/61/19
f 4933/62/5 4935/63/6 4930/6/6 4929/5/46
f 4923/4/4 4924/3/36 4935/63/6 4933/62/5
f 4936/52/53 4921/64/40 4937/65/22 4943/46/18 4974/59/17 4978/66/17 4979/67/31 4981/68/32 4980/69/33 4982/70/20 4973/53/20
f 4960/40/23 4941/39/24 4944/27/24 4958/26/23 4984/71/23 4987/72/15 4986/73/29 4988/74/30 4983/75/25 4957/31/25 4934/30/14 4932/38/14 4959/37/25 4992/76/25 4989/77/26 4990/78/34 4985/79/28 4991/80/23
f 4931/61/19 4932/60/14 4934/14/14 4936/13/53
f 4993/81/25 4944/27/24 4941/39/24 5004/82/25 5003/83/25 5001/84/26 5002/85/34 4998/86/28 5006/87/35 5005/88/35 4930/89/6 4935/90/6 4995/91/35 4996/92/35 4999/93/15 4997/94/29 5000/95/3 4994/96/25
f 4943/46/18 4937/65/22 4923/97/4 4933/98/5 5010/99/19 5007/100/19 5008/101/31 5012/102/47 5011/103/33 5013/104/20 5009/105/20
f 4933/98/5 4929/106/46 5019/107/19 5020/108/19 5015/109/37 5014/110/32 5023/111/33 5017/112/20 5018/113/20 4942/18/18 4943/46/18 5009/105/20 5021/114/20 5024/115/21 5025/116/22 5016/117/16 5022/118/19 5010/99/19
f 5004/82/25 4941/39/24 4940/10/58 4928/7/7 4930/89/6 5005/88/35 5027/119/35 5026/120/15 5029/121/29 5030/122/3 5028/123/25
f 4995/91/35 4935/90/6 4924/124/36 4938/28/2 4944/27/24 4993/81/25 5035/125/25 5034/126/26 5031/127/34 5033/128/28 5032/129/35
f 5019/107/19 4929/106/46 4927/8/8 4939/9/32 4942/18/18 5018/113/20 5040/130/20 5039/131/21 5037/132/22 5038/133/41 5036/134/19
f 4927/8/8 4928/7/7 4940/10/58 4939/9/32
f 4921/135/40 4922/136/73 4938/2/2 4937/1/22
f 5015/137/37 4998/138/28 5002/139/34 5014/140/32
f 5038/141/41 5026/142/15 5027/143/35 5036/144/19
f 5030/145/3 5029/146/29 5037/147/22 5039/148/21
f 5001/149/26 5003/150/25 5017/151/20 5023/152/33
f 5028/153/25 5030/145/3 5039/148/21 5040/154/20
f 5036/144/19 5027/143/35 5005/155/35 5006/156/35 5020/157/19 5019/158/19
f 5020/157/19 5006/156/35 4998/138/28 5015/137/37
f 5003/150/25 5004/159/25 5028/153/25 5040/154/20 5018/160/20 5017/151/20
f 5029/146/29 5026/142/15 5038/141/41 5037/147/22
f 5014/140/32 5002/139/34 5001/161/26 5023/162/33
f 4990/163/34 4966/164/32 4970/165/31 4985/166/28
f 4962/167/23 4945/168/17 4947/169/16 4961/170/15
f 4946/171/22 4950/172/21 4963/173/30 4965/174/29
f 4968/175/20 4976/176/33 4989/177/26 4992/178/25
f 4950/172/21 4951/179/20 4964/180/25 4963/173/30
f 4991/181/23 4969/182/17 4949/183/17 4945/168/17 4962/167/23 4960/184/23
f 4985/166/28 4970/165/31 4969/182/17 4991/181/23
f 4951/179/20 4948/185/20 4968/175/20 4992/178/25 4959/186/25 4964/180/25
f 4947/169/16 4946/171/22 4965/174/29 4961/170/15
f 4989/187/26 4976/188/33 4966/164/32 4990/163/34
f 4979/165/31 4953/166/28 4952/163/27 4981/164/32
f 4984/167/23 4975/168/17 4967/169/16 4987/170/15
f 4977/171/22 4971/172/21 4988/173/30 4986/174/29
f 4955/177/26 4956/178/25 4982/175/20 4980/176/33
f 4971/172/21 4972/179/20 4983/180/25 4988/173/30
f 4974/189/17 4975/168/17 4984/167/23 4958/190/23 4954/181/23 4978/182/17
f 4978/182/17 4954/181/23 4953/166/28 4979/165/31
f 4956/178/25 4957/191/25 4983/180/25 4972/179/20 4973/192/20 4982/175/20
f 4967/169/16 4977/171/22 4986/174/29 4987/170/15
f 4981/164/32 4952/163/27 4955/187/26 4980/188/33
f 5031/139/34 5012/140/47 5008/137/31 5033/138/28
f 5016/141/16 4999/142/15 4996/143/35 5022/144/19
f 5000/145/3 4997/146/29 5025/147/22 5024/148/21
f 5013/151/20 5011/152/33 5034/149/26 5035/150/25
f 4994/153/25 5000/145/3 5024/148/21 5021/154/20
f 5022/144/19 4996/143/35 4995/193/35 5032/156/35 5007/157/19 5010/194/19
f 5033/138/28 5008/137/31 5007/157/19 5032/156/35
f 4993/195/25 4994/153/25 5021/154/20 5009/196/20 5013/151/20 5035/150/25
f 4997/146/29 4999/142/15 5016/141/16 5025/147/22
f 5034/161/26 5011/162/33 5012/140/47 5031/139/34
f 5057/1/22 5058/2/2 5044/3/36 5043/4/4
f 5049/5/5 5050/6/6 5048/7/7 5047/8/8
f 5059/9/32 5060/10/58 5046/11/11 5045/12/12
f 5056/13/53 5054/14/14 5042/15/73 5041/16/40
f 5069/17/17 5062/18/18 5059/9/32 5045/12/12 5051/19/19 5068/20/20 5071/21/20 5070/22/21 5066/23/22 5067/24/16 5065/25/17
f 5078/26/23 5064/27/24 5058/28/2 5042/29/73 5054/30/14 5077/31/25 5076/32/25 5075/33/26 5072/34/45 5073/35/28 5074/36/23
f 5079/37/25 5052/38/14 5046/11/11 5060/10/58 5061/39/24 5080/40/23 5082/41/23 5081/42/15 5085/43/29 5083/44/30 5084/45/25
f 5063/46/18 5062/18/18 5069/17/17 5089/47/17 5090/48/31 5086/49/32 5096/50/33 5088/51/20 5068/20/20 5051/19/19 5056/52/53 5093/53/20 5092/54/20 5091/55/21 5097/56/22 5087/57/16 5095/58/17 5094/59/17
f 5045/12/12 5046/11/11 5052/60/14 5051/61/19
f 5053/62/46 5055/63/6 5050/6/6 5049/5/5
f 5043/4/4 5044/3/36 5055/63/6 5053/62/46
f 5056/52/53 5041/64/40 5057/65/22 5063/46/18 5094/59/17 5098/66/17 5099/67/31 5101/68/32 5100/69/33 5102/70/20 5093/53/20
f 5080/40/23 5061/39/24 5064/27/24 5078/26/23 5104/71/23 5107/72/15 5106/73/29 5108/74/30 5103/75/25 5077/31/25 5054/30/14 5052/38/14 5079/37/25 5112/76/25 5109/77/26 5110/78/34 5105/79/28 5111/80/23
f 5051/61/19 5052/60/14 5054/14/14 5056/13/53
f 5113/81/25 5064/27/24 5061/39/24 5124/82/25 5123/83/25 5121/84/26 5122/85/34 5118/86/28 5126/87/23 5125/88/23 5050/89/6 5055/90/6 5115/91/23 5116/92/23 5119/93/15 5117/94/29 5120/95/3 5114/96/25
f 5063/46/18 5057/65/22 5043/97/4 5053/98/46 5130/99/17 5127/100/17 5128/101/31 5132/102/47 5131/103/33 5133/104/20 5129/105/20
f 5053/98/46 5049/106/5 5139/107/17 5140/108/17 5135/109/31 5134/110/32 5143/111/33 5137/112/20 5138/113/20 5062/18/18 5063/46/18 5129/105/20 5141/114/20 5144/115/21 5145/116/22 5136/117/16 5142/118/17 5130/99/17
f 5124/82/25 5061/39/24 5060/10/58 5048/7/7 5050/89/6 5125/88/23 5147/119/23 5146/120/15 5149/121/29 5150/122/3 5148/123/25
f 5115/91/23 5055/90/6 5044/124/36 5058/28/2 5064/27/24 5113/81/25 5155/125/25 5154/126/26 5151/127/34 5153/128/28 5152/129/23
f 5139/107/17 5049/106/5 5047/8/8 5059/9/32 5062/18/18 5138/113/20 5160/130/20 5159/131/21 5157/132/22 5158/133/16 5156/134/17
f 5047/8/8 5048/7/7 5060/10/58 5059/9/32
f 5041/135/40 5042/136/73 5058/2/2 5057/1/22
f 5135/137/31 5118/138/28 5122/139/34 5134/140/32
f 5158/141/16 5146/142/15 5147/143/23 5156/144/17
f 5150/145/3 5149/146/29 5157/147/22 5159/148/21
f 5121/149/26 5123/150/25 5137/151/20 5143/152/33
f 5148/153/25 5150/145/3 5159/148/21 5160/154/20
f 5156/144/17 5147/143/23 5125/155/23 5126/156/23 5140/157/17 5139/158/17
f 5140/157/17 5126/156/23 5118/138/28 5135/137/31
f 5123/150/25 5124/159/25 5148/153/25 5160/154/20 5138/160/20 5137/151/20
f 5149/146/29 5146/142/15 5158/141/16 5157/147/22
f 5134/140/32 5122/139/34 5121/161/26 5143/162/33
f 5110/163/34 5086/164/32 5090/165/31 5105/166/28
f 5082/167/23 5065/168/17 5067/169/16 5081/170/15
f 5066/171/22 5070/172/21 5083/173/30 5085/174/29
f 5088/175/20 5096/176/33 5109/177/26 5112/178/25
f 5070/172/21 5071/179/20 5084/180/25 5083/173/30
f 5111/181/23 5089/182/17 5069/183/17 5065/168/17 5082/167/23 5080/184/23
f 5105/166/28 5090/165/31 5089/182/17 5111/181/23
f 5071/179/20 5068/185/20 5088/175/20 5112/178/25 5079/186/25 5084/180/25
f 5067/169/16 5066/171/22 5085/174/29 5081/170/15
f 5109/187/26 5096/188/33 5086/164/32 5110/163/34
f 5099/165/31 5073/166/28 5072/163/45 5101/164/32
f 5104/167/23 5095/168/17 5087/169/16 5107/170/15
f 5097/171/22 5091/172/21 5108/173/30 5106/174/29
f 5075/177/26 5076/178/25 5102/175/20 5100/176/33
f 5091/172/21 5092/179/20 5103/180/25 5108/173/30
f 5094/189/17 5095/168/17 5104/167/23 5078/190/23 5074/181/23 5098/182/17
f 5098/182/17 5074/181/23 5073/166/28 5099/165/31
f 5076/178/25 5077/191/25 5103/180/25 5092/179/20 5093/192/20 5102/175/20
f 5087/169/16 5097/171/22 5106/174/29 5107/170/15
f 5101/164/32 5072/163/45 5075/187/26 5100/188/33
f 5151/139/34 5132/140/47 5128/137/31 5153/138/28
f 5136/141/16 5119/142/15 5116/143/23 5142/144/17
f 5120/145/3 5117/146/29 5145/147/22 5144/148/21
f 5133/151/20 5131/152/33 5154/149/26 5155/150/25
f 5114/153/25 5120/145/3 5144/148/21 5141/154/20
f 5142/144/17 5116/143/23 5115/193/23 5152/156/23 5127/157/17 5130/194/17
f 5153/138/28 5128/137/31 5127/157/17 5152/156/23
f 5113/195/25 5114/153/25 5141/154/20 5129/196/20 5133/151/20 5155/150/25
f 5117/146/29 5119/142/15 5136/141/16 5145/147/22
f 5154/161/26 5131/162/33 5132/140/47 5151/139/34
f 5177/1/91 5178/2/2 5164/3/48 5163/4/4
f 5169/5/75 5170/6/25 5168/7/67 5167/8/94
f 5179/9/32 5180/10/58 5166/11/11 5165/12/12
f 5176/13/53 5174/14/14 5162/15/73 5161/16/40
f 5189/17/17 5182/18/18 5179/9/32 5165/12/12 5171/19/19 5188/20/20 5191/21/20 5190/22/21 5186/23/22 5187/24/16 5185/25/17
f 5198/26/23 5184/27/24 5178/28/2 5162/29/73 5174/30/14 5197/31/25 5196/32/25 5195/33/26 5192/34/45 5193/35/28 5194/36/23
f 5199/37/25 5172/38/14 5166/11/11 5180/10/58 5181/39/24 5200/40/23 5202/41/23 5201/42/15 5205/43/29 5203/44/30 5204/45/25
f 5183/46/18 5182/18/18 5189/17/17 5209/47/17 5210/48/31 5206/49/32 5216/50/33 5208/51/20 5188/20/20 5171/19/19 5176/52/53 5213/53/20 5212/54/20 5211/55/21 5217/56/22 5207/57/16 5215/58/17 5214/59/17
f 5165/12/12 5166/11/11 5172/60/14 5171/61/19
f 5173/62/5 5175/63/25 5170/6/25 5169/5/75
f 5163/4/4 5164/3/48 5175/63/25 5173/62/5
f 5176/52/53 5161/64/40 5177/65/91 5183/46/18 5214/59/17 5218/66/17 5219/67/31 5221/68/32 5220/69/33 5222/70/20 5213/53/20
f 5200/40/23 5181/39/24 5184/27/24 5198/26/23 5224/71/23 5227/72/15 5226/73/29 5228/74/30 5223/75/25 5197/31/25 5174/30/14 5172/38/14 5199/37/25 5232/76/25 5229/77/26 5230/78/34 5225/79/28 5231/80/23
f 5171/61/19 5172/60/14 5174/14/14 5176/13/53
f 5233/81/6 5184/27/24 5181/39/24 5244/82/6 5243/83/6 5241/84/26 5242/85/34 5238/86/28 5246/87/23 5245/88/23 5170/89/25 5175/90/25 5235/91/23 5236/92/23 5239/93/15 5237/94/29 5240/95/30 5234/96/6
f 5183/46/18 5177/65/91 5163/97/4 5173/98/5 5250/99/17 5247/100/17 5248/101/31 5252/102/32 5251/103/33 5253/104/51 5249/105/51
f 5173/98/5 5169/106/75 5259/107/17 5260/108/17 5255/109/31 5254/110/32 5263/111/33 5257/112/51 5258/113/51 5182/18/18 5183/46/18 5249/105/51 5261/114/51 5264/115/21 5265/116/22 5256/117/16 5262/118/17 5250/99/17
f 5244/82/6 5181/39/24 5180/10/58 5168/7/67 5170/89/25 5245/88/23 5267/119/23 5266/120/15 5269/121/29 5270/122/30 5268/123/6
f 5235/91/23 5175/90/25 5164/124/48 5178/28/2 5184/27/24 5233/81/6 5275/125/6 5274/126/26 5271/127/34 5273/128/28 5272/129/23
f 5259/107/17 5169/106/75 5167/8/94 5179/9/32 5182/18/18 5258/113/51 5280/130/51 5279/131/21 5277/132/22 5278/133/16 5276/134/17
f 5167/8/94 5168/7/67 5180/10/58 5179/9/32
f 5161/135/40 5162/136/73 5178/2/2 5177/1/91
f 5255/137/31 5238/138/28 5242/139/34 5254/140/32
f 5278/141/16 5266/142/15 5267/143/23 5276/144/17
f 5270/145/30 5269/146/29 5277/147/22 5279/148/21
f 5241/149/26 5243/150/6 5257/151/51 5263/152/33
f 5268/153/6 5270/145/30 5279/148/21 5280/154/51
f 5276/144/17 5267/143/23 5245/155/23 5246/156/23 5260/157/17 5259/158/17
f 5260/157/17 5246/156/23 5238/138/28 5255/137/31
f 5243/150/6 5244/159/6 5268/153/6 5280/154/51 5258/160/51 5257/151/51
f 5269/146/29 5266/142/15 5278/141/16 5277/147/22
f 5254/140/32 5242/139/34 5241/161/26 5263/162/33
f 5230/163/34 5206/164/32 5210/165/31 5225/166/28
f 5202/167/23 5185/168/17 5187/169/16 5201/170/15
f 5186/171/22 5190/172/21 5203/173/30 5205/174/29
f 5208/175/20 5216/176/33 5229/177/26 5232/178/25
f 5190/172/21 5191/179/20 5204/180/25 5203/173/30
f 5231/181/23 5209/182/17 5189/183/17 5185/168/17 5202/167/23 5200/184/23
f 5225/166/28 5210/165/31 5209/182/17 5231/181/23
f 5191/179/20 5188/185/20 5208/175/20 5232/178/25 5199/186/25 5204/180/25
f 5187/169/16 5186/171/22 5205/174/29 5201/170/15
f 5229/187/26 5216/188/33 5206/164/32 5230/163/34
f 5219/165/31 5193/166/28 5192/163/45 5221/164/32
f 5224/167/23 5215/168/17 5207/169/16 5227/170/15
f 5217/171/22 5211/172/21 5228/173/30 5226/174/29
f 5195/177/26 5196/178/25 5222/175/20 5220/176/33
f 5211/172/21 5212/179/20 5223/180/25 5228/173/30
f 5214/189/17 5215/168/17 5224/167/23 5198/190/23 5194/181/23 5218/182/17
f 5218/182/17 5194/181/23 5193/166/28 5219/165/31
f 5196/178/25 5197/191/25 5223/180/25 5212/179/20 5213/192/20 5222/175/20
f 5207/169/16 5217/171/22 5226/174/29 5227/170/15
f 5221/164/32 5192/163/45 5195/187/26 5220/188/33
f 5271/139/34 5252/140/32 5248/137/31 5273/138/28
f 5256/141/16 5239/142/15 5236/143/23 5262/144/17
f 5240/145/30 5237/146/29 5265/147/22 5264/148/21
f 5253/151/51 5251/152/33 5274/149/26 5275/150/6
f 5234/153/6 5240/145/30 5264/148/21 5261/154/51
f 5262/144/17 5236/143/23 5235/193/23 5272/156/23 5247/157/17 5250/194/17
f 5273/138/28 5248/137/31 5247/157/17 5272/156/23
f 5233/195/6 5234/153/6 5261/154/51 5249/196/51 5253/151/51 5275/150/6
f 5237/146/29 5239/142/15 5256/141/16 5265/147/22
f 5274/161/26 5251/162/33 5252/140/32 5271/139/34
f 5297/1/22 5298/2/2 5284/3/36 5283/4/4
f 5289/5/75 5290/6/6 5288/7/7 5287/8/8
f 5299/9/9 5300/10/58 5286/11/11 5285/12/12
f 5296/13/53 5294/14/14 5282/15/73 5281/16/40
f 5309/17/17 5302/18/18 5299/9/9 5285/12/12 5291/19/19 5308/20/51 5311/21/51 5310/22/21 5306/23/22 5307/24/16 5305/25/17
f 5318/26/23 5304/27/24 5298/28/2 5282/29/73 5294/30/14 5317/31/6 5316/32/6 5315/33/26 5312/34/45 5313/35/28 5314/36/23
f 5319/37/6 5292/38/14 5286/11/11 5300/10/58 5301/39/24 5320/40/23 5322/41/23 5321/42/15 5325/43/29 5323/44/36 5324/45/6
f 5303/46/18 5302/18/18 5309/17/17 5329/47/17 5330/48/31 5326/49/32 5336/50/33 5328/51/51 5308/20/51 5291/19/19 5296/52/53 5333/53/51 5332/54/51 5331/55/21 5337/56/22 5327/57/16 5335/58/17 5334/59/17
f 5285/12/12 5286/11/11 5292/60/14 5291/61/19
f 5293/62/5 5295/63/6 5290/6/6 5289/5/75
f 5283/4/4 5284/3/36 5295/63/6 5293/62/5
f 5296/52/53 5281/64/40 5297/65/22 5303/46/18 5334/59/17 5338/66/17 5339/67/31 5341/68/32 5340/69/33 5342/70/51 5333/53/51
f 5320/40/23 5301/39/24 5304/27/24 5318/26/23 5344/71/23 5347/72/15 5346/73/29 5348/74/30 5343/75/6 5317/31/6 5294/30/14 5292/38/14 5319/37/6 5352/76/6 5349/77/54 5350/78/34 5345/79/28 5351/80/23
f 5291/61/19 5292/60/14 5294/14/14 5296/13/53
f 5353/81/25 5304/27/24 5301/39/24 5364/82/25 5363/83/25 5361/84/26 5362/85/34 5358/86/28 5366/87/23 5365/88/23 5290/89/6 5295/90/6 5355/91/23 5356/92/23 5359/93/15 5357/94/2 5360/95/3 5354/96/25
f 5303/46/18 5297/65/22 5283/97/4 5293/98/5 5370/99/17 5367/100/17 5368/101/31 5372/102/47 5371/103/33 5373/104/20 5369/105/20
f 5293/98/5 5289/106/75 5379/107/17 5380/108/17 5375/109/31 5374/110/32 5383/111/33 5377/112/20 5378/113/20 5302/18/18 5303/46/18 5369/105/20 5381/114/20 5384/115/21 5385/116/22 5376/117/16 5382/118/17 5370/99/17
f 5364/82/25 5301/39/24 5300/10/58 5288/7/7 5290/89/6 5365/88/23 5387/119/23 5386/120/15 5389/121/29 5390/122/3 5388/123/25
f 5355/91/23 5295/90/6 5284/124/36 5298/28/2 5304/27/24 5353/81/25 5395/125/25 5394/126/26 5391/127/45 5393/128/28 5392/129/23
f 5379/107/17 5289/106/75 5287/8/8 5299/9/9 5302/18/18 5378/113/20 5400/130/20 5399/131/21 5397/132/22 5398/133/16 5396/134/17
f 5287/8/8 5288/7/7 5300/10/58 5299/9/9
f 5281/135/40 5282/136/73 5298/2/2 5297/1/22
f 5375/137/31 5358/138/28 5362/139/34 5374/140/32
f 5398/141/16 5386/142/15 5387/143/23 5396/144/17
f 5390/145/3 5389/146/29 5397/147/22 5399/148/21
f 5361/149/26 5363/150/25 5377/151/20 5383/152/33
f 5388/153/25 5390/145/3 5399/148/21 5400/154/20
f 5396/144/17 5387/143/23 5365/155/23 5366/156/23 5380/157/17 5379/158/17
f 5380/157/17 5366/156/23 5358/138/28 5375/137/31
f 5363/150/25 5364/159/25 5388/153/25 5400/154/20 5378/160/20 5377/151/20
f 5389/146/29 5386/142/15 5398/141/16 5397/147/22
f 5374/140/32 5362/139/34 5361/161/26 5383/162/33
f 5350/163/34 5326/164/32 5330/165/31 5345/166/28
f 5322/167/23 5305/168/17 5307/169/16 5321/170/15
f 5306/171/22 5310/172/21 5323/173/36 5325/174/29
f 5328/175/51 5336/176/33 5349/177/54 5352/178/6
f 5310/172/21 5311/179/51 5324/180/6 5323/173/36
f 5351/181/23 5329/182/17 5309/183/17 5305/168/17 5322/167/23 5320/184/23
f 5345/166/28 5330/165/31 5329/182/17 5351/181/23
f 5311/179/51 5308/185/51 5328/175/51 5352/178/6 5319/186/6 5324/180/6
f 5307/169/16 5306/171/22 5325/174/29 5321/170/15
f 5349/187/54 5336/188/33 5326/164/32 5350/163/34
f 5339/165/31 5313/166/28 5312/163/45 5341/164/32
f 5344/167/23 5335/168/17 5327/169/16 5347/170/15
f 5337/171/22 5331/172/21 5348/173/30 5346/174/29
f 5315/177/26 5316/178/6 5342/175/51 5340/176/33
f 5331/172/21 5332/179/51 5343/180/6 5348/173/30
f 5334/189/17 5335/168/17 5344/167/23 5318/190/23 5314/181/23 5338/182/17
f 5338/182/17 5314/181/23 5313/166/28 5339/165/31
f 5316/178/6 5317/191/6 5343/180/6 5332/179/51 5333/192/51 5342/175/51
f 5327/169/16 5337/171/22 5346/174/29 5347/170/15
f 5341/164/32 5312/163/45 5315/187/26 5340/188/33
f 5391/139/45 5372/140/47 5368/137/31 5393/138/28
f 5376/141/16 5359/142/15 5356/143/23 5382/144/17
f 5360/145/3 5357/146/2 5385/147/22 5384/148/21
f 5373/151/20 5371/152/33 5394/149/26 5395/150/25
f 5354/153/25 5360/145/3 5384/148/21 5381/154/20
f 5382/144/17 5356/143/23 5355/193/23 5392/156/23 5367/157/17 5370/194/17
f 5393/138/28 5368/137/31 5367/157/17 5392/156/23
f 5353/195/25 5354/153/25 5381/154/20 5369/196/20 5373/151/20 5395/150/25
f 5357/146/2 5359/142/15 5376/141/16 5385/147/22
f 5394/161/26 5371/162/33 5372/140/47 5391/139/45
f 5417/1/22 5418/2/2 5404/3/36 5403/4/4
f 5409/5/75 5410/6/6 5408/7/7 5407/8/8
f 5419/9/32 5420/10/58 5406/11/11 5405/12/12
f 5416/13/53 5414/14/14 5402/15/73 5401/16/40
f 5429/17/17 5422/18/18 5419/9/32 5405/12/12 5411/19/19 5428/20/51 5431/21/51 5430/22/21 5426/23/22 5427/24/16 5425/25/17
f 5438/26/23 5424/27/24 5418/28/2 5402/29/73 5414/30/14 5437/31/6 5436/32/6 5435/33/26 5432/34/45 5433/35/28 5434/36/23
f 5439/37/6 5412/38/14 5406/11/11 5420/10/58 5421/39/24 5440/40/23 5442/41/23 5441/42/15 5445/43/29 5443/44/36 5444/45/6
f 5423/46/18 5422/18/18 5429/17/17 5449/47/17 5450/48/31 5446/49/32 5456/50/33 5448/51/51 5428/20/51 5411/19/19 5416/52/53 5453/53/51 5452/54/51 5451/55/21 5457/56/22 5447/57/16 5455/58/17 5454/59/17
f 5405/12/12 5406/11/11 5412/60/14 5411/61/19
f 5413/62/5 5415/63/6 5410/6/6 5409/5/75
f 5403/4/4 5404/3/36 5415/63/6 5413/62/5
f 5416/52/53 5401/64/40 5417/65/22 5423/46/18 5454/59/17 5458/66/17 5459/67/31 5461/68/32 5460/69/33 5462/70/51 5453/53/51
f 5440/40/23 5421/39/24 5424/27/24 5438/26/23 5464/71/23 5467/72/15 5466/73/29 5468/74/30 5463/75/6 5437/31/6 5414/30/14 5412/38/14 5439/37/6 5472/76/6 5469/77/54 5470/78/34 5465/79/28 5471/80/23
f 5411/61/19 5412/60/14 5414/14/14 5416/13/53
f 5473/81/25 5424/27/24 5421/39/24 5484/82/25 5483/83/25 5481/84/26 5482/85/34 5478/86/28 5486/87/23 5485/88/23 5410/89/6 5415/90/6 5475/91/23 5476/92/23 5479/93/15 5477/94/2 5480/95/3 5474/96/25
f 5423/46/18 5417/65/22 5403/97/4 5413/98/5 5490/99/17 5487/100/17 5488/101/31 5492/102/47 5491/103/33 5493/104/20 5489/105/20
f 5413/98/5 5409/106/75 5499/107/17 5500/108/17 5495/109/31 5494/110/32 5503/111/33 5497/112/20 5498/113/20 5422/18/18 5423/46/18 5489/105/20 5501/114/20 5504/115/21 5505/116/22 5496/117/16 5502/118/17 5490/99/17
f 5484/82/25 5421/39/24 5420/10/58 5408/7/7 5410/89/6 5485/88/23 5507/119/23 5506/120/15 5509/121/29 5510/122/3 5508/123/25
f 5475/91/23 5415/90/6 5404/124/36 5418/28/2 5424/27/24 5473/81/25 5515/125/25 5514/126/78 5511/127/45 5513/128/28 5512/129/23
f 5499/107/17 5409/106/75 5407/8/8 5419/9/32 5422/18/18 5498/113/20 5520/130/20 5519/131/21 5517/132/22 5518/133/16 5516/134/17
f 5407/8/8 5408/7/7 5420/10/58 5419/9/32
f 5401/135/40 5402/136/73 5418/2/2 5417/1/22
f 5495/137/31 5478/138/28 5482/139/34 5494/140/32
f 5518/141/16 5506/142/15 5507/143/23 5516/144/17
f 5510/145/3 5509/146/29 5517/147/22 5519/148/21
f 5481/149/26 5483/150/25 5497/151/20 5503/152/33
f 5508/153/25 5510/145/3 5519/148/21 5520/154/20
f 5516/144/17 5507/143/23 5485/155/23 5486/156/23 5500/157/17 5499/158/17
f 5500/157/17 5486/156/23 5478/138/28 5495/137/31
f 5483/150/25 5484/159/25 5508/153/25 5520/154/20 5498/160/20 5497/151/20
f 5509/146/29 5506/142/15 5518/141/16 5517/147/22
f 5494/140/32 5482/139/34 5481/161/26 5503/162/33
f 5470/163/34 5446/164/32 5450/165/31 5465/166/28
f 5442/167/23 5425/168/17 5427/169/16 5441/170/15
f 5426/171/22 5430/172/21 5443/173/36 5445/174/29
f 5448/175/51 5456/176/33 5469/177/54 5472/178/6
f 5430/172/21 5431/179/51 5444/180/6 5443/173/36
f 5471/181/23 5449/182/17 5429/183/17 5425/168/17 5442/167/23 5440/184/23
f 5465/166/28 5450/165/31 5449/182/17 5471/181/23
f 5431/179/51 5428/185/51 5448/175/51 5472/178/6 5439/186/6 5444/180/6
f 5427/169/16 5426/171/22 5445/174/29 5441/170/15
f 5469/187/54 5456/188/33 5446/164/32 5470/163/34
f 5459/165/31 5433/166/28 5432/163/45 5461/164/32
f 5464/167/23 5455/168/17 5447/169/16 5467/170/15
f 5457/171/22 5451/172/21 5468/173/30 5466/174/29
f 5435/177/26 5436/178/6 5462/175/51 5460/176/33
f 5451/172/21 5452/179/51 5463/180/6 5468/173/30
f 5454/189/17 5455/168/17 5464/167/23 5438/190/23 5434/181/23 5458/182/17
f 5458/182/17 5434/181/23 5433/166/28 5459/165/31
f 5436/178/6 5437/191/6 5463/180/6 5452/179/51 5453/192/51 5462/175/51
f 5447/169/16 5457/171/22 5466/174/29 5467/170/15
f 5461/164/32 5432/163/45 5435/187/26 5460/188/33
f 5511/139/45 5492/140/47 5488/137/31 5513/138/28
f 5496/141/16 5479/142/15 5476/143/23 5502/144/17
f 5480/145/3 5477/146/2 5505/147/22 5504/148/21
f 5493/151/20 5491/152/33 5514/149/78 5515/150/25
f 5474/153/25 5480/145/3 5504/148/21 5501/154/20
f 5502/144/17 5476/143/23 5475/193/23 5512/156/23 5487/157/17 5490/194/17
f 5513/138/28 5488/137/31 5487/157/17 5512/156/23
f 5473/195/25 5474/153/25 5501/154/20 5489/196/20 5493/151/20 5515/150/25
f 5477/146/2 5479/142/15 5496/141/16 5505/147/22
f 5514/161/78 5491/162/33 5492/140/47 5511/139/45
f 5537/1/22 5538/2/2 5524/3/36 5523/4/4
f 5529/5/46 5530/6/6 5528/7/7 5527/8/8
f 5539/9/32 5540/10/10 5526/11/28 5525/12/12
f 5536/13/82 5534/14/14 5522/15/60 5521/16/40
f 5549/17/17 5542/18/18 5539/9/32 5525/12/12 5531/19/17 5548/20/20 5551/21/20 5550/22/21 5546/23/22 5547/24/16 5545/25/17
f 5558/26/23 5544/27/24 5538/28/2 5522/29/60 5534/30/14 5557/31/25 5556/32/25 5555/33/26 5552/34/45 5553/35/28 5554/36/23
f 5559/37/25 5532/38/14 5526/11/28 5540/10/10 5541/39/24 5560/40/23 5562/41/23 5561/42/15 5565/43/29 5563/44/30 5564/45/25
f 5543/46/18 5542/18/18 5549/17/17 5569/47/17 5570/48/31 5566/49/32 5576/50/33 5568/51/20 5548/20/20 5531/19/17 5536/52/82 5573/53/20 5572/54/20 5571/55/21 5577/56/22 5567/57/16 5575/58/17 5574/59/17
f 5525/12/12 5526/11/28 5532/60/14 5531/61/17
f 5533/62/75 5535/63/6 5530/6/6 5529/5/46
f 5523/4/4 5524/3/36 5535/63/6 5533/62/75
f 5536/52/82 5521/64/40 5537/65/22 5543/46/18 5574/59/17 5578/66/17 5579/67/31 5581/68/32 5580/69/33 5582/70/20 5573/53/20
f 5560/40/23 5541/39/24 5544/27/24 5558/26/23 5584/71/23 5587/72/15 5586/73/29 5588/74/30 5583/75/25 5557/31/25 5534/30/14 5532/38/14 5559/37/25 5592/76/25 5589/77/26 5590/78/34 5585/79/28 5591/80/23
f 5531/61/17 5532/60/14 5534/14/14 5536/13/82
f 5593/81/25 5544/27/24 5541/39/24 5604/82/25 5603/83/25 5601/84/26 5602/85/34 5598/86/28 5606/87/23 5605/88/23 5530/89/6 5535/90/6 5595/91/23 5596/92/23 5599/93/15 5597/94/29 5600/95/3 5594/96/25
f 5543/46/18 5537/65/22 5523/97/4 5533/98/75 5610/99/17 5607/100/17 5608/101/31 5612/102/32 5611/103/33 5613/104/20 5609/105/20
f 5533/98/75 5529/106/46 5619/107/17 5620/108/17 5615/109/31 5614/110/32 5623/111/33 5617/112/20 5618/113/20 5542/18/18 5543/46/18 5609/105/20 5621/114/20 5624/115/21 5625/116/22 5616/117/16 5622/118/17 5610/99/17
f 5604/82/25 5541/39/24 5540/10/10 5528/7/7 5530/89/6 5605/88/23 5627/119/23 5626/120/15 5629/121/29 5630/122/30 5628/123/25
f 5595/91/23 5535/90/6 5524/124/36 5538/28/2 5544/27/24 5593/81/25 5635/125/25 5634/126/78 5631/127/34 5633/128/28 5632/129/23
f 5619/107/17 5529/106/46 5527/8/8 5539/9/32 5542/18/18 5618/113/20 5640/130/20 5639/131/21 5637/132/22 5638/133/16 5636/134/17
f 5527/8/8 5528/7/7 5540/10/10 5539/9/32
f 5521/135/40 5522/136/60 5538/2/2 5537/1/22
f 5615/137/31 5598/138/28 5602/139/34 5614/140/32
f 5638/141/16 5626/142/15 5627/143/23 5636/144/17
f 5630/145/30 5629/146/29 5637/147/22 5639/148/21
f 5601/149/26 5603/150/25 5617/151/20 5623/152/33
f 5628/153/25 5630/145/30 5639/148/21 5640/154/20
f 5636/144/17 5627/143/23 5605/155/23 5606/156/23 5620/157/17 5619/158/17
f 5620/157/17 5606/156/23 5598/138/28 5615/137/31
f 5603/150/25 5604/159/25 5628/153/25 5640/154/20 5618/160/20 5617/151/20
f 5629/146/29 5626/142/15 5638/141/16 5637/147/22
f 5614/140/32 5602/139/34 5601/161/26 5623/162/33
f 5590/163/34 5566/164/32 5570/165/31 5585/166/28
f 5562/167/23 5545/168/17 5547/169/16 5561/170/15
f 5546/171/22 5550/172/21 5563/173/30 5565/174/29
f 5568/175/20 5576/176/33 5589/177/26 5592/178/25
f 5550/172/21 5551/179/20 5564/180/25 5563/173/30
f 5591/181/23 5569/182/17 5549/183/17 5545/168/17 5562/167/23 5560/184/23
f 5585/166/28 5570/165/31 5569/182/17 5591/181/23
f 5551/179/20 5548/185/20 5568/175/20 5592/178/25 5559/186/25 5564/180/25
f 5547/169/16 5546/171/22 5565/174/29 5561/170/15
f 5589/187/26 5576/188/33 5566/164/32 5590/163/34
f 5579/165/31 5553/166/28 5552/163/45 5581/164/32
f 5584/167/23 5575/168/17 5567/169/16 5587/170/15
f 5577/171/22 5571/172/21 5588/173/30 5586/174/29
f 5555/177/26 5556/178/25 5582/175/20 5580/176/33
f 5571/172/21 5572/179/20 5583/180/25 5588/173/30
f 5574/189/17 5575/168/17 5584/167/23 5558/190/23 5554/181/23 5578/182/17
f 5578/182/17 5554/181/23 5553/166/28 5579/165/31
f 5556/178/25 5557/191/25 5583/180/25 5572/179/20 5573/192/20 5582/175/20
f 5567/169/16 5577/171/22 5586/174/29 5587/170/15
f 5581/164/32 5552/163/45 5555/187/26 5580/188/33
f 5631/139/34 5612/140/32 5608/137/31 5633/138/28
f 5616/141/16 5599/142/15 5596/143/23 5622/144/17
f 5600/145/3 5597/146/29 5625/147/22 5624/148/21
f 5613/151/20 5611/152/33 5634/149/78 5635/150/25
f 5594/153/25 5600/145/3 5624/148/21 5621/154/20
f 5622/144/17 5596/143/23 5595/193/23 5632/156/23 5607/157/17 5610/194/17
f 5633/138/28 5608/137/31 5607/157/17 5632/156/23
f 5593/195/25 5594/153/25 5621/154/20 5609/196/20 5613/151/20 5635/150/25
f 5597/146/29 5599/142/15 5616/141/16 5625/147/22
f 5634/161/78 5611/162/33 5612/140/32 5631/139/34
f 5657/1/22 5658/2/2 5644/3/36 5643/4/4
f 5649/5/65 5650/6/6 5648/7/54 5647/8/8
f 5659/9/32 5660/10/10 5646/11/28 5645/12/12
f 5656/13/82 5654/14/14 5642/15/60 5641/16/40
f 5669/17/17 5662/18/18 5659/9/32 5645/12/12 5651/19/17 5668/20/20 5671/21/20 5670/22/21 5666/23/22 5667/24/16 5665/25/17
f 5678/26/23 5664/27/24 5658/28/2 5642/29/60 5654/30/14 5677/31/25 5676/32/25 5675/33/26 5672/34/27 5673/35/28 5674/36/23
f 5679/37/25 5652/38/14 5646/11/28 5660/10/10 5661/39/24 5680/40/23 5682/41/23 5681/42/15 5685/43/29 5683/44/30 5684/45/25
f 5663/46/18 5662/18/18 5669/17/17 5689/47/17 5690/48/31 5686/49/32 5696/50/33 5688/51/20 5668/20/20 5651/19/17 5656/52/82 5693/53/20 5692/54/20 5691/55/21 5697/56/22 5687/57/16 5695/58/17 5694/59/17
f 5645/12/12 5646/11/28 5652/60/14 5651/61/17
f 5653/62/85 5655/63/6 5650/6/6 5649/5/65
f 5643/4/4 5644/3/36 5655/63/6 5653/62/85
f 5656/52/82 5641/64/40 5657/65/22 5663/46/18 5694/59/17 5698/66/17 5699/67/31 5701/68/32 5700/69/33 5702/70/20 5693/53/20
f 5680/40/23 5661/39/24 5664/27/24 5678/26/23 5704/71/23 5707/72/15 5706/73/29 5708/74/30 5703/75/25 5677/31/25 5654/30/14 5652/38/14 5679/37/25 5712/76/25 5709/77/26 5710/78/34 5705/79/28 5711/80/23
f 5651/61/17 5652/60/14 5654/14/14 5656/13/82
f 5713/81/66 5664/27/24 5661/39/24 5724/82/66 5723/83/66 5721/84/67 5722/85/34 5718/86/28 5726/87/23 5725/88/23 5650/89/6 5655/90/6 5715/91/23 5716/92/23 5719/93/15 5717/94/29 5720/95/36 5714/96/66
f 5663/46/18 5657/65/22 5643/97/4 5653/98/85 5730/99/17 5727/100/17 5728/101/31 5732/102/47 5731/103/33 5733/104/68 5729/105/68
f 5653/98/85 5649/106/65 5739/107/17 5740/108/17 5735/109/31 5734/110/47 5743/111/33 5737/112/68 5738/113/68 5662/18/18 5663/46/18 5729/105/68 5741/114/68 5744/115/69 5745/116/22 5736/117/16 5742/118/17 5730/99/17
f 5724/82/66 5661/39/24 5660/10/10 5648/7/54 5650/89/6 5725/88/23 5747/119/23 5746/120/15 5749/121/29 5750/122/36 5748/123/66
f 5715/91/23 5655/90/6 5644/124/36 5658/28/2 5664/27/24 5713/81/66 5755/125/66 5754/126/67 5751/127/34 5753/128/28 5752/129/23
f 5739/107/17 5649/106/65 5647/8/8 5659/9/32 5662/18/18 5738/113/68 5760/130/68 5759/131/69 5757/132/22 5758/133/16 5756/134/17
f 5647/8/8 5648/7/54 5660/10/10 5659/9/32
f 5641/135/40 5642/136/60 5658/2/2 5657/1/22
f 5735/137/31 5718/138/28 5722/139/34 5734/140/47
f 5758/141/16 5746/142/15 5747/143/23 5756/144/17
f 5750/145/36 5749/146/29 5757/147/22 5759/148/69
f 5721/149/67 5723/150/66 5737/151/68 5743/152/33
f 5748/153/66 5750/145/36 5759/148/69 5760/154/68
f 5756/144/17 5747/143/23 5725/155/23 5726/156/23 5740/157/17 5739/158/17
f 5740/157/17 5726/156/23 5718/138/28 5735/137/31
f 5723/150/66 5724/159/66 5748/153/66 5760/154/68 5738/160/68 5737/151/68
f 5749/146/29 5746/142/15 5758/141/16 5757/147/22
f 5734/140/47 5722/139/34 5721/161/67 5743/162/33
f 5710/163/34 5686/164/32 5690/165/31 5705/166/28
f 5682/167/23 5665/168/17 5667/169/16 5681/170/15
f 5666/171/22 5670/172/21 5683/173/30 5685/174/29
f 5688/175/20 5696/176/33 5709/177/26 5712/178/25
f 5670/172/21 5671/179/20 5684/180/25 5683/173/30
f 5711/181/23 5689/182/17 5669/183/17 5665/168/17 5682/167/23 5680/184/23
f 5705/166/28 5690/165/31 5689/182/17 5711/181/23
f 5671/179/20 5668/185/20 5688/175/20 5712/178/25 5679/186/25 5684/180/25
f 5667/169/16 5666/171/22 5685/174/29 5681/170/15
f 5709/187/26 5696/188/33 5686/164/32 5710/163/34
f 5699/165/31 5673/166/28 5672/163/27 5701/164/32
f 5704/167/23 5695/168/17 5687/169/16 5707/170/15
f 5697/171/22 5691/172/21 5708/173/30 5706/174/29
f 5675/177/26 5676/178/25 5702/175/20 5700/176/33
f 5691/172/21 5692/179/20 5703/180/25 5708/173/30
f 5694/189/17 5695/168/17 5704/167/23 5678/190/23 5674/181/23 5698/182/17
f 5698/182/17 5674/181/23 5673/166/28 5699/165/31
f 5676/178/25 5677/191/25 5703/180/25 5692/179/20 5693/192/20 5702/175/20
f 5687/169/16 5697/171/22 5706/174/29 5707/170/15
f 5701/164/32 5672/163/27 5675/187/26 5700/188/33
f 5751/139/34 5732/140/47 5728/137/31 5753/138/28
f 5736/141/16 5719/142/15 5716/143/23 5742/144/17
f 5720/145/36 5717/146/29 5745/147/22 5744/148/69
f 5733/151/68 5731/152/33 5754/149/67 5755/150/66
f 5714/153/66 5720/145/36 5744/148/69 5741/154/68
f 5742/144/17 5716/143/23 5715/193/23 5752/156/23 5727/157/17 5730/194/17
f 5753/138/28 5728/137/31 5727/157/17 5752/156/23
f 5713/195/66 5714/153/66 5741/154/68 5729/196/68 5733/151/68 5755/150/66
f 5717/146/29 5719/142/15 5736/141/16 5745/147/22
f 5754/161/67 5731/162/33 5732/140/47 5751/139/34
f 5777/1/92 5778/2/50 5764/3/36 5763/4/21
f 5769/5/5 5770/6/6 5768/7/7 5767/8/8
f 5779/9/9 5780/10/10 5766/11/71 5765/12/12
f 5776/13/95 5774/14/14 5762/15/73 5761/16/74
f 5789/17/17 5782/18/18 5779/9/9 5765/12/12 5771/19/19 5788/20/20 5791/21/20 5790/22/21 5786/23/22 5787/24/16 5785/25/17
f 5798/26/23 5784/27/24 5778/28/50 5762/29/73 5774/30/14 5797/31/25 5796/32/25 5795/33/26 5792/34/34 5793/35/28 5794/36/23
f 5799/37/25 5772/38/14 5766/11/71 5780/10/10 5781/39/24 5800/40/23 5802/41/23 5801/42/15 5805/43/29 5803/44/30 5804/45/25
f 5783/46/18 5782/18/18 5789/17/17 5809/47/17 5810/48/31 5806/49/32 5816/50/33 5808/51/20 5788/20/20 5771/19/19 5776/52/95 5813/53/20 5812/54/20 5811/55/21 5817/56/22 5807/57/16 5815/58/17 5814/59/17
f 5765/12/12 5766/11/71 5772/60/14 5771/61/19
f 5773/62/5 5775/63/6 5770/6/6 5769/5/5
f 5763/4/21 5764/3/36 5775/63/6 5773/62/5
f 5776/52/95 5761/64/74 5777/65/92 5783/46/18 5814/59/17 5818/66/17 5819/67/31 5821/68/47 5820/69/33 5822/70/20 5813/53/20
f 5800/40/23 5781/39/24 5784/27/24 5798/26/23 5824/71/23 5827/72/15 5826/73/29 5828/74/30 5823/75/25 5797/31/25 5774/30/14 5772/38/14 5799/37/25 5832/76/25 5829/77/26 5830/78/34 5825/79/28 5831/80/23
f 5771/61/19 5772/60/14 5774/14/14 5776/13/95
f 5833/81/25 5784/27/24 5781/39/24 5844/82/25 5843/83/25 5841/84/26 5842/85/34 5838/86/28 5846/87/35 5845/88/35 5770/89/6 5775/90/6 5835/91/35 5836/92/35 5839/93/15 5837/94/29 5840/95/36 5834/96/25
f 5783/46/18 5777/65/92 5763/97/21 5773/98/5 5850/99/19 5847/100/19 5848/101/31 5852/102/32 5851/103/33 5853/104/20 5849/105/20
f 5773/98/5 5769/106/5 5859/107/19 5860/108/19 5855/109/31 5854/110/32 5863/111/33 5857/112/20 5858/113/20 5782/18/18 5783/46/18 5849/105/20 5861/114/20 5864/115/21 5865/116/22 5856/117/16 5862/118/19 5850/99/19
f 5844/82/25 5781/39/24 5780/10/10 5768/7/7 5770/89/6 5845/88/35 5867/119/35 5866/120/15 5869/121/29 5870/122/3 5868/123/25
f 5835/91/35 5775/90/6 5764/124/36 5778/28/50 5784/27/24 5833/81/25 5875/125/25 5874/126/26 5871/127/45 5873/128/28 5872/129/35
f 5859/107/19 5769/106/5 5767/8/8 5779/9/9 5782/18/18 5858/113/20 5880/130/20 5879/131/21 5877/132/22 5878/133/16 5876/134/19
f 5767/8/8 5768/7/7 5780/10/10 5779/9/9
f 5761/135/74 5762/136/73 5778/2/50 5777/1/92
f 5855/137/31 5838/138/28 5842/139/34 5854/140/32
f 5878/141/16 5866/142/15 5867/143/35 5876/144/19
f 5870/145/3 5869/146/29 5877/147/22 5879/148/21
f 5841/149/26 5843/150/25 5857/151/20 5863/152/33
f 5868/153/25 5870/145/3 5879/148/21 5880/154/20
f 5876/144/19 5867/143/35 5845/155/35 5846/156/35 5860/157/19 5859/158/19
f 5860/157/19 5846/156/35 5838/138/28 5855/137/31
f 5843/150/25 5844/159/25 5868/153/25 5880/154/20 5858/160/20 5857/151/20
f 5869/146/29 5866/142/15 5878/141/16 5877/147/22
f 5854/140/32 5842/139/34 5841/161/26 5863/162/33
f 5830/163/34 5806/164/32 5810/165/31 5825/166/28
f 5802/167/23 5785/168/17 5787/169/16 5801/170/15
f 5786/171/22 5790/172/21 5803/173/30 5805/174/29
f 5808/175/20 5816/176/33 5829/177/26 5832/178/25
f 5790/172/21 5791/179/20 5804/180/25 5803/173/30
f 5831/181/23 5809/182/17 5789/183/17 5785/168/17 5802/167/23 5800/184/23
f 5825/166/28 5810/165/31 5809/182/17 5831/181/23
f 5791/179/20 5788/185/20 5808/175/20 5832/178/25 5799/186/25 5804/180/25
f 5787/169/16 5786/171/22 5805/174/29 5801/170/15
f 5829/187/26 5816/188/33 5806/164/32 5830/163/34
f 5819/165/31 5793/166/28 5792/163/34 5821/164/47
f 5824/167/23 5815/168/17 5807/169/16 5827/170/15
f 5817/171/22 5811/172/21 5828/173/30 5826/174/29
f 5795/177/26 5796/178/25 5822/175/20 5820/176/33
f 5811/172/21 5812/179/20 5823/180/25 5828/173/30
f 5814/189/17 5815/168/17 5824/167/23 5798/190/23 5794/181/23 5818/182/17
f 5818/182/17 5794/181/23 5793/166/28 5819/165/31
f 5796/178/25 5797/191/25 5823/180/25 5812/179/20 5813/192/20 5822/175/20
f 5807/169/16 5817/171/22 5826/174/29 5827/170/15
f 5821/164/47 5792/163/34 5795/187/26 5820/188/33
f 5871/139/45 5852/140/32 5848/137/31 5873/138/28
f 5856/141/16 5839/142/15 5836/143/35 5862/144/19
f 5840/145/36 5837/146/29 5865/147/22 5864/148/21
f 5853/151/20 5851/152/33 5874/149/26 5875/150/25
f 5834/153/25 5840/145/36 5864/148/21 5861/154/20
f 5862/144/19 5836/143/35 5835/193/35 5872/156/35 5847/157/19 5850/194/19
f 5873/138/28 5848/137/31 5847/157/19 5872/156/35
f 5833/195/25 5834/153/25 5861/154/20 5849/196/20 5853/151/20 5875/150/25
f 5837/146/29 5839/142/15 5856/141/16 5865/147/22
f 5874/161/26 5851/162/33 5852/140/32 5871/139/45
f 5897/1/22 5898/2/50 5884/3/36 5883/4/21
f 5889/5/5 5890/6/6 5888/7/7 5887/8/8
f 5899/9/32 5900/10/10 5886/11/71 5885/12/12
f 5896/13/95 5894/14/14 5882/15/73 5881/16/74
f 5909/17/17 5902/18/18 5899/9/32 5885/12/12 5891/19/19 5908/20/20 5911/21/20 5910/22/21 5906/23/22 5907/24/16 5905/25/17
f 5918/26/23 5904/27/24 5898/28/50 5882/29/73 5894/30/14 5917/31/25 5916/32/25 5915/33/26 5912/34/34 5913/35/28 5914/36/23
f 5919/37/25 5892/38/14 5886/11/71 5900/10/10 5901/39/24 5920/40/23 5922/41/23 5921/42/15 5925/43/29 5923/44/30 5924/45/25
f 5903/46/18 5902/18/18 5909/17/17 5929/47/17 5930/48/31 5926/49/32 5936/50/33 5928/51/20 5908/20/20 5891/19/19 5896/52/95 5933/53/20 5932/54/20 5931/55/21 5937/56/22 5927/57/16 5935/58/17 5934/59/17
f 5885/12/12 5886/11/71 5892/60/14 5891/61/19
f 5893/62/5 5895/63/6 5890/6/6 5889/5/5
f 5883/4/21 5884/3/36 5895/63/6 5893/62/5
f 5896/52/95 5881/64/74 5897/65/22 5903/46/18 5934/59/17 5938/66/17 5939/67/31 5941/68/47 5940/69/33 5942/70/20 5933/53/20
f 5920/40/23 5901/39/24 5904/27/24 5918/26/23 5944/71/23 5947/72/15 5946/73/29 5948/74/30 5943/75/25 5917/31/25 5894/30/14 5892/38/14 5919/37/25 5952/76/25 5949/77/26 5950/78/34 5945/79/28 5951/80/23
f 5891/61/19 5892/60/14 5894/14/14 5896/13/95
f 5953/81/25 5904/27/24 5901/39/24 5964/82/25 5963/83/25 5961/84/26 5962/85/34 5958/86/28 5966/87/35 5965/88/35 5890/89/6 5895/90/6 5955/91/35 5956/92/35 5959/93/15 5957/94/29 5960/95/36 5954/96/25
f 5903/46/18 5897/65/22 5883/97/21 5893/98/5 5970/99/19 5967/100/19 5968/101/31 5972/102/32 5971/103/33 5973/104/20 5969/105/20
f 5893/98/5 5889/106/5 5979/107/19 5980/108/19 5975/109/31 5974/110/32 5983/111/33 5977/112/20 5978/113/20 5902/18/18 5903/46/18 5969/105/20 5981/114/20 5984/115/21 5985/116/22 5976/117/16 5982/118/19 5970/99/19
f 5964/82/25 5901/39/24 5900/10/10 5888/7/7 5890/89/6 5965/88/35 5987/119/35 5986/120/15 5989/121/29 5990/122/3 5988/123/25
f 5955/91/35 5895/90/6 5884/124/36 5898/28/50 5904/27/24 5953/81/25 5995/125/25 5994/126/26 5991/127/27 5993/128/28 5992/129/35
f 5979/107/19 5889/106/5 5887/8/8 5899/9/32 5902/18/18 5978/113/20 6000/130/20 5999/131/21 5997/132/22 5998/133/16 5996/134/19
f 5887/8/8 5888/7/7 5900/10/10 5899/9/32
f 5881/135/74 5882/136/73 5898/2/50 5897/1/22
f 5975/137/31 5958/138/28 5962/139/34 5974/140/32
f 5998/141/16 5986/142/15 5987/143/35 5996/144/19
f 5990/145/3 5989/146/29 5997/147/22 5999/148/21
f 5961/149/26 5963/150/25 5977/151/20 5983/152/33
f 5988/153/25 5990/145/3 5999/148/21 6000/154/20
f 5996/144/19 5987/143/35 5965/155/35 5966/156/35 5980/157/19 5979/158/19
f 5980/157/19 5966/156/35 5958/138/28 5975/137/31
f 5963/150/25 5964/159/25 5988/153/25 6000/154/20 5978/160/20 5977/151/20
f 5989/146/29 5986/142/15 5998/141/16 5997/147/22
f 5974/140/32 5962/139/34 5961/161/26 5983/162/33
f 5950/163/34 5926/164/32 5930/165/31 5945/166/28
f 5922/167/23 5905/168/17 5907/169/16 5921/170/15
f 5906/171/22 5910/172/21 5923/173/30 5925/174/29
f 5928/175/20 5936/176/33 5949/177/26 5952/178/25
f 5910/172/21 5911/179/20 5924/180/25 5923/173/30
f 5951/181/23 5929/182/17 5909/183/17 5905/168/17 5922/167/23 5920/184/23
f 5945/166/28 5930/165/31 5929/182/17 5951/181/23
f 5911/179/20 5908/185/20 5928/175/20 5952/178/25 5919/186/25 5924/180/25
f 5907/169/16 5906/171/22 5925/174/29 5921/170/15
f 5949/187/26 5936/188/33 5926/164/32 5950/163/34
f 5939/165/31 5913/166/28 5912/163/34 5941/164/47
f 5944/167/23 5935/168/17 5927/169/16 5947/170/15
f 5937/171/22 5931/172/21 5948/173/30 5946/174/29
f 5915/177/26 5916/178/25 5942/175/20 5940/176/33
f 5931/172/21 5932/179/20 5943/180/25 5948/173/30
f 5934/189/17 5935/168/17 5944/167/23 5918/190/23 5914/181/23 5938/182/17
f 5938/182/17 5914/181/23 5913/166/28 5939/165/31
f 5916/178/25 5917/191/25 5943/180/25 5932/179/20 5933/192/20 5942/175/20
f 5927/169/16 5937/171/22 5946/174/29 5947/170/15
f 5941/164/47 5912/163/34 5915/187/26 5940/188/33
f 5991/139/27 5972/140/32 5968/137/31 5993/138/28
f 5976/141/16 5959/142/15 5956/143/35 5982/144/19
f 5960/145/36 5957/146/29 5985/147/22 5984/148/21
f 5973/151/20 5971/152/33 5994/149/26 5995/150/25
f 5954/153/25 5960/145/36 5984/148/21 5981/154/20
f 5982/144/19 5956/143/35 5955/193/35 5992/156/35 5967/157/19 5970/194/19
f 5993/138/28 5968/137/31 5967/157/19 5992/156/35
f 5953/195/25 5954/153/25 5981/154/20 5969/196/20 5973/151/20 5995/150/25
f 5957/146/29 5959/142/15 5976/141/16 5985/147/22
f 5994/161/26 5971/162/33 5972/140/32 5991/139/27
f 6017/1/22 6018/2/50 6004/3/36 6003/4/21
f 6009/5/5 6010/6/6 6008/7/7 6007/8/8
f 6019/9/9 6020/10/10 6006/11/71 6005/12/12
f 6016/13/44 6014/14/14 6002/15/73 6001/16/74
f 6029/17/17 6022/18/18 6019/9/9 6005/12/12 6011/19/19 6028/20/20 6031/21/20 6030/22/21 6026/23/22 6027/24/16 6025/25/17
f 6038/26/23 6024/27/24 6018/28/50 6002/29/73 6014/30/14 6037/31/25 6036/32/25 6035/33/26 6032/34/45 6033/35/28 6034/36/23
f 6039/37/25 6012/38/14 6006/11/71 6020/10/10 6021/39/24 6040/40/23 6042/41/23 6041/42/15 6045/43/29 6043/44/30 6044/45/25
f 6023/46/18 6022/18/18 6029/17/17 6049/47/17 6050/48/31 6046/49/32 6056/50/33 6048/51/20 6028/20/20 6011/19/19 6016/52/44 6053/53/20 6052/54/20 6051/55/21 6057/56/22 6047/57/16 6055/58/17 6054/59/17
f 6005/12/12 6006/11/71 6012/60/14 6011/61/19
f 6013/62/5 6015/63/6 6010/6/6 6009/5/5
f 6003/4/21 6004/3/36 6015/63/6 6013/62/5
f 6016/52/44 6001/64/74 6017/65/22 6023/46/18 6054/59/17 6058/66/17 6059/67/31 6061/68/47 6060/69/33 6062/70/20 6053/53/20
f 6040/40/23 6021/39/24 6024/27/24 6038/26/23 6064/71/23 6067/72/15 6066/73/29 6068/74/30 6063/75/25 6037/31/25 6014/30/14 6012/38/14 6039/37/25 6072/76/25 6069/77/26 6070/78/34 6065/79/28 6071/80/23
f 6011/61/19 6012/60/14 6014/14/14 6016/13/44
f 6073/81/25 6024/27/24 6021/39/24 6084/82/25 6083/83/25 6081/84/26 6082/85/34 6078/86/28 6086/87/23 6085/88/23 6010/89/6 6015/90/6 6075/91/23 6076/92/23 6079/93/15 6077/94/29 6080/95/36 6074/96/25
f 6023/46/18 6017/65/22 6003/97/21 6013/98/5 6090/99/17 6087/100/17 6088/101/31 6092/102/32 6091/103/33 6093/104/20 6089/105/20
f 6013/98/5 6009/106/5 6099/107/17 6100/108/17 6095/109/31 6094/110/32 6103/111/33 6097/112/20 6098/113/20 6022/18/18 6023/46/18 6089/105/20 6101/114/20 6104/115/21 6105/116/22 6096/117/16 6102/118/17 6090/99/17
f 6084/82/25 6021/39/24 6020/10/10 6008/7/7 6010/89/6 6085/88/23 6107/119/23 6106/120/15 6109/121/29 6110/122/30 6108/123/25
f 6075/91/23 6015/90/6 6004/124/36 6018/28/50 6024/27/24 6073/81/25 6115/125/25 6114/126/26 6111/127/27 6113/128/28 6112/129/23
f 6099/107/17 6009/106/5 6007/8/8 6019/9/9 6022/18/18 6098/113/20 6120/130/20 6119/131/21 6117/132/22 6118/133/16 6116/134/17
f 6007/8/8 6008/7/7 6020/10/10 6019/9/9
f 6001/135/74 6002/136/73 6018/2/50 6017/1/22
f 6095/137/31 6078/138/28 6082/139/34 6094/140/32
f 6118/141/16 6106/142/15 6107/143/23 6116/144/17
f 6110/145/30 6109/146/29 6117/147/22 6119/148/21
f 6081/149/26 6083/150/25 6097/151/20 6103/152/33
f 6108/153/25 6110/145/30 6119/148/21 6120/154/20
f 6116/144/17 6107/143/23 6085/155/23 6086/156/23 6100/157/17 6099/158/17
f 6100/157/17 6086/156/23 6078/138/28 6095/137/31
f 6083/150/25 6084/159/25 6108/153/25 6120/154/20 6098/160/20 6097/151/20
f 6109/146/29 6106/142/15 6118/141/16 6117/147/22
f 6094/140/32 6082/139/34 6081/161/26 6103/162/33
f 6070/163/34 6046/164/32 6050/165/31 6065/166/28
f 6042/167/23 6025/168/17 6027/169/16 6041/170/15
f 6026/171/22 6030/172/21 6043/173/30 6045/174/29
f 6048/175/20 6056/176/33 6069/177/26 6072/178/25
f 6030/172/21 6031/179/20 6044/180/25 6043/173/30
f 6071/181/23 6049/182/17 6029/183/17 6025/168/17 6042/167/23 6040/184/23
f 6065/166/28 6050/165/31 6049/182/17 6071/181/23
f 6031/179/20 6028/185/20 6048/175/20 6072/178/25 6039/186/25 6044/180/25
f 6027/169/16 6026/171/22 6045/174/29 6041/170/15
f 6069/187/26 6056/188/33 6046/164/32 6070/163/34
f 6059/165/31 6033/166/28 6032/163/45 6061/164/47
f 6064/167/23 6055/168/17 6047/169/16 6067/170/15
f 6057/171/22 6051/172/21 6068/173/30 6066/174/29
f 6035/177/26 6036/178/25 6062/175/20 6060/176/33
f 6051/172/21 6052/179/20 6063/180/25 6068/173/30
f 6054/189/17 6055/168/17 6064/167/23 6038/190/23 6034/181/23 6058/182/17
f 6058/182/17 6034/181/23 6033/166/28 6059/165/31
f 6036/178/25 6037/191/25 6063/180/25 6052/179/20 6053/192/20 6062/175/20
f 6047/169/16 6057/171/22 6066/174/29 6067/170/15
f 6061/164/47 6032/163/45 6035/187/26 6060/188/33
f 6111/139/27 6092/140/32 6088/137/31 6113/138/28
f 6096/141/16 6079/142/15 6076/143/23 6102/144/17
f 6080/145/36 6077/146/29 6105/147/22 6104/148/21
f 6093/151/20 6091/152/33 6114/149/26 6115/150/25
f 6074/153/25 6080/145/36 6104/148/21 6101/154/20
f 6102/144/17 6076/143/23 6075/193/23 6112/156/23 6087/157/17 6090/194/17
f 6113/138/28 6088/137/31 6087/157/17 6112/156/23
f 6073/195/25 6074/153/25 6101/154/20 6089/196/20 6093/151/20 6115/150/25
f 6077/146/29 6079/142/15 6096/141/16 6105/147/22
f 6114/161/26 6091/162/33 6092/140/32 6111/139/27
f 6137/1/22 6138/2/2 6124/3/3 6123/4/4
f 6129/5/5 6130/6/25 6128/7/26 6127/8/8
f 6139/9/32 6140/10/10 6126/11/71 6125/12/12
f 6136/13/44 6134/14/14 6122/15/73 6121/16/74
f 6149/17/17 6142/18/18 6139/9/32 6125/12/12 6131/19/19 6148/20/20 6151/21/20 6150/22/21 6146/23/22 6147/24/16 6145/25/17
f 6158/26/23 6144/27/24 6138/28/2 6122/29/73 6134/30/14 6157/31/25 6156/32/25 6155/33/26 6152/34/45 6153/35/28 6154/36/23
f 6159/37/25 6132/38/14 6126/11/71 6140/10/10 6141/39/24 6160/40/23 6162/41/23 6161/42/15 6165/43/29 6163/44/30 6164/45/25
f 6143/46/18 6142/18/18 6149/17/17 6169/47/17 6170/48/31 6166/49/32 6176/50/33 6168/51/20 6148/20/20 6131/19/19 6136/52/44 6173/53/20 6172/54/20 6171/55/21 6177/56/22 6167/57/16 6175/58/17 6174/59/17
f 6125/12/12 6126/11/71 6132/60/14 6131/61/19
f 6133/62/96 6135/63/25 6130/6/25 6129/5/5
f 6123/4/4 6124/3/3 6135/63/25 6133/62/96
f 6136/52/44 6121/64/74 6137/65/22 6143/46/18 6174/59/17 6178/66/17 6179/67/31 6181/68/47 6180/69/33 6182/70/20 6173/53/20
f 6160/40/23 6141/39/24 6144/27/24 6158/26/23 6184/71/23 6187/72/15 6186/73/29 6188/74/30 6183/75/25 6157/31/25 6134/30/14 6132/38/14 6159/37/25 6192/76/25 6189/77/26 6190/78/34 6185/79/28 6191/80/23
f 6131/61/19 6132/60/14 6134/14/14 6136/13/44
f 6193/81/6 6144/27/24 6141/39/24 6204/82/6 6203/83/6 6201/84/26 6202/85/34 6198/86/28 6206/87/23 6205/88/23 6130/89/25 6135/90/25 6195/91/23 6196/92/23 6199/93/15 6197/94/2 6200/95/30 6194/96/6
f 6143/46/18 6137/65/22 6123/97/4 6133/98/96 6210/99/17 6207/100/17 6208/101/31 6212/102/32 6211/103/33 6213/104/51 6209/105/51
f 6133/98/96 6129/106/5 6219/107/17 6220/108/17 6215/109/31 6214/110/32 6223/111/33 6217/112/51 6218/113/51 6142/18/18 6143/46/18 6209/105/51 6221/114/51 6224/115/21 6225/116/22 6216/117/16 6222/118/17 6210/99/17
f 6204/82/6 6141/39/24 6140/10/10 6128/7/26 6130/89/25 6205/88/23 6227/119/23 6226/120/15 6229/121/29 6230/122/30 6228/123/6
f 6195/91/23 6135/90/25 6124/124/3 6138/28/2 6144/27/24 6193/81/6 6235/125/6 6234/126/26 6231/127/34 6233/128/28 6232/129/23
f 6219/107/17 6129/106/5 6127/8/8 6139/9/32 6142/18/18 6218/113/51 6240/130/51 6239/131/21 6237/132/22 6238/133/16 6236/134/17
f 6127/8/8 6128/7/26 6140/10/10 6139/9/32
f 6121/135/74 6122/136/73 6138/2/2 6137/1/22
f 6215/137/31 6198/138/28 6202/139/34 6214/140/32
f 6238/141/16 6226/142/15 6227/143/23 6236/144/17
f 6230/145/30 6229/146/29 6237/147/22 6239/148/21
f 6201/149/26 6203/150/6 6217/151/51 6223/152/33
f 6228/153/6 6230/145/30 6239/148/21 6240/154/51
f 6236/144/17 6227/143/23 6205/155/23 6206/156/23 6220/157/17 6219/158/17
f 6220/157/17 6206/156/23 6198/138/28 6215/137/31
f 6203/150/6 6204/159/6 6228/153/6 6240/154/51 6218/160/51 6217/151/51
f 6229/146/29 6226/142/15 6238/141/16 6237/147/22
f 6214/140/32 6202/139/34 6201/161/26 6223/162/33
f 6190/163/34 6166/164/32 6170/165/31 6185/166/28
f 6162/167/23 6145/168/17 6147/169/16 6161/170/15
f 6146/171/22 6150/172/21 6163/173/30 6165/174/29
f 6168/175/20 6176/176/33 6189/177/26 6192/178/25
f 6150/172/21 6151/179/20 6164/180/25 6163/173/30
f 6191/181/23 6169/182/17 6149/183/17 6145/168/17 6162/167/23 6160/184/23
f 6185/166/28 6170/165/31 6169/182/17 6191/181/23
f 6151/179/20 6148/185/20 6168/175/20 6192/178/25 6159/186/25 6164/180/25
f 6147/169/16 6146/171/22 6165/174/29 6161/170/15
f 6189/187/26 6176/188/33 6166/164/32 6190/163/34
f 6179/165/31 6153/166/28 6152/163/45 6181/164/47
f 6184/167/23 6175/168/17 6167/169/16 6187/170/15
f 6177/171/22 6171/172/21 6188/173/30 6186/174/29
f 6155/177/26 6156/178/25 6182/175/20 6180/176/33
f 6171/172/21 6172/179/20 6183/180/25 6188/173/30
f 6174/189/17 6175/168/17 6184/167/23 6158/190/23 6154/181/23 6178/182/17
f 6178/182/17 6154/181/23 6153/166/28 6179/165/31
f 6156/178/25 6157/191/25 6183/180/25 6172/179/20 6173/192/20 6182/175/20
f 6167/169/16 6177/171/22 6186/174/29 6187/170/15
f 6181/164/47 6152/163/45 6155/187/26 6180/188/33
f 6231/139/34 6212/140/32 6208/137/31 6233/138/28
f 6216/141/16 6199/142/15 6196/143/23 6222/144/17
f 6200/145/30 6197/146/2 6225/147/22 6224/148/21
f 6213/151/51 6211/152/33 6234/149/26 6235/150/6
f 6194/153/6 6200/145/30 6224/148/21 6221/154/51
f 6222/144/17 6196/143/23 6195/193/23 6232/156/23 6207/157/17 6210/194/17
f 6233/138/28 6208/137/31 6207/157/17 6232/156/23
f 6193/195/6 6194/153/6 6221/154/51 6209/196/51 6213/151/51 6235/150/6
f 6197/146/2 6199/142/15 6216/141/16 6225/147/22
f 6234/161/26 6211/162/33 6212/140/32 6231/139/34
f 6257/1/76 6258/2/50 6244/3/36 6243/4/21
f 6249/5/5 6250/6/6 6248/7/7 6247/8/8
f 6259/9/32 6260/10/10 6246/11/71 6245/12/12
f 6256/13/95 6254/14/14 6242/15/73 6241/16/74
f 6269/17/17 6262/18/18 6259/9/32 6245/12/12 6251/19/19 6268/20/51 6271/21/51 6270/22/21 6266/23/22 6267/24/16 6265/25/17
f 6278/26/23 6264/27/24 6258/28/50 6242/29/73 6254/30/14 6277/31/6 6276/32/6 6275/33/26 6272/34/45 6273/35/28 6274/36/23
f 6279/37/6 6252/38/14 6246/11/71 6260/10/10 6261/39/24 6280/40/23 6282/41/23 6281/42/15 6285/43/29 6283/44/36 6284/45/6
f 6263/46/18 6262/18/18 6269/17/17 6289/47/17 6290/48/31 6286/49/32 6296/50/33 6288/51/51 6268/20/51 6251/19/19 6256/52/95 6293/53/51 6292/54/51 6291/55/21 6297/56/22 6287/57/16 6295/58/17 6294/59/17
f 6245/12/12 6246/11/71 6252/60/14 6251/61/19
f 6253/62/5 6255/63/6 6250/6/6 6249/5/5
f 6243/4/21 6244/3/36 6255/63/6 6253/62/5
f 6256/52/95 6241/64/74 6257/65/76 6263/46/18 6294/59/17 6298/66/17 6299/67/31 6301/68/47 6300/69/33 6302/70/51 6293/53/51
f 6280/40/23 6261/39/24 6264/27/24 6278/26/23 6304/71/23 6307/72/15 6306/73/29 6308/74/36 6303/75/6 6277/31/6 6254/30/14 6252/38/14 6279/37/6 6312/76/6 6309/77/26 6310/78/34 6305/79/28 6311/80/23
f 6251/61/19 6252/60/14 6254/14/14 6256/13/95
f 6313/81/25 6264/27/24 6261/39/24 6324/82/25 6323/83/25 6321/84/26 6322/85/34 6318/86/28 6326/87/23 6325/88/23 6250/89/6 6255/90/6 6315/91/23 6316/92/23 6319/93/15 6317/94/2 6320/95/3 6314/96/25
f 6263/46/18 6257/65/76 6243/97/21 6253/98/5 6330/99/17 6327/100/17 6328/101/31 6332/102/32 6331/103/33 6333/104/20 6329/105/20
f 6253/98/5 6249/106/5 6339/107/17 6340/108/17 6335/109/31 6334/110/32 6343/111/33 6337/112/20 6338/113/20 6262/18/18 6263/46/18 6329/105/20 6341/114/20 6344/115/21 6345/116/22 6336/117/16 6342/118/17 6330/99/17
f 6324/82/25 6261/39/24 6260/10/10 6248/7/7 6250/89/6 6325/88/23 6347/119/23 6346/120/15 6349/121/29 6350/122/3 6348/123/25
f 6315/91/23 6255/90/6 6244/124/36 6258/28/50 6264/27/24 6313/81/25 6355/125/25 6354/126/26 6351/127/45 6353/128/28 6352/129/23
f 6339/107/17 6249/106/5 6247/8/8 6259/9/32 6262/18/18 6338/113/20 6360/130/20 6359/131/21 6357/132/22 6358/133/16 6356/134/17
f 6247/8/8 6248/7/7 6260/10/10 6259/9/32
f 6241/135/74 6242/136/73 6258/2/50 6257/1/76
f 6335/137/31 6318/138/28 6322/139/34 6334/140/32
f 6358/141/16 6346/142/15 6347/143/23 6356/144/17
f 6350/145/3 6349/146/29 6357/147/22 6359/148/21
f 6321/149/26 6323/150/25 6337/151/20 6343/152/33
f 6348/153/25 6350/145/3 6359/148/21 6360/154/20
f 6356/144/17 6347/143/23 6325/155/23 6326/156/23 6340/157/17 6339/158/17
f 6340/157/17 6326/156/23 6318/138/28 6335/137/31
f 6323/150/25 6324/159/25 6348/153/25 6360/154/20 6338/160/20 6337/151/20
f 6349/146/29 6346/142/15 6358/141/16 6357/147/22
f 6334/140/32 6322/139/34 6321/161/26 6343/162/33
f 6310/163/34 6286/164/32 6290/165/31 6305/166/28
f 6282/167/23 6265/168/17 6267/169/16 6281/170/15
f 6266/171/22 6270/172/21 6283/173/36 6285/174/29
f 6288/175/51 6296/176/33 6309/177/26 6312/178/6
f 6270/172/21 6271/179/51 6284/180/6 6283/173/36
f 6311/181/23 6289/182/17 6269/183/17 6265/168/17 6282/167/23 6280/184/23
f 6305/166/28 6290/165/31 6289/182/17 6311/181/23
f 6271/179/51 6268/185/51 6288/175/51 6312/178/6 6279/186/6 6284/180/6
f 6267/169/16 6266/171/22 6285/174/29 6281/170/15
f 6309/187/26 6296/188/33 6286/164/32 6310/163/34
f 6299/165/31 6273/166/28 6272/163/45 6301/164/47
f 6304/167/23 6295/168/17 6287/169/16 6307/170/15
f 6297/171/22 6291/172/21 6308/173/36 6306/174/29
f 6275/177/26 6276/178/6 6302/175/51 6300/176/33
f 6291/172/21 6292/179/51 6303/180/6 6308/173/36
f 6294/189/17 6295/168/17 6304/167/23 6278/190/23 6274/181/23 6298/182/17
f 6298/182/17 6274/181/23 6273/166/28 6299/165/31
f 6276/178/6 6277/191/6 6303/180/6 6292/179/51 6293/192/51 6302/175/51
f 6287/169/16 6297/171/22 6306/174/29 6307/170/15
f 6301/164/47 6272/163/45 6275/187/26 6300/188/33
f 6351/139/45 6332/140/32 6328/137/31 6353/138/28
f 6336/141/16 6319/142/15 6316/143/23 6342/144/17
f 6320/145/3 6317/146/2 6345/147/22 6344/148/21
f 6333/151/20 6331/152/33 6354/149/26 6355/150/25
f 6314/153/25 6320/145/3 6344/148/21 6341/154/20
f 6342/144/17 6316/143/23 6315/193/23 6352/156/23 6327/157/17 6330/194/17
f 6353/138/28 6328/137/31 6327/157/17 6352/156/23
f 6313/195/25 6314/153/25 6341/154/20 6329/196/20 6333/151/20 6355/150/25
f 6317/146/2 6319/142/15 6336/141/16 6345/147/22
f 6354/161/26 6331/162/33 6332/140/32 6351/139/45
f 6377/1/92 6378/2/50 6364/3/36 6363/4/21
f 6369/5/5 6370/6/6 6368/7/7 6367/8/8
f 6379/9/9 6380/10/10 6366/11/71 6365/12/12
f 6376/13/95 6374/14/14 6362/15/73 6361/16/74
f 6389/17/17 6382/18/18 6379/9/9 6365/12/12 6371/19/19 6388/20/51 6391/21/51 6390/22/21 6386/23/22 6387/24/16 6385/25/17
f 6398/26/23 6384/27/24 6378/28/50 6362/29/73 6374/30/14 6397/31/6 6396/32/6 6395/33/26 6392/34/45 6393/35/28 6394/36/23
f 6399/37/6 6372/38/14 6366/11/71 6380/10/10 6381/39/24 6400/40/23 6402/41/23 6401/42/15 6405/43/29 6403/44/36 6404/45/6
f 6383/46/18 6382/18/18 6389/17/17 6409/47/17 6410/48/31 6406/49/32 6416/50/33 6408/51/51 6388/20/51 6371/19/19 6376/52/95 6413/53/51 6412/54/51 6411/55/21 6417/56/22 6407/57/16 6415/58/17 6414/59/17
f 6365/12/12 6366/11/71 6372/60/14 6371/61/19
f 6373/62/5 6375/63/6 6370/6/6 6369/5/5
f 6363/4/21 6364/3/36 6375/63/6 6373/62/5
f 6376/52/95 6361/64/74 6377/65/92 6383/46/18 6414/59/17 6418/66/17 6419/67/31 6421/68/47 6420/69/33 6422/70/51 6413/53/51
f 6400/40/23 6381/39/24 6384/27/24 6398/26/23 6424/71/23 6427/72/15 6426/73/29 6428/74/36 6423/75/6 6397/31/6 6374/30/14 6372/38/14 6399/37/6 6432/76/6 6429/77/26 6430/78/34 6425/79/28 6431/80/23
f 6371/61/19 6372/60/14 6374/14/14 6376/13/95
f 6433/81/25 6384/27/24 6381/39/24 6444/82/25 6443/83/25 6441/84/26 6442/85/34 6438/86/28 6446/87/23 6445/88/23 6370/89/6 6375/90/6 6435/91/23 6436/92/23 6439/93/15 6437/94/2 6440/95/3 6434/96/25
f 6383/46/18 6377/65/92 6363/97/21 6373/98/5 6450/99/17 6447/100/17 6448/101/31 6452/102/32 6451/103/33 6453/104/20 6449/105/20
f 6373/98/5 6369/106/5 6459/107/17 6460/108/17 6455/109/31 6454/110/32 6463/111/33 6457/112/20 6458/113/20 6382/18/18 6383/46/18 6449/105/20 6461/114/20 6464/115/21 6465/116/22 6456/117/16 6462/118/17 6450/99/17
f 6444/82/25 6381/39/24 6380/10/10 6368/7/7 6370/89/6 6445/88/23 6467/119/23 6466/120/15 6469/121/29 6470/122/3 6468/123/25
f 6435/91/23 6375/90/6 6364/124/36 6378/28/50 6384/27/24 6433/81/25 6475/125/25 6474/126/26 6471/127/45 6473/128/28 6472/129/23
f 6459/107/17 6369/106/5 6367/8/8 6379/9/9 6382/18/18 6458/113/20 6480/130/20 6479/131/21 6477/132/22 6478/133/16 6476/134/17
f 6367/8/8 6368/7/7 6380/10/10 6379/9/9
f 6361/135/74 6362/136/73 6378/2/50 6377/1/92
f 6455/137/31 6438/138/28 6442/139/34 6454/140/32
f 6478/141/16 6466/142/15 6467/143/23 6476/144/17
f 6470/145/3 6469/146/29 6477/147/22 6479/148/21
f 6441/149/26 6443/150/25 6457/151/20 6463/152/33
f 6468/153/25 6470/145/3 6479/148/21 6480/154/20
f 6476/144/17 6467/143/23 6445/155/23 6446/156/23 6460/157/17 6459/158/17
f 6460/157/17 6446/156/23 6438/138/28 6455/137/31
f 6443/150/25 6444/159/25 6468/153/25 6480/154/20 6458/160/20 6457/151/20
f 6469/146/29 6466/142/15 6478/141/16 6477/147/22
f 6454/140/32 6442/139/34 6441/161/26 6463/162/33
f 6430/163/34 6406/164/32 6410/165/31 6425/166/28
f 6402/167/23 6385/168/17 6387/169/16 6401/170/15
f 6386/171/22 6390/172/21 6403/173/36 6405/174/29
f 6408/175/51 6416/176/33 6429/177/26 6432/178/6
f 6390/172/21 6391/179/51 6404/180/6 6403/173/36
f 6431/181/23 6409/182/17 6389/183/17 6385/168/17 6402/167/23 6400/184/23
f 6425/166/28 6410/165/31 6409/182/17 6431/181/23
f 6391/179/51 6388/185/51 6408/175/51 6432/178/6 6399/186/6 6404/180/6
f 6387/169/16 6386/171/22 6405/174/29 6401/170/15
f 6429/187/26 6416/188/33 6406/164/32 6430/163/34
f 6419/165/31 6393/166/28 6392/163/45 6421/164/47
f 6424/167/23 6415/168/17 6407/169/16 6427/170/15
f 6417/171/22 6411/172/21 6428/173/36 6426/174/29
f 6395/177/26 6396/178/6 6422/175/51 6420/176/33
f 6411/172/21 6412/179/51 6423/180/6 6428/173/36
f 6414/189/17 6415/168/17 6424/167/23 6398/190/23 6394/181/23 6418/182/17
f 6418/182/17 6394/181/23 6393/166/28 6419/165/31
f 6396/178/6 6397/191/6 6423/180/6 6412/179/51 6413/192/51 6422/175/51
f 6407/169/16 6417/171/22 6426/174/29 6427/170/15
f 6421/164/47 6392/163/45 6395/187/26 6420/188/33
f 6471/139/45 6452/140/32 6448/137/31 6473/138/28
f 6456/141/16 6439/142/15 6436/143/23 6462/144/17
f 6440/145/3 6437/146/2 6465/147/22 6464/148/21
f 6453/151/20 6451/152/33 6474/149/26 6475/150/25
f 6434/153/25 6440/145/3 6464/148/21 6461/154/20
f 6462/144/17 6436/143/23 6435/193/23 6472/156/23 6447/157/17 6450/194/17
f 6473/138/28 6448/137/31 6447/157/17 6472/156/23
f 6433/195/25 6434/153/25 6461/154/20 6449/196/20 6453/151/20 6475/150/25
f 6437/146/2 6439/142/15 6456/141/16 6465/147/22
f 6474/161/26 6451/162/33 6452/140/32 6471/139/45
f 6497/1/57 6498/2/50 6484/3/36 6483/4/21
f 6489/5/5 6490/6/6 6488/7/7 6487/8/8
f 6499/9/32 6500/10/10 6486/11/81 6485/12/12
f 6496/13/86 6494/14/14 6482/15/60 6481/16/40
f 6509/17/17 6502/18/18 6499/9/32 6485/12/12 6491/19/17 6508/20/20 6511/21/20 6510/22/21 6506/23/22 6507/24/16 6505/25/17
f 6518/26/23 6504/27/24 6498/28/50 6482/29/60 6494/30/14 6517/31/25 6516/32/25 6515/33/26 6512/34/45 6513/35/28 6514/36/23
f 6519/37/25 6492/38/14 6486/11/81 6500/10/10 6501/39/24 6520/40/23 6522/41/23 6521/42/15 6525/43/29 6523/44/30 6524/45/25
f 6503/46/18 6502/18/18 6509/17/17 6529/47/17 6530/48/31 6526/49/32 6536/50/33 6528/51/20 6508/20/20 6491/19/17 6496/52/86 6533/53/20 6532/54/20 6531/55/21 6537/56/22 6527/57/16 6535/58/17 6534/59/17
f 6485/12/12 6486/11/81 6492/60/14 6491/61/17
f 6493/62/5 6495/63/6 6490/6/6 6489/5/5
f 6483/4/21 6484/3/36 6495/63/6 6493/62/5
f 6496/52/86 6481/64/40 6497/65/57 6503/46/18 6534/59/17 6538/66/17 6539/67/31 6541/68/47 6540/69/33 6542/70/20 6533/53/20
f 6520/40/23 6501/39/24 6504/27/24 6518/26/23 6544/71/23 6547/72/15 6546/73/29 6548/74/30 6543/75/25 6517/31/25 6494/30/14 6492/38/14 6519/37/25 6552/76/25 6549/77/26 6550/78/34 6545/79/28 6551/80/23
f 6491/61/17 6492/60/14 6494/14/14 6496/13/86
f 6553/81/25 6504/27/24 6501/39/24 6564/82/25 6563/83/25 6561/84/26 6562/85/45 6558/86/28 6566/87/23 6565/88/23 6490/89/6 6495/90/6 6555/91/23 6556/92/23 6559/93/15 6557/94/2 6560/95/3 6554/96/25
f 6503/46/18 6497/65/57 6483/97/21 6493/98/5 6570/99/17 6567/100/17 6568/101/31 6572/102/32 6571/103/33 6573/104/20 6569/105/20
f 6493/98/5 6489/106/5 6579/107/17 6580/108/17 6575/109/31 6574/110/47 6583/111/33 6577/112/20 6578/113/20 6502/18/18 6503/46/18 6569/105/20 6581/114/20 6584/115/21 6585/116/22 6576/117/16 6582/118/17 6570/99/17
f 6564/82/25 6501/39/24 6500/10/10 6488/7/7 6490/89/6 6565/88/23 6587/119/23 6586/120/15 6589/121/55 6590/122/36 6588/123/25
f 6555/91/23 6495/90/6 6484/124/36 6498/28/50 6504/27/24 6553/81/25 6595/125/25 6594/126/26 6591/127/45 6593/128/28 6592/129/23
f 6579/107/17 6489/106/5 6487/8/8 6499/9/32 6502/18/18 6578/113/20 6600/130/20 6599/131/69 6597/132/22 6598/133/16 6596/134/17
f 6487/8/8 6488/7/7 6500/10/10 6499/9/32
f 6481/135/40 6482/136/60 6498/2/50 6497/1/57
f 6575/137/31 6558/138/28 6562/139/45 6574/140/47
f 6598/141/16 6586/142/15 6587/143/23 6596/144/17
f 6590/145/36 6589/146/55 6597/147/22 6599/148/69
f 6561/149/26 6563/150/25 6577/151/20 6583/152/33
f 6588/153/25 6590/145/36 6599/148/69 6600/154/20
f 6596/144/17 6587/143/23 6565/155/23 6566/156/23 6580/157/17 6579/158/17
f 6580/157/17 6566/156/23 6558/138/28 6575/137/31
f 6563/150/25 6564/159/25 6588/153/25 6600/154/20 6578/160/20 6577/151/20
f 6589/146/55 6586/142/15 6598/141/16 6597/147/22
f 6574/140/47 6562/139/45 6561/161/26 6583/162/33
f 6550/163/34 6526/164/32 6530/165/31 6545/166/28
f 6522/167/23 6505/168/17 6507/169/16 6521/170/15
f 6506/171/22 6510/172/21 6523/173/30 6525/174/29
f 6528/175/20 6536/176/33 6549/177/26 6552/178/25
f 6510/172/21 6511/179/20 6524/180/25 6523/173/30
f 6551/181/23 6529/182/17 6509/183/17 6505/168/17 6522/167/23 6520/184/23
f 6545/166/28 6530/165/31 6529/182/17 6551/181/23
f 6511/179/20 6508/185/20 6528/175/20 6552/178/25 6519/186/25 6524/180/25
f 6507/169/16 6506/171/22 6525/174/29 6521/170/15
f 6549/187/26 6536/188/33 6526/164/32 6550/163/34
f 6539/165/31 6513/166/28 6512/163/45 6541/164/47
f 6544/167/23 6535/168/17 6527/169/16 6547/170/15
f 6537/171/22 6531/172/21 6548/173/30 6546/174/29
f 6515/177/26 6516/178/25 6542/175/20 6540/176/33
f 6531/172/21 6532/179/20 6543/180/25 6548/173/30
f 6534/189/17 6535/168/17 6544/167/23 6518/190/23 6514/181/23 6538/182/17
f 6538/182/17 6514/181/23 6513/166/28 6539/165/31
f 6516/178/25 6517/191/25 6543/180/25 6532/179/20 6533/192/20 6542/175/20
f 6527/169/16 6537/171/22 6546/174/29 6547/170/15
f 6541/164/47 6512/163/45 6515/187/26 6540/188/33
f 6591/139/45 6572/140/32 6568/137/31 6593/138/28
f 6576/141/16 6559/142/15 6556/143/23 6582/144/17
f 6560/145/3 6557/146/2 6585/147/22 6584/148/21
f 6573/151/20 6571/152/33 6594/149/26 6595/150/25
f 6554/153/25 6560/145/3 6584/148/21 6581/154/20
f 6582/144/17 6556/143/23 6555/193/23 6592/156/23 6567/157/17 6570/194/17
f 6593/138/28 6568/137/31 6567/157/17 6592/156/23
f 6553/195/25 6554/153/25 6581/154/20 6569/196/20 6573/151/20 6595/150/25
f 6557/146/2 6559/142/15 6576/141/16 6585/147/22
f 6594/161/26 6571/162/33 6572/140/32 6591/139/45
f 6617/1/92 6618/2/50 6604/3/30 6603/4/21
f 6609/5/62 6610/6/6 6608/7/54 6607/8/8
f 6619/9/9 6620/10/58 6606/11/28 6605/12/12
f 6616/13/82 6614/14/14 6602/15/61 6601/16/40
f 6629/17/17 6622/18/18 6619/9/9 6605/12/12 6611/19/17 6628/20/20 6631/21/20 6630/22/21 6626/23/22 6627/24/16 6625/25/17
f 6638/26/23 6624/27/24 6618/28/50 6602/29/61 6614/30/14 6637/31/25 6636/32/25 6635/33/26 6632/34/34 6633/35/28 6634/36/23
f 6639/37/25 6612/38/14 6606/11/28 6620/10/58 6621/39/24 6640/40/23 6642/41/23 6641/42/15 6645/43/29 6643/44/30 6644/45/25
f 6623/46/18 6622/18/18 6629/17/17 6649/47/17 6650/48/31 6646/49/32 6656/50/33 6648/51/20 6628/20/20 6611/19/17 6616/52/82 6653/53/20 6652/54/20 6651/55/21 6657/56/22 6647/57/16 6655/58/17 6654/59/17
f 6605/12/12 6606/11/28 6612/60/14 6611/61/17
f 6613/62/85 6615/63/6 6610/6/6 6609/5/62
f 6603/4/21 6604/3/30 6615/63/6 6613/62/85
f 6616/52/82 6601/64/40 6617/65/92 6623/46/18 6654/59/17 6658/66/17 6659/67/31 6661/68/47 6660/69/33 6662/70/20 6653/53/20
f 6640/40/23 6621/39/24 6624/27/24 6638/26/23 6664/71/23 6667/72/15 6666/73/29 6668/74/30 6663/75/25 6637/31/25 6614/30/14 6612/38/14 6639/37/25 6672/76/25 6669/77/26 6670/78/34 6665/79/28 6671/80/23
f 6611/61/17 6612/60/14 6614/14/14 6616/13/82
f 6673/81/66 6624/27/24 6621/39/24 6684/82/66 6683/83/66 6681/84/67 6682/85/27 6678/86/28 6686/87/23 6685/88/23 6610/89/6 6615/90/6 6675/91/23 6676/92/23 6679/93/15 6677/94/29 6680/95/36 6674/96/66
f 6623/46/18 6617/65/92 6603/97/21 6613/98/85 6690/99/17 6687/100/17 6688/101/31 6692/102/32 6691/103/33 6693/104/68 6689/105/68
f 6613/98/85 6609/106/62 6699/107/17 6700/108/17 6695/109/31 6694/110/32 6703/111/33 6697/112/68 6698/113/68 6622/18/18 6623/46/18 6689/105/68 6701/114/68 6704/115/69 6705/116/22 6696/117/16 6702/118/17 6690/99/17
f 6684/82/66 6621/39/24 6620/10/58 6608/7/54 6610/89/6 6685/88/23 6707/119/23 6706/120/15 6709/121/87 6710/122/36 6708/123/66
f 6675/91/23 6615/90/6 6604/124/30 6618/28/50 6624/27/24 6673/81/66 6715/125/66 6714/126/54 6711/127/27 6713/128/28 6712/129/23
f 6699/107/17 6609/106/62 6607/8/8 6619/9/9 6622/18/18 6698/113/68 6720/130/68 6719/131/21 6717/132/22 6718/133/16 6716/134/17
f 6607/8/8 6608/7/54 6620/10/58 6619/9/9
f 6601/135/40 6602/136/61 6618/2/50 6617/1/92
f 6695/137/31 6678/138/28 6682/139/27 6694/140/32
f 6718/141/16 6706/142/15 6707/143/23 6716/144/17
f 6710/145/36 6709/146/87 6717/147/22 6719/148/21
f 6681/149/67 6683/150/66 6697/151/68 6703/152/33
f 6708/153/66 6710/145/36 6719/148/21 6720/154/68
f 6716/144/17 6707/143/23 6685/155/23 6686/156/23 6700/157/17 6699/158/17
f 6700/157/17 6686/156/23 6678/138/28 6695/137/31
f 6683/150/66 6684/159/66 6708/153/66 6720/154/68 6698/160/68 6697/151/68
f 6709/146/87 6706/142/15 6718/141/16 6717/147/22
f 6694/140/32 6682/139/27 6681/161/67 6703/162/33
f 6670/163/34 6646/164/32 6650/165/31 6665/166/28
f 6642/167/23 6625/168/17 6627/169/16 6641/170/15
f 6626/171/22 6630/172/21 6643/173/30 6645/174/29
f 6648/175/20 6656/176/33 6669/177/26 6672/178/25
f 6630/172/21 6631/179/20 6644/180/25 6643/173/30
f 6671/181/23 6649/182/17 6629/183/17 6625/168/17 6642/167/23 6640/184/23
f 6665/166/28 6650/165/31 6649/182/17 6671/181/23
f 6631/179/20 6628/185/20 6648/175/20 6672/178/25 6639/186/25 6644/180/25
f 6627/169/16 6626/171/22 6645/174/29 6641/170/15
f 6669/187/26 6656/188/33 6646/164/32 6670/163/34
f 6659/165/31 6633/166/28 6632/163/34 6661/164/47
f 6664/167/23 6655/168/17 6647/169/16 6667/170/15
f 6657/171/22 6651/172/21 6668/173/30 6666/174/29
f 6635/177/26 6636/178/25 6662/175/20 6660/176/33
f 6651/172/21 6652/179/20 6663/180/25 6668/173/30
f 6654/189/17 6655/168/17 6664/167/23 6638/190/23 6634/181/23 6658/182/17
f 6658/182/17 6634/181/23 6633/166/28 6659/165/31
f 6636/178/25 6637/191/25 6663/180/25 6652/179/20 6653/192/20 6662/175/20
f 6647/169/16 6657/171/22 6666/174/29 6667/170/15
f 6661/164/47 6632/163/34 6635/187/26 6660/188/33
f 6711/139/27 6692/140/32 6688/137/31 6713/138/28
f 6696/141/16 6679/142/15 6676/143/23 6702/144/17
f 6680/145/36 6677/146/29 6705/147/22 6704/148/69
f 6693/151/68 6691/152/33 6714/149/54 6715/150/66
f 6674/153/66 6680/145/36 6704/148/69 6701/154/68
f 6702/144/17 6676/143/23 6675/193/23 6712/156/23 6687/157/17 6690/194/17
f 6713/138/28 6688/137/31 6687/157/17 6712/156/23
f 6673/195/66 6674/153/66 6701/154/68 6689/196/68 6693/151/68 6715/150/66
f 6677/146/29 6679/142/15 6696/141/16 6705/147/22
f 6714/161/54 6691/162/33 6692/140/32 6711/139/27
f 6737/1/22 6738/2/2 6724/3/36 6723/4/4
f 6729/5/5 6730/6/6 6728/7/7 6727/8/8
f 6739/9/9 6740/10/10 6726/11/11 6725/12/12
f 6736/13/53 6734/14/14 6722/15/15 6721/16/40
f 6749/17/17 6742/18/18 6739/9/9 6725/12/12 6731/19/19 6748/20/20 6751/21/20 6750/22/21 6746/23/22 6747/24/16 6745/25/17
f 6758/26/23 6744/27/24 6738/28/2 6722/29/15 6734/30/14 6757/31/25 6756/32/25 6755/33/26 6752/34/34 6753/35/28 6754/36/23
f 6759/37/25 6732/38/14 6726/11/11 6740/10/10 6741/39/24 6760/40/23 6762/41/23 6761/42/15 6765/43/29 6763/44/30 6764/45/25
f 6743/46/18 6742/18/18 6749/17/17 6769/47/17 6770/48/31 6766/49/47 6776/50/33 6768/51/20 6748/20/20 6731/19/19 6736/52/53 6773/53/20 6772/54/20 6771/55/21 6777/56/22 6767/57/16 6775/58/17 6774/59/17
f 6725/12/12 6726/11/11 6732/60/14 6731/61/19
f 6733/62/46 6735/63/6 6730/6/6 6729/5/5
f 6723/4/4 6724/3/36 6735/63/6 6733/62/46
f 6736/52/53 6721/64/40 6737/65/22 6743/46/18 6774/59/17 6778/66/17 6779/67/31 6781/68/32 6780/69/33 6782/70/20 6773/53/20
f 6760/40/23 6741/39/24 6744/27/24 6758/26/23 6784/71/23 6787/72/15 6786/73/29 6788/74/30 6783/75/25 6757/31/25 6734/30/14 6732/38/14 6759/37/25 6792/76/25 6789/77/26 6790/78/34 6785/79/28 6791/80/23
f 6731/61/19 6732/60/14 6734/14/14 6736/13/53
f 6793/81/25 6744/27/24 6741/39/24 6804/82/25 6803/83/25 6801/84/26 6802/85/34 6798/86/28 6806/87/35 6805/88/35 6730/89/6 6735/90/6 6795/91/35 6796/92/35 6799/93/15 6797/94/87 6800/95/36 6794/96/25
f 6743/46/18 6737/65/22 6723/97/4 6733/98/46 6810/99/19 6807/100/19 6808/101/31 6812/102/32 6811/103/33 6813/104/20 6809/105/20
f 6733/98/46 6729/106/5 6819/107/19 6820/108/19 6815/109/31 6814/110/32 6823/111/33 6817/112/20 6818/113/20 6742/18/18 6743/46/18 6809/105/20 6821/114/20 6824/115/21 6825/116/22 6816/117/16 6822/118/19 6810/99/19
f 6804/82/25 6741/39/24 6740/10/10 6728/7/7 6730/89/6 6805/88/35 6827/119/35 6826/120/15 6829/121/29 6830/122/30 6828/123/25
f 6795/91/35 6735/90/6 6724/124/36 6738/28/2 6744/27/24 6793/81/25 6835/125/25 6834/126/26 6831/127/34 6833/128/28 6832/129/35
f 6819/107/19 6729/106/5 6727/8/8 6739/9/9 6742/18/18 6818/113/20 6840/130/20 6839/131/21 6837/132/39 6838/133/40 6836/134/19
f 6727/8/8 6728/7/7 6740/10/10 6739/9/9
f 6721/135/40 6722/136/15 6738/2/2 6737/1/22
f 6815/137/31 6798/138/28 6802/139/34 6814/140/32
f 6838/141/40 6826/142/15 6827/143/35 6836/144/19
f 6830/145/30 6829/146/29 6837/147/39 6839/148/21
f 6801/149/26 6803/150/25 6817/151/20 6823/152/33
f 6828/153/25 6830/145/30 6839/148/21 6840/154/20
f 6836/144/19 6827/143/35 6805/155/35 6806/156/35 6820/157/19 6819/158/19
f 6820/157/19 6806/156/35 6798/138/28 6815/137/31
f 6803/150/25 6804/159/25 6828/153/25 6840/154/20 6818/160/20 6817/151/20
f 6829/146/29 6826/142/15 6838/141/40 6837/147/39
f 6814/140/32 6802/139/34 6801/161/26 6823/162/33
f 6790/163/34 6766/164/47 6770/165/31 6785/166/28
f 6762/167/23 6745/168/17 6747/169/16 6761/170/15
f 6746/171/22 6750/172/21 6763/173/30 6765/174/29
f 6768/175/20 6776/176/33 6789/177/26 6792/178/25
f 6750/172/21 6751/179/20 6764/180/25 6763/173/30
f 6791/181/23 6769/182/17 6749/183/17 6745/168/17 6762/167/23 6760/184/23
f 6785/166/28 6770/165/31 6769/182/17 6791/181/23
f 6751/179/20 6748/185/20 6768/175/20 6792/178/25 6759/186/25 6764/180/25
f 6747/169/16 6746/171/22 6765/174/29 6761/170/15
f 6789/187/26 6776/188/33 6766/164/47 6790/163/34
f 6779/165/31 6753/166/28 6752/163/34 6781/164/32
f 6784/167/23 6775/168/17 6767/169/16 6787/170/15
f 6777/171/22 6771/172/21 6788/173/30 6786/174/29
f 6755/177/26 6756/178/25 6782/175/20 6780/176/33
f 6771/172/21 6772/179/20 6783/180/25 6788/173/30
f 6774/189/17 6775/168/17 6784/167/23 6758/190/23 6754/181/23 6778/182/17
f 6778/182/17 6754/181/23 6753/166/28 6779/165/31
f 6756/178/25 6757/191/25 6783/180/25 6772/179/20 6773/192/20 6782/175/20
f 6767/169/16 6777/171/22 6786/174/29 6787/170/15
f 6781/164/32 6752/163/34 6755/187/26 6780/188/33
f 6831/139/34 6812/140/32 6808/137/31 6833/138/28
f 6816/141/16 6799/142/15 6796/143/35 6822/144/19
f 6800/145/36 6797/146/87 6825/147/22 6824/148/21
f 6813/151/20 6811/152/33 6834/149/26 6835/150/25
f 6794/153/25 6800/145/36 6824/148/21 6821/154/20
f 6822/144/19 6796/143/35 6795/193/35 6832/156/35 6807/157/19 6810/194/19
f 6833/138/28 6808/137/31 6807/157/19 6832/156/35
f 6793/195/25 6794/153/25 6821/154/20 6809/196/20 6813/151/20 6835/150/25
f 6797/146/87 6799/142/15 6816/141/16 6825/147/22
f 6834/161/26 6811/162/33 6812/140/32 6831/139/34
f 6857/1/22 6858/2/2 6844/3/36 6843/4/4
f 6849/5/5 6850/6/6 6848/7/7 6847/8/8
f 6859/9/32 6860/10/10 6846/11/11 6845/12/12
f 6856/13/53 6854/14/14 6842/15/15 6841/16/40
f 6869/17/17 6862/18/18 6859/9/32 6845/12/12 6851/19/19 6868/20/20 6871/21/20 6870/22/21 6866/23/22 6867/24/16 6865/25/17
f 6878/26/23 6864/27/24 6858/28/2 6842/29/15 6854/30/14 6877/31/25 6876/32/25 6875/33/26 6872/34/34 6873/35/28 6874/36/23
f 6879/37/25 6852/38/14 6846/11/11 6860/10/10 6861/39/24 6880/40/23 6882/41/23 6881/42/15 6885/43/29 6883/44/30 6884/45/25
f 6863/46/18 6862/18/18 6869/17/17 6889/47/17 6890/48/31 6886/49/47 6896/50/33 6888/51/20 6868/20/20 6851/19/19 6856/52/53 6893/53/20 6892/54/20 6891/55/21 6897/56/22 6887/57/16 6895/58/17 6894/59/17
f 6845/12/12 6846/11/11 6852/60/14 6851/61/19
f 6853/62/46 6855/63/6 6850/6/6 6849/5/5
f 6843/4/4 6844/3/36 6855/63/6 6853/62/46
f 6856/52/53 6841/64/40 6857/65/22 6863/46/18 6894/59/17 6898/66/17 6899/67/31 6901/68/32 6900/69/33 6902/70/20 6893/53/20
f 6880/40/23 6861/39/24 6864/27/24 6878/26/23 6904/71/23 6907/72/15 6906/73/29 6908/74/30 6903/75/25 6877/31/25 6854/30/14 6852/38/14 6879/37/25 6912/76/25 6909/77/26 6910/78/34 6905/79/28 6911/80/23
f 6851/61/19 6852/60/14 6854/14/14 6856/13/53
f 6913/81/25 6864/27/24 6861/39/24 6924/82/25 6923/83/25 6921/84/26 6922/85/34 6918/86/28 6926/87/35 6925/88/35 6850/89/6 6855/90/6 6915/91/35 6916/92/35 6919/93/15 6917/94/87 6920/95/36 6914/96/25
f 6863/46/18 6857/65/22 6843/97/4 6853/98/46 6930/99/19 6927/100/19 6928/101/31 6932/102/32 6931/103/33 6933/104/20 6929/105/20
f 6853/98/46 6849/106/5 6939/107/19 6940/108/19 6935/109/31 6934/110/32 6943/111/33 6937/112/20 6938/113/20 6862/18/18 6863/46/18 6929/105/20 6941/114/20 6944/115/21 6945/116/22 6936/117/16 6942/118/19 6930/99/19
f 6924/82/25 6861/39/24 6860/10/10 6848/7/7 6850/89/6 6925/88/35 6947/119/35 6946/120/15 6949/121/29 6950/122/30 6948/123/25
f 6915/91/35 6855/90/6 6844/124/36 6858/28/2 6864/27/24 6913/81/25 6955/125/25 6954/126/26 6951/127/34 6953/128/28 6952/129/35
f 6939/107/19 6849/106/5 6847/8/8 6859/9/32 6862/18/18 6938/113/20 6960/130/20 6959/131/21 6957/132/39 6958/133/40 6956/134/19
f 6847/8/8 6848/7/7 6860/10/10 6859/9/32
f 6841/135/40 6842/136/15 6858/2/2 6857/1/22
f 6935/137/31 6918/138/28 6922/139/34 6934/140/32
f 6958/141/40 6946/142/15 6947/143/35 6956/144/19
f 6950/145/30 6949/146/29 6957/147/39 6959/148/21
f 6921/149/26 6923/150/25 6937/151/20 6943/152/33
f 6948/153/25 6950/145/30 6959/148/21 6960/154/20
f 6956/144/19 6947/143/35 6925/155/35 6926/156/35 6940/157/19 6939/158/19
f 6940/157/19 6926/156/35 6918/138/28 6935/137/31
f 6923/150/25 6924/159/25 6948/153/25 6960/154/20 6938/160/20 6937/151/20
f 6949/146/29 6946/142/15 6958/141/40 6957/147/39
f 6934/140/32 6922/139/34 6921/161/26 6943/162/33
f 6910/163/34 6886/164/47 6890/165/31 6905/166/28
f 6882/167/23 6865/168/17 6867/169/16 6881/170/15
f 6866/171/22 6870/172/21 6883/173/30 6885/174/29
f 6888/175/20 6896/176/33 6909/177/26 6912/178/25
f 6870/172/21 6871/179/20 6884/180/25 6883/173/30
f 6911/181/23 6889/182/17 6869/183/17 6865/168/17 6882/167/23 6880/184/23
f 6905/166/28 6890/165/31 6889/182/17 6911/181/23
f 6871/179/20 6868/185/20 6888/175/20 6912/178/25 6879/186/25 6884/180/25
f 6867/169/16 6866/171/22 6885/174/29 6881/170/15
f 6909/187/26 6896/188/33 6886/164/47 6910/163/34
f 6899/165/31 6873/166/28 6872/163/34 6901/164/32
f 6904/167/23 6895/168/17 6887/169/16 6907/170/15
f 6897/171/22 6891/172/21 6908/173/30 6906/174/29
f 6875/177/26 6876/178/25 6902/175/20 6900/176/33
f 6891/172/21 6892/179/20 6903/180/25 6908/173/30
f 6894/189/17 6895/168/17 6904/167/23 6878/190/23 6874/181/23 6898/182/17
f 6898/182/17 6874/181/23 6873/166/28 6899/165/31
f 6876/178/25 6877/191/25 6903/180/25 6892/179/20 6893/192/20 6902/175/20
f 6887/169/16 6897/171/22 6906/174/29 6907/170/15
f 6901/164/32 6872/163/34 6875/187/26 6900/188/33
f 6951/139/34 6932/140/32 6928/137/31 6953/138/28
f 6936/141/16 6919/142/15 6916/143/35 6942/144/19
f 6920/145/36 6917/146/87 6945/147/22 6944/148/21
f 6933/151/20 6931/152/33 6954/149/26 6955/150/25
f 6914/153/25 6920/145/36 6944/148/21 6941/154/20
f 6942/144/19 6916/143/35 6915/193/35 6952/156/35 6927/157/19 6930/194/19
f 6953/138/28 6928/137/31 6927/157/19 6952/156/35
f 6913/195/25 6914/153/25 6941/154/20 6929/196/20 6933/151/20 6955/150/25
f 6917/146/87 6919/142/15 6936/141/16 6945/147/22
f 6954/161/26 6931/162/33 6932/140/32 6951/139/34
f 6977/1/22 6978/2/2 6964/3/36 6963/4/4
f 6969/5/5 6970/6/6 6968/7/7 6967/8/8
f 6979/9/9 6980/10/10 6966/11/11 6965/12/12
f 6976/13/13 6974/14/14 6962/15/15 6961/16/40
f 6989/17/17 6982/18/18 6979/9/9 6965/12/12 6971/19/19 6988/20/20 6991/21/20 6990/22/21 6986/23/22 6987/24/16 6985/25/17
f 6998/26/23 6984/27/24 6978/28/2 6962/29/15 6974/30/14 6997/31/25 6996/32/25 6995/33/26 6992/34/34 6993/35/28 6994/36/23
f 6999/37/25 6972/38/14 6966/11/11 6980/10/10 6981/39/24 7000/40/23 7002/41/23 7001/42/15 7005/43/29 7003/44/30 7004/45/25
f 6983/46/18 6982/18/18 6989/17/17 7009/47/17 7010/48/31 7006/49/47 7016/50/33 7008/51/20 6988/20/20 6971/19/19 6976/52/13 7013/53/20 7012/54/20 7011/55/21 7017/56/22 7007/57/16 7015/58/17 7014/59/17
f 6965/12/12 6966/11/11 6972/60/14 6971/61/19
f 6973/62/46 6975/63/6 6970/6/6 6969/5/5
f 6963/4/4 6964/3/36 6975/63/6 6973/62/46
f 6976/52/13 6961/64/40 6977/65/22 6983/46/18 7014/59/17 7018/66/17 7019/67/31 7021/68/32 7020/69/33 7022/70/20 7013/53/20
f 7000/40/23 6981/39/24 6984/27/24 6998/26/23 7024/71/23 7027/72/15 7026/73/29 7028/74/30 7023/75/25 6997/31/25 6974/30/14 6972/38/14 6999/37/25 7032/76/25 7029/77/26 7030/78/45 7025/79/28 7031/80/23
f 6971/61/19 6972/60/14 6974/14/14 6976/13/13
f 7033/81/25 6984/27/24 6981/39/24 7044/82/25 7043/83/25 7041/84/26 7042/85/27 7038/86/28 7046/87/23 7045/88/23 6970/89/6 6975/90/6 7035/91/23 7036/92/23 7039/93/15 7037/94/29 7040/95/36 7034/96/25
f 6983/46/18 6977/65/22 6963/97/4 6973/98/46 7050/99/17 7047/100/17 7048/101/31 7052/102/32 7051/103/33 7053/104/20 7049/105/20
f 6973/98/46 6969/106/5 7059/107/17 7060/108/17 7055/109/31 7054/110/32 7063/111/33 7057/112/20 7058/113/20 6982/18/18 6983/46/18 7049/105/20 7061/114/20 7064/115/21 7065/116/22 7056/117/16 7062/118/17 7050/99/17
f 7044/82/25 6981/39/24 6980/10/10 6968/7/7 6970/89/6 7045/88/23 7067/119/23 7066/120/15 7069/121/29 7070/122/30 7068/123/25
f 7035/91/23 6975/90/6 6964/124/36 6978/28/2 6984/27/24 7033/81/25 7075/125/25 7074/126/26 7071/127/34 7073/128/28 7072/129/23
f 7059/107/17 6969/106/5 6967/8/8 6979/9/9 6982/18/18 7058/113/20 7080/130/20 7079/131/21 7077/132/22 7078/133/16 7076/134/17
f 6967/8/8 6968/7/7 6980/10/10 6979/9/9
f 6961/135/40 6962/136/15 6978/2/2 6977/1/22
f 7055/137/31 7038/138/28 7042/139/27 7054/140/32
f 7078/141/16 7066/142/15 7067/143/23 7076/144/17
f 7070/145/30 7069/146/29 7077/147/22 7079/148/21
f 7041/149/26 7043/150/25 7057/151/20 7063/152/33
f 7068/153/25 7070/145/30 7079/148/21 7080/154/20
f 7076/144/17 7067/143/23 7045/155/23 7046/156/23 7060/157/17 7059/158/17
f 7060/157/17 7046/156/23 7038/138/28 7055/137/31
f 7043/150/25 7044/159/25 7068/153/25 7080/154/20 7058/160/20 7057/151/20
f 7069/146/29 7066/142/15 7078/141/16 7077/147/22
f 7054/140/32 7042/139/27 7041/161/26 7063/162/33
f 7030/163/45 7006/164/47 7010/165/31 7025/166/28
f 7002/167/23 6985/168/17 6987/169/16 7001/170/15
f 6986/171/22 6990/172/21 7003/173/30 7005/174/29
f 7008/175/20 7016/176/33 7029/177/26 7032/178/25
f 6990/172/21 6991/179/20 7004/180/25 7003/173/30
f 7031/181/23 7009/182/17 6989/183/17 6985/168/17 7002/167/23 7000/184/23
f 7025/166/28 7010/165/31 7009/182/17 7031/181/23
f 6991/179/20 6988/185/20 7008/175/20 7032/178/25 6999/186/25 7004/180/25
f 6987/169/16 6986/171/22 7005/174/29 7001/170/15
f 7029/187/26 7016/188/33 7006/164/47 7030/163/45
f 7019/165/31 6993/166/28 6992/163/34 7021/164/32
f 7024/167/23 7015/168/17 7007/169/16 7027/170/15
f 7017/171/22 7011/172/21 7028/173/30 7026/174/29
f 6995/177/26 6996/178/25 7022/175/20 7020/176/33
f 7011/172/21 7012/179/20 7023/180/25 7028/173/30
f 7014/189/17 7015/168/17 7024/167/23 6998/190/23 6994/181/23 7018/182/17
f 7018/182/17 6994/181/23 6993/166/28 7019/165/31
f 6996/178/25 6997/191/25 7023/180/25 7012/179/20 7013/192/20 7022/175/20
f 7007/169/16 7017/171/22 7026/174/29 7027/170/15
f 7021/164/32 6992/163/34 6995/187/26 7020/188/33
f 7071/139/34 7052/140/32 7048/137/31 7073/138/28
f 7056/141/16 7039/142/15 7036/143/23 7062/144/17
f 7040/145/36 7037/146/29 7065/147/22 7064/148/21
f 7053/151/20 7051/152/33 7074/149/26 7075/150/25
f 7034/153/25 7040/145/36 7064/148/21 7061/154/20
f 7062/144/17 7036/143/23 7035/193/23 7072/156/23 7047/157/17 7050/194/17
f 7073/138/28 7048/137/31 7047/157/17 7072/156/23
f 7033/195/25 7034/153/25 7061/154/20 7049/196/20 7053/151/20 7075/150/25
f 7037/146/29 7039/142/15 7056/141/16 7065/147/22
f 7074/161/26 7051/162/33 7052/140/32 7071/139/34
f 7097/1/97 7098/2/2 7084/3/3 7083/4/49
f 7089/5/75 7090/6/25 7088/7/26 7087/8/94
f 7099/9/63 7100/10/10 7086/11/11 7085/12/12
f 7096/13/13 7094/14/14 7082/15/15 7081/16/40
f 7109/17/17 7102/18/18 7099/9/63 7085/12/12 7091/19/19 7108/20/20 7111/21/20 7110/22/21 7106/23/22 7107/24/16 7105/25/17
f 7118/26/23 7104/27/24 7098/28/2 7082/29/15 7094/30/14 7117/31/25 7116/32/25 7115/33/26 7112/34/34 7113/35/28 7114/36/23
f 7119/37/25 7092/38/14 7086/11/11 7100/10/10 7101/39/24 7120/40/23 7122/41/23 7121/42/15 7125/43/29 7123/44/30 7124/45/25
f 7103/46/18 7102/18/18 7109/17/17 7129/47/17 7130/48/31 7126/49/47 7136/50/33 7128/51/20 7108/20/20 7091/19/19 7096/52/13 7133/53/20 7132/54/20 7131/55/21 7137/56/22 7127/57/16 7135/58/17 7134/59/17
f 7085/12/12 7086/11/11 7092/60/14 7091/61/19
f 7093/62/75 7095/63/25 7090/6/25 7089/5/75
f 7083/4/49 7084/3/3 7095/63/25 7093/62/75
f 7096/52/13 7081/64/40 7097/65/97 7103/46/18 7134/59/17 7138/66/17 7139/67/31 7141/68/32 7140/69/33 7142/70/20 7133/53/20
f 7120/40/23 7101/39/24 7104/27/24 7118/26/23 7144/71/23 7147/72/15 7146/73/29 7148/74/30 7143/75/25 7117/31/25 7094/30/14 7092/38/14 7119/37/25 7152/76/25 7149/77/26 7150/78/45 7145/79/28 7151/80/23
f 7091/61/19 7092/60/14 7094/14/14 7096/13/13
f 7153/81/6 7104/27/24 7101/39/24 7164/82/6 7163/83/6 7161/84/26 7162/85/45 7158/86/28 7166/87/23 7165/88/23 7090/89/25 7095/90/25 7155/91/23 7156/92/23 7159/93/15 7157/94/50 7160/95/30 7154/96/6
f 7103/46/18 7097/65/97 7083/97/49 7093/98/75 7170/99/17 7167/100/17 7168/101/31 7172/102/32 7171/103/33 7173/104/51 7169/105/51
f 7093/98/75 7089/106/75 7179/107/17 7180/108/17 7175/109/31 7174/110/32 7183/111/33 7177/112/51 7178/113/51 7102/18/18 7103/46/18 7169/105/51 7181/114/51 7184/115/21 7185/116/39 7176/117/16 7182/118/17 7170/99/17
f 7164/82/6 7101/39/24 7100/10/10 7088/7/26 7090/89/25 7165/88/23 7187/119/23 7186/120/15 7189/121/55 7190/122/36 7188/123/6
f 7155/91/23 7095/90/25 7084/124/3 7098/28/2 7104/27/24 7153/81/6 7195/125/6 7194/126/26 7191/127/34 7193/128/28 7192/129/23
f 7179/107/17 7089/106/75 7087/8/94 7099/9/63 7102/18/18 7178/113/51 7200/130/51 7199/131/21 7197/132/22 7198/133/16 7196/134/17
f 7087/8/94 7088/7/26 7100/10/10 7099/9/63
f 7081/135/40 7082/136/15 7098/2/2 7097/1/97
f 7175/137/31 7158/138/28 7162/139/45 7174/140/32
f 7198/141/16 7186/142/15 7187/143/23 7196/144/17
f 7190/145/36 7189/146/55 7197/147/22 7199/148/21
f 7161/149/26 7163/150/6 7177/151/51 7183/152/33
f 7188/153/6 7190/145/36 7199/148/21 7200/154/51
f 7196/144/17 7187/143/23 7165/155/23 7166/156/23 7180/157/17 7179/158/17
f 7180/157/17 7166/156/23 7158/138/28 7175/137/31
f 7163/150/6 7164/159/6 7188/153/6 7200/154/51 7178/160/51 7177/151/51
f 7189/146/55 7186/142/15 7198/141/16 7197/147/22
f 7174/140/32 7162/139/45 7161/161/26 7183/162/33
f 7150/163/45 7126/164/47 7130/165/31 7145/166/28
f 7122/167/23 7105/168/17 7107/169/16 7121/170/15
f 7106/171/22 7110/172/21 7123/173/30 7125/174/29
f 7128/175/20 7136/176/33 7149/177/26 7152/178/25
f 7110/172/21 7111/179/20 7124/180/25 7123/173/30
f 7151/181/23 7129/182/17 7109/183/17 7105/168/17 7122/167/23 7120/184/23
f 7145/166/28 7130/165/31 7129/182/17 7151/181/23
f 7111/179/20 7108/185/20 7128/175/20 7152/178/25 7119/186/25 7124/180/25
f 7107/169/16 7106/171/22 7125/174/29 7121/170/15
f 7149/187/26 7136/188/33 7126/164/47 7150/163/45
f 7139/165/31 7113/166/28 7112/163/34 7141/164/32
f 7144/167/23 7135/168/17 7127/169/16 7147/170/15
f 7137/171/22 7131/172/21 7148/173/30 7146/174/29
f 7115/177/26 7116/178/25 7142/175/20 7140/176/33
f 7131/172/21 7132/179/20 7143/180/25 7148/173/30
f 7134/189/17 7135/168/17 7144/167/23 7118/190/23 7114/181/23 7138/182/17
f 7138/182/17 7114/181/23 7113/166/28 7139/165/31
f 7116/178/25 7117/191/25 7143/180/25 7132/179/20 7133/192/20 7142/175/20
f 7127/169/16 7137/171/22 7146/174/29 7147/170/15
f 7141/164/32 7112/163/34 7115/187/26 7140/188/33
f 7191/139/34 7172/140/32 7168/137/31 7193/138/28
f 7176/141/16 7159/142/15 7156/143/23 7182/144/17
f 7160/145/30 7157/146/50 7185/147/39 7184/148/21
f 7173/151/51 7171/152/33 7194/149/26 7195/150/6
f 7154/153/6 7160/145/30 7184/148/21 7181/154/51
f 7182/144/17 7156/143/23 7155/193/23 7192/156/23 7167/157/17 7170/194/17
f 7193/138/28 7168/137/31 7167/157/17 7192/156/23
f 7153/195/6 7154/153/6 7181/154/51 7169/196/51 7173/151/51 7195/150/6
f 7157/146/50 7159/142/15 7176/141/16 7185/147/39
f 7194/161/26 7171/162/33 7172/140/32 7191/139/34
f 7217/1/22 7218/2/2 7204/3/36 7203/4/4
f 7209/5/5 7210/6/6 7208/7/7 7207/8/8
f 7219/9/32 7220/10/10 7206/11/11 7205/12/12
f 7216/13/53 7214/14/14 7202/15/15 7201/16/40
f 7229/17/17 7222/18/18 7219/9/32 7205/12/12 7211/19/19 7228/20/51 7231/21/51 7230/22/21 7226/23/22 7227/24/16 7225/25/17
f 7238/26/23 7224/27/24 7218/28/2 7202/29/15 7214/30/14 7237/31/6 7236/32/6 7235/33/26 7232/34/34 7233/35/28 7234/36/23
f 7239/37/6 7212/38/14 7206/11/11 7220/10/10 7221/39/24 7240/40/23 7242/41/23 7241/42/15 7245/43/55 7243/44/36 7244/45/6
f 7223/46/18 7222/18/18 7229/17/17 7249/47/17 7250/48/31 7246/49/47 7256/50/33 7248/51/51 7228/20/51 7211/19/19 7216/52/53 7253/53/51 7252/54/51 7251/55/21 7257/56/39 7247/57/16 7255/58/17 7254/59/17
f 7205/12/12 7206/11/11 7212/60/14 7211/61/19
f 7213/62/5 7215/63/6 7210/6/6 7209/5/5
f 7203/4/4 7204/3/36 7215/63/6 7213/62/5
f 7216/52/53 7201/64/40 7217/65/22 7223/46/18 7254/59/17 7258/66/17 7259/67/31 7261/68/32 7260/69/33 7262/70/51 7253/53/51
f 7240/40/23 7221/39/24 7224/27/24 7238/26/23 7264/71/23 7267/72/15 7266/73/55 7268/74/30 7263/75/6 7237/31/6 7214/30/14 7212/38/14 7239/37/6 7272/76/6 7269/77/26 7270/78/45 7265/79/28 7271/80/23
f 7211/61/19 7212/60/14 7214/14/14 7216/13/53
f 7273/81/25 7224/27/24 7221/39/24 7284/82/25 7283/83/25 7281/84/26 7282/85/45 7278/86/28 7286/87/23 7285/88/23 7210/89/6 7215/90/6 7275/91/23 7276/92/23 7279/93/15 7277/94/2 7280/95/3 7274/96/6
f 7223/46/18 7217/65/22 7203/97/4 7213/98/5 7290/99/17 7287/100/17 7288/101/31 7292/102/32 7291/103/33 7293/104/20 7289/105/20
f 7213/98/5 7209/106/5 7299/107/17 7300/108/17 7295/109/31 7294/110/32 7303/111/33 7297/112/20 7298/113/20 7222/18/18 7223/46/18 7289/105/20 7301/114/20 7304/115/21 7305/116/22 7296/117/41 7302/118/17 7290/99/17
f 7284/82/25 7221/39/24 7220/10/10 7208/7/7 7210/89/6 7285/88/23 7307/119/23 7306/120/15 7309/121/29 7310/122/30 7308/123/25
f 7275/91/23 7215/90/6 7204/124/36 7218/28/2 7224/27/24 7273/81/25 7315/125/25 7314/126/26 7311/127/34 7313/128/28 7312/129/23
f 7299/107/17 7209/106/5 7207/8/8 7219/9/32 7222/18/18 7298/113/20 7320/130/20 7319/131/21 7317/132/22 7318/133/16 7316/134/17
f 7207/8/8 7208/7/7 7220/10/10 7219/9/32
f 7201/135/40 7202/136/15 7218/2/2 7217/1/22
f 7295/137/31 7278/138/28 7282/139/45 7294/140/32
f 7318/141/16 7306/142/15 7307/143/23 7316/144/17
f 7310/145/30 7309/146/29 7317/147/22 7319/148/21
f 7281/149/26 7283/150/25 7297/151/20 7303/152/33
f 7308/153/25 7310/145/30 7319/148/21 7320/154/20
f 7316/144/17 7307/143/23 7285/155/23 7286/156/23 7300/157/17 7299/158/17
f 7300/157/17 7286/156/23 7278/138/28 7295/137/31
f 7283/150/25 7284/159/25 7308/153/25 7320/154/20 7298/160/20 7297/151/20
f 7309/146/29 7306/142/15 7318/141/16 7317/147/22
f 7294/140/32 7282/139/45 7281/161/26 7303/162/33
f 7270/163/45 7246/164/47 7250/165/31 7265/166/28
f 7242/167/23 7225/168/17 7227/169/16 7241/170/15
f 7226/171/22 7230/172/21 7243/173/36 7245/174/55
f 7248/175/51 7256/176/33 7269/177/26 7272/178/6
f 7230/172/21 7231/179/51 7244/180/6 7243/173/36
f 7271/181/23 7249/182/17 7229/183/17 7225/168/17 7242/167/23 7240/184/23
f 7265/166/28 7250/165/31 7249/182/17 7271/181/23
f 7231/179/51 7228/185/51 7248/175/51 7272/178/6 7239/186/6 7244/180/6
f 7227/169/16 7226/171/22 7245/174/55 7241/170/15
f 7269/187/26 7256/188/33 7246/164/47 7270/163/45
f 7259/165/31 7233/166/28 7232/163/34 7261/164/32
f 7264/167/23 7255/168/17 7247/169/16 7267/170/15
f 7257/171/39 7251/172/21 7268/173/30 7266/174/55
f 7235/177/26 7236/178/6 7262/175/51 7260/176/33
f 7251/172/21 7252/179/51 7263/180/6 7268/173/30
f 7254/189/17 7255/168/17 7264/167/23 7238/190/23 7234/181/23 7258/182/17
f 7258/182/17 7234/181/23 7233/166/28 7259/165/31
f 7236/178/6 7237/191/6 7263/180/6 7252/179/51 7253/192/51 7262/175/51
f 7247/169/16 7257/171/39 7266/174/55 7267/170/15
f 7261/164/32 7232/163/34 7235/187/26 7260/188/33
f 7311/139/34 7292/140/32 7288/137/31 7313/138/28
f 7296/141/41 7279/142/15 7276/143/23 7302/144/17
f 7280/145/3 7277/146/2 7305/147/22 7304/148/21
f 7293/151/20 7291/152/33 7314/149/26 7315/150/25
f 7274/153/6 7280/145/3 7304/148/21 7301/154/20
f 7302/144/17 7276/143/23 7275/193/23 7312/156/23 7287/157/17 7290/194/17
f 7313/138/28 7288/137/31 7287/157/17 7312/156/23
f 7273/195/25 7274/153/6 7301/154/20 7289/196/20 7293/151/20 7315/150/25
f 7277/146/2 7279/142/15 7296/141/41 7305/147/22
f 7314/161/26 7291/162/33 7292/140/32 7311/139/34
f 7337/1/22 7338/2/2 7324/3/36 7323/4/4
f 7329/5/5 7330/6/6 7328/7/7 7327/8/8
f 7339/9/9 7340/10/10 7326/11/11 7325/12/12
f 7336/13/53 7334/14/14 7322/15/15 7321/16/40
f 7349/17/17 7342/18/18 7339/9/9 7325/12/12 7331/19/19 7348/20/51 7351/21/51 7350/22/21 7346/23/22 7347/24/16 7345/25/17
f 7358/26/23 7344/27/24 7338/28/2 7322/29/15 7334/30/14 7357/31/6 7356/32/6 7355/33/26 7352/34/34 7353/35/28 7354/36/23
f 7359/37/6 7332/38/14 7326/11/11 7340/10/10 7341/39/24 7360/40/23 7362/41/23 7361/42/15 7365/43/55 7363/44/36 7364/45/6
f 7343/46/18 7342/18/18 7349/17/17 7369/47/17 7370/48/31 7366/49/47 7376/50/33 7368/51/51 7348/20/51 7331/19/19 7336/52/53 7373/53/51 7372/54/51 7371/55/21 7377/56/39 7367/57/16 7375/58/17 7374/59/17
f 7325/12/12 7326/11/11 7332/60/14 7331/61/19
f 7333/62/5 7335/63/6 7330/6/6 7329/5/5
f 7323/4/4 7324/3/36 7335/63/6 7333/62/5
f 7336/52/53 7321/64/40 7337/65/22 7343/46/18 7374/59/17 7378/66/17 7379/67/31 7381/68/32 7380/69/33 7382/70/51 7373/53/51
f 7360/40/23 7341/39/24 7344/27/24 7358/26/23 7384/71/23 7387/72/15 7386/73/55 7388/74/30 7383/75/6 7357/31/6 7334/30/14 7332/38/14 7359/37/6 7392/76/6 7389/77/26 7390/78/45 7385/79/28 7391/80/23
f 7331/61/19 7332/60/14 7334/14/14 7336/13/53
f 7393/81/25 7344/27/24 7341/39/24 7404/82/25 7403/83/25 7401/84/26 7402/85/45 7398/86/28 7406/87/23 7405/88/23 7330/89/6 7335/90/6 7395/91/23 7396/92/23 7399/93/15 7397/94/2 7400/95/3 7394/96/6
f 7343/46/18 7337/65/22 7323/97/4 7333/98/5 7410/99/17 7407/100/17 7408/101/31 7412/102/32 7411/103/33 7413/104/20 7409/105/20
f 7333/98/5 7329/106/5 7419/107/17 7420/108/17 7415/109/31 7414/110/32 7423/111/33 7417/112/20 7418/113/20 7342/18/18 7343/46/18 7409/105/20 7421/114/20 7424/115/21 7425/116/22 7416/117/41 7422/118/17 7410/99/17
f 7404/82/25 7341/39/24 7340/10/10 7328/7/7 7330/89/6 7405/88/23 7427/119/23 7426/120/15 7429/121/29 7430/122/30 7428/123/25
f 7395/91/23 7335/90/6 7324/124/36 7338/28/2 7344/27/24 7393/81/25 7435/125/25 7434/126/26 7431/127/34 7433/128/28 7432/129/23
f 7419/107/17 7329/106/5 7327/8/8 7339/9/9 7342/18/18 7418/113/20 7440/130/20 7439/131/21 7437/132/22 7438/133/16 7436/134/17
f 7327/8/8 7328/7/7 7340/10/10 7339/9/9
f 7321/135/40 7322/136/15 7338/2/2 7337/1/22
f 7415/137/31 7398/138/28 7402/139/45 7414/140/32
f 7438/141/16 7426/142/15 7427/143/23 7436/144/17
f 7430/145/30 7429/146/29 7437/147/22 7439/148/21
f 7401/149/26 7403/150/25 7417/151/20 7423/152/33
f 7428/153/25 7430/145/30 7439/148/21 7440/154/20
f 7436/144/17 7427/143/23 7405/155/23 7406/156/23 7420/157/17 7419/158/17
f 7420/157/17 7406/156/23 7398/138/28 7415/137/31
f 7403/150/25 7404/159/25 7428/153/25 7440/154/20 7418/160/20 7417/151/20
f 7429/146/29 7426/142/15 7438/141/16 7437/147/22
f 7414/140/32 7402/139/45 7401/161/26 7423/162/33
f 7390/163/45 7366/164/47 7370/165/31 7385/166/28
f 7362/167/23 7345/168/17 7347/169/16 7361/170/15
f 7346/171/22 7350/172/21 7363/173/36 7365/174/55
f 7368/175/51 7376/176/33 7389/177/26 7392/178/6
f 7350/172/21 7351/179/51 7364/180/6 7363/173/36
f 7391/181/23 7369/182/17 7349/183/17 7345/168/17 7362/167/23 7360/184/23
f 7385/166/28 7370/165/31 7369/182/17 7391/181/23
f 7351/179/51 7348/185/51 7368/175/51 7392/178/6 7359/186/6 7364/180/6
f 7347/169/16 7346/171/22 7365/174/55 7361/170/15
f 7389/187/26 7376/188/33 7366/164/47 7390/163/45
f 7379/165/31 7353/166/28 7352/163/34 7381/164/32
f 7384/167/23 7375/168/17 7367/169/16 7387/170/15
f 7377/171/39 7371/172/21 7388/173/30 7386/174/55
f 7355/177/26 7356/178/6 7382/175/51 7380/176/33
f 7371/172/21 7372/179/51 7383/180/6 7388/173/30
f 7374/189/17 7375/168/17 7384/167/23 7358/190/23 7354/181/23 7378/182/17
f 7378/182/17 7354/181/23 7353/166/28 7379/165/31
f 7356/178/6 7357/191/6 7383/180/6 7372/179/51 7373/192/51 7382/175/51
f 7367/169/16 7377/171/39 7386/174/55 7387/170/15
f 7381/164/32 7352/163/34 7355/187/26 7380/188/33
f 7431/139/34 7412/140/32 7408/137/31 7433/138/28
f 7416/141/41 7399/142/15 7396/143/23 7422/144/17
f 7400/145/3 7397/146/2 7425/147/22 7424/148/21
f 7413/151/20 7411/152/33 7434/149/26 7435/150/25
f 7394/153/6 7400/145/3 7424/148/21 7421/154/20
f 7422/144/17 7396/143/23 7395/193/23 7432/156/23 7407/157/17 7410/194/17
f 7433/138/28 7408/137/31 7407/157/17 7432/156/23
f 7393/195/25 7394/153/6 7421/154/20 7409/196/20 7413/151/20 7435/150/25
f 7397/146/2 7399/142/15 7416/141/41 7425/147/22
f 7434/161/26 7411/162/33 7412/140/32 7431/139/34
f 7457/1/22 7458/2/50 7444/3/36 7443/4/4
f 7449/5/46 7450/6/6 7448/7/7 7447/8/8
f 7459/9/9 7460/10/58 7446/11/81 7445/12/12
f 7456/13/82 7454/14/14 7442/15/61 7441/16/16
f 7469/17/17 7462/18/18 7459/9/9 7445/12/12 7451/19/17 7468/20/20 7471/21/20 7470/22/21 7466/23/22 7467/24/16 7465/25/17
f 7478/26/23 7464/27/24 7458/28/50 7442/29/61 7454/30/14 7477/31/25 7476/32/25 7475/33/26 7472/34/34 7473/35/28 7474/36/23
f 7479/37/25 7452/38/14 7446/11/81 7460/10/58 7461/39/24 7480/40/23 7482/41/23 7481/42/15 7485/43/29 7483/44/30 7484/45/25
f 7463/46/18 7462/18/18 7469/17/17 7489/47/17 7490/48/31 7486/49/47 7496/50/33 7488/51/20 7468/20/20 7451/19/17 7456/52/82 7493/53/20 7492/54/20 7491/55/21 7497/56/22 7487/57/16 7495/58/17 7494/59/17
f 7445/12/12 7446/11/81 7452/60/14 7451/61/17
f 7453/62/75 7455/63/6 7450/6/6 7449/5/46
f 7443/4/4 7444/3/36 7455/63/6 7453/62/75
f 7456/52/82 7441/64/16 7457/65/22 7463/46/18 7494/59/17 7498/66/17 7499/67/31 7501/68/32 7500/69/33 7502/70/20 7493/53/20
f 7480/40/23 7461/39/24 7464/27/24 7478/26/23 7504/71/23 7507/72/15 7506/73/29 7508/74/30 7503/75/25 7477/31/25 7454/30/14 7452/38/14 7479/37/25 7512/76/25 7509/77/26 7510/78/45 7505/79/28 7511/80/23
f 7451/61/17 7452/60/14 7454/14/14 7456/13/82
f 7513/81/25 7464/27/24 7461/39/24 7524/82/25 7523/83/25 7521/84/26 7522/85/45 7518/86/28 7526/87/23 7525/88/23 7450/89/6 7455/90/6 7515/91/23 7516/92/23 7519/93/15 7517/94/2 7520/95/30 7514/96/6
f 7463/46/18 7457/65/22 7443/97/4 7453/98/75 7530/99/17 7527/100/17 7528/101/31 7532/102/32 7531/103/33 7533/104/20 7529/105/20
f 7453/98/75 7449/106/46 7539/107/17 7540/108/17 7535/109/31 7534/110/32 7543/111/33 7537/112/20 7538/113/20 7462/18/18 7463/46/18 7529/105/20 7541/114/20 7544/115/21 7545/116/22 7536/117/16 7542/118/17 7530/99/17
f 7524/82/25 7461/39/24 7460/10/58 7448/7/7 7450/89/6 7525/88/23 7547/119/23 7546/120/61 7549/121/55 7550/122/30 7548/123/25
f 7515/91/23 7455/90/6 7444/124/36 7458/28/50 7464/27/24 7513/81/25 7555/125/25 7554/126/26 7551/127/45 7553/128/28 7552/129/23
f 7539/107/17 7449/106/46 7447/8/8 7459/9/9 7462/18/18 7538/113/20 7560/130/20 7559/131/21 7557/132/22 7558/133/40 7556/134/17
f 7447/8/8 7448/7/7 7460/10/58 7459/9/9
f 7441/135/16 7442/136/61 7458/2/50 7457/1/22
f 7535/137/31 7518/138/28 7522/139/45 7534/140/32
f 7558/141/40 7546/142/61 7547/143/23 7556/144/17
f 7550/145/30 7549/146/55 7557/147/22 7559/148/21
f 7521/149/26 7523/150/25 7537/151/20 7543/152/33
f 7548/153/25 7550/145/30 7559/148/21 7560/154/20
f 7556/144/17 7547/143/23 7525/155/23 7526/156/23 7540/157/17 7539/158/17
f 7540/157/17 7526/156/23 7518/138/28 7535/137/31
f 7523/150/25 7524/159/25 7548/153/25 7560/154/20 7538/160/20 7537/151/20
f 7549/146/55 7546/142/61 7558/141/40 7557/147/22
f 7534/140/32 7522/139/45 7521/161/26 7543/162/33
f 7510/163/45 7486/164/47 7490/165/31 7505/166/28
f 7482/167/23 7465/168/17 7467/169/16 7481/170/15
f 7466/171/22 7470/172/21 7483/173/30 7485/174/29
f 7488/175/20 7496/176/33 7509/177/26 7512/178/25
f 7470/172/21 7471/179/20 7484/180/25 7483/173/30
f 7511/181/23 7489/182/17 7469/183/17 7465/168/17 7482/167/23 7480/184/23
f 7505/166/28 7490/165/31 7489/182/17 7511/181/23
f 7471/179/20 7468/185/20 7488/175/20 7512/178/25 7479/186/25 7484/180/25
f 7467/169/16 7466/171/22 7485/174/29 7481/170/15
f 7509/187/26 7496/188/33 7486/164/47 7510/163/45
f 7499/165/31 7473/166/28 7472/163/34 7501/164/32
f 7504/167/23 7495/168/17 7487/169/16 7507/170/15
f 7497/171/22 7491/172/21 7508/173/30 7506/174/29
f 7475/177/26 7476/178/25 7502/175/20 7500/176/33
f 7491/172/21 7492/179/20 7503/180/25 7508/173/30
f 7494/189/17 7495/168/17 7504/167/23 7478/190/23 7474/181/23 7498/182/17
f 7498/182/17 7474/181/23 7473/166/28 7499/165/31
f 7476/178/25 7477/191/25 7503/180/25 7492/179/20 7493/192/20 7502/175/20
f 7487/169/16 7497/171/22 7506/174/29 7507/170/15
f 7501/164/32 7472/163/34 7475/187/26 7500/188/33
f 7551/139/45 7532/140/32 7528/137/31 7553/138/28
f 7536/141/16 7519/142/15 7516/143/23 7542/144/17
f 7520/145/30 7517/146/2 7545/147/22 7544/148/21
f 7533/151/20 7531/152/33 7554/149/26 7555/150/25
f 7514/153/6 7520/145/30 7544/148/21 7541/154/20
f 7542/144/17 7516/143/23 7515/193/23 7552/156/23 7527/157/17 7530/194/17
f 7553/138/28 7528/137/31 7527/157/17 7552/156/23
f 7513/195/25 7514/153/6 7541/154/20 7529/196/20 7533/151/20 7555/150/25
f 7517/146/2 7519/142/15 7536/141/16 7545/147/22
f 7554/161/26 7531/162/33 7532/140/32 7551/139/45
f 7577/1/22 7578/2/50 7564/3/30 7563/4/21
f 7569/5/85 7570/6/6 7568/7/54 7567/8/8
f 7579/9/63 7580/10/58 7566/11/28 7565/12/12
f 7576/13/82 7574/14/14 7562/15/61 7561/16/16
f 7589/17/17 7582/18/18 7579/9/63 7565/12/12 7571/19/17 7588/20/20 7591/21/20 7590/22/21 7586/23/22 7587/24/16 7585/25/17
f 7598/26/23 7584/27/24 7578/28/50 7562/29/61 7574/30/14 7597/31/25 7596/32/25 7595/33/26 7592/34/34 7593/35/28 7594/36/23
f 7599/37/25 7572/38/14 7566/11/28 7580/10/58 7581/39/24 7600/40/23 7602/41/23 7601/42/15 7605/43/29 7603/44/30 7604/45/25
f 7583/46/18 7582/18/18 7589/17/17 7609/47/17 7610/48/31 7606/49/47 7616/50/33 7608/51/20 7588/20/20 7571/19/17 7576/52/82 7613/53/20 7612/54/20 7611/55/21 7617/56/22 7607/57/16 7615/58/17 7614/59/17
f 7565/12/12 7566/11/28 7572/60/14 7571/61/17
f 7573/62/62 7575/63/6 7570/6/6 7569/5/85
f 7563/4/21 7564/3/30 7575/63/6 7573/62/62
f 7576/52/82 7561/64/16 7577/65/22 7583/46/18 7614/59/17 7618/66/17 7619/67/31 7621/68/32 7620/69/33 7622/70/20 7613/53/20
f 7600/40/23 7581/39/24 7584/27/24 7598/26/23 7624/71/23 7627/72/15 7626/73/29 7628/74/30 7623/75/25 7597/31/25 7574/30/14 7572/38/14 7599/37/25 7632/76/25 7629/77/26 7630/78/34 7625/79/28 7631/80/23
f 7571/61/17 7572/60/14 7574/14/14 7576/13/82
f 7633/81/66 7584/27/24 7581/39/24 7644/82/66 7643/83/66 7641/84/67 7642/85/27 7638/86/28 7646/87/23 7645/88/23 7570/89/6 7575/90/6 7635/91/23 7636/92/23 7639/93/15 7637/94/29 7640/95/36 7634/96/66
f 7583/46/18 7577/65/22 7563/97/21 7573/98/62 7650/99/17 7647/100/17 7648/101/31 7652/102/47 7651/103/33 7653/104/68 7649/105/68
f 7573/98/62 7569/106/85 7659/107/17 7660/108/17 7655/109/31 7654/110/32 7663/111/33 7657/112/68 7658/113/68 7582/18/18 7583/46/18 7649/105/68 7661/114/68 7664/115/69 7665/116/22 7656/117/41 7662/118/17 7650/99/17
f 7644/82/66 7581/39/24 7580/10/58 7568/7/54 7570/89/6 7645/88/23 7667/119/23 7666/120/15 7669/121/29 7670/122/36 7668/123/66
f 7635/91/23 7575/90/6 7564/124/30 7578/28/50 7584/27/24 7633/81/66 7675/125/66 7674/126/67 7671/127/34 7673/128/28 7672/129/23
f 7659/107/17 7569/106/85 7567/8/8 7579/9/63 7582/18/18 7658/113/68 7680/130/68 7679/131/69 7677/132/22 7678/133/16 7676/134/17
f 7567/8/8 7568/7/54 7580/10/58 7579/9/63
f 7561/135/16 7562/136/61 7578/2/50 7577/1/22
f 7655/137/31 7638/138/28 7642/139/27 7654/140/32
f 7678/141/16 7666/142/15 7667/143/23 7676/144/17
f 7670/145/36 7669/146/29 7677/147/22 7679/148/69
f 7641/149/67 7643/150/66 7657/151/68 7663/152/33
f 7668/153/66 7670/145/36 7679/148/69 7680/154/68
f 7676/144/17 7667/143/23 7645/155/23 7646/156/23 7660/157/17 7659/158/17
f 7660/157/17 7646/156/23 7638/138/28 7655/137/31
f 7643/150/66 7644/159/66 7668/153/66 7680/154/68 7658/160/68 7657/151/68
f 7669/146/29 7666/142/15 7678/141/16 7677/147/22
f 7654/140/32 7642/139/27 7641/161/67 7663/162/33
f 7630/163/34 7606/164/47 7610/165/31 7625/166/28
f 7602/167/23 7585/168/17 7587/169/16 7601/170/15
f 7586/171/22 7590/172/21 7603/173/30 7605/174/29
f 7608/175/20 7616/176/33 7629/177/26 7632/178/25
f 7590/172/21 7591/179/20 7604/180/25 7603/173/30
f 7631/181/23 7609/182/17 7589/183/17 7585/168/17 7602/167/23 7600/184/23
f 7625/166/28 7610/165/31 7609/182/17 7631/181/23
f 7591/179/20 7588/185/20 7608/175/20 7632/178/25 7599/186/25 7604/180/25
f 7587/169/16 7586/171/22 7605/174/29 7601/170/15
f 7629/187/26 7616/188/33 7606/164/47 7630/163/34
f 7619/165/31 7593/166/28 7592/163/34 7621/164/32
f 7624/167/23 7615/168/17 7607/169/16 7627/170/15
f 7617/171/22 7611/172/21 7628/173/30 7626/174/29
f 7595/177/26 7596/178/25 7622/175/20 7620/176/33
f 7611/172/21 7612/179/20 7623/180/25 7628/173/30
f 7614/189/17 7615/168/17 7624/167/23 7598/190/23 7594/181/23 7618/182/17
f 7618/182/17 7594/181/23 7593/166/28 7619/165/31
f 7596/178/25 7597/191/25 7623/180/25 7612/179/20 7613/192/20 7622/175/20
f 7607/169/16 7617/171/22 7626/174/29 7627/170/15
f 7621/164/32 7592/163/34 7595/187/26 7620/188/33
f 7671/139/34 7652/140/47 7648/137/31 7673/138/28
f 7656/141/41 7639/142/15 7636/143/23 7662/144/17
f 7640/145/36 7637/146/29 7665/147/22 7664/148/69
f 7653/151/68 7651/152/33 7674/149/67 7675/150/66
f 7634/153/66 7640/145/36 7664/148/69 7661/154/68
f 7662/144/17 7636/143/23 7635/193/23 7672/156/23 7647/157/17 7650/194/17
f 7673/138/28 7648/137/31 7647/157/17 7672/156/23
f 7633/195/66 7634/153/66 7661/154/68 7649/196/68 7653/151/68 7675/150/66
f 7637/146/29 7639/142/15 7656/141/41 7665/147/22
f 7674/161/67 7651/162/33 7652/140/47 7671/139/34
f 7697/1/91 7698/2/2 7684/3/98 7683/4/21
f 7689/5/5 7690/6/6 7688/7/26 7687/8/8
f 7699/9/38 7700/10/10 7686/11/71 7685/12/37
f 7696/13/83 7694/14/14 7682/15/73 7681/16/74
f 7709/17/17 7702/18/18 7699/9/38 7685/12/37 7691/19/19 7708/20/20 7711/21/20 7710/22/21 7706/23/22 7707/24/16 7705/25/17
f 7718/26/23 7704/27/24 7698/28/2 7682/29/73 7694/30/14 7717/31/25 7716/32/25 7715/33/26 7712/34/34 7713/35/28 7714/36/23
f 7719/37/25 7692/38/14 7686/11/71 7700/10/10 7701/39/24 7720/40/23 7722/41/23 7721/42/15 7725/43/29 7723/44/30 7724/45/25
f 7703/46/18 7702/18/18 7709/17/17 7729/47/17 7730/48/31 7726/49/32 7736/50/33 7728/51/20 7708/20/20 7691/19/19 7696/52/83 7733/53/20 7732/54/20 7731/55/21 7737/56/22 7727/57/16 7735/58/17 7734/59/17
f 7685/12/37 7686/11/71 7692/60/14 7691/61/19
f 7693/62/5 7695/63/6 7690/6/6 7689/5/5
f 7683/4/21 7684/3/98 7695/63/6 7693/62/5
f 7696/52/83 7681/64/74 7697/65/91 7703/46/18 7734/59/17 7738/66/17 7739/67/31 7741/68/32 7740/69/33 7742/70/20 7733/53/20
f 7720/40/23 7701/39/24 7704/27/24 7718/26/23 7744/71/23 7747/72/15 7746/73/29 7748/74/30 7743/75/25 7717/31/25 7694/30/14 7692/38/14 7719/37/25 7752/76/25 7749/77/26 7750/78/45 7745/79/28 7751/80/23
f 7691/61/19 7692/60/14 7694/14/14 7696/13/83
f 7753/81/25 7704/27/24 7701/39/24 7764/82/25 7763/83/25 7761/84/78 7762/85/34 7758/86/28 7766/87/35 7765/88/35 7690/89/6 7695/90/6 7755/91/35 7756/92/35 7759/93/15 7757/94/29 7760/95/36 7754/96/25
f 7703/46/18 7697/65/91 7683/97/21 7693/98/5 7770/99/19 7767/100/19 7768/101/31 7772/102/32 7771/103/33 7773/104/20 7769/105/20
f 7693/98/5 7689/106/5 7779/107/19 7780/108/19 7775/109/31 7774/110/32 7783/111/33 7777/112/20 7778/113/20 7702/18/18 7703/46/18 7769/105/20 7781/114/20 7784/115/21 7785/116/39 7776/117/40 7782/118/19 7770/99/19
f 7764/82/25 7701/39/24 7700/10/10 7688/7/26 7690/89/6 7765/88/35 7787/119/35 7786/120/15 7789/121/87 7790/122/30 7788/123/25
f 7755/91/35 7695/90/6 7684/124/98 7698/28/2 7704/27/24 7753/81/25 7795/125/25 7794/126/26 7791/127/34 7793/128/28 7792/129/35
f 7779/107/19 7689/106/5 7687/8/8 7699/9/38 7702/18/18 7778/113/20 7800/130/20 7799/131/21 7797/132/22 7798/133/16 7796/134/19
f 7687/8/8 7688/7/26 7700/10/10 7699/9/38
f 7681/135/74 7682/136/73 7698/2/2 7697/1/91
f 7775/137/31 7758/138/28 7762/139/34 7774/140/32
f 7798/141/16 7786/142/15 7787/143/35 7796/144/19
f 7790/145/30 7789/146/87 7797/147/22 7799/148/21
f 7761/149/78 7763/150/25 7777/151/20 7783/152/33
f 7788/153/25 7790/145/30 7799/148/21 7800/154/20
f 7796/144/19 7787/143/35 7765/155/35 7766/156/35 7780/157/19 7779/158/19
f 7780/157/19 7766/156/35 7758/138/28 7775/137/31
f 7763/150/25 7764/159/25 7788/153/25 7800/154/20 7778/160/20 7777/151/20
f 7789/146/87 7786/142/15 7798/141/16 7797/147/22
f 7774/140/32 7762/139/34 7761/161/78 7783/162/33
f 7750/163/45 7726/164/32 7730/165/31 7745/166/28
f 7722/167/23 7705/168/17 7707/169/16 7721/170/15
f 7706/171/22 7710/172/21 7723/173/30 7725/174/29
f 7728/175/20 7736/176/33 7749/177/26 7752/178/25
f 7710/172/21 7711/179/20 7724/180/25 7723/173/30
f 7751/181/23 7729/182/17 7709/183/17 7705/168/17 7722/167/23 7720/184/23
f 7745/166/28 7730/165/31 7729/182/17 7751/181/23
f 7711/179/20 7708/185/20 7728/175/20 7752/178/25 7719/186/25 7724/180/25
f 7707/169/16 7706/171/22 7725/174/29 7721/170/15
f 7749/187/26 7736/188/33 7726/164/32 7750/163/45
f 7739/165/31 7713/166/28 7712/163/34 7741/164/32
f 7744/167/23 7735/168/17 7727/169/16 7747/170/15
f 7737/171/22 7731/172/21 7748/173/30 7746/174/29
f 7715/177/26 7716/178/25 7742/175/20 7740/176/33
f 7731/172/21 7732/179/20 7743/180/25 7748/173/30
f 7734/189/17 7735/168/17 7744/167/23 7718/190/23 7714/181/23 7738/182/17
f 7738/182/17 7714/181/23 7713/166/28 7739/165/31
f 7716/178/25 7717/191/25 7743/180/25 7732/179/20 7733/192/20 7742/175/20
f 7727/169/16 7737/171/22 7746/174/29 7747/170/15
f 7741/164/32 7712/163/34 7715/187/26 7740/188/33
f 7791/139/34 7772/140/32 7768/137/31 7793/138/28
f 7776/141/40 7759/142/15 7756/143/35 7782/144/19
f 7760/145/36 7757/146/29 7785/147/39 7784/148/21
f 7773/151/20 7771/152/33 7794/149/26 7795/150/25
f 7754/153/25 7760/145/36 7784/148/21 7781/154/20
f 7782/144/19 7756/143/35 7755/193/35 7792/156/35 7767/157/19 7770/194/19
f 7793/138/28 7768/137/31 7767/157/19 7792/156/35
f 7753/195/25 7754/153/25 7781/154/20 7769/196/20 7773/151/20 7795/150/25
f 7757/146/29 7759/142/15 7776/141/40 7785/147/39
f 7794/161/26 7771/162/33 7772/140/32 7791/139/34
f 7817/1/91 7818/2/2 7804/3/36 7803/4/21
f 7809/5/5 7810/6/6 7808/7/26 7807/8/8
f 7819/9/77 7820/10/10 7806/11/71 7805/12/12
f 7816/13/83 7814/14/14 7802/15/73 7801/16/74
f 7829/17/17 7822/18/18 7819/9/77 7805/12/12 7811/19/19 7828/20/20 7831/21/20 7830/22/21 7826/23/22 7827/24/16 7825/25/17
f 7838/26/23 7824/27/24 7818/28/2 7802/29/73 7814/30/14 7837/31/25 7836/32/25 7835/33/26 7832/34/34 7833/35/28 7834/36/23
f 7839/37/25 7812/38/14 7806/11/71 7820/10/10 7821/39/24 7840/40/23 7842/41/23 7841/42/15 7845/43/29 7843/44/30 7844/45/25
f 7823/46/18 7822/18/18 7829/17/17 7849/47/17 7850/48/31 7846/49/32 7856/50/33 7848/51/20 7828/20/20 7811/19/19 7816/52/83 7853/53/20 7852/54/20 7851/55/21 7857/56/22 7847/57/16 7855/58/17 7854/59/17
f 7805/12/12 7806/11/71 7812/60/14 7811/61/19
f 7813/62/5 7815/63/6 7810/6/6 7809/5/5
f 7803/4/21 7804/3/36 7815/63/6 7813/62/5
f 7816/52/83 7801/64/74 7817/65/91 7823/46/18 7854/59/17 7858/66/17 7859/67/31 7861/68/32 7860/69/33 7862/70/20 7853/53/20
f 7840/40/23 7821/39/24 7824/27/24 7838/26/23 7864/71/23 7867/72/15 7866/73/29 7868/74/30 7863/75/25 7837/31/25 7814/30/14 7812/38/14 7839/37/25 7872/76/25 7869/77/26 7870/78/45 7865/79/28 7871/80/23
f 7811/61/19 7812/60/14 7814/14/14 7816/13/83
f 7873/81/25 7824/27/24 7821/39/24 7884/82/25 7883/83/25 7881/84/78 7882/85/34 7878/86/28 7886/87/35 7885/88/35 7810/89/6 7815/90/6 7875/91/35 7876/92/35 7879/93/15 7877/94/29 7880/95/3 7874/96/25
f 7823/46/18 7817/65/91 7803/97/21 7813/98/5 7890/99/19 7887/100/19 7888/101/31 7892/102/32 7891/103/33 7893/104/20 7889/105/20
f 7813/98/5 7809/106/5 7899/107/19 7900/108/19 7895/109/31 7894/110/32 7903/111/33 7897/112/20 7898/113/20 7822/18/18 7823/46/18 7889/105/20 7901/114/20 7904/115/21 7905/116/39 7896/117/40 7902/118/19 7890/99/19
f 7884/82/25 7821/39/24 7820/10/10 7808/7/26 7810/89/6 7885/88/35 7907/119/35 7906/120/15 7909/121/87 7910/122/30 7908/123/25
f 7875/91/35 7815/90/6 7804/124/36 7818/28/2 7824/27/24 7873/81/25 7915/125/25 7914/126/26 7911/127/34 7913/128/28 7912/129/35
f 7899/107/19 7809/106/5 7807/8/8 7819/9/77 7822/18/18 7898/113/20 7920/130/20 7919/131/21 7917/132/22 7918/133/16 7916/134/19
f 7807/8/8 7808/7/26 7820/10/10 7819/9/77
f 7801/135/74 7802/136/73 7818/2/2 7817/1/91
f 7895/137/31 7878/138/28 7882/139/34 7894/140/32
f 7918/141/16 7906/142/15 7907/143/35 7916/144/19
f 7910/145/30 7909/146/87 7917/147/22 7919/148/21
f 7881/149/78 7883/150/25 7897/151/20 7903/152/33
f 7908/153/25 7910/145/30 7919/148/21 7920/154/20
f 7916/144/19 7907/143/35 7885/155/35 7886/156/35 7900/157/19 7899/158/19
f 7900/157/19 7886/156/35 7878/138/28 7895/137/31
f 7883/150/25 7884/159/25 7908/153/25 7920/154/20 7898/160/20 7897/151/20
f 7909/146/87 7906/142/15 7918/141/16 7917/147/22
f 7894/140/32 7882/139/34 7881/161/78 7903/162/33
f 7870/163/45 7846/164/32 7850/165/31 7865/166/28
f 7842/167/23 7825/168/17 7827/169/16 7841/170/15
f 7826/171/22 7830/172/21 7843/173/30 7845/174/29
f 7848/175/20 7856/176/33 7869/177/26 7872/178/25
f 7830/172/21 7831/179/20 7844/180/25 7843/173/30
f 7871/181/23 7849/182/17 7829/183/17 7825/168/17 7842/167/23 7840/184/23
f 7865/166/28 7850/165/31 7849/182/17 7871/181/23
f 7831/179/20 7828/185/20 7848/175/20 7872/178/25 7839/186/25 7844/180/25
f 7827/169/16 7826/171/22 7845/174/29 7841/170/15
f 7869/187/26 7856/188/33 7846/164/32 7870/163/45
f 7859/165/31 7833/166/28 7832/163/34 7861/164/32
f 7864/167/23 7855/168/17 7847/169/16 7867/170/15
f 7857/171/22 7851/172/21 7868/173/30 7866/174/29
f 7835/177/26 7836/178/25 7862/175/20 7860/176/33
f 7851/172/21 7852/179/20 7863/180/25 7868/173/30
f 7854/189/17 7855/168/17 7864/167/23 7838/190/23 7834/181/23 7858/182/17
f 7858/182/17 7834/181/23 7833/166/28 7859/165/31
f 7836/178/25 7837/191/25 7863/180/25 7852/179/20 7853/192/20 7862/175/20
f 7847/169/16 7857/171/22 7866/174/29 7867/170/15
f 7861/164/32 7832/163/34 7835/187/26 7860/188/33
f 7911/139/34 7892/140/32 7888/137/31 7913/138/28
f 7896/141/40 7879/142/15 7876/143/35 7902/144/19
f 7880/145/3 7877/146/29 7905/147/39 7904/148/21
f 7893/151/20 7891/152/33 7914/149/26 7915/150/25
f 7874/153/25 7880/145/3 7904/148/21 7901/154/20
f 7902/144/19 7876/143/35 7875/193/35 7912/156/35 7887/157/19 7890/194/19
f 7913/138/28 7888/137/31 7887/157/19 7912/156/35
f 7873/195/25 7874/153/25 7901/154/20 7889/196/20 7893/151/20 7915/150/25
f 7877/146/29 7879/142/15 7896/141/40 7905/147/39
f 7914/161/26 7891/162/33 7892/140/32 7911/139/34
f 7937/1/22 7938/2/2 7924/3/98 7923/4/21
f 7929/5/5 7930/6/6 7928/7/26 7927/8/8
f 7939/9/38 7940/10/10 7926/11/71 7925/12/12
f 7936/13/44 7934/14/14 7922/15/73 7921/16/74
f 7949/17/17 7942/18/18 7939/9/38 7925/12/12 7931/19/19 7948/20/20 7951/21/20 7950/22/21 7946/23/22 7947/24/16 7945/25/17
f 7958/26/23 7944/27/24 7938/28/2 7922/29/73 7934/30/14 7957/31/25 7956/32/25 7955/33/26 7952/34/34 7953/35/28 7954/36/23
f 7959/37/25 7932/38/14 7926/11/71 7940/10/10 7941/39/24 7960/40/23 7962/41/23 7961/42/15 7965/43/29 7963/44/30 7964/45/25
f 7943/46/18 7942/18/18 7949/17/17 7969/47/17 7970/48/31 7966/49/32 7976/50/33 7968/51/20 7948/20/20 7931/19/19 7936/52/44 7973/53/20 7972/54/20 7971/55/21 7977/56/22 7967/57/16 7975/58/17 7974/59/17
f 7925/12/12 7926/11/71 7932/60/14 7931/61/19
f 7933/62/5 7935/63/6 7930/6/6 7929/5/5
f 7923/4/21 7924/3/98 7935/63/6 7933/62/5
f 7936/52/44 7921/64/74 7937/65/22 7943/46/18 7974/59/17 7978/66/17 7979/67/31 7981/68/32 7980/69/33 7982/70/20 7973/53/20
f 7960/40/23 7941/39/24 7944/27/24 7958/26/23 7984/71/23 7987/72/15 7986/73/29 7988/74/30 7983/75/25 7957/31/25 7934/30/14 7932/38/14 7959/37/25 7992/76/25 7989/77/26 7990/78/45 7985/79/28 7991/80/23
f 7931/61/19 7932/60/14 7934/14/14 7936/13/44
f 7993/81/25 7944/27/24 7941/39/24 8004/82/25 8003/83/25 8001/84/26 8002/85/34 7998/86/28 8006/87/23 8005/88/23 7930/89/6 7935/90/6 7995/91/23 7996/92/23 7999/93/15 7997/94/29 8000/95/3 7994/96/25
f 7943/46/18 7937/65/22 7923/97/21 7933/98/5 8010/99/17 8007/100/17 8008/101/31 8012/102/32 8011/103/33 8013/104/20 8009/105/20
f 7933/98/5 7929/106/5 8019/107/17 8020/108/17 8015/109/31 8014/110/47 8023/111/33 8017/112/20 8018/113/20 7942/18/18 7943/46/18 8009/105/20 8021/114/20 8024/115/21 8025/116/22 8016/117/16 8022/118/17 8010/99/17
f 8004/82/25 7941/39/24 7940/10/10 7928/7/26 7930/89/6 8005/88/23 8027/119/23 8026/120/15 8029/121/29 8030/122/30 8028/123/25
f 7995/91/23 7935/90/6 7924/124/98 7938/28/2 7944/27/24 7993/81/25 8035/125/25 8034/126/26 8031/127/34 8033/128/28 8032/129/23
f 8019/107/17 7929/106/5 7927/8/8 7939/9/38 7942/18/18 8018/113/20 8040/130/20 8039/131/21 8037/132/22 8038/133/16 8036/134/17
f 7927/8/8 7928/7/26 7940/10/10 7939/9/38
f 7921/135/74 7922/136/73 7938/2/2 7937/1/22
f 8015/137/31 7998/138/28 8002/139/34 8014/140/47
f 8038/141/16 8026/142/15 8027/143/23 8036/144/17
f 8030/145/30 8029/146/29 8037/147/22 8039/148/21
f 8001/149/26 8003/150/25 8017/151/20 8023/152/33
f 8028/153/25 8030/145/30 8039/148/21 8040/154/20
f 8036/144/17 8027/143/23 8005/155/23 8006/156/23 8020/157/17 8019/158/17
f 8020/157/17 8006/156/23 7998/138/28 8015/137/31
f 8003/150/25 8004/159/25 8028/153/25 8040/154/20 8018/160/20 8017/151/20
f 8029/146/29 8026/142/15 8038/141/16 8037/147/22
f 8014/140/47 8002/139/34 8001/161/26 8023/162/33
f 7990/163/45 7966/164/32 7970/165/31 7985/166/28
f 7962/167/23 7945/168/17 7947/169/16 7961/170/15
f 7946/171/22 7950/172/21 7963/173/30 7965/174/29
f 7968/175/20 7976/176/33 7989/177/26 7992/178/25
f 7950/172/21 7951/179/20 7964/180/25 7963/173/30
f 7991/181/23 7969/182/17 7949/183/17 7945/168/17 7962/167/23 7960/184/23
f 7985/166/28 7970/165/31 7969/182/17 7991/181/23
f 7951/179/20 7948/185/20 7968/175/20 7992/178/25 7959/186/25 7964/180/25
f 7947/169/16 7946/171/22 7965/174/29 7961/170/15
f 7989/187/26 7976/188/33 7966/164/32 7990/163/45
f 7979/165/31 7953/166/28 7952/163/34 7981/164/32
f 7984/167/23 7975/168/17 7967/169/16 7987/170/15
f 7977/171/22 7971/172/21 7988/173/30 7986/174/29
f 7955/177/26 7956/178/25 7982/175/20 7980/176/33
f 7971/172/21 7972/179/20 7983/180/25 7988/173/30
f 7974/189/17 7975/168/17 7984/167/23 7958/190/23 7954/181/23 7978/182/17
f 7978/182/17 7954/181/23 7953/166/28 7979/165/31
f 7956/178/25 7957/191/25 7983/180/25 7972/179/20 7973/192/20 7982/175/20
f 7967/169/16 7977/171/22 7986/174/29 7987/170/15
f 7981/164/32 7952/163/34 7955/187/26 7980/188/33
f 8031/139/34 8012/140/32 8008/137/31 8033/138/28
f 8016/141/16 7999/142/15 7996/143/23 8022/144/17
f 8000/145/3 7997/146/29 8025/147/22 8024/148/21
f 8013/151/20 8011/152/33 8034/149/26 8035/150/25
f 7994/153/25 8000/145/3 8024/148/21 8021/154/20
f 8022/144/17 7996/143/23 7995/193/23 8032/156/23 8007/157/17 8010/194/17
f 8033/138/28 8008/137/31 8007/157/17 8032/156/23
f 7993/195/25 7994/153/25 8021/154/20 8009/196/20 8013/151/20 8035/150/25
f 7997/146/29 7999/142/15 8016/141/16 8025/147/22
f 8034/161/26 8011/162/33 8012/140/32 8031/139/34
f 8057/1/22 8058/2/50 8044/3/48 8043/4/4
f 8049/5/5 8050/6/25 8048/7/67 8047/8/8
f 8059/9/38 8060/10/10 8046/11/71 8045/12/12
f 8056/13/44 8054/14/14 8042/15/73 8041/16/74
f 8069/17/17 8062/18/18 8059/9/38 8045/12/12 8051/19/19 8068/20/20 8071/21/20 8070/22/21 8066/23/22 8067/24/16 8065/25/17
f 8078/26/23 8064/27/24 8058/28/50 8042/29/73 8054/30/14 8077/31/25 8076/32/25 8075/33/26 8072/34/34 8073/35/28 8074/36/23
f 8079/37/25 8052/38/14 8046/11/71 8060/10/10 8061/39/24 8080/40/23 8082/41/23 8081/42/15 8085/43/29 8083/44/30 8084/45/25
f 8063/46/18 8062/18/18 8069/17/17 8089/47/17 8090/48/31 8086/49/32 8096/50/33 8088/51/20 8068/20/20 8051/19/19 8056/52/44 8093/53/20 8092/54/20 8091/55/21 8097/56/22 8087/57/16 8095/58/17 8094/59/17
f 8045/12/12 8046/11/71 8052/60/14 8051/61/19
f 8053/62/75 8055/63/25 8050/6/25 8049/5/5
f 8043/4/4 8044/3/48 8055/63/25 8053/62/75
f 8056/52/44 8041/64/74 8057/65/22 8063/46/18 8094/59/17 8098/66/17 8099/67/31 8101/68/32 8100/69/33 8102/70/20 8093/53/20
f 8080/40/23 8061/39/24 8064/27/24 8078/26/23 8104/71/23 8107/72/15 8106/73/29 8108/74/30 8103/75/25 8077/31/25 8054/30/14 8052/38/14 8079/37/25 8112/76/25 8109/77/26 8110/78/45 8105/79/28 8111/80/23
f 8051/61/19 8052/60/14 8054/14/14 8056/13/44
f 8113/81/6 8064/27/24 8061/39/24 8124/82/6 8123/83/6 8121/84/26 8122/85/34 8118/86/28 8126/87/23 8125/88/23 8050/89/25 8055/90/25 8115/91/23 8116/92/23 8119/93/15 8117/94/50 8120/95/36 8114/96/6
f 8063/46/18 8057/65/22 8043/97/4 8053/98/75 8130/99/17 8127/100/17 8128/101/31 8132/102/32 8131/103/33 8133/104/51 8129/105/51
f 8053/98/75 8049/106/5 8139/107/17 8140/108/17 8135/109/31 8134/110/38 8143/111/33 8137/112/51 8138/113/51 8062/18/18 8063/46/18 8129/105/51 8141/114/51 8144/115/21 8145/116/22 8136/117/16 8142/118/17 8130/99/17
f 8124/82/6 8061/39/24 8060/10/10 8048/7/67 8050/89/25 8125/88/23 8147/119/23 8146/120/15 8149/121/55 8150/122/30 8148/123/6
f 8115/91/23 8055/90/25 8044/124/48 8058/28/50 8064/27/24 8113/81/6 8155/125/6 8154/126/26 8151/127/34 8153/128/28 8152/129/23
f 8139/107/17 8049/106/5 8047/8/8 8059/9/38 8062/18/18 8138/113/51 8160/130/51 8159/131/21 8157/132/39 8158/133/16 8156/134/17
f 8047/8/8 8048/7/67 8060/10/10 8059/9/38
f 8041/135/74 8042/136/73 8058/2/50 8057/1/22
f 8135/137/31 8118/138/28 8122/139/34 8134/140/38
f 8158/141/16 8146/142/15 8147/143/23 8156/144/17
f 8150/145/30 8149/146/55 8157/147/39 8159/148/21
f 8121/149/26 8123/150/6 8137/151/51 8143/152/33
f 8148/153/6 8150/145/30 8159/148/21 8160/154/51
f 8156/144/17 8147/143/23 8125/155/23 8126/156/23 8140/157/17 8139/158/17
f 8140/157/17 8126/156/23 8118/138/28 8135/137/31
f 8123/150/6 8124/159/6 8148/153/6 8160/154/51 8138/160/51 8137/151/51
f 8149/146/55 8146/142/15 8158/141/16 8157/147/39
f 8134/140/38 8122/139/34 8121/161/26 8143/162/33
f 8110/163/45 8086/164/32 8090/165/31 8105/166/28
f 8082/167/23 8065/168/17 8067/169/16 8081/170/15
f 8066/171/22 8070/172/21 8083/173/30 8085/174/29
f 8088/175/20 8096/176/33 8109/177/26 8112/178/25
f 8070/172/21 8071/179/20 8084/180/25 8083/173/30
f 8111/181/23 8089/182/17 8069/183/17 8065/168/17 8082/167/23 8080/184/23
f 8105/166/28 8090/165/31 8089/182/17 8111/181/23
f 8071/179/20 8068/185/20 8088/175/20 8112/178/25 8079/186/25 8084/180/25
f 8067/169/16 8066/171/22 8085/174/29 8081/170/15
f 8109/187/26 8096/188/33 8086/164/32 8110/163/45
f 8099/165/31 8073/166/28 8072/163/34 8101/164/32
f 8104/167/23 8095/168/17 8087/169/16 8107/170/15
f 8097/171/22 8091/172/21 8108/173/30 8106/174/29
f 8075/177/26 8076/178/25 8102/175/20 8100/176/33
f 8091/172/21 8092/179/20 8103/180/25 8108/173/30
f 8094/189/17 8095/168/17 8104/167/23 8078/190/23 8074/181/23 8098/182/17
f 8098/182/17 8074/181/23 8073/166/28 8099/165/31
f 8076/178/25 8077/191/25 8103/180/25 8092/179/20 8093/192/20 8102/175/20
f 8087/169/16 8097/171/22 8106/174/29 8107/170/15
f 8101/164/32 8072/163/34 8075/187/26 8100/188/33
f 8151/139/34 8132/140/32 8128/137/31 8153/138/28
f 8136/141/16 8119/142/15 8116/143/23 8142/144/17
f 8120/145/36 8117/146/50 8145/147/22 8144/148/21
f 8133/151/51 8131/152/33 8154/149/26 8155/150/6
f 8114/153/6 8120/145/36 8144/148/21 8141/154/51
f 8142/144/17 8116/143/23 8115/193/23 8152/156/23 8127/157/17 8130/194/17
f 8153/138/28 8128/137/31 8127/157/17 8152/156/23
f 8113/195/6 8114/153/6 8141/154/51 8129/196/51 8133/151/51 8155/150/6
f 8117/146/50 8119/142/15 8136/141/16 8145/147/22
f 8154/161/26 8131/162/33 8132/140/32 8151/139/34
f 8177/1/22 8178/2/2 8164/3/36 8163/4/49
f 8169/5/5 8170/6/6 8168/7/26 8167/8/8
f 8179/9/38 8180/10/10 8166/11/71 8165/12/12
f 8176/13/83 8174/14/14 8162/15/73 8161/16/74
f 8189/17/17 8182/18/18 8179/9/38 8165/12/12 8171/19/19 8188/20/51 8191/21/51 8190/22/21 8186/23/39 8187/24/16 8185/25/17
f 8198/26/23 8184/27/24 8178/28/2 8162/29/73 8174/30/14 8197/31/6 8196/32/6 8195/33/26 8192/34/34 8193/35/28 8194/36/23
f 8199/37/6 8172/38/14 8166/11/71 8180/10/10 8181/39/24 8200/40/23 8202/41/23 8201/42/15 8205/43/55 8203/44/30 8204/45/6
f 8183/46/18 8182/18/18 8189/17/17 8209/47/17 8210/48/31 8206/49/32 8216/50/33 8208/51/51 8188/20/51 8171/19/19 8176/52/83 8213/53/51 8212/54/51 8211/55/21 8217/56/22 8207/57/16 8215/58/17 8214/59/17
f 8165/12/12 8166/11/71 8172/60/14 8171/61/19
f 8173/62/5 8175/63/6 8170/6/6 8169/5/5
f 8163/4/49 8164/3/36 8175/63/6 8173/62/5
f 8176/52/83 8161/64/74 8177/65/22 8183/46/18 8214/59/17 8218/66/17 8219/67/31 8221/68/32 8220/69/33 8222/70/51 8213/53/51
f 8200/40/23 8181/39/24 8184/27/24 8198/26/23 8224/71/23 8227/72/15 8226/73/55 8228/74/36 8223/75/6 8197/31/6 8174/30/14 8172/38/14 8199/37/6 8232/76/6 8229/77/26 8230/78/34 8225/79/28 8231/80/23
f 8171/61/19 8172/60/14 8174/14/14 8176/13/83
f 8233/81/25 8184/27/24 8181/39/24 8244/82/25 8243/83/6 8241/84/78 8242/85/45 8238/86/28 8246/87/23 8245/88/23 8170/89/6 8175/90/6 8235/91/23 8236/92/23 8239/93/15 8237/94/2 8240/95/3 8234/96/25
f 8183/46/18 8177/65/22 8163/97/49 8173/98/5 8250/99/17 8247/100/17 8248/101/31 8252/102/32 8251/103/33 8253/104/20 8249/105/20
f 8173/98/5 8169/106/5 8259/107/17 8260/108/17 8255/109/31 8254/110/38 8263/111/33 8257/112/20 8258/113/20 8182/18/18 8183/46/18 8249/105/20 8261/114/20 8264/115/21 8265/116/22 8256/117/16 8262/118/17 8250/99/17
f 8244/82/25 8181/39/24 8180/10/10 8168/7/26 8170/89/6 8245/88/23 8267/119/23 8266/120/15 8269/121/29 8270/122/30 8268/123/25
f 8235/91/23 8175/90/6 8164/124/36 8178/28/2 8184/27/24 8233/81/25 8275/125/25 8274/126/26 8271/127/34 8273/128/28 8272/129/23
f 8259/107/17 8169/106/5 8167/8/8 8179/9/38 8182/18/18 8258/113/20 8280/130/20 8279/131/21 8277/132/22 8278/133/16 8276/134/17
f 8167/8/8 8168/7/26 8180/10/10 8179/9/38
f 8161/135/74 8162/136/73 8178/2/2 8177/1/22
f 8255/137/31 8238/138/28 8242/139/45 8254/140/38
f 8278/141/16 8266/142/15 8267/143/23 8276/144/17
f 8270/145/30 8269/146/29 8277/147/22 8279/148/21
f 8241/149/78 8243/150/6 8257/151/20 8263/152/33
f 8268/153/25 8270/145/30 8279/148/21 8280/154/20
f 8276/144/17 8267/143/23 8245/155/23 8246/156/23 8260/157/17 8259/158/17
f 8260/157/17 8246/156/23 8238/138/28 8255/137/31
f 8243/150/6 8244/159/25 8268/153/25 8280/154/20 8258/160/20 8257/151/20
f 8269/146/29 8266/142/15 8278/141/16 8277/147/22
f 8254/140/38 8242/139/45 8241/161/78 8263/162/33
f 8230/163/34 8206/164/32 8210/165/31 8225/166/28
f 8202/167/23 8185/168/17 8187/169/16 8201/170/15
f 8186/171/39 8190/172/21 8203/173/30 8205/174/55
f 8208/175/51 8216/176/33 8229/177/26 8232/178/6
f 8190/172/21 8191/179/51 8204/180/6 8203/173/30
f 8231/181/23 8209/182/17 8189/183/17 8185/168/17 8202/167/23 8200/184/23
f 8225/166/28 8210/165/31 8209/182/17 8231/181/23
f 8191/179/51 8188/185/51 8208/175/51 8232/178/6 8199/186/6 8204/180/6
f 8187/169/16 8186/171/39 8205/174/55 8201/170/15
f 8229/187/26 8216/188/33 8206/164/32 8230/163/34
f 8219/165/31 8193/166/28 8192/163/34 8221/164/32
f 8224/167/23 8215/168/17 8207/169/16 8227/170/15
f 8217/171/22 8211/172/21 8228/173/36 8226/174/55
f 8195/177/26 8196/178/6 8222/175/51 8220/176/33
f 8211/172/21 8212/179/51 8223/180/6 8228/173/36
f 8214/189/17 8215/168/17 8224/167/23 8198/190/23 8194/181/23 8218/182/17
f 8218/182/17 8194/181/23 8193/166/28 8219/165/31
f 8196/178/6 8197/191/6 8223/180/6 8212/179/51 8213/192/51 8222/175/51
f 8207/169/16 8217/171/22 8226/174/55 8227/170/15
f 8221/164/32 8192/163/34 8195/187/26 8220/188/33
f 8271/139/34 8252/140/32 8248/137/31 8273/138/28
f 8256/141/16 8239/142/15 8236/143/23 8262/144/17
f 8240/145/3 8237/146/2 8265/147/22 8264/148/21
f 8253/151/20 8251/152/33 8274/149/26 8275/150/25
f 8234/153/25 8240/145/3 8264/148/21 8261/154/20
f 8262/144/17 8236/143/23 8235/193/23 8272/156/23 8247/157/17 8250/194/17
f 8273/138/28 8248/137/31 8247/157/17 8272/156/23
f 8233/195/25 8234/153/25 8261/154/20 8249/196/20 8253/151/20 8275/150/25
f 8237/146/2 8239/142/15 8256/141/16 8265/147/22
f 8274/161/26 8251/162/33 8252/140/32 8271/139/34
f 8297/1/91 8298/2/2 8284/3/36 8283/4/49
f 8289/5/5 8290/6/6 8288/7/26 8287/8/8
f 8299/9/38 8300/10/10 8286/11/71 8285/12/37
f 8296/13/83 8294/14/14 8282/15/73 8281/16/74
f 8309/17/17 8302/18/18 8299/9/38 8285/12/37 8291/19/19 8308/20/51 8311/21/51 8310/22/21 8306/23/39 8307/24/16 8305/25/17
f 8318/26/23 8304/27/24 8298/28/2 8282/29/73 8294/30/14 8317/31/6 8316/32/6 8315/33/26 8312/34/34 8313/35/28 8314/36/23
f 8319/37/6 8292/38/14 8286/11/71 8300/10/10 8301/39/24 8320/40/23 8322/41/23 8321/42/15 8325/43/55 8323/44/30 8324/45/6
f 8303/46/18 8302/18/18 8309/17/17 8329/47/17 8330/48/31 8326/49/32 8336/50/33 8328/51/51 8308/20/51 8291/19/19 8296/52/83 8333/53/51 8332/54/51 8331/55/21 8337/56/22 8327/57/16 8335/58/17 8334/59/17
f 8285/12/37 8286/11/71 8292/60/14 8291/61/19
f 8293/62/5 8295/63/6 8290/6/6 8289/5/5
f 8283/4/49 8284/3/36 8295/63/6 8293/62/5
f 8296/52/83 8281/64/74 8297/65/91 8303/46/18 8334/59/17 8338/66/17 8339/67/31 8341/68/32 8340/69/33 8342/70/51 8333/53/51
f 8320/40/23 8301/39/24 8304/27/24 8318/26/23 8344/71/23 8347/72/15 8346/73/55 8348/74/36 8343/75/6 8317/31/6 8294/30/14 8292/38/14 8319/37/6 8352/76/6 8349/77/26 8350/78/34 8345/79/28 8351/80/23
f 8291/61/19 8292/60/14 8294/14/14 8296/13/83
f 8353/81/25 8304/27/24 8301/39/24 8364/82/25 8363/83/6 8361/84/78 8362/85/45 8358/86/28 8366/87/23 8365/88/23 8290/89/6 8295/90/6 8355/91/23 8356/92/23 8359/93/15 8357/94/2 8360/95/3 8354/96/25
f 8303/46/18 8297/65/91 8283/97/49 8293/98/5 8370/99/17 8367/100/17 8368/101/31 8372/102/32 8371/103/33 8373/104/20 8369/105/20
f 8293/98/5 8289/106/5 8379/107/17 8380/108/17 8375/109/31 8374/110/38 8383/111/33 8377/112/20 8378/113/20 8302/18/18 8303/46/18 8369/105/20 8381/114/20 8384/115/21 8385/116/22 8376/117/16 8382/118/17 8370/99/17
f 8364/82/25 8301/39/24 8300/10/10 8288/7/26 8290/89/6 8365/88/23 8387/119/23 8386/120/15 8389/121/29 8390/122/30 8388/123/25
f 8355/91/23 8295/90/6 8284/124/36 8298/28/2 8304/27/24 8353/81/25 8395/125/25 8394/126/26 8391/127/34 8393/128/28 8392/129/23
f 8379/107/17 8289/106/5 8287/8/8 8299/9/38 8302/18/18 8378/113/20 8400/130/20 8399/131/21 8397/132/22 8398/133/16 8396/134/17
f 8287/8/8 8288/7/26 8300/10/10 8299/9/38
f 8281/135/74 8282/136/73 8298/2/2 8297/1/91
f 8375/137/31 8358/138/28 8362/139/45 8374/140/38
f 8398/141/16 8386/142/15 8387/143/23 8396/144/17
f 8390/145/30 8389/146/29 8397/147/22 8399/148/21
f 8361/149/78 8363/150/6 8377/151/20 8383/152/33
f 8388/153/25 8390/145/30 8399/148/21 8400/154/20
f 8396/144/17 8387/143/23 8365/155/23 8366/156/23 8380/157/17 8379/158/17
f 8380/157/17 8366/156/23 8358/138/28 8375/137/31
f 8363/150/6 8364/159/25 8388/153/25 8400/154/20 8378/160/20 8377/151/20
f 8389/146/29 8386/142/15 8398/141/16 8397/147/22
f 8374/140/38 8362/139/45 8361/161/78 8383/162/33
f 8350/163/34 8326/164/32 8330/165/31 8345/166/28
f 8322/167/23 8305/168/17 8307/169/16 8321/170/15
f 8306/171/39 8310/172/21 8323/173/30 8325/174/55
f 8328/175/51 8336/176/33 8349/177/26 8352/178/6
f 8310/172/21 8311/179/51 8324/180/6 8323/173/30
f 8351/181/23 8329/182/17 8309/183/17 8305/168/17 8322/167/23 8320/184/23
f 8345/166/28 8330/165/31 8329/182/17 8351/181/23
f 8311/179/51 8308/185/51 8328/175/51 8352/178/6 8319/186/6 8324/180/6
f 8307/169/16 8306/171/39 8325/174/55 8321/170/15
f 8349/187/26 8336/188/33 8326/164/32 8350/163/34
f 8339/165/31 8313/166/28 8312/163/34 8341/164/32
f 8344/167/23 8335/168/17 8327/169/16 8347/170/15
f 8337/171/22 8331/172/21 8348/173/36 8346/174/55
f 8315/177/26 8316/178/6 8342/175/51 8340/176/33
f 8331/172/21 8332/179/51 8343/180/6 8348/173/36
f 8334/189/17 8335/168/17 8344/167/23 8318/190/23 8314/181/23 8338/182/17
f 8338/182/17 8314/181/23 8313/166/28 8339/165/31
f 8316/178/6 8317/191/6 8343/180/6 8332/179/51 8333/192/51 8342/175/51
f 8327/169/16 8337/171/22 8346/174/55 8347/170/15
f 8341/164/32 8312/163/34 8315/187/26 8340/188/33
f 8391/139/34 8372/140/32 8368/137/31 8393/138/28
f 8376/141/16 8359/142/15 8356/143/23 8382/144/17
f 8360/145/3 8357/146/2 8385/147/22 8384/148/21
f 8373/151/20 8371/152/33 8394/149/26 8395/150/25
f 8354/153/25 8360/145/3 8384/148/21 8381/154/20
f 8382/144/17 8356/143/23 8355/193/23 8392/156/23 8367/157/17 8370/194/17
f 8393/138/28 8368/137/31 8367/157/17 8392/156/23
f 8353/195/25 8354/153/25 8381/154/20 8369/196/20 8373/151/20 8395/150/25
f 8357/146/2 8359/142/15 8376/141/16 8385/147/22
f 8394/161/26 8371/162/33 8372/140/32 8391/139/34
f 8417/1/91 8418/2/2 8404/3/98 8403/4/49
f 8409/5/75 8410/6/6 8408/7/26 8407/8/8
f 8419/9/77 8420/10/10 8406/11/81 8405/12/12
f 8416/13/64 8414/14/14 8402/15/60 8401/16/40
f 8429/17/17 8422/18/18 8419/9/77 8405/12/12 8411/19/17 8428/20/20 8431/21/20 8430/22/21 8426/23/22 8427/24/16 8425/25/17
f 8438/26/23 8424/27/24 8418/28/2 8402/29/60 8414/30/14 8437/31/25 8436/32/25 8435/33/26 8432/34/34 8433/35/28 8434/36/23
f 8439/37/25 8412/38/14 8406/11/81 8420/10/10 8421/39/24 8440/40/23 8442/41/23 8441/42/15 8445/43/29 8443/44/30 8444/45/25
f 8423/46/18 8422/18/18 8429/17/17 8449/47/17 8450/48/31 8446/49/32 8456/50/33 8448/51/20 8428/20/20 8411/19/17 8416/52/64 8453/53/20 8452/54/20 8451/55/21 8457/56/22 8447/57/16 8455/58/17 8454/59/17
f 8405/12/12 8406/11/81 8412/60/14 8411/61/17
f 8413/62/5 8415/63/6 8410/6/6 8409/5/75
f 8403/4/49 8404/3/98 8415/63/6 8413/62/5
f 8416/52/64 8401/64/40 8417/65/91 8423/46/18 8454/59/17 8458/66/17 8459/67/31 8461/68/32 8460/69/33 8462/70/20 8453/53/20
f 8440/40/23 8421/39/24 8424/27/24 8438/26/23 8464/71/23 8467/72/15 8466/73/29 8468/74/30 8463/75/25 8437/31/25 8414/30/14 8412/38/14 8439/37/25 8472/76/25 8469/77/26 8470/78/45 8465/79/28 8471/80/23
f 8411/61/17 8412/60/14 8414/14/14 8416/13/64
f 8473/81/25 8424/27/24 8421/39/24 8484/82/25 8483/83/6 8481/84/78 8482/85/34 8478/86/81 8486/87/23 8485/88/23 8410/89/6 8415/90/6 8475/91/23 8476/92/23 8479/93/61 8477/94/50 8480/95/3 8474/96/25
f 8423/46/18 8417/65/91 8403/97/49 8413/98/5 8490/99/17 8487/100/17 8488/101/31 8492/102/32 8491/103/33 8493/104/20 8489/105/20
f 8413/98/5 8409/106/75 8499/107/17 8500/108/17 8495/109/31 8494/110/38 8503/111/33 8497/112/20 8498/113/20 8422/18/18 8423/46/18 8489/105/20 8501/114/20 8504/115/21 8505/116/22 8496/117/40 8502/118/17 8490/99/17
f 8484/82/25 8421/39/24 8420/10/10 8408/7/26 8410/89/6 8485/88/23 8507/119/23 8506/120/15 8509/121/55 8510/122/30 8508/123/25
f 8475/91/23 8415/90/6 8404/124/98 8418/28/2 8424/27/24 8473/81/25 8515/125/25 8514/126/26 8511/127/34 8513/128/28 8512/129/23
f 8499/107/17 8409/106/75 8407/8/8 8419/9/77 8422/18/18 8498/113/20 8520/130/20 8519/131/21 8517/132/22 8518/133/16 8516/134/17
f 8407/8/8 8408/7/26 8420/10/10 8419/9/77
f 8401/135/40 8402/136/60 8418/2/2 8417/1/91
f 8495/137/31 8478/138/81 8482/139/34 8494/140/38
f 8518/141/16 8506/142/15 8507/143/23 8516/144/17
f 8510/145/30 8509/146/55 8517/147/22 8519/148/21
f 8481/149/78 8483/150/6 8497/151/20 8503/152/33
f 8508/153/25 8510/145/30 8519/148/21 8520/154/20
f 8516/144/17 8507/143/23 8485/155/23 8486/156/23 8500/157/17 8499/158/17
f 8500/157/17 8486/156/23 8478/138/81 8495/137/31
f 8483/150/6 8484/159/25 8508/153/25 8520/154/20 8498/160/20 8497/151/20
f 8509/146/55 8506/142/15 8518/141/16 8517/147/22
f 8494/140/38 8482/139/34 8481/161/78 8503/162/33
f 8470/163/45 8446/164/32 8450/165/31 8465/166/28
f 8442/167/23 8425/168/17 8427/169/16 8441/170/15
f 8426/171/22 8430/172/21 8443/173/30 8445/174/29
f 8448/175/20 8456/176/33 8469/177/26 8472/178/25
f 8430/172/21 8431/179/20 8444/180/25 8443/173/30
f 8471/181/23 8449/182/17 8429/183/17 8425/168/17 8442/167/23 8440/184/23
f 8465/166/28 8450/165/31 8449/182/17 8471/181/23
f 8431/179/20 8428/185/20 8448/175/20 8472/178/25 8439/186/25 8444/180/25
f 8427/169/16 8426/171/22 8445/174/29 8441/170/15
f 8469/187/26 8456/188/33 8446/164/32 8470/163/45
f 8459/165/31 8433/166/28 8432/163/34 8461/164/32
f 8464/167/23 8455/168/17 8447/169/16 8467/170/15
f 8457/171/22 8451/172/21 8468/173/30 8466/174/29
f 8435/177/26 8436/178/25 8462/175/20 8460/176/33
f 8451/172/21 8452/179/20 8463/180/25 8468/173/30
f 8454/189/17 8455/168/17 8464/167/23 8438/190/23 8434/181/23 8458/182/17
f 8458/182/17 8434/181/23 8433/166/28 8459/165/31
f 8436/178/25 8437/191/25 8463/180/25 8452/179/20 8453/192/20 8462/175/20
f 8447/169/16 8457/171/22 8466/174/29 8467/170/15
f 8461/164/32 8432/163/34 8435/187/26 8460/188/33
f 8511/139/34 8492/140/32 8488/137/31 8513/138/28
f 8496/141/40 8479/142/61 8476/143/23 8502/144/17
f 8480/145/3 8477/146/50 8505/147/22 8504/148/21
f 8493/151/20 8491/152/33 8514/149/26 8515/150/25
f 8474/153/25 8480/145/3 8504/148/21 8501/154/20
f 8502/144/17 8476/143/23 8475/193/23 8512/156/23 8487/157/17 8490/194/17
f 8513/138/28 8488/137/31 8487/157/17 8512/156/23
f 8473/195/25 8474/153/25 8501/154/20 8489/196/20 8493/151/20 8515/150/25
f 8477/146/50 8479/142/61 8496/141/40 8505/147/22
f 8514/161/26 8491/162/33 8492/140/32 8511/139/34
f 8537/1/92 8538/2/2 8524/3/36 8523/4/21
f 8529/5/99 8530/6/6 8528/7/7 8527/8/43
f 8539/9/38 8540/10/10 8526/11/28 8525/12/12
f 8536/13/59 8534/14/14 8522/15/60 8521/16/40
f 8549/17/17 8542/18/18 8539/9/38 8525/12/12 8531/19/17 8548/20/20 8551/21/20 8550/22/21 8546/23/22 8547/24/16 8545/25/17
f 8558/26/23 8544/27/24 8538/28/2 8522/29/60 8534/30/14 8557/31/25 8556/32/25 8555/33/26 8552/34/34 8553/35/28 8554/36/23
f 8559/37/25 8532/38/14 8526/11/28 8540/10/10 8541/39/24 8560/40/23 8562/41/23 8561/42/15 8565/43/29 8563/44/30 8564/45/25
f 8543/46/18 8542/18/18 8549/17/17 8569/47/17 8570/48/31 8566/49/32 8576/50/33 8568/51/20 8548/20/20 8531/19/17 8536/52/59 8573/53/20 8572/54/20 8571/55/21 8577/56/22 8567/57/16 8575/58/17 8574/59/17
f 8525/12/12 8526/11/28 8532/60/14 8531/61/17
f 8533/62/65 8535/63/6 8530/6/6 8529/5/99
f 8523/4/21 8524/3/36 8535/63/6 8533/62/65
f 8536/52/59 8521/64/40 8537/65/92 8543/46/18 8574/59/17 8578/66/17 8579/67/31 8581/68/32 8580/69/33 8582/70/20 8573/53/20
f 8560/40/23 8541/39/24 8544/27/24 8558/26/23 8584/71/23 8587/72/15 8586/73/29 8588/74/30 8583/75/25 8557/31/25 8534/30/14 8532/38/14 8559/37/25 8592/76/25 8589/77/26 8590/78/45 8585/79/28 8591/80/23
f 8531/61/17 8532/60/14 8534/14/14 8536/13/59
f 8593/81/66 8544/27/24 8541/39/24 8604/82/66 8603/83/66 8601/84/67 8602/85/34 8598/86/28 8606/87/23 8605/88/23 8530/89/6 8535/90/6 8595/91/23 8596/92/23 8599/93/15 8597/94/29 8600/95/36 8594/96/66
f 8543/46/18 8537/65/92 8523/97/21 8533/98/65 8610/99/17 8607/100/17 8608/101/31 8612/102/32 8611/103/33 8613/104/68 8609/105/68
f 8533/98/65 8529/106/99 8619/107/17 8620/108/17 8615/109/31 8614/110/32 8623/111/33 8617/112/68 8618/113/68 8542/18/18 8543/46/18 8609/105/68 8621/114/68 8624/115/69 8625/116/22 8616/117/16 8622/118/17 8610/99/17
f 8604/82/66 8541/39/24 8540/10/10 8528/7/7 8530/89/6 8605/88/23 8627/119/23 8626/120/15 8629/121/87 8630/122/36 8628/123/66
f 8595/91/23 8535/90/6 8524/124/36 8538/28/2 8544/27/24 8593/81/66 8635/125/66 8634/126/54 8631/127/34 8633/128/28 8632/129/23
f 8619/107/17 8529/106/99 8527/8/43 8539/9/38 8542/18/18 8618/113/68 8640/130/68 8639/131/21 8637/132/22 8638/133/16 8636/134/17
f 8527/8/43 8528/7/7 8540/10/10 8539/9/38
f 8521/135/40 8522/136/60 8538/2/2 8537/1/92
f 8615/137/31 8598/138/28 8602/139/34 8614/140/32
f 8638/141/16 8626/142/15 8627/143/23 8636/144/17
f 8630/145/36 8629/146/87 8637/147/22 8639/148/21
f 8601/149/67 8603/150/66 8617/151/68 8623/152/33
f 8628/153/66 8630/145/36 8639/148/21 8640/154/68
f 8636/144/17 8627/143/23 8605/155/23 8606/156/23 8620/157/17 8619/158/17
f 8620/157/17 8606/156/23 8598/138/28 8615/137/31
f 8603/150/66 8604/159/66 8628/153/66 8640/154/68 8618/160/68 8617/151/68
f 8629/146/87 8626/142/15 8638/141/16 8637/147/22
f 8614/140/32 8602/139/34 8601/161/67 8623/162/33
f 8590/163/45 8566/164/32 8570/165/31 8585/166/28
f 8562/167/23 8545/168/17 8547/169/16 8561/170/15
f 8546/171/22 8550/172/21 8563/173/30 8565/174/29
f 8568/175/20 8576/176/33 8589/177/26 8592/178/25
f 8550/172/21 8551/179/20 8564/180/25 8563/173/30
f 8591/181/23 8569/182/17 8549/183/17 8545/168/17 8562/167/23 8560/184/23
f 8585/166/28 8570/165/31 8569/182/17 8591/181/23
f 8551/179/20 8548/185/20 8568/175/20 8592/178/25 8559/186/25 8564/180/25
f 8547/169/16 8546/171/22 8565/174/29 8561/170/15
f 8589/187/26 8576/188/33 8566/164/32 8590/163/45
f 8579/165/31 8553/166/28 8552/163/34 8581/164/32
f 8584/167/23 8575/168/17 8567/169/16 8587/170/15
f 8577/171/22 8571/172/21 8588/173/30 8586/174/29
f 8555/177/26 8556/178/25 8582/175/20 8580/176/33
f 8571/172/21 8572/179/20 8583/180/25 8588/173/30
f 8574/189/17 8575/168/17 8584/167/23 8558/190/23 8554/181/23 8578/182/17
f 8578/182/17 8554/181/23 8553/166/28 8579/165/31
f 8556/178/25 8557/191/25 8583/180/25 8572/179/20 8573/192/20 8582/175/20
f 8567/169/16 8577/171/22 8586/174/29 8587/170/15
f 8581/164/32 8552/163/34 8555/187/26 8580/188/33
f 8631/139/34 8612/140/32 8608/137/31 8633/138/28
f 8616/141/16 8599/142/15 8596/143/23 8622/144/17
f 8600/145/36 8597/146/29 8625/147/22 8624/148/69
f 8613/151/68 8611/152/33 8634/149/54 8635/150/66
f 8594/153/66 8600/145/36 8624/148/69 8621/154/68
f 8622/144/17 8596/143/23 8595/193/23 8632/156/23 8607/157/17 8610/194/17
f 8633/138/28 8608/137/31 8607/157/17 8632/156/23
f 8593/195/66 8594/153/66 8621/154/68 8609/196/68 8613/151/68 8635/150/66
f 8597/146/29 8599/142/15 8616/141/16 8625/147/22
f 8634/161/54 8611/162/33 8612/140/32 8631/139/34
f 8657/1/42 8658/2/2 8644/3/3 8643/4/4
f 8649/5/5 8650/6/6 8648/7/7 8647/8/8
f 8659/9/32 8660/10/10 8646/11/11 8645/12/12
f 8656/13/83 8654/14/14 8642/15/15 8641/16/74
f 8669/17/17 8662/18/18 8659/9/32 8645/12/12 8651/19/19 8668/20/20 8671/21/20 8670/22/21 8666/23/22 8667/24/16 8665/25/17
f 8678/26/23 8664/27/24 8658/28/2 8642/29/15 8654/30/14 8677/31/25 8676/32/25 8675/33/26 8672/34/27 8673/35/28 8674/36/23
f 8679/37/25 8652/38/14 8646/11/11 8660/10/10 8661/39/24 8680/40/23 8682/41/23 8681/42/15 8685/43/29 8683/44/30 8684/45/25
f 8663/46/18 8662/18/18 8669/17/17 8689/47/17 8690/48/31 8686/49/32 8696/50/33 8688/51/20 8668/20/20 8651/19/19 8656/52/83 8693/53/20 8692/54/20 8691/55/21 8697/56/22 8687/57/16 8695/58/17 8694/59/17
f 8645/12/12 8646/11/11 8652/60/14 8651/61/19
f 8653/62/46 8655/63/6 8650/6/6 8649/5/5
f 8643/4/4 8644/3/3 8655/63/6 8653/62/46
f 8656/52/83 8641/64/74 8657/65/42 8663/46/18 8694/59/17 8698/66/17 8699/67/31 8701/68/32 8700/69/33 8702/70/20 8693/53/20
f 8680/40/23 8661/39/24 8664/27/24 8678/26/23 8704/71/23 8707/72/15 8706/73/29 8708/74/30 8703/75/25 8677/31/25 8654/30/14 8652/38/14 8679/37/25 8712/76/25 8709/77/26 8710/78/27 8705/79/28 8711/80/23
f 8651/61/19 8652/60/14 8654/14/14 8656/13/83
f 8713/81/25 8664/27/24 8661/39/24 8724/82/25 8723/83/25 8721/84/26 8722/85/34 8718/86/28 8726/87/35 8725/88/35 8650/89/6 8655/90/6 8715/91/35 8716/92/35 8719/93/15 8717/94/29 8720/95/36 8714/96/25
f 8663/46/18 8657/65/42 8643/97/4 8653/98/46 8730/99/19 8727/100/19 8728/101/31 8732/102/32 8731/103/33 8733/104/20 8729/105/20
f 8653/98/46 8649/106/5 8739/107/19 8740/108/19 8735/109/31 8734/110/32 8743/111/33 8737/112/20 8738/113/20 8662/18/18 8663/46/18 8729/105/20 8741/114/20 8744/115/21 8745/116/22 8736/117/16 8742/118/19 8730/99/19
f 8724/82/25 8661/39/24 8660/10/10 8648/7/7 8650/89/6 8725/88/35 8747/119/35 8746/120/15 8749/121/29 8750/122/30 8748/123/25
f 8715/91/35 8655/90/6 8644/124/3 8658/28/2 8664/27/24 8713/81/25 8755/125/25 8754/126/26 8751/127/34 8753/128/28 8752/129/35
f 8739/107/19 8649/106/5 8647/8/8 8659/9/32 8662/18/18 8738/113/20 8760/130/20 8759/131/21 8757/132/22 8758/133/16 8756/134/19
f 8647/8/8 8648/7/7 8660/10/10 8659/9/32
f 8641/135/74 8642/136/15 8658/2/2 8657/1/42
f 8735/137/31 8718/138/28 8722/139/34 8734/140/32
f 8758/141/16 8746/142/15 8747/143/35 8756/144/19
f 8750/145/30 8749/146/29 8757/147/22 8759/148/21
f 8721/149/26 8723/150/25 8737/151/20 8743/152/33
f 8748/153/25 8750/145/30 8759/148/21 8760/154/20
f 8756/144/19 8747/143/35 8725/155/35 8726/156/35 8740/157/19 8739/158/19
f 8740/157/19 8726/156/35 8718/138/28 8735/137/31
f 8723/150/25 8724/159/25 8748/153/25 8760/154/20 8738/160/20 8737/151/20
f 8749/146/29 8746/142/15 8758/141/16 8757/147/22
f 8734/140/32 8722/139/34 8721/161/26 8743/162/33
f 8710/163/27 8686/164/32 8690/165/31 8705/166/28
f 8682/167/23 8665/168/17 8667/169/16 8681/170/15
f 8666/171/22 8670/172/21 8683/173/30 8685/174/29
f 8688/175/20 8696/176/33 8709/177/26 8712/178/25
f 8670/172/21 8671/179/20 8684/180/25 8683/173/30
f 8711/181/23 8689/182/17 8669/183/17 8665/168/17 8682/167/23 8680/184/23
f 8705/166/28 8690/165/31 8689/182/17 8711/181/23
f 8671/179/20 8668/185/20 8688/175/20 8712/178/25 8679/186/25 8684/180/25
f 8667/169/16 8666/171/22 8685/174/29 8681/170/15
f 8709/187/26 8696/188/33 8686/164/32 8710/163/27
f 8699/165/31 8673/166/28 8672/163/27 8701/164/32
f 8704/167/23 8695/168/17 8687/169/16 8707/170/15
f 8697/171/22 8691/172/21 8708/173/30 8706/174/29
f 8675/177/26 8676/178/25 8702/175/20 8700/176/33
f 8691/172/21 8692/179/20 8703/180/25 8708/173/30
f 8694/189/17 8695/168/17 8704/167/23 8678/190/23 8674/181/23 8698/182/17
f 8698/182/17 8674/181/23 8673/166/28 8699/165/31
f 8676/178/25 8677/191/25 8703/180/25 8692/179/20 8693/192/20 8702/175/20
f 8687/169/16 8697/171/22 8706/174/29 8707/170/15
f 8701/164/32 8672/163/27 8675/187/26 8700/188/33
f 8751/139/34 8732/140/32 8728/137/31 8753/138/28
f 8736/141/16 8719/142/15 8716/143/35 8742/144/19
f 8720/145/36 8717/146/29 8745/147/22 8744/148/21
f 8733/151/20 8731/152/33 8754/149/26 8755/150/25
f 8714/153/25 8720/145/36 8744/148/21 8741/154/20
f 8742/144/19 8716/143/35 8715/193/35 8752/156/35 8727/157/19 8730/194/19
f 8753/138/28 8728/137/31 8727/157/19 8752/156/35
f 8713/195/25 8714/153/25 8741/154/20 8729/196/20 8733/151/20 8755/150/25
f 8717/146/29 8719/142/15 8736/141/16 8745/147/22
f 8754/161/26 8731/162/33 8732/140/32 8751/139/34
f 8777/1/97 8778/2/2 8764/3/3 8763/4/4
f 8769/5/5 8770/6/6 8768/7/7 8767/8/8
f 8779/9/32 8780/10/10 8766/11/11 8765/12/12
f 8776/13/83 8774/14/14 8762/15/15 8761/16/74
f 8789/17/17 8782/18/18 8779/9/32 8765/12/12 8771/19/19 8788/20/20 8791/21/20 8790/22/21 8786/23/22 8787/24/16 8785/25/17
f 8798/26/23 8784/27/24 8778/28/2 8762/29/15 8774/30/14 8797/31/25 8796/32/25 8795/33/26 8792/34/27 8793/35/28 8794/36/23
f 8799/37/25 8772/38/14 8766/11/11 8780/10/10 8781/39/24 8800/40/23 8802/41/23 8801/42/15 8805/43/29 8803/44/30 8804/45/25
f 8783/46/18 8782/18/18 8789/17/17 8809/47/17 8810/48/31 8806/49/32 8816/50/33 8808/51/20 8788/20/20 8771/19/19 8776/52/83 8813/53/20 8812/54/20 8811/55/21 8817/56/22 8807/57/16 8815/58/17 8814/59/17
f 8765/12/12 8766/11/11 8772/60/14 8771/61/19
f 8773/62/46 8775/63/6 8770/6/6 8769/5/5
f 8763/4/4 8764/3/3 8775/63/6 8773/62/46
f 8776/52/83 8761/64/74 8777/65/97 8783/46/18 8814/59/17 8818/66/17 8819/67/31 8821/68/32 8820/69/33 8822/70/20 8813/53/20
f 8800/40/23 8781/39/24 8784/27/24 8798/26/23 8824/71/23 8827/72/15 8826/73/29 8828/74/30 8823/75/25 8797/31/25 8774/30/14 8772/38/14 8799/37/25 8832/76/25 8829/77/26 8830/78/27 8825/79/28 8831/80/23
f 8771/61/19 8772/60/14 8774/14/14 8776/13/83
f 8833/81/25 8784/27/24 8781/39/24 8844/82/25 8843/83/25 8841/84/26 8842/85/34 8838/86/28 8846/87/35 8845/88/35 8770/89/6 8775/90/6 8835/91/35 8836/92/35 8839/93/15 8837/94/29 8840/95/3 8834/96/25
f 8783/46/18 8777/65/97 8763/97/4 8773/98/46 8850/99/19 8847/100/19 8848/101/31 8852/102/47 8851/103/33 8853/104/20 8849/105/20
f 8773/98/46 8769/106/5 8859/107/19 8860/108/19 8855/109/31 8854/110/32 8863/111/33 8857/112/20 8858/113/20 8782/18/18 8783/46/18 8849/105/20 8861/114/20 8864/115/21 8865/116/22 8856/117/16 8862/118/19 8850/99/19
f 8844/82/25 8781/39/24 8780/10/10 8768/7/7 8770/89/6 8845/88/35 8867/119/35 8866/120/15 8869/121/29 8870/122/30 8868/123/25
f 8835/91/35 8775/90/6 8764/124/3 8778/28/2 8784/27/24 8833/81/25 8875/125/25 8874/126/26 8871/127/34 8873/128/28 8872/129/35
f 8859/107/19 8769/106/5 8767/8/8 8779/9/32 8782/18/18 8858/113/20 8880/130/20 8879/131/21 8877/132/22 8878/133/41 8876/134/19
f 8767/8/8 8768/7/7 8780/10/10 8779/9/32
f 8761/135/74 8762/136/15 8778/2/2 8777/1/97
f 8855/137/31 8838/138/28 8842/139/34 8854/140/32
f 8878/141/41 8866/142/15 8867/143/35 8876/144/19
f 8870/145/30 8869/146/29 8877/147/22 8879/148/21
f 8841/149/26 8843/150/25 8857/151/20 8863/152/33
f 8868/153/25 8870/145/30 8879/148/21 8880/154/20
f 8876/144/19 8867/143/35 8845/155/35 8846/156/35 8860/157/19 8859/158/19
f 8860/157/19 8846/156/35 8838/138/28 8855/137/31
f 8843/150/25 8844/159/25 8868/153/25 8880/154/20 8858/160/20 8857/151/20
f 8869/146/29 8866/142/15 8878/141/41 8877/147/22
f 8854/140/32 8842/139/34 8841/161/26 8863/162/33
f 8830/163/27 8806/164/32 8810/165/31 8825/166/28
f 8802/167/23 8785/168/17 8787/169/16 8801/170/15
f 8786/171/22 8790/172/21 8803/173/30 8805/174/29
f 8808/175/20 8816/176/33 8829/177/26 8832/178/25
f 8790/172/21 8791/179/20 8804/180/25 8803/173/30
f 8831/181/23 8809/182/17 8789/183/17 8785/168/17 8802/167/23 8800/184/23
f 8825/166/28 8810/165/31 8809/182/17 8831/181/23
f 8791/179/20 8788/185/20 8808/175/20 8832/178/25 8799/186/25 8804/180/25
f 8787/169/16 8786/171/22 8805/174/29 8801/170/15
f 8829/187/26 8816/188/33 8806/164/32 8830/163/27
f 8819/165/31 8793/166/28 8792/163/27 8821/164/32
f 8824/167/23 8815/168/17 8807/169/16 8827/170/15
f 8817/171/22 8811/172/21 8828/173/30 8826/174/29
f 8795/177/26 8796/178/25 8822/175/20 8820/176/33
f 8811/172/21 8812/179/20 8823/180/25 8828/173/30
f 8814/189/17 8815/168/17 8824/167/23 8798/190/23 8794/181/23 8818/182/17
f 8818/182/17 8794/181/23 8793/166/28 8819/165/31
f 8796/178/25 8797/191/25 8823/180/25 8812/179/20 8813/192/20 8822/175/20
f 8807/169/16 8817/171/22 8826/174/29 8827/170/15
f 8821/164/32 8792/163/27 8795/187/26 8820/188/33
f 8871/139/34 8852/140/47 8848/137/31 8873/138/28
f 8856/141/16 8839/142/15 8836/143/35 8862/144/19
f 8840/145/3 8837/146/29 8865/147/22 8864/148/21
f 8853/151/20 8851/152/33 8874/149/26 8875/150/25
f 8834/153/25 8840/145/3 8864/148/21 8861/154/20
f 8862/144/19 8836/143/35 8835/193/35 8872/156/35 8847/157/19 8850/194/19
f 8873/138/28 8848/137/31 8847/157/19 8872/156/35
f 8833/195/25 8834/153/25 8861/154/20 8849/196/20 8853/151/20 8875/150/25
f 8837/146/29 8839/142/15 8856/141/16 8865/147/22
f 8874/161/26 8851/162/33 8852/140/47 8871/139/34
f 8897/1/42 8898/2/2 8884/3/3 8883/4/4
f 8889/5/5 8890/6/6 8888/7/7 8887/8/43
f 8899/9/32 8900/10/10 8886/11/11 8885/12/12
f 8896/13/100 8894/14/14 8882/15/15 8881/16/74
f 8909/17/17 8902/18/18 8899/9/32 8885/12/12 8891/19/19 8908/20/20 8911/21/20 8910/22/21 8906/23/22 8907/24/16 8905/25/17
f 8918/26/23 8904/27/24 8898/28/2 8882/29/15 8894/30/14 8917/31/25 8916/32/25 8915/33/26 8912/34/45 8913/35/28 8914/36/23
f 8919/37/25 8892/38/14 8886/11/11 8900/10/10 8901/39/24 8920/40/23 8922/41/23 8921/42/15 8925/43/29 8923/44/30 8924/45/25
f 8903/46/18 8902/18/18 8909/17/17 8929/47/17 8930/48/31 8926/49/32 8936/50/33 8928/51/20 8908/20/20 8891/19/19 8896/52/100 8933/53/20 8932/54/20 8931/55/21 8937/56/22 8927/57/16 8935/58/17 8934/59/17
f 8885/12/12 8886/11/11 8892/60/14 8891/61/19
f 8893/62/5 8895/63/6 8890/6/6 8889/5/5
f 8883/4/4 8884/3/3 8895/63/6 8893/62/5
f 8896/52/100 8881/64/74 8897/65/42 8903/46/18 8934/59/17 8938/66/17 8939/67/31 8941/68/32 8940/69/33 8942/70/20 8933/53/20
f 8920/40/23 8901/39/24 8904/27/24 8918/26/23 8944/71/23 8947/72/15 8946/73/29 8948/74/30 8943/75/25 8917/31/25 8894/30/14 8892/38/14 8919/37/25 8952/76/25 8949/77/26 8950/78/45 8945/79/28 8951/80/23
f 8891/61/19 8892/60/14 8894/14/14 8896/13/100
f 8953/81/25 8904/27/24 8901/39/24 8964/82/25 8963/83/25 8961/84/26 8962/85/34 8958/86/28 8966/87/23 8965/88/23 8890/89/6 8895/90/6 8955/91/23 8956/92/23 8959/93/15 8957/94/29 8960/95/3 8954/96/25
f 8903/46/18 8897/65/42 8883/97/4 8893/98/5 8970/99/17 8967/100/17 8968/101/31 8972/102/32 8971/103/33 8973/104/20 8969/105/20
f 8893/98/5 8889/106/5 8979/107/17 8980/108/17 8975/109/31 8974/110/32 8983/111/33 8977/112/20 8978/113/20 8902/18/18 8903/46/18 8969/105/20 8981/114/20 8984/115/21 8985/116/22 8976/117/16 8982/118/17 8970/99/17
f 8964/82/25 8901/39/24 8900/10/10 8888/7/7 8890/89/6 8965/88/23 8987/119/23 8986/120/15 8989/121/29 8990/122/30 8988/123/25
f 8955/91/23 8895/90/6 8884/124/3 8898/28/2 8904/27/24 8953/81/25 8995/125/25 8994/126/26 8991/127/34 8993/128/28 8992/129/23
f 8979/107/17 8889/106/5 8887/8/43 8899/9/32 8902/18/18 8978/113/20 9000/130/20 8999/131/21 8997/132/22 8998/133/16 8996/134/17
f 8887/8/43 8888/7/7 8900/10/10 8899/9/32
f 8881/135/74 8882/136/15 8898/2/2 8897/1/42
f 8975/137/31 8958/138/28 8962/139/34 8974/140/32
f 8998/141/16 8986/142/15 8987/143/23 8996/144/17
f 8990/145/30 8989/146/29 8997/147/22 8999/148/21
f 8961/149/26 8963/150/25 8977/151/20 8983/152/33
f 8988/153/25 8990/145/30 8999/148/21 9000/154/20
f 8996/144/17 8987/143/23 8965/155/23 8966/156/23 8980/157/17 8979/158/17
f 8980/157/17 8966/156/23 8958/138/28 8975/137/31
f 8963/150/25 8964/159/25 8988/153/25 9000/154/20 8978/160/20 8977/151/20
f 8989/146/29 8986/142/15 8998/141/16 8997/147/22
f 8974/140/32 8962/139/34 8961/161/26 8983/162/33
f 8950/163/45 8926/164/32 8930/165/31 8945/166/28
f 8922/167/23 8905/168/17 8907/169/16 8921/170/15
f 8906/171/22 8910/172/21 8923/173/30 8925/174/29
f 8928/175/20 8936/176/33 8949/177/26 8952/178/25
f 8910/172/21 8911/179/20 8924/180/25 8923/173/30
f 8951/181/23 8929/182/17 8909/183/17 8905/168/17 8922/167/23 8920/184/23
f 8945/166/28 8930/165/31 8929/182/17 8951/181/23
f 8911/179/20 8908/185/20 8928/175/20 8952/178/25 8919/186/25 8924/180/25
f 8907/169/16 8906/171/22 8925/174/29 8921/170/15
f 8949/187/26 8936/188/33 8926/164/32 8950/163/45
f 8939/165/31 8913/166/28 8912/163/45 8941/164/32
f 8944/167/23 8935/168/17 8927/169/16 8947/170/15
f 8937/171/22 8931/172/21 8948/173/30 8946/174/29
f 8915/177/26 8916/178/25 8942/175/20 8940/176/33
f 8931/172/21 8932/179/20 8943/180/25 8948/173/30
f 8934/189/17 8935/168/17 8944/167/23 8918/190/23 8914/181/23 8938/182/17
f 8938/182/17 8914/181/23 8913/166/28 8939/165/31
f 8916/178/25 8917/191/25 8943/180/25 8932/179/20 8933/192/20 8942/175/20
f 8927/169/16 8937/171/22 8946/174/29 8947/170/15
f 8941/164/32 8912/163/45 8915/187/26 8940/188/33
f 8991/139/34 8972/140/32 8968/137/31 8993/138/28
f 8976/141/16 8959/142/15 8956/143/23 8982/144/17
f 8960/145/3 8957/146/29 8985/147/22 8984/148/21
f 8973/151/20 8971/152/33 8994/149/26 8995/150/25
f 8954/153/25 8960/145/3 8984/148/21 8981/154/20
f 8982/144/17 8956/143/23 8955/193/23 8992/156/23 8967/157/17 8970/194/17
f 8993/138/28 8968/137/31 8967/157/17 8992/156/23
f 8953/195/25 8954/153/25 8981/154/20 8969/196/20 8973/151/20 8995/150/25
f 8957/146/29 8959/142/15 8976/141/16 8985/147/22
f 8994/161/26 8971/162/33 8972/140/32 8991/139/34
f 9017/1/84 9018/2/2 9004/3/3 9003/4/49
f 9009/5/46 9010/6/25 9008/7/26 9007/8/43
f 9019/9/32 9020/10/10 9006/11/11 9005/12/12
f 9016/13/100 9014/14/14 9002/15/15 9001/16/74
f 9029/17/17 9022/18/18 9019/9/32 9005/12/12 9011/19/19 9028/20/20 9031/21/20 9030/22/21 9026/23/22 9027/24/16 9025/25/17
f 9038/26/23 9024/27/24 9018/28/2 9002/29/15 9014/30/14 9037/31/25 9036/32/25 9035/33/26 9032/34/45 9033/35/28 9034/36/23
f 9039/37/25 9012/38/14 9006/11/11 9020/10/10 9021/39/24 9040/40/23 9042/41/23 9041/42/15 9045/43/29 9043/44/30 9044/45/25
f 9023/46/18 9022/18/18 9029/17/17 9049/47/17 9050/48/31 9046/49/32 9056/50/33 9048/51/20 9028/20/20 9011/19/19 9016/52/100 9053/53/20 9052/54/20 9051/55/21 9057/56/22 9047/57/16 9055/58/17 9054/59/17
f 9005/12/12 9006/11/11 9012/60/14 9011/61/19
f 9013/62/46 9015/63/25 9010/6/25 9009/5/46
f 9003/4/49 9004/3/3 9015/63/25 9013/62/46
f 9016/52/100 9001/64/74 9017/65/84 9023/46/18 9054/59/17 9058/66/17 9059/67/31 9061/68/32 9060/69/33 9062/70/20 9053/53/20
f 9040/40/23 9021/39/24 9024/27/24 9038/26/23 9064/71/23 9067/72/15 9066/73/29 9068/74/30 9063/75/25 9037/31/25 9014/30/14 9012/38/14 9039/37/25 9072/76/25 9069/77/26 9070/78/45 9065/79/28 9071/80/23
f 9011/61/19 9012/60/14 9014/14/14 9016/13/100
f 9073/81/6 9024/27/24 9021/39/24 9084/82/6 9083/83/6 9081/84/26 9082/85/34 9078/86/28 9086/87/23 9085/88/23 9010/89/25 9015/90/25 9075/91/23 9076/92/23 9079/93/15 9077/94/2 9080/95/30 9074/96/6
f 9023/46/18 9017/65/84 9003/97/49 9013/98/46 9090/99/17 9087/100/17 9088/101/31 9092/102/32 9091/103/33 9093/104/51 9089/105/51
f 9013/98/46 9009/106/46 9099/107/17 9100/108/17 9095/109/31 9094/110/32 9103/111/33 9097/112/51 9098/113/51 9022/18/18 9023/46/18 9089/105/51 9101/114/51 9104/115/21 9105/116/22 9096/117/16 9102/118/17 9090/99/17
f 9084/82/6 9021/39/24 9020/10/10 9008/7/26 9010/89/25 9085/88/23 9107/119/23 9106/120/15 9109/121/29 9110/122/30 9108/123/6
f 9075/91/23 9015/90/25 9004/124/3 9018/28/2 9024/27/24 9073/81/6 9115/125/6 9114/126/26 9111/127/45 9113/128/28 9112/129/23
f 9099/107/17 9009/106/46 9007/8/43 9019/9/32 9022/18/18 9098/113/51 9120/130/51 9119/131/21 9117/132/22 9118/133/16 9116/134/17
f 9007/8/43 9008/7/26 9020/10/10 9019/9/32
f 9001/135/74 9002/136/15 9018/2/2 9017/1/84
f 9095/137/31 9078/138/28 9082/139/34 9094/140/32
f 9118/141/16 9106/142/15 9107/143/23 9116/144/17
f 9110/145/30 9109/146/29 9117/147/22 9119/148/21
f 9081/149/26 9083/150/6 9097/151/51 9103/152/33
f 9108/153/6 9110/145/30 9119/148/21 9120/154/51
f 9116/144/17 9107/143/23 9085/155/23 9086/156/23 9100/157/17 9099/158/17
f 9100/157/17 9086/156/23 9078/138/28 9095/137/31
f 9083/150/6 9084/159/6 9108/153/6 9120/154/51 9098/160/51 9097/151/51
f 9109/146/29 9106/142/15 9118/141/16 9117/147/22
f 9094/140/32 9082/139/34 9081/161/26 9103/162/33
f 9070/163/45 9046/164/32 9050/165/31 9065/166/28
f 9042/167/23 9025/168/17 9027/169/16 9041/170/15
f 9026/171/22 9030/172/21 9043/173/30 9045/174/29
f 9048/175/20 9056/176/33 9069/177/26 9072/178/25
f 9030/172/21 9031/179/20 9044/180/25 9043/173/30
f 9071/181/23 9049/182/17 9029/183/17 9025/168/17 9042/167/23 9040/184/23
f 9065/166/28 9050/165/31 9049/182/17 9071/181/23
f 9031/179/20 9028/185/20 9048/175/20 9072/178/25 9039/186/25 9044/180/25
f 9027/169/16 9026/171/22 9045/174/29 9041/170/15
f 9069/187/26 9056/188/33 9046/164/32 9070/163/45
f 9059/165/31 9033/166/28 9032/163/45 9061/164/32
f 9064/167/23 9055/168/17 9047/169/16 9067/170/15
f 9057/171/22 9051/172/21 9068/173/30 9066/174/29
f 9035/177/26 9036/178/25 9062/175/20 9060/176/33
f 9051/172/21 9052/179/20 9063/180/25 9068/173/30
f 9054/189/17 9055/168/17 9064/167/23 9038/190/23 9034/181/23 9058/182/17
f 9058/182/17 9034/181/23 9033/166/28 9059/165/31
f 9036/178/25 9037/191/25 9063/180/25 9052/179/20 9053/192/20 9062/175/20
f 9047/169/16 9057/171/22 9066/174/29 9067/170/15
f 9061/164/32 9032/163/45 9035/187/26 9060/188/33
f 9111/139/45 9092/140/32 9088/137/31 9113/138/28
f 9096/141/16 9079/142/15 9076/143/23 9102/144/17
f 9080/145/30 9077/146/2 9105/147/22 9104/148/21
f 9093/151/51 9091/152/33 9114/149/26 9115/150/6
f 9074/153/6 9080/145/30 9104/148/21 9101/154/51
f 9102/144/17 9076/143/23 9075/193/23 9112/156/23 9087/157/17 9090/194/17
f 9113/138/28 9088/137/31 9087/157/17 9112/156/23
f 9073/195/6 9074/153/6 9101/154/51 9089/196/51 9093/151/51 9115/150/6
f 9077/146/2 9079/142/15 9096/141/16 9105/147/22
f 9114/161/26 9091/162/33 9092/140/32 9111/139/45
f 9137/1/56 9138/2/2 9124/3/3 9123/4/4
f 9129/5/5 9130/6/6 9128/7/7 9127/8/8
f 9139/9/63 9140/10/10 9126/11/11 9125/12/12
f 9136/13/88 9134/14/14 9122/15/15 9121/16/74
f 9149/17/17 9142/18/18 9139/9/63 9125/12/12 9131/19/19 9148/20/51 9151/21/51 9150/22/21 9146/23/22 9147/24/16 9145/25/17
f 9158/26/23 9144/27/24 9138/28/2 9122/29/15 9134/30/14 9157/31/6 9156/32/6 9155/33/26 9152/34/45 9153/35/28 9154/36/23
f 9159/37/6 9132/38/14 9126/11/11 9140/10/10 9141/39/24 9160/40/23 9162/41/23 9161/42/15 9165/43/29 9163/44/30 9164/45/6
f 9143/46/18 9142/18/18 9149/17/17 9169/47/17 9170/48/31 9166/49/32 9176/50/33 9168/51/51 9148/20/51 9131/19/19 9136/52/88 9173/53/51 9172/54/51 9171/55/21 9177/56/22 9167/57/16 9175/58/17 9174/59/17
f 9125/12/12 9126/11/11 9132/60/14 9131/61/19
f 9133/62/5 9135/63/6 9130/6/6 9129/5/5
f 9123/4/4 9124/3/3 9135/63/6 9133/62/5
f 9136/52/88 9121/64/74 9137/65/56 9143/46/18 9174/59/17 9178/66/17 9179/67/31 9181/68/32 9180/69/33 9182/70/51 9173/53/51
f 9160/40/23 9141/39/24 9144/27/24 9158/26/23 9184/71/23 9187/72/15 9186/73/29 9188/74/30 9183/75/6 9157/31/6 9134/30/14 9132/38/14 9159/37/6 9192/76/6 9189/77/26 9190/78/45 9185/79/28 9191/80/23
f 9131/61/19 9132/60/14 9134/14/14 9136/13/88
f 9193/81/25 9144/27/24 9141/39/24 9204/82/25 9203/83/6 9201/84/26 9202/85/45 9198/86/28 9206/87/23 9205/88/23 9130/89/6 9135/90/6 9195/91/23 9196/92/23 9199/93/15 9197/94/2 9200/95/3 9194/96/6
f 9143/46/18 9137/65/56 9123/97/4 9133/98/5 9210/99/17 9207/100/17 9208/101/31 9212/102/32 9211/103/33 9213/104/20 9209/105/20
f 9133/98/5 9129/106/5 9219/107/17 9220/108/17 9215/109/31 9214/110/47 9223/111/33 9217/112/20 9218/113/20 9142/18/18 9143/46/18 9209/105/20 9221/114/20 9224/115/21 9225/116/22 9216/117/16 9222/118/17 9210/99/17
f 9204/82/25 9141/39/24 9140/10/10 9128/7/7 9130/89/6 9205/88/23 9227/119/23 9226/120/15 9229/121/29 9230/122/30 9228/123/25
f 9195/91/23 9135/90/6 9124/124/3 9138/28/2 9144/27/24 9193/81/25 9235/125/25 9234/126/26 9231/127/45 9233/128/28 9232/129/23
f 9219/107/17 9129/106/5 9127/8/8 9139/9/63 9142/18/18 9218/113/20 9240/130/20 9239/131/21 9237/132/22 9238/133/16 9236/134/17
f 9127/8/8 9128/7/7 9140/10/10 9139/9/63
f 9121/135/74 9122/136/15 9138/2/2 9137/1/56
f 9215/137/31 9198/138/28 9202/139/45 9214/140/47
f 9238/141/16 9226/142/15 9227/143/23 9236/144/17
f 9230/145/30 9229/146/29 9237/147/22 9239/148/21
f 9201/149/26 9203/150/6 9217/151/20 9223/152/33
f 9228/153/25 9230/145/30 9239/148/21 9240/154/20
f 9236/144/17 9227/143/23 9205/155/23 9206/156/23 9220/157/17 9219/158/17
f 9220/157/17 9206/156/23 9198/138/28 9215/137/31
f 9203/150/6 9204/159/25 9228/153/25 9240/154/20 9218/160/20 9217/151/20
f 9229/146/29 9226/142/15 9238/141/16 9237/147/22
f 9214/140/47 9202/139/45 9201/161/26 9223/162/33
f 9190/163/45 9166/164/32 9170/165/31 9185/166/28
f 9162/167/23 9145/168/17 9147/169/16 9161/170/15
f 9146/171/22 9150/172/21 9163/173/30 9165/174/29
f 9168/175/51 9176/176/33 9189/177/26 9192/178/6
f 9150/172/21 9151/179/51 9164/180/6 9163/173/30
f 9191/181/23 9169/182/17 9149/183/17 9145/168/17 9162/167/23 9160/184/23
f 9185/166/28 9170/165/31 9169/182/17 9191/181/23
f 9151/179/51 9148/185/51 9168/175/51 9192/178/6 9159/186/6 9164/180/6
f 9147/169/16 9146/171/22 9165/174/29 9161/170/15
f 9189/187/26 9176/188/33 9166/164/32 9190/163/45
f 9179/165/31 9153/166/28 9152/163/45 9181/164/32
f 9184/167/23 9175/168/17 9167/169/16 9187/170/15
f 9177/171/22 9171/172/21 9188/173/30 9186/174/29
f 9155/177/26 9156/178/6 9182/175/51 9180/176/33
f 9171/172/21 9172/179/51 9183/180/6 9188/173/30
f 9174/189/17 9175/168/17 9184/167/23 9158/190/23 9154/181/23 9178/182/17
f 9178/182/17 9154/181/23 9153/166/28 9179/165/31
f 9156/178/6 9157/191/6 9183/180/6 9172/179/51 9173/192/51 9182/175/51
f 9167/169/16 9177/171/22 9186/174/29 9187/170/15
f 9181/164/32 9152/163/45 9155/187/26 9180/188/33
f 9231/139/45 9212/140/32 9208/137/31 9233/138/28
f 9216/141/16 9199/142/15 9196/143/23 9222/144/17
f 9200/145/3 9197/146/2 9225/147/22 9224/148/21
f 9213/151/20 9211/152/33 9234/149/26 9235/150/25
f 9194/153/6 9200/145/3 9224/148/21 9221/154/20
f 9222/144/17 9196/143/23 9195/193/23 9232/156/23 9207/157/17 9210/194/17
f 9233/138/28 9208/137/31 9207/157/17 9232/156/23
f 9193/195/25 9194/153/6 9221/154/20 9209/196/20 9213/151/20 9235/150/25
f 9197/146/2 9199/142/15 9216/141/16 9225/147/22
f 9234/161/26 9211/162/33 9212/140/32 9231/139/45
f 9257/1/56 9258/2/2 9244/3/3 9243/4/4
f 9249/5/5 9250/6/6 9248/7/7 9247/8/8
f 9259/9/32 9260/10/10 9246/11/11 9245/12/12
f 9256/13/88 9254/14/14 9242/15/15 9241/16/74
f 9269/17/17 9262/18/18 9259/9/32 9245/12/12 9251/19/19 9268/20/51 9271/21/51 9270/22/21 9266/23/22 9267/24/16 9265/25/17
f 9278/26/23 9264/27/24 9258/28/2 9242/29/15 9254/30/14 9277/31/6 9276/32/6 9275/33/26 9272/34/45 9273/35/28 9274/36/23
f 9279/37/6 9252/38/14 9246/11/11 9260/10/10 9261/39/24 9280/40/23 9282/41/23 9281/42/15 9285/43/29 9283/44/30 9284/45/6
f 9263/46/18 9262/18/18 9269/17/17 9289/47/17 9290/48/31 9286/49/32 9296/50/33 9288/51/51 9268/20/51 9251/19/19 9256/52/88 9293/53/51 9292/54/51 9291/55/21 9297/56/22 9287/57/16 9295/58/17 9294/59/17
f 9245/12/12 9246/11/11 9252/60/14 9251/61/19
f 9253/62/5 9255/63/6 9250/6/6 9249/5/5
f 9243/4/4 9244/3/3 9255/63/6 9253/62/5
f 9256/52/88 9241/64/74 9257/65/56 9263/46/18 9294/59/17 9298/66/17 9299/67/31 9301/68/32 9300/69/33 9302/70/51 9293/53/51
f 9280/40/23 9261/39/24 9264/27/24 9278/26/23 9304/71/23 9307/72/15 9306/73/29 9308/74/30 9303/75/6 9277/31/6 9254/30/14 9252/38/14 9279/37/6 9312/76/6 9309/77/26 9310/78/45 9305/79/28 9311/80/23
f 9251/61/19 9252/60/14 9254/14/14 9256/13/88
f 9313/81/25 9264/27/24 9261/39/24 9324/82/25 9323/83/6 9321/84/26 9322/85/45 9318/86/28 9326/87/23 9325/88/23 9250/89/6 9255/90/6 9315/91/23 9316/92/23 9319/93/15 9317/94/2 9320/95/3 9314/96/6
f 9263/46/18 9257/65/56 9243/97/4 9253/98/5 9330/99/17 9327/100/17 9328/101/31 9332/102/32 9331/103/33 9333/104/20 9329/105/20
f 9253/98/5 9249/106/5 9339/107/17 9340/108/17 9335/109/31 9334/110/47 9343/111/33 9337/112/20 9338/113/20 9262/18/18 9263/46/18 9329/105/20 9341/114/20 9344/115/21 9345/116/22 9336/117/16 9342/118/17 9330/99/17
f 9324/82/25 9261/39/24 9260/10/10 9248/7/7 9250/89/6 9325/88/23 9347/119/23 9346/120/15 9349/121/29 9350/122/30 9348/123/25
f 9315/91/23 9255/90/6 9244/124/3 9258/28/2 9264/27/24 9313/81/25 9355/125/25 9354/126/26 9351/127/45 9353/128/28 9352/129/23
f 9339/107/17 9249/106/5 9247/8/8 9259/9/32 9262/18/18 9338/113/20 9360/130/20 9359/131/21 9357/132/22 9358/133/16 9356/134/17
f 9247/8/8 9248/7/7 9260/10/10 9259/9/32
f 9241/135/74 9242/136/15 9258/2/2 9257/1/56
f 9335/137/31 9318/138/28 9322/139/45 9334/140/47
f 9358/141/16 9346/142/15 9347/143/23 9356/144/17
f 9350/145/30 9349/146/29 9357/147/22 9359/148/21
f 9321/149/26 9323/150/6 9337/151/20 9343/152/33
f 9348/153/25 9350/145/30 9359/148/21 9360/154/20
f 9356/144/17 9347/143/23 9325/155/23 9326/156/23 9340/157/17 9339/158/17
f 9340/157/17 9326/156/23 9318/138/28 9335/137/31
f 9323/150/6 9324/159/25 9348/153/25 9360/154/20 9338/160/20 9337/151/20
f 9349/146/29 9346/142/15 9358/141/16 9357/147/22
f 9334/140/47 9322/139/45 9321/161/26 9343/162/33
f 9310/163/45 9286/164/32 9290/165/31 9305/166/28
f 9282/167/23 9265/168/17 9267/169/16 9281/170/15
f 9266/171/22 9270/172/21 9283/173/30 9285/174/29
f 9288/175/51 9296/176/33 9309/177/26 9312/178/6
f 9270/172/21 9271/179/51 9284/180/6 9283/173/30
f 9311/181/23 9289/182/17 9269/183/17 9265/168/17 9282/167/23 9280/184/23
f 9305/166/28 9290/165/31 9289/182/17 9311/181/23
f 9271/179/51 9268/185/51 9288/175/51 9312/178/6 9279/186/6 9284/180/6
f 9267/169/16 9266/171/22 9285/174/29 9281/170/15
f 9309/187/26 9296/188/33 9286/164/32 9310/163/45
f 9299/165/31 9273/166/28 9272/163/45 9301/164/32
f 9304/167/23 9295/168/17 9287/169/16 9307/170/15
f 9297/171/22 9291/172/21 9308/173/30 9306/174/29
f 9275/177/26 9276/178/6 9302/175/51 9300/176/33
f 9291/172/21 9292/179/51 9303/180/6 9308/173/30
f 9294/189/17 9295/168/17 9304/167/23 9278/190/23 9274/181/23 9298/182/17
f 9298/182/17 9274/181/23 9273/166/28 9299/165/31
f 9276/178/6 9277/191/6 9303/180/6 9292/179/51 9293/192/51 9302/175/51
f 9287/169/16 9297/171/22 9306/174/29 9307/170/15
f 9301/164/32 9272/163/45 9275/187/26 9300/188/33
f 9351/139/45 9332/140/32 9328/137/31 9353/138/28
f 9336/141/16 9319/142/15 9316/143/23 9342/144/17
f 9320/145/3 9317/146/2 9345/147/22 9344/148/21
f 9333/151/20 9331/152/33 9354/149/26 9355/150/25
f 9314/153/6 9320/145/3 9344/148/21 9341/154/20
f 9342/144/17 9316/143/23 9315/193/23 9352/156/23 9327/157/17 9330/194/17
f 9353/138/28 9328/137/31 9327/157/17 9352/156/23
f 9313/195/25 9314/153/6 9341/154/20 9329/196/20 9333/151/20 9355/150/25
f 9317/146/2 9319/142/15 9336/141/16 9345/147/22
f 9354/161/26 9331/162/33 9332/140/32 9351/139/45
f 9377/1/56 9378/2/2 9364/3/3 9363/4/4
f 9369/5/75 9370/6/6 9368/7/7 9367/8/8
f 9379/9/32 9380/10/10 9366/11/28 9365/12/12
f 9376/13/64 9374/14/14 9362/15/60 9361/16/40
f 9389/17/17 9382/18/18 9379/9/32 9365/12/12 9371/19/17 9388/20/20 9391/21/20 9390/22/21 9386/23/22 9387/24/16 9385/25/17
f 9398/26/23 9384/27/24 9378/28/2 9362/29/60 9374/30/14 9397/31/25 9396/32/25 9395/33/26 9392/34/45 9393/35/28 9394/36/23
f 9399/37/25 9372/38/14 9366/11/28 9380/10/10 9381/39/24 9400/40/23 9402/41/23 9401/42/15 9405/43/29 9403/44/30 9404/45/25
f 9383/46/18 9382/18/18 9389/17/17 9409/47/17 9410/48/31 9406/49/32 9416/50/33 9408/51/20 9388/20/20 9371/19/17 9376/52/64 9413/53/20 9412/54/20 9411/55/21 9417/56/22 9407/57/16 9415/58/17 9414/59/17
f 9365/12/12 9366/11/28 9372/60/14 9371/61/17
f 9373/62/5 9375/63/6 9370/6/6 9369/5/75
f 9363/4/4 9364/3/3 9375/63/6 9373/62/5
f 9376/52/64 9361/64/40 9377/65/56 9383/46/18 9414/59/17 9418/66/17 9419/67/31 9421/68/32 9420/69/33 9422/70/20 9413/53/20
f 9400/40/23 9381/39/24 9384/27/24 9398/26/23 9424/71/23 9427/72/15 9426/73/29 9428/74/30 9423/75/25 9397/31/25 9374/30/14 9372/38/14 9399/37/25 9432/76/25 9429/77/26 9430/78/45 9425/79/28 9431/80/23
f 9371/61/17 9372/60/14 9374/14/14 9376/13/64
f 9433/81/25 9384/27/24 9381/39/24 9444/82/25 9443/83/6 9441/84/26 9442/85/34 9438/86/28 9446/87/23 9445/88/23 9370/89/6 9375/90/6 9435/91/23 9436/92/23 9439/93/15 9437/94/2 9440/95/3 9434/96/25
f 9383/46/18 9377/65/56 9363/97/4 9373/98/5 9450/99/17 9447/100/17 9448/101/31 9452/102/32 9451/103/33 9453/104/20 9449/105/20
f 9373/98/5 9369/106/75 9459/107/17 9460/108/17 9455/109/31 9454/110/32 9463/111/33 9457/112/20 9458/113/20 9382/18/18 9383/46/18 9449/105/20 9461/114/20 9464/115/21 9465/116/22 9456/117/16 9462/118/17 9450/99/17
f 9444/82/25 9381/39/24 9380/10/10 9368/7/7 9370/89/6 9445/88/23 9467/119/23 9466/120/15 9469/121/29 9470/122/30 9468/123/25
f 9435/91/23 9375/90/6 9364/124/3 9378/28/2 9384/27/24 9433/81/25 9475/125/25 9474/126/26 9471/127/34 9473/128/28 9472/129/23
f 9459/107/17 9369/106/75 9367/8/8 9379/9/32 9382/18/18 9458/113/20 9480/130/20 9479/131/21 9477/132/22 9478/133/16 9476/134/17
f 9367/8/8 9368/7/7 9380/10/10 9379/9/32
f 9361/135/40 9362/136/60 9378/2/2 9377/1/56
f 9455/137/31 9438/138/28 9442/139/34 9454/140/32
f 9478/141/16 9466/142/15 9467/143/23 9476/144/17
f 9470/145/30 9469/146/29 9477/147/22 9479/148/21
f 9441/149/26 9443/150/6 9457/151/20 9463/152/33
f 9468/153/25 9470/145/30 9479/148/21 9480/154/20
f 9476/144/17 9467/143/23 9445/155/23 9446/156/23 9460/157/17 9459/158/17
f 9460/157/17 9446/156/23 9438/138/28 9455/137/31
f 9443/150/6 9444/159/25 9468/153/25 9480/154/20 9458/160/20 9457/151/20
f 9469/146/29 9466/142/15 9478/141/16 9477/147/22
f 9454/140/32 9442/139/34 9441/161/26 9463/162/33
f 9430/163/45 9406/164/32 9410/165/31 9425/166/28
f 9402/167/23 9385/168/17 9387/169/16 9401/170/15
f 9386/171/22 9390/172/21 9403/173/30 9405/174/29
f 9408/175/20 9416/176/33 9429/177/26 9432/178/25
f 9390/172/21 9391/179/20 9404/180/25 9403/173/30
f 9431/181/23 9409/182/17 9389/183/17 9385/168/17 9402/167/23 9400/184/23
f 9425/166/28 9410/165/31 9409/182/17 9431/181/23
f 9391/179/20 9388/185/20 9408/175/20 9432/178/25 9399/186/25 9404/180/25
f 9387/169/16 9386/171/22 9405/174/29 9401/170/15
f 9429/187/26 9416/188/33 9406/164/32 9430/163/45
f 9419/165/31 9393/166/28 9392/163/45 9421/164/32
f 9424/167/23 9415/168/17 9407/169/16 9427/170/15
f 9417/171/22 9411/172/21 9428/173/30 9426/174/29
f 9395/177/26 9396/178/25 9422/175/20 9420/176/33
f 9411/172/21 9412/179/20 9423/180/25 9428/173/30
f 9414/189/17 9415/168/17 9424/167/23 9398/190/23 9394/181/23 9418/182/17
f 9418/182/17 9394/181/23 9393/166/28 9419/165/31
f 9396/178/25 9397/191/25 9423/180/25 9412/179/20 9413/192/20 9422/175/20
f 9407/169/16 9417/171/22 9426/174/29 9427/170/15
f 9421/164/32 9392/163/45 9395/187/26 9420/188/33
f 9471/139/34 9452/140/32 9448/137/31 9473/138/28
f 9456/141/16 9439/142/15 9436/143/23 9462/144/17
f 9440/145/3 9437/146/2 9465/147/22 9464/148/21
f 9453/151/20 9451/152/33 9474/149/26 9475/150/25
f 9434/153/25 9440/145/3 9464/148/21 9461/154/20
f 9462/144/17 9436/143/23 9435/193/23 9472/156/23 9447/157/17 9450/194/17
f 9473/138/28 9448/137/31 9447/157/17 9472/156/23
f 9433/195/25 9434/153/25 9461/154/20 9449/196/20 9453/151/20 9475/150/25
f 9437/146/2 9439/142/15 9456/141/16 9465/147/22
f 9474/161/26 9451/162/33 9452/140/32 9471/139/34
f 9497/1/42 9498/2/2 9484/3/36 9483/4/4
f 9489/5/101 9490/6/6 9488/7/7 9487/8/8
f 9499/9/38 9500/10/10 9486/11/28 9485/12/12
f 9496/13/59 9494/14/14 9482/15/60 9481/16/40
f 9509/17/17 9502/18/18 9499/9/38 9485/12/12 9491/19/17 9508/20/20 9511/21/20 9510/22/21 9506/23/22 9507/24/16 9505/25/17
f 9518/26/23 9504/27/24 9498/28/2 9482/29/60 9494/30/14 9517/31/25 9516/32/25 9515/33/26 9512/34/27 9513/35/28 9514/36/23
f 9519/37/25 9492/38/14 9486/11/28 9500/10/10 9501/39/24 9520/40/23 9522/41/23 9521/42/15 9525/43/29 9523/44/30 9524/45/25
f 9503/46/18 9502/18/18 9509/17/17 9529/47/17 9530/48/31 9526/49/32 9536/50/33 9528/51/20 9508/20/20 9491/19/17 9496/52/59 9533/53/20 9532/54/20 9531/55/21 9537/56/22 9527/57/16 9535/58/17 9534/59/17
f 9485/12/12 9486/11/28 9492/60/14 9491/61/17
f 9493/62/65 9495/63/6 9490/6/6 9489/5/101
f 9483/4/4 9484/3/36 9495/63/6 9493/62/65
f 9496/52/59 9481/64/40 9497/65/42 9503/46/18 9534/59/17 9538/66/17 9539/67/31 9541/68/32 9540/69/33 9542/70/20 9533/53/20
f 9520/40/23 9501/39/24 9504/27/24 9518/26/23 9544/71/23 9547/72/15 9546/73/29 9548/74/30 9543/75/25 9517/31/25 9494/30/14 9492/38/14 9519/37/25 9552/76/25 9549/77/26 9550/78/27 9545/79/28 9551/80/23
f 9491/61/17 9492/60/14 9494/14/14 9496/13/59
f 9553/81/66 9504/27/24 9501/39/24 9564/82/66 9563/83/66 9561/84/7 9562/85/34 9558/86/28 9566/87/23 9565/88/23 9490/89/6 9495/90/6 9555/91/23 9556/92/23 9559/93/15 9557/94/29 9560/95/36 9554/96/66
f 9503/46/18 9497/65/42 9483/97/4 9493/98/65 9570/99/17 9567/100/17 9568/101/31 9572/102/32 9571/103/33 9573/104/68 9569/105/68
f 9493/98/65 9489/106/101 9579/107/17 9580/108/17 9575/109/31 9574/110/47 9583/111/33 9577/112/68 9578/113/68 9502/18/18 9503/46/18 9569/105/68 9581/114/68 9584/115/69 9585/116/22 9576/117/16 9582/118/17 9570/99/17
f 9564/82/66 9501/39/24 9500/10/10 9488/7/7 9490/89/6 9565/88/23 9587/119/23 9586/120/15 9589/121/29 9590/122/36 9588/123/66
f 9555/91/23 9495/90/6 9484/124/36 9498/28/2 9504/27/24 9553/81/66 9595/125/66 9594/126/67 9591/127/34 9593/128/28 9592/129/23
f 9579/107/17 9489/106/101 9487/8/8 9499/9/38 9502/18/18 9578/113/68 9600/130/68 9599/131/69 9597/132/22 9598/133/16 9596/134/17
f 9487/8/8 9488/7/7 9500/10/10 9499/9/38
f 9481/135/40 9482/136/60 9498/2/2 9497/1/42
f 9575/137/31 9558/138/28 9562/139/34 9574/140/47
f 9598/141/16 9586/142/15 9587/143/23 9596/144/17
f 9590/145/36 9589/146/29 9597/147/22 9599/148/69
f 9561/149/7 9563/150/66 9577/151/68 9583/152/33
f 9588/153/66 9590/145/36 9599/148/69 9600/154/68
f 9596/144/17 9587/143/23 9565/155/23 9566/156/23 9580/157/17 9579/158/17
f 9580/157/17 9566/156/23 9558/138/28 9575/137/31
f 9563/150/66 9564/159/66 9588/153/66 9600/154/68 9578/160/68 9577/151/68
f 9589/146/29 9586/142/15 9598/141/16 9597/147/22
f 9574/140/47 9562/139/34 9561/161/7 9583/162/33
f 9550/163/27 9526/164/32 9530/165/31 9545/166/28
f 9522/167/23 9505/168/17 9507/169/16 9521/170/15
f 9506/171/22 9510/172/21 9523/173/30 9525/174/29
f 9528/175/20 9536/176/33 9549/177/26 9552/178/25
f 9510/172/21 9511/179/20 9524/180/25 9523/173/30
f 9551/181/23 9529/182/17 9509/183/17 9505/168/17 9522/167/23 9520/184/23
f 9545/166/28 9530/165/31 9529/182/17 9551/181/23
f 9511/179/20 9508/185/20 9528/175/20 9552/178/25 9519/186/25 9524/180/25
f 9507/169/16 9506/171/22 9525/174/29 9521/170/15
f 9549/187/26 9536/188/33 9526/164/32 9550/163/27
f 9539/165/31 9513/166/28 9512/163/27 9541/164/32
f 9544/167/23 9535/168/17 9527/169/16 9547/170/15
f 9537/171/22 9531/172/21 9548/173/30 9546/174/29
f 9515/177/26 9516/178/25 9542/175/20 9540/176/33
f 9531/172/21 9532/179/20 9543/180/25 9548/173/30
f 9534/189/17 9535/168/17 9544/167/23 9518/190/23 9514/181/23 9538/182/17
f 9538/182/17 9514/181/23 9513/166/28 9539/165/31
f 9516/178/25 9517/191/25 9543/180/25 9532/179/20 9533/192/20 9542/175/20
f 9527/169/16 9537/171/22 9546/174/29 9547/170/15
f 9541/164/32 9512/163/27 9515/187/26 9540/188/33
f 9591/139/34 9572/140/32 9568/137/31 9593/138/28
f 9576/141/16 9559/142/15 9556/143/23 9582/144/17
f 9560/145/36 9557/146/29 9585/147/22 9584/148/69
f 9573/151/68 9571/152/33 9594/149/67 9595/150/66
f 9554/153/66 9560/145/36 9584/148/69 9581/154/68
f 9582/144/17 9556/143/23 9555/193/23 9592/156/23 9567/157/17 9570/194/17
f 9593/138/28 9568/137/31 9567/157/17 9592/156/23
f 9553/195/66 9554/153/66 9581/154/68 9569/196/68 9573/151/68 9595/150/66
f 9557/146/29 9559/142/15 9576/141/16 9585/147/22
f 9594/161/67 9571/162/33 9572/140/32 9591/139/34
